:020000040100F9
:1000000060950021D15D00016FF70101BD5D000128
:10001000BD5D0001BD5D0001BD5D0001000000008F
:10002000000000000000000000000000955E0001DC
:10003000BD5D000100000000355E0001BD5D0001F6
:10004000FD5F0001FD5F0001FD5F0001FD5F00013C
:10005000FD5F0001FD5F0001FD5F0001FD5F00012C
:100060000D720101FD5F0001FD5F0001FD5F0001F8
:10007000FD5F0001FD5F0001FD5F0001FD5F00010C
:10008000FD5F0001FD5F0001FD5F0001FD5F0001FC
:10009000FD5F0001FD5F0001FD5F0001FD5F0001EC
:1000A000FD5F0001FD5F0001FD5F0001FD5F0001DC
:0800B000FD5F0001FD5F00018E
:1000B80053B94AB9002908BF00281CBF4FF0FF31C7
:1000C8004FF0FF3000F00CB8ADF1080C6DE904CE2C
:1000D80000F008F8DDF804E0DDE9022304B0704719
:1000E800704700BF2DE9F04786468C460846089EB3
:1000F800154674461946002B40F0C1808542B2FA75
:1001080082F245D94AB1C2F1200300FA02FC9540B7
:1001180094402EFA03F343EA0C0C4FEA154EA8B2AA
:10012800230CBCFBFEF80EFB18CC08FB00F943EAD5
:100138000C43994528D9EB1808F1FF3704D29945A3
:1001480002D9A8F102072B44A3EB0903A4B2B3FB1D
:10015800FEFC0EFB1C330CFB00F044EA0344A042F7
:1001680014D92C190CF1FF3304D2A04202D9ACF1F6
:1001780002032C44241A43EA07401EB1D44000234A
:1001880034607360BDE8F0874746DDE76346F1E712
:1001980092BB431B01214FEA154EAFB2200CB3FBB3
:1001A800FEFC0EFB1C330CFB07F840EA03439845A2
:1001B80061D9EB180CF1FF3004D2984502D9ACF1A3
:1001C80002002B44A3EB0803A4B2B3FBFEFC0EFB16
:1001D8001C330CFB07F744EA0344A7424DD92C19FA
:1001E8000CF1FF3304D2A74202D9ACF102032C442C
:1001F800E41B43EA0040C0E7C2F120039540944065
:1002080020FA03F12EFA03F34FEA154E9040AFB2ED
:100218000343B1FBFEFC0EFB1C10190C0CFB07F88A
:1002280041EA0041884522D969180CF1FF3004D20F
:10023800884502D9ACF102002944A1EB08019BB220
:10024800B1FBFEFC0EFB1C110CFB07F743EA014354
:100258009F420ED9EB180CF1FF3104D29F4202D90C
:10026800ACF102012B44DB1B41EA004193E76046F5
:10027800E3E76146F7E76046A4E76346B8E78342E9
:1002880006D916B9002108467CE7C6E900E0F9E777
:10029800B3FA83F78FB9834201D3724508D8BEEB0E
:1002A800020460EB030301209C461EB9002169E7A4
:1002B8003846FAE7C6E9004CF8E7C7F1200CBB401E
:1002C8000EFA07F522FA0CF42EFA0CF1BA401C4388
:1002D80020FA0CF3B8404FEA144901431FFA84FE90
:1002E800B3FBF9F809FB18300B0C08FB0EFA43EACC
:1002F80000439A4540D9E31808F1FF3004D29A45E3
:1003080002D9A8F102002344A3EB0A0389B2B3FB84
:10031800F9F809FB183308FB0EFE41EA03418E4544
:100328002CD9611808F1FF3304D28E4502D9A8F1FF
:100338000203214443EA0040A1EB0E01A0FB02980E
:100348004145CE46434602D306D14D4504D2013835
:10035800B9EB020E68EB0403002EA7D0B5EB0E0232
:1003680061EB030101FA0CFC22FA07F3F9404CEAAD
:100378000303C6E9003199E74046C5E74346D9E794
:100388002DE9F8430F46D0E90718856901EB080401
:100398002F34A542164619D81BA3D3E90023DFF84A
:1003A8007080A1FB0801FFF783FE0346601BA0FBDA
:1003B800080123F07F4414A3D3E90023FFF778FE54
:1003C80020F07F403C603060BDE8F883DFF8409063
:1003D8000DA3D3E90023A5FB0901FFF769FE0AA3D2
:1003E800D3E900230A2104460A4824F07F44E8FBA5
:1003F8000901FFF75DFE20F07F403C603060BDE8FA
:10040800F88300BFAFF300808D49FD1A0700000094
:1004180000CA9A3B00166BF12DE9F04F8DB0179C7E
:100428000546A76B0E4610469A469DF858C04FB130
:10043800B4F878301BB1B4F876209A4278D2E16FDC
:10044800002978D14FF6FF739A4521D023780133DC
:10045800DBB22370002B79D00022594904F1100730
:100468008B7AC1E900506CF300038B72554BA1F8ED
:1004780008A09960CF600120114606F0D1FB002842
:1004880066D1A36BC4F8905013B120460EF04AFD14
:10049800257E15F001054BD14B4A4C4B11781B7842
:1004A8008B4257D04FF6FF739A4508BF4FF0000AAA
:1004B800D4F87C8014BF0AF101075746B4F8769047
:1004C80018BFBFB2B8F1000F2FD0B9F1000F2CD070
:1004D80040F271214FF0070BA26E0AF1010A1FFAD0
:1004E8008AF301FB02FA3A4A0AFB03F3A6FB02016C
:1004F80009930BFB061130A3D3E90023FFF7D8FDBE
:10050800099B334A1E18A5FB02012BA3D3E900233C
:100518000BFB0511FFF7CCFD50443044804586BFE6
:10052800A8EB0606E667C4F87CA04F44A4F87670EA
:100538000DB0BDE8F08F40F27123A26EA2FB032339
:100548008A4273F10003FFF47DAFF1E700DE83E731
:1005580000DE96E7013304210BA8137017F0BEF8EC
:100568002846CDE90355CDE90155009540F24715D8
:100578000B9B18490694A1FB03215F1A164A01EB4D
:100588005701090A05FB1133A21A14499208A1FB65
:10059800021213499208023201330591D2B20121A5
:1005A8000B9308F00DF810F0FD0F01D10B9D79E7C2
:1005B80000DEFBE7AFF3008000CA9A3B00000000B2
:1005C80030550021C40000219D8000219C8000211D
:1005D8008D49FD1A21F1D4905C55002115F9AC1B09
:1005E800EDD6000100000000002900F0B9812DE9D6
:1005F800F04F8FB0002840F0B5818C4C164694F827
:1006080080201D4612F0010740F0B481FF23607E70
:10061800E37600F0030016F03DFA94F880004307F3
:1006280000F1F48094F82920637F04EB8202D76AF2
:1006380004EB8303D3F82080002F00F0CF803946E5
:1006480040460DF0B5FE002840F0878198F800304C
:1006580013F00E0F40F0F0806369002B40F07C81AE
:1006680008F064FF8146002800F0AF8108F06AFFB7
:100678000A90002800F0A68110F014F9834600289B
:1006880000F09D814FF6FF728284C06E0BF110035B
:100698000B93002800F016820BF160020BF15C014D
:1006A80006F038FA00219BF87220CBF86C1022F083
:1006B80007028BF87220ABF8701098F8002002F04F
:1006C8000F02072A00F0F08101229BF8581021F050
:1006D800770141F011018BF8581011464FF07F0C4B
:1006E800D20042EA012E5249ABF8B6C0D1F8012037
:1006F80011F801CB4FF0000A89889BF88001ABF80C
:100708008511ABF88B114FF4C021CBF87211BBF8EF
:1007180058100CF0010C21F4E1614EEA0101ABF82C
:1007280058109BF837106CF3861001F03F0161F008
:100738007F018BF837109BF83C106CF3C71021F041
:100748000F01CBF88121CBF887218BF83C108BF86F
:100758008001CBE912AA58468BF839A0ABF82AA039
:10076800CBF82EA0CBF850A0ABF840A1ABF878A1FD
:10077800ABF86EA112F0A2FA8BF844A1CBF848911D
:1007880010F0FAFB9BF8801160F302018BF88011DE
:1007980010F0F8FB9BF8801160F3C5018BF880110D
:1007A8009BF842110BF1C4006AF341018BF8421126
:1007B80012F08EF80A9BC4F8609063660BF1100380
:1007C8006361CBE902AA8BF800A0CBF810B017F050
:1007D8000BFAB0B30DF02AF80320BEE098F8003009
:1007E80003F00F03072B00F0B780124817F056FBF1
:1007F800C0B2002840F0E98094F8293004EB830364
:10080800DF6A04233B7006237B7018E73A46C0F37F
:10081800C00004F1810116F0CFFAFF28E0763FF41A
:1008280001AF384616F07CF9FCE600BF5C550021A4
:100838008B1902018455002103F00F03072B00F0E8
:100848004681B34B1B78022B00F04781002363637A
:1008580000252E46A4F878500025637E227EE667A0
:10086800C3F38206A37EC2F3420201210DF13300D5
:100878008DF8332003F00109A4F8765006F0EAFA5F
:100888000246002864D0334639464046CDF80090E9
:100898000CF018FE9F49A04BA0FB0101C01841F1C4
:1008A800070199A3D3E90023C4E902552570FFF78E
:1008B800FFFBB4F86860606007F0AEFF00F118074E
:1008C80046B998F8005005F00F05A5F10105B5FAED
:1008D80085F56D09237E65F300032376DB076568DC
:1008E80000F12481D4F83880B8F1000F6FD14FF6A9
:1008F800FF7391214FF0020903938848884B0495B0
:1009080005F247150694CDF808801D600993A6FBEB
:10091800000301FB0631834B0DAD0793824BCDF8E5
:100928003490059378A3D3E900230895FFF7C0FB1B
:1009380001463B4601914A4603214046CDF80080D6
:1009480007F0E6FD294608F07FFE002800F09C80AD
:1009580063690BB10CF06AFF0C200FB0BDE8F08F93
:100968000CF08EBF6A4B1B78022BF5D000200FB01D
:10097800BDE8F08F664B1B78022BF7D194F829203D
:10098800637F04EB820204EB8303D16A186A0DF0DB
:100998000FFD0028E1D1636B002BDDD01A7902F03E
:1009A800FF0142B942F2107206FB02F2A4F8761077
:1009B800A4F87850E2671B79002BD7D0CCE70A98C7
:1009C80008F0C6FD484608F0B7FD0720C5E7D8F887
:1009D8000080AB1C3B440DA940460D9300F06CF918
:1009E80040F27121A36E94F874208146A3FB013173
:1009F800002A40F0D28042F6DC32981841F100011A
:100A080040F2E2420023FFF753FB80B2A8F834001B
:100A18004A4640460D9900F093F98146002897D13F
:100A28000DAB08934FF6FF739121049505F2471219
:100A38000225029003933948394B06941A600993AA
:100A4800A6FB000301FB0631364B0D950793364B89
:100A580005932DA3D3E90023FFF72AFB01463B4664
:100A680001912A4603214846CDF8009007F050FD31
:100A78000DA908F0E9FD00287FF46AAF98F8463020
:100A880043F0010388F8463094F88030002043F0A2
:100A9800010384F880300FF02DFC00287FF466AF46
:100AA800012015F0D9FF61E7617E9BF858204909BC
:100AB80061F3020261F306128BF85820A27E02F05D
:100AC80001020BE60BF16400CBF86C00E4E598F842
:100AD800023059067FF5B5AEBEE508F027FD814620
:100AE800002867D008F02EFD00286AD00023C0F83F
:100AF80000900371237E6063DA073FF5A9AE42F2E6
:100B0800107303FB06F6A5E68D49FD1A07000000E1
:100B18009B80002100CA9A3B8C49FD1A002AE78471
:100B280050550021E9890001210400010020022616
:100B3800274A04950992019506941060254A264D86
:100B480005920DAA032108923B463246CDE90200E0
:100B5800009007950D9607F0DBFC0DA908F074FDD1
:100B680000287FF4F5AE07954AF2D8350DAA089209
:100B78001A4A032105923B460122CDE90300CDE93B
:100B88000100069400950D9607F08AFC0DA908F05F
:100B98005BFD00283FF478AFDAE602FB0111013271
:100BA800A2FB030340F2E24219440023FFF780FA54
:100BB80080B22BE76369002B3FF407AF0CF036FED9
:100BC80003E76369002B3FF4FDAE0CF02FFEF9E656
:100BD8005055002121040001E98900018DD500014B
:100BE8002DE9F04104460D460121237E8AB094F890
:100BF8001A80C3F342030DF12300164608EA0108E0
:100C0800677E8DF8233006F025F9C7F38207024680
:100C18003B4631462846CDF800800CF053FC23A310
:100C2800D3E900231C491D4DA0FB01C11CEB0500A5
:100C380041F10701FFF73CFA63680546984223D261
:100C48000022191A029102210192154A154BA21A83
:100C5800CA40A3FB02320023CA400A440991124940
:100C680009AE059118460321CDE903330696D2B2A1
:100C7800009307F0A5FC314608F0E6FC40B9656032
:100C880000200AB0BDE8F081FAD90021EA1AD9E7B4
:100C98000C200AB0BDE8F08100CA9A3B8C49FD1AC5
:100CA8005C55002115F9AC1BE98900018D49FD1A35
:100CB80007000000000000002DE9F04107251E4E46
:100CC80082B0044688460DF01BFD19A3D3E9002322
:100CD800B4462946194FE0FB07C16046FFF7E8F91B
:100CE8000146FF2394F8252021F07F4104EB82027E
:100CF8006160916A20461A460DF09CFC0CA3D3E96A
:100D080000232946E0FB07613046FFF7D1F901A926
:100D180020F07F4015F0DAF818B9019B0233C8F8C3
:100D28000030002002B0BDE8F08100BFAFF30080C2
:100D38008D49FD1A070000008C49FD1A00CA9A3B2C
:100D48002DE9F04300268DB088461746C0E90266B3
:100D5800482221490670044605F0BCFE40F2E243F1
:100D680002220546A08E1D4903FB00F00B92A0FB52
:100D7800010117A3D3E90023FFF79AF90DF12C0914
:100D88000694CDF82090616804460F441449104633
:100D9800079114494FF47A72059119460023CDE959
:100DA8000367FFF785F901460335EDB243462A4646
:100DB8000291304603210194009607F071FB4946E1
:100DC80008F042FC0DB0BDE8F08300BFAFF300802F
:100DD8008D49FD1A070000003456002100CA9A3BCD
:100DE800E989000145E7000170B51E46C37815463C
:100DF800DC074CBF00F10A04041D9A074FF00702F4
:100E0800174848BF06341B07A1FB000302FB01314A
:100E180011A3D3E9002348BF0234FFF749F9AD1BFA
:100E280010492844A1FB00310D09490C04D00121C7
:100E38000D4BA3FB00304509A278207822F01F0251
:100E4800C5F3042361F3C710134320706570A370C2
:100E5800204670BDAFF3008000CA9A3B0000000036
:100E68008D49FD1A89888888B5814E1B00000000CD
:100E78002DE9F04F0024012393B0D0F83880109466
:100E88000A93D8F8003048220B90914918460993E4
:100E980005F020FEFF220B9BC51CD3F890A0EDB2F5
:100EA800CDF83CA0CDF82C804FF0020BA8460DF1F0
:100EB8004409554610AF9A460EAE0E948DF8372069
:100EC8000BE0119B53BB0F9BAB422BD19DF83730E6
:100ED800FF2B32D0984535D00F9D7E4B0221CDE9AE
:100EE80004430020CDE90244CDE90067CDF818900D
:100EF8000FAB0DF13702CDF844B007F035FC0228EE
:100F0800DFD1119B022BDCD10221002007F072FCFB
:100F1800119B022BF8D0119B002BD4D000DE0F9B25
:100F2800AB42D3D00A9A531EDBB2002A00F0C3802A
:100F38000A939DF83730FF2BCCD100DE9DF837306F
:100F48009845C9D1109D6449A5F57422A2F510727F
:100F58008A425346DDF82C800E9E07D905F1E875C4
:100F6800013E05F5D4350E9605F5A5755B4AC8F81A
:100F78000C60A2FB0525AD0CC8F81050197F587FEE
:100F880010958142CAB204D00132D2B2022A08BFF7
:100F98000022597E03EB8202D2F820A0C1F382011D
:100FA8000329B8F808909AF8012079D99B7ED400D3
:100FB80003F001035B002B3401339C4004F5BC743F
:100FC800A4B24FF0070B3EA3D3E90023444FA6FB7E
:100FD80007010BFB0611FFF76BF804F5967399B23E
:100FE800404B2844A3FB002323F00F02A2EB13136A
:100FF800B1EB430F21D940F2E242099B09F1010903
:101008009B8E1FFA89F902FB03052FA3D3E900235E
:101018003548A5FB0001FFF74BF829A3D3E90023C6
:1010280020F07F46A6FB0701C8F80C600BFB0611F1
:10103800FFF73EF82D1AC8F810502A46314600230B
:101048005046FFF7D1FED8F80C3009990133C8F89B
:101058000C3091F8452091F844300446934218BF6B
:1010680081F84420099902EB420201EB420393F80C
:101078003D3001EB42023832C98E03F03F03484647
:1010880014F0CEFF237860F30503237007F0C4FB48
:101098000F9907F0C3FB302809D813B0BDE8F08FCB
:1010A8008C180934E4004910CC40A4B289E700DE6A
:1010B80013B0BDE8F08F00DEFF230A9306E700BFF8
:1010C80000CA9A3B000000008D49FD1A0700000085
:1010D8003456002141E70001BFBDF07F83DE1B438A
:1010E8008D49FD1A8988888800CA9A3B000000004B
:1010F8002DE9F04F40F20127A5B02E9C8F430C94A8
:101108002F9C0D460D941E4604460F9200F0028255
:10111800637F05F4007B04EB8303D3F820A09AF8DF
:10112800007007F00F07072F10D0BBF1000F04D194
:101138000C27384625B0BDE8F08F2046D6F80120A8
:10114800317825B0BDE8F04F0DF08EB99AF802302D
:1011580013F03F0218BF9AF803208DF880200AF197
:1011680004020A92BBF1000F02D07F2B00F28581A6
:101178000C9904F11C0016F02FFF81464FF000086F
:1011880003789AF8001023F03F0301F00F010B4396
:1011980000F8023B9AF8023099F802109B0963F3B1
:1011A800871189F802101390A06B04F110028DF8D2
:1011B8007C80002800F0E482437D00EB83039A6979
:1011C80003680B921493D3780232129203F001024F
:1011D8008DF8883011920D991430099316F0FCFEA1
:1011E8008046012299F800C000780CF00F0C20F01E
:1011F8003F000B9B40EA0C0088F80000187898F82C
:1012080000C0C0F3801060F3861C88F800C018780E
:101218005FFA8CFCC00960F3C71C88F800C099F815
:10122800020098F802C08DF8842080099DF880207B
:1012380015F0010360F3871C0E9302F00101099B6E
:1012480088F802C040F00781002900F04B819AF825
:10125800001098F800C0C1F3801161F3861C88F86B
:1012680000C099F800100E9860F3861189F80010F4
:101278000AF10A010A911199002940F047810B9956
:101288000431099103F002011D91910740F1068193
:101298000A999DF8840006310A91414640F00200FF
:1012A8008DF884009AF8000098F800C0C00960F32F
:1012B800C71C01F810CB99F800006FF3C71089F824
:1012C800000003F0020010B109980630099012F0EE
:1012D8000800189002D00A9802300A909DF87C0005
:1012E80040F008008DF87C00881C0E9015F008006E
:1012F80000F0D28002203070D6F80100C6F8011044
:10130800179005369DF8840040F008008DF8840099
:1013180013F00800199002D009980230099012F0D1
:1013280010001A9002D00A9803300A909DF87C00A9
:1013380040F010008DF87C0009F10900109003F0CE
:1013480010001B90E80640F19A80881CC6F801003E
:10135800032030709DF88400053640F010008DF8A9
:10136800840003F01000002800F0928000201690FE
:101378000998033009909DF88400C00644BF0531E0
:101388000E91520611D50A9A01320A92627E02F033
:101398001C02102A00F013829DF87C2042F04002C3
:1013A8008DF87C2009F10A0210925B0608D5099B8A
:1013B800013309939DF8843043F040038DF884305D
:1013C8009DF88430159313F040031C9302D00E9BB4
:1013D80001330E93109B139A981AC0B2022803D8AF
:1013E800012009F103031093099B129A9B1ADBB29F
:1013F800022B03D801230B9A033209920B9A5278D5
:101408009A42C0F0AD800E9908F1020CA1EB0C0CC9
:101418005FFA8CFCBCF1020F04D84FF0010C08F104
:1014280003010E91BBF1000F76D096F800B0D51AE3
:10143800099BEDB2D6F801103570C6F801300536B3
:10144800BBF1000F40F09880002940F085815A4692
:101458005B4609996BE016F801EB98F800C06EF34B
:10146800861C88F800C099F800C06FF3861C89F8BC
:1014780000C000293FF4FFAEFAE6122759E60F989C
:10148800C0063FF56EAF03F01000002840F08280E0
:1014980003F0100016906EE7179033E70E9808F1E6
:1014A8000A0100287FF407AF03F00200002869D082
:1014B80041469DF884C00B984CF0020C8DF884C00E
:1014C80090F800C098F800E04FEADC1C6CF3C71EE7
:1014D80001F810EB99F800C00E9860F3C71C89F862
:1014E80000C0F1E6119900293AD00B9998F800C08C
:1014F80009780E98C1F3801161F3861C88F800C042
:1015080099F8001060F3861189F800100B990A31D8
:101518000991B7E600DEFBE56D0523D40F9989052F
:1015280000F11A81D31ADDB25A465B46099905EBD8
:10153800020EBEF1FB0F3FF7FCAD0CEB050717449D
:10154800FF2F30DD0CF101035B442B44CA45337097
:1015580000F0A5810B9B984500F09C814527E8E5A4
:101568001F27E6E596F800B0D51A0999D6F8013094
:101578005A46EDB20536DAE75D464FF0000B5A469B
:101588005B46D4E799F800C00E9860F3C71C89F849
:1015980000C09CE69DF8840040F010008DF884009F
:1015A80009981690E4E699F8022089F801000138B4
:1015B80060F3050289F8022098F802200CF1FF3048
:1015C80060F305020E9E88F802200BEB05026244C8
:1015D80088F8012030462A460C931FF0A2F90C9B8C
:1015E80023B15A46194670191FF08EF998F802303F
:1015F8009A0600F0AF809DF87C305B0640F1F680DB
:101608000A9A109912F8013C01F8013C531E0A93FA
:101618004B1E10931A9B13B10A9B033B0A93109E0F
:10162800657E16F8033C6D096FF3050306F8033C65
:1016380016F03AFB002195FAA5F232288CBF00205B
:1016480001208D42B2FA82F208BF4FF0FF3216F83D
:10165800033C520160F386136FF3C71306F8033C8B
:101668001B9B06F8021C06F8012C13B1099B033BCF
:101678000993159BDF0602D50E9B033B0E93169B21
:1016880023B1032219460E981FF04BF9189B13B18A
:101698000A9B023B0A93199B13B1099B023B0993CE
:1016A800179B002B00F0E980179A537812781B02D9
:1016B80003F470631A431098D1B200F8051C94F82B
:1016C8007230C3F303031B0103EB122300F8043C3D
:1016D8000E9800F8021C94F87230C3F303031B0140
:1016E80003EB122300F8013C159B9E076ED40238C9
:1016F800159BDD0709D5119B002B00F0D480099BB1
:10170800991F062206381FF00CF999F802300B9839
:10171800990618BF9DF87C30414618BF89F80330F8
:1017280098F802309A0618BF9DF88430169A18BFA8
:1017380088F803304FF496730193A57E637E05F015
:1017480001055B0900950DF001FC149B93F84630E8
:10175800DB075AD40027ECE499F8023089F8010035
:10176800013860F3050389F8023098F8023088F8E8
:1017780001C00CF1FF3C6CF3050388F8023035E733
:1017880010460DF069FB1490002800F0988014981A
:10179800012290F82530CDF8448000EB8303996A44
:1017A80010308C461CF8023B0B9103F03F030B7082
:1017B800CDF848C043464A7081F803800BE59DF890
:1017C800842042F040028DF88420EEE51D9B002B1A
:1017D8006CD0099B063B09931A680E9941F8082CAE
:1017E8009B88A1F1080021F8043C81E71C9B002B91
:1017F8003FF410AF099A0E9912F8013C01F8013C28
:10180800531E09934B1E0E9304E7149C20460CF0BC
:1018180077FF07212E4A2F4BE0FB023118462AA3F7
:10182800D3E90023FEF744FC636820F07F449C4220
:1018380040D200261F1B0223DDF85080482226498B
:101848004046239305F046F903210023234A23AD9C
:1018580005924218CDE9033318460297069501967A
:10186800D2B2009306F0ACFE294607F0EDFE002840
:101878007FF45EACC8F804406CE794F872301849FD
:1018880003F00F0331F81320501C21F81300C2F3A2
:101898000B0210E70D9AA36B12785A755EE60C9B43
:1018A8001B78637756E60A9B991F2AE70A9B063B33
:1018B8000A9391E77FF64EAF0027E61ABBE7CA45C1
:1018C8007FF437AC00DE34E48D49FD1A07000000D0
:1018D80000CA9A3B8C49FD1A34560021E989000157
:1018E8001056002100000000F8B5294C9DF818E0BA
:1018F80094F8625015F0020540D107074FEA5006E8
:1019080004D594F8C670BF0738D4643471B39127EE
:101918004FEA401C1F48A4F84C10A2FB00014FEAF4
:10192800CE0E07FB021194F844200EF0180E0CF0AE
:10193800200C66F302024CEA0E0C94F838E084F8A6
:10194800442094F862202EF0380E4CEA0E0C63F313
:10195800830284F8622084F838C00BA3D3E90023FB
:10196800FEF7A6FB2065A0652846F8BD94F844302C
:10197800284661F3020384F84430F8BD0C25284654
:10198800F8BD00BFAFF300808D49FD1A07000000C5
:10199800BC560021002AE78470B504469126124DF2
:1019A80082874FEA411CA3FB05019DF810E006FB66
:1019B80003114FEACE0E94F828300EF0180E0CF0F2
:1019C800200C4CEA0E0C23F038034CEA030C84F884
:1019D80028C003A3D3E90023FEF76AFB206470BD87
:1019E8008D49FD1A07000000002AE7840000000066
:1019F8002DE9F04F044690F862308DB06FF3000384
:101A0800C3F3800084F8623094F8383004F146015A
:101A180060F3861384F8383006F0A6FF4FF000080C
:101A2800912194F83820B4F84C30854802F07902B6
:101A380084F83820A3FB0002C4E9028801FB0321D3
:101A48007DA3D3E9002384F800802461FEF730FBEE
:101A58007C4E7D4BA51BA3FB0535A36DC5F3471530
:101A68002365183398429CBF0346C4F85080DFF8BA
:101A7800DC8105EB45028CBF63606060074648F86F
:101A880022304FEA450A002D5BD196F8A83003F0C2
:101A98000703032B75D84FF0000B06F0BDFE6369F2
:101AA80000F11806002B00F088800DF12C09912117
:101AB800AA4408EB8A034FF000084FF0020A099382
:101AC800CDF820900694B4F84C3062685C480492D3
:101AD800A3FB000201FB03215D4BCDF82CA007936B
:101AE8005C4BCDF80C80059353A3D3E90023FEF794
:101AF800DFFA104619464FF47A720023FEF7D8FA37
:101B0800014605355E44EDB20291334603212A466B
:101B180040460197CDF8008006F0FAFC494607F0E8
:101B280093FD002845D194F8623043EA0A0384F80B
:101B380062300CF01BFB00285AD000200DB0BDE825
:101B4800F08F012DA7D196F84430DB07A3D5D4F840
:101B58005090B9F1000F9ED09121B6F84C3038481A
:101B68004FF0000BA3FB000201FB032132A3D3E9D2
:101B78000023FEF79DFA87424AD00023C8F80C30AC
:101B88008BE7D4F85090B9F1000F84D09121B6F8C2
:101B9800B0302B48A3FB000201FB032126A3D3E9A5
:101BA8000023FEF785FA874226D00023C8F80030C4
:101BB80071E70C200DB0BDE8F08F0DF12C09CDE9CF
:101BC8000A3303204B4661680AAA01F05DFD00282C
:101BD8007FF46DAF18A3D3E900230B991E48A1FB2E
:101BE8000001FEF765FA0A9B20F07F461E445EE777
:101BF800504614F031FFA0E7D6F8B4304B449F426A
:101C0800D3D302339F429CBFA9F119036360CCE789
:101C1800336D4B449F42B0D302339F42ADD8A9F1F4
:101C280019036360336DC4F850B0C6F850B003F1BF
:101C3800020BA2E7AFF300808D49FD1A07000000F0
:101C4800002AE784BC5600211F85EB51A4560021C9
:101C5800E9890001C5FC000100CA9A3B00000000A8
:101C68002DE9F04F0B790C46082B074693B009D0A5
:101C7800092B00F07B81062B00F0D38100DE13B026
:101C8800BDE8F08FD1F80890D9F82C30002B40F03F
:101C98004382D9F8008040460EF0F8FA4FF0040C61
:101CA8000530C3B20B930026A27E94F8213066F368
:101CB80086122760A276E660002B00F04D8135463B
:101CC800B64604F1220A94F82220900600F04081DA
:101CD80094F82300C2F30502C1074CBF04F12A019E
:101CE80004F1240110F0020F18BF063110F0040FA0
:101CF80018BF013110F0080F18BF023110F0100B97
:101D08001CBF8B46033110F0200F18BF123140065C
:101D180048BF0131A1EB0A010132D2B2C9B28A42ED
:101D280038BF0A469A4236BF9A1A4FF0000A5FFA3D
:101D380082FABBF1000F00F097819BF802109BF824
:101D480001000A0202F4F852024300F08D81BEF14C
:101D5800000F40F0B38148095F290C9000F2E08140
:101D68009BF8001001F03F0EBEF1240F00F2D8815D
:101D780011F0800F14BF4FF496701E201CF0040F52
:101D880000FB02F20D9000F0E2814FEAC30CA37E43
:101D98000CF12B0CC3F380035B0001330CFA03F343
:101DA80003F5BC730D9803F5967E02EB000CF44521
:101DB800C0F0978149064CBF32214FF4FA7102FBFB
:101DC80001F1DFF8DCC2CDE90F32ACFB01C1890CAF
:101DD8000E9101210C9B01FA03F3D8B2119315F06F
:101DE8006DFD6169109A0F9B2F390A44D31A0E9A18
:101DF8001B1AAC499B1A0F90A3FB0101A6A3D3E9B8
:101E08000023FEF755F994F91A3020F07F42002B91
:101E18000C9280F25B81002D00F0A681AB8D5344BB
:101E28009BB21E2BAB8504D994F91A30002B80F293
:101E3800D880AB6A002B00F0AD81DC6040F23F73C4
:101E4800AA8DAC62A2839BF80020119902F03F0290
:101E580042EA01221340B28822F4E76222F0070224
:101E68001343B38094F91A30002BC0F29581B8F16E
:101E7800000F00F09F8198F8623013F0010340F0E2
:101E88003681D9F82C20B24208BFC9F82C307379B2
:101E980003F00703032B00F2648103F10902D20067
:101EA8005B10DA4007210F9B7E4803F20533134489
:101EB8007D4AE3FB0021104677A3D3E90023FEF710
:101EC800F7F807460E9B0D9A2F3302EB430327F0D2
:101ED8007F4700226F6002210120B36004F06CFE8E
:101EE8000B9AFF2A0DD0002023690C99493B0B441B
:101EF800CDE90000012106F07FFB10F0FD0F40F056
:101F0800708130226949284604F0E4FD0026684BB8
:101F18000121CDE90735674BCDE905356A682369A5
:101F280004920C9ACDE902660092C21D493B3046E4
:101F3800D2B2019606F0B4FA10F0FD0F40F04F81CE
:101F480001220221104613B0BDE8F04F04F034BE60
:101F5800013BDBB2002D3FD1A3832146384607F071
:101F6800FDFA13B0BDE8F04F07F004BB8E684F4B85
:101F780035689D4266D1D5F82090B9F1000F00F080
:101F8800D6804A493022084604F0A4FD0730C3B27F
:101F98000B93D9F800000EF093F996F805C0804627
:101FA8000CF0070CBCF1020F72D0BCF1040F6DD01D
:101FB800BCF1010F7FF462AE062394F81AE0002109
:101FC8007246237194F8213061F386122760E1602C
:101FD800A276002B40F0FE80AA8D13449BB2AB85FD
:101FE800A383B8F1000F00F0808098F86230AA6AE5
:101FF800DB077CD4D4602B6AAC62002B7BD02B6AC5
:10200800002B7AD02B7803F0FF023BB3012A7FD153
:10201800AB68002B7ED1284BC5E9023513B0BDE86B
:10202800F08FD1F80890D9F82C30002B76D1D9F858
:10203800008040460EF02AF90530C3B24FF0010C7B
:102048000B9330E6CB68002B7CD01D682A6A964239
:1020580072D1B1461E46FF230B939AE7284613B068
:10206800BDE8F04F0EF0C2B9002D48D0AB8D5344F7
:102078009BB2AB85A383BEF1000FB2D0AB6A002B35
:1020880043D0DC60AC6213B0BDE8F08F082394E75E
:10209800072392E7AFF300808D49FD1A070000007F
:1020A80083DE1B4300CA9A3B8C49FD1AB0570021B6
:1020B80055040101AD03010145040101002D38D08B
:1020C800AB8D53449BB2AB85A383D7E706F0A4FB43
:1020D80023690C9A383B991806F0A0FB02023FF5D9
:1020E8009AAE002D7FF47DAF37E700DE7DE7AB6A5F
:1020F800A342C6D1C3E500DE81E700DE82E7A4F88B
:102108001CA0BEF1000F3FF428AF00DEAB6AB8E7B1
:1021180000DE7DE700DE7EE700DEBAE500DE86E76A
:1021280095B1AB8D53449BB2AB85A38359E700DED1
:1021380027E7A4F81CA0E8E700DEB1461E46FF2307
:102148000B9326E700DE80E7A4F81CA005E70CF057
:10215800030E73440933DB00CCF3400C23FA0CF371
:1021680020E64FF434729DE61F4804F087FC0546CC
:1021780010B30023027DC0E9023363F3C712037072
:10218800A0F82CA0006100F110060275436283627A
:10219800C0F820906C6251E6D9F82C30B3B9C9F870
:1021A8002C60A37E43F04003A37633796FF3861344
:1021B800337164E500DE5EE694F91A30002BBFF651
:1021C800CCAEA37E43F04003A376C6E6B342E6D086
:1021D80000DEE4E7CEF3C00E04F1220A73E500DE68
:1021E800AEE600DE8DE600BFAC570021000000001F
:1021F8002DE9F04F05468BB08B4601200221994608
:10220800144619F025FD002202218246012004F01F
:10221800D3FC4FF4C8723049284604F05BFC0646EC
:102228002E4B0836F6B2009301214B460020324669
:10223800019506F05BFA10F0FD0F47D1284BA4FB7F
:10224800034823A3D3E9002320464146FDF730FF86
:102258000722244B20F07F47A7FB033102FB07111D
:10226800E01A68EB01014FF47A720023FDF720FFB2
:10227800CDE900B7029008950695696895F9374049
:102288001948049119494B4631EA240128BF0146EF
:102298004FF6FE7405911649324607910020012138
:1022A800039406F0FDF810F0FD0F0DD1BAF1000F00
:1022B80002D10BB0BDE8F08F0122022110460BB00D
:1022C800BDE8F04F04F078BC00DEEFE700DEB5E7CC
:1022D8008D49FD1A0700000008050021810701014A
:1022E80000CA9A3B8D49FD1AFD580101755A010132
:1022F80069070101000000004FF6FF732DE9F04166
:1023080084688CB0A28C9A4245D00546204610F0CD
:10231800A3FF2B7D012B00F03581022B00F02781D4
:10232800002B00F0068194F84471002F40F02381BF
:102338002B8ACDE90A77B4F82E8094F937206BB34D
:10234800002AC0F27F810023A4F87431AB7CA68DEB
:1023580003F003030136012BB6B23AD0B4F8783152
:10236800002B00F01881B34240F2818100229B1BB0
:102378009BB2062BA4F87831E28540F2098194F9E2
:1023880037309342C0F27881002325E020469DF83B
:1023980027100EF015FF0CB0BDE8F081002AB8BF79
:1023A80084F8B970AB7CA68D03F003030136012BCA
:1023B800B6B20ED0B4F87431002BCFD0B34240F28D
:1023C80067819B1BA4F87431B4F87831002BCAD10B
:1023D80002E00023A4F8783194F83C20314663F3F6
:1023E800820284F83C2020460DF1270210F0A2FC5E
:1023F8007430CBD0B4F872312BB1B34240F21281B1
:102408009B1BA4F87231B4F86E312BB1B34240F281
:1024180000819B1BA4F86E31E58D17B9A84500F023
:10242800EF800135ADB294F8B53013F0010123D136
:10243800DDE90A030246002B40F0F280002800F094
:10244800E18019461E46A28C24690090B0480832E3
:102458000191059001210020CDE9035702960694C9
:10246800D2B206F0ADF810F0FD0F94D007F016F9CF
:10247800844290D000DE8EE794F937206FF3000392
:10248800002A84F8B530C0F2A18094F85800C0F34F
:10249800C00100F0070015F00FFA94F8583003F067
:1024A8000703032B00F2A08003F12806F6005B1057
:1024B800DE4094F85930B6F5A07F03F0070338BF23
:1024C8004FF4A076032B00F2988003F12802D20083
:1024D8005B10DA40B2F5A07F38BF4FF4A072072135
:1024E800E38B03F2093303443344134489488A4A8B
:1024F800E3FB0021104684A3D3E90023FDF7D8FDB0
:10250800666820F07F40864234BF811B361A6060BF
:1025180038BF0026DDE90A0328BF00210246002B48
:1025280091D150EA010C8ED1002E6BD01846194675
:1025380089E794F8723003F01803182B7FF4F3AE90
:10254800218DB4F870218B1D9A42D2BF1346931F78
:102558005B1AB4F86C11C8BF9BB2994200F0B48002
:10256800A4F86C31A4F86E31A4F87221DBE63D239F
:102578001F4684F84431394620460CB0BDE8F04186
:102588000EF01EBE0023A4F87231A4F86E31CAE61C
:1025980001273B4620E7E28C42F21071052A8FBFE3
:1025A80040F2E2434FF4FA73013292B203FB02F2B3
:1025B800B4F8763101FB0323013BB3FBF2F39BB282
:1025C800A4F87831002B7FF4CEAE05E794F85900D3
:1025D800012100F0070015F071F994F8583003F064
:1025E8000703032B7FF660AF94F859304FF4296640
:1025F80003F00703032B7FF668AF4FF429626EE7F9
:102608003D4610E7002D48D0002110460E460B46E7
:1026180019E700232046A4F86E3110F01DFCFBE6F4
:102628000E4610E706F0DCFF0146002838D00023EC
:10263800A4F872311B23A28C0371C280006806F0D3
:102648009FFFE0E694F8B9308BB3013B84F8B930CA
:1026580004F1C406304610F07DF900283AD030461F
:1026680010F078F9002839D00023E3856BE60821BB
:1026780020460EF0A5FD8EE6B8F1000F14D1D4F86F
:10268800BC305A0813F0010336D1C4F8BC207BE6ED
:102698003E2120460EF094FD7DE6002FB4D17AE667
:1026A8000123A4F87231AEE61346012794E60AAA7C
:1026B80028460BA9FDF764FEDDE90A231343C7D0BA
:1026C800237884F8B930C3E7B4F8721100297FF48D
:1026D8002AAE47E7FF200EF00BFDC0E70246D4E91B
:1026E800170104F02FFA0028BED194F83C301B07DC
:1026F80044BF238DE38526E642F000421F46C4F816
:10270800BC20434668E600BF8D49FD1A070000005B
:10271800C107010100CA9A3B8C49FD1A000000005C
:102728002DE9F04F87B0BDF84440B0F840710194EE
:10273800BDF84840CDE9043202940446B0F80431AB
:10274800BDF84C901F4490F85800BFB2A7EB09039E
:1027580000919EB2C0F3C00100F00700BDF840A090
:10276800D4F8FC80039615F0A7F8E58C052D40F207
:10277800198140F2E24B06FB05F5ADB24FF0961316
:10278800E3619623BAF1050F238440F2048194F89B
:10279800582002F00702032A40F2DB8094F85920FF
:1027A8004FF4296302F00702032A00F2E38002F1E2
:1027B8002801C900521021FA02F2B2F5A47F38BFED
:1027C8004FF4A4720721134400F29F300344824A55
:1027D80082485646E3FB002110467DA3D3E9002337
:1027E800FDF766FC40F2E24320F07F400BFB05F268
:1027F80003FB06F6531E3344B3FBF6F31FFA83FBC1
:10280800606006FB0BF082425D4680F0B68073493B
:10281800801AA0FB01016EA3D3E90023FDF748FC51
:1028280020F07F408044B4F80421B4F84031A9EB8B
:1028380007094D44ADB213442B44A4F84031638DCD
:1028480013441D4494F837306585DB0900F0B180E6
:102858000023216CC4F8C030A36C40F2E24701FBAE
:102868000233039A5D4D01FB1233A36415F01CFA81
:10287800814694F8B800C0F3420015F017FA059B9A
:10288800814407FB03F306FB09F9236509F574295D
:10289800534B09F23F29A3FB09394FEA99430BFB34
:1028A80003FB2364A6EB0309A36C72085B44963A06
:1028B800934228BF134607214748C4E9112344A37C
:1028C800D3E90023EBFB0501FDF7F2FB049BA8EB22
:1028D80000084448A0FB03303DA3D3E90023800A45
:1028E80007FB00F0A0FB0501FDF7E2FB20F07F45A8
:1028F800019B31462385029B2046A4F87631A4F833
:1029080026A010F043FA384B218D3344B3FBF6F37D
:10291800881D9AB29042A4F8702104D2C1F57F4173
:10292800FA310A4492B2009BA4F86C2113B1002337
:10293800A4F8783143464A4629462046FFF758FC12
:1029480094F8423143F0010384F8423107B0BDE8FE
:10295800F08F02F12803DB005210D34094F859207D
:10296800B3F5A47F02F0070238BF4FF4A473032A1B
:102978007FF61DAF4FF4296224E7121A1748A2FB0D
:10298800000113A3D3E90023FDF792FB20F07F4059
:10299800A8EB000847E70AF1010619204FF4FA737B
:1029A800B6B223E7039B4FF4FA7B05FB0335ADB2C0
:1029B800E4E6049B0948B146A3FB000104A3D3E95C
:1029C8000023FDF775FB20F07F45013590E700BF38
:1029D8008D49FD1A070000008C49FD1A00CA9A3B70
:1029E80083DE1B435917B7D17FC3C901000000001C
:1029F8002DE9F04F04460B68D0F8220095B0D3F8C3
:102A080000A094F82070E38C1290487CADF84C300C
:102A1800FF28C7F380138846154616680C908DF872
:102A28003F3040F0298299461A4612AB93E80300DA
:102A38000DF1400B1090ADF84410D4F800C0FF0918
:102A48000AF187015B4638460A91CDF82CC00EF092
:102A58009FFA0A99002840F0F78196F880310A9089
:102A680069F3C71367F3861386F880311098BBF8AB
:102A78000430C6F88701A6F88B31DAF8873005F1FB
:102A88002200C6F881318B88A6F88531618E94F8CA
:102A980034302981AB72D4F82E3005216B60D4F81C
:102AA8003E30C5F8223094F8423085F8263004F0DC
:102AB800D1F995F8273000F03F0060F3050385F859
:102AC800273094F843300128C3F3040185F828100F
:102AD800218F03F01F03E98289B240F2B5811B33CD
:102AE80003F01F030B2B00F2AF8140F67A4306393F
:102AF80089B299420A9A00F2A78140F2E243D8F8D3
:102B080000104A60628FE98A2A83E08EDAF838205A
:102B180003FB01F70A90002A00F01A8240F6C4125B
:102B280040F6A6639AF819107F2988BF1A460D92B5
:102B38000021304610F03EF994F8433096F8B8205A
:102B48005B0963F3430286F8B82015F0ADF88146B7
:102B580096F8B800C0F3420015F0A8F840F2E24237
:102B6800484407FB00F0D64B00F5742000F23F20E4
:102B7800A3FB00307B08800C963B28636B6394F8BA
:102B88003530394602FB03F36B64A38F3046A6F851
:102B9800763110F0FBF8CB4BCB4A3B44B3FBF7F351
:102BA800C6F87C219AB2A6F87021298B881D82422A
:102BB80004DDC1F57F41FA310A4492B2A6F86C21CE
:102BC8006B68C6F8BC30DAF83830002B00F0BB81EF
:102BD8004FF00109E20700F1C3814FF480732384A9
:102BE8009AF81B0014F0FEF904F12F03002800F0F6
:102BF8005D81A26AC4F82F20A28D9A800C9BFF2BBE
:102C080000F0A881BDF84C301298A4F82D30C4F813
:102C18002900BBF804301098A4F827309DF83F30FD
:102C2800C4F8230084F82230EB8A3046E3862B8BE5
:102C38002387B6F87631638796F8B830C3F3420332
:102C480084F83C300DF03AFE002203462146AB8260
:102C58000B98E38085F8A720D8F804B006F07EFC2E
:102C68001C23AA8ADBF80040ABF806208BF8043056
:102C7800B9F1000F40F036818BF820900AF0F4FE8D
:102C8800002840F042815946204606F079FC95F824
:102C9800483003F00703032B00F2058103F1280BEA
:102CA8004FEACB0B5B102BFA03FBBBF5A47F38BFB5
:102CB8004FF4A47B95F8490000F00700032800F2C0
:102CC800EF8000F12804E4004310DC40B4F5A47F51
:102CD80038BF4FF4A474012114F0F0FD07214FF020
:102CE80096135C4400F29F3CDFF8E0B1DFF8E0E1C6
:102CF80081460CEB0400E0FB0BE1C5E903336EA34E
:102D0800D3E900237046FDF7D3F9034640F2E244C5
:102D180023F07F4373602B6BDDF828C0FD1AD8F8C9
:102D28000C70002204FB0C742F3CE41A0D9B02214A
:102D380001201C4403F040FFDAF83830A4EB090402
:102D4800ABB11F6838460CF037F802460332012150
:102D58000020604B0097D2B205F08CFC012800F0EF
:102D6800088197F846306FF3000387F846305046DD
:102D78000BF0E0F902465548A4FB000114464EA3A7
:102D8800D3E90023FDF794F98146CDF804A0D8F8DB
:102D98000830504A493B009229F07F49A21C012182
:102DA8000020D2B24B4405F0A1FC012800F0DA80E3
:102DB8009AF81830DB0700F1A08030460DF07EFD50
:102DC800424B0446A5FB035A3BA3D3E900232846FC
:102DD8005146FDF76DF90696D8F808300722A3F199
:102DE80049084FF4F8734FF0000B08933A493B4BEE
:102DF80020F07F470791A7FB0331E81A384B02FB05
:102E08000711059373686AEB01014FF47A72CDE9F3
:102E180003B30023FDF74CF901460834E4B20291EC
:102E28004346224658460121CDE9009705F038FB74
:102E380010F0FD0F40F0A48001220221104603F09B
:102E4800BBFE15B0BDE8F08F00220126CAF80820A5
:102E580095F82C30214662F3000385F82C30E5689C
:102E68000B98267106F07AFB294628682E7106F021
:102E780087FB15B0BDE8F08F0DF1400B5A460DF1F8
:102E88003F0113F0D5FA9DF83F9094F8207009F1AE
:102E980002095FFA89F98DF83F9009F00102CCE543
:102EA8004FF4296417E74FF4296B03E7C4F82F00A0
:102EB8009880A3E6AFF300808D49FD1A0700000053
:102EC80083DE1B437FC3C901404B4C0000CA9A3BB9
:102ED8008C49FD1A85590101D55801018D49FD1A02
:102EE800FD58010195F82730281D43F0400385F867
:102EF800273013F091F82885BEE6002301221846F2
:102F08001146009305F0B6FB57E75946204606F0F0
:102F180025FBDAF834B05046DBF800400BF00AF92C
:102F280010F0FF000DD100231222ABF806008BF839
:102F380004208BF80830AA8A8BF80930ABF80A20ED
:102F4800A1E600DEEFE794F82030C3F3401941E62C
:102F58000D93EDE50022C4F82920A4F82D2058E6A9
:102F680000DE3AE606F09AFB82453FF421AF00DE28
:102F78001EE706F093FB87423FF4F3AE00DEF0E66F
:102F880000DE59E7000000002DE9F04F04468DB03F
:102F9800BDF86850002005951646CDE906419DF814
:102FA8005C90BDF860A0BDF864B09DF86C500393C8
:102FB8000DF0B2F9002800F09A8009F001080446E3
:102FC800404605F0C1FC0490B8F1000F05D0062179
:102FD80003F094FD002800F09380DDE903214046CA
:102FE800169B0DF0D5FF00287DD101200DF094F936
:102FF800074600287BD06B077DD54369002B00F07E
:10300800818007F1100494F8343065F3020384F8E2
:1030180034306368002B00F08A806368039A1D6867
:1030280002F0010A93F848000493C0F3C00100F0CD
:10303800070014F041FC94F83420049B02F00702C6
:10304800032A65D802F12801C900521021FA02F2B8
:10305800B2F5A47F38BF4FF4A4725200D98900F2A8
:1030680009330B4407211344B348B44AE3FB002156
:103078001046AFA3D3E90023FDF71AF8034623F05F
:103088007F436B60304613F027FDA38E03F0BF0328
:1030980063F0FF03A386002E3DD0A9F10203012BA4
:1030A80040F23081DDE9062397F86210059869F34C
:1030B800830187F8621094F834106AF3451184F894
:1030C800341016990968A16016998988A082A1818F
:1030D800204600210096FEF75FFC03460020BB65F2
:1030E8000DB0BDE8F08F0B200DB0BDE8F08F0C20BF
:1030F8000DB0BDE8F08F63693BB12746103482E715
:103108001220F1E7636943617BE743696361F4E790
:103118004FF4A952A2E714F065F80028BDD0324652
:103128000398169913F048FE84F83500B5E706F0C1
:10313800FDF90890002800F0F7800DF0B3FB054674
:10314800002800F0EE80143003F09AFE05F1100319
:10315800002840F0EB80032105F11800099314F0D2
:1031680097FA4FF6FF72E86E099BA5F828B0A5F804
:1031780026A0AA84002800F0D08005F15C0105F1A2
:103188006002099303F0C6FC7F224FF0000BA5F8FC
:10319800B620B5F85820C5F86CB022F4EF6222F0DA
:1031A800070242F48C7242F00102A5F8582095F803
:1031B8007220A5F870B022F0070285F87220A5F8F1
:1031C8002AB0C5F82EB005F1320012F0CFFE95F8FE
:1031D8003720012160F3050285F837200DF12F0013
:1031E80014F056FA40F2E242062102FB0AFA544A67
:1031F8009DF82F005244B2FBFAF2A5F87411514918
:10320800059BA1FB00C1C90801EB4101A0EB8100AE
:1032180095F83710053001F03F0185F8371095F81B
:103228003C1085F83800288D21F0070185F83C10FE
:1032380000F1060C91B26145A5F8763185F839B0F0
:10324800099BA5F840B1A5F878B1A5F872B1A5F821
:103258006EB1A5F8701102DD0639091A89B24FF06E
:10326800000B2846A5F86C1109930FF027FD51466D
:1032780028460FF08BFD089B85F844B1C5F8483106
:10328800039B03F0010A0DF077FE95F8802160F3A7
:10329800020285F880210DF075FE95F8802160F313
:1032A800C50285F8802195F8422105F1C4006BF329
:1032B800410285F842210FF00BFB4FF0961195F86B
:1032C8008021C5E90711169B6AF3C71285F880218A
:1032D8001968D2B2C5F88711998869F38612049BD8
:1032E80085F88021A5F88B111A68C5F881219A887C
:1032F800099BA5F885216360C5E902BB85F800B084
:103308002D618FE6002013F00BFC94F83430C14691
:1033180043F0400384F83430C4E605F16400E866FD
:103328002BE7089806F008F90720DDE600DE12E72B
:103338008D49FD1A0700000000CA9A3B8C49FD1A06
:103348007FC3C901ABAAAAAA2DE9F04F0446A38DF1
:1033580090F820708DB0806AADF82C30E3070E46E7
:103368001546C7F3C0110A90C7F3401700F11D8135
:1033780000232384B37C707C13F0010318BFD4F8B6
:10338800223004F12F021ABFC4F82F30E38CC4F89E
:103398002F30FF28938004F1290804F1230200F05C
:1033A800E28004F1220113F043F894F82230BDF8CA
:1033B8002C200A98023384F82230C4F82900A8F88F
:1033C80004203368D3F800A0EB8AE3862B8B23878D
:1033D800BAF82430638714F065FC84F83C00D5F80B
:1033E800009048460DF06AFA03460021AB82484631
:1033F800E3800FF0DFFC002385F8A7302146206822
:10340800746806F0ABF81C23AA8AD4F80080E2801E
:103418002371002F40F0B6802146404684F8207082
:1034280006F0AEF840F2E24395F84800B5F816B059
:10343800C0F3C00100F0070003FB0BFBF46814F0B5
:103448003BFA00220221A4EB0008012003F0B4FBA0
:1034580050460CF01BFF5AA3D3E900235A4C0546EB
:10346800A8FB044820464146FCF722FE0746CDF853
:1034780004A0B368554A493B009227F07F476A1D6C
:1034880001210020D2B23B4405F030F910F0FD0FC5
:1034980040F08F8001200CF02DFF054680B1824559
:1034A8007CD028460CF0F2FE0246053201210020AD
:1034B800474B0095D2B205F0DDF810F0FD0F76D13C
:1034C8004FF0000A0422012153465046CDF800A0CF
:1034D80005F0D0F848460DF0F1F939A3D3E90023F7
:1034E800054639480835ABFB0001FCF7E1FD40F221
:1034F8007231CDF81C90B668099136498346089117
:10350800354910460691D9F804104FF47A72CDE97E
:1035180004A119460023FCF7CBFD07222F4BCDE968
:1035280002B0A7FB033102FB0711E01A68EB0101A7
:103538004FF47A720023FCF7BBFD0146493EEDB219
:10354800019133462A4650460121009704F0C8FFEE
:1035580010F0FD0F2FD10122022110460DB0BDE859
:10356800F04F03F029BB0023BDF82CC00A98C4F81B
:103578002930A8F8043084F82210C4F82300A2F8EF
:1035880004C01EE795F82730281D43F0400385F84E
:10359800273012F041FD012728853DE700200CF077
:1035A800A9FE054600288BD07BE700DEE0E600DEBA
:1035B80086E700DE6EE700DECDE700BFAFF30080F0
:1035C8008D49FD1A0700000000CA9A3B415A0101C3
:1035D8004D5A0101455A0101755A01018D49FD1ADB
:1035E800032870B50D4610D00838C3B20F2B11D878
:1035F80080B20DF06BF9044660B190F93730002BBA
:103608000BDA40682860204670BD00200BF078FC7B
:103618000446D8B90024204670BD90F85800184ECA
:10362800C0F3C00100F0070014F046F90721154A5D
:1036380000F5C5501F30E0FB062110460EA3D3E964
:103648000023FCF735FD20F07F40DBE7FF22114621
:103658000BF05EFC07210A4A0A4BE0FB02311846D0
:1036680005A3D3E90023FCF723FD20F07F40286061
:10367800204670BDAFF300808D49FD1A0700000099
:1036880000CA9A3B8C49FD1A70B51546002488B0CB
:103698001E4606AB029307AB019305AB0093224A83
:1036A8002B46079412F07EFBFF2835D00721069B96
:1036B8001E48A3FB000201FB032119A3D3E9002341
:1036C800FCF7F6FC044600B13E34079D1849A5F501
:1036D8007422A2F510728A42059B15D80721134857
:1036E800A3FB000201FB03210DA3D3E90023FCF790
:1036F800DFFC024600200F4BA3FB053504EB954485
:103708001444346008B070BD05F1E87505F5D4358A
:10371800013B05F5A575E1E76FF00900F2E700BF89
:1037280000CA9A3B00000000A15D01018D49FD1A05
:10373800BFBDF07F83DE1B432DE9F043C6683E49D9
:103748007368D0E900971A68A7F57423A3F5107376
:103758008B42804683B007D907F1E87707F5D4375D
:1037680009F1FF3907F5A57773685168DD8A0220EA
:1037780006F1100301AACDF80490FFF785FF002891
:1037880050D10199A1EB09031B0238D408464946D8
:1037980005F044F826A3D3E9002304464FF0070CAC
:1037A8002649A0FB01010CFB0411FCF781FC3469DC
:1037B8000444002C346109DB40F2E24305FB03F3C7
:1037C800A34230D2E41AA342FCD334610721D8F8CB
:1037D80000301A48A3EB0903A3FB000201FB0321F5
:1037E80013A3D3E90023FCF763FC154BA3FB0737AE
:1037F800A0EB97402044306103B0BDE8F083484611
:1038080005F00CF80AA3D3E9002304464FF0070C8F
:103818000A49A0FB01010CFB0411FCF749FC3469BF
:10382800241AC6E73469002CD0D103B0BDE8F08370
:1038380000CA9A3B00000000BFBDF07F8D49FD1A09
:1038480083DE1B4300000000F0B5C46805466368CA
:1038580083B0002B60D117F057FA94F92C0017F0B9
:10386800A9FAA17A607A01F00101C0F3820017F089
:103878007DFA627A252102F01C02082017F028FB45
:10388800434B01A8019317F00FFB40F25B604149DD
:1038980017F0FEFB237A20461A46C3F3420363F36C
:1038A8000612227214F00CFC13F09CFC70BB637AB5
:1038B8009B0721D127682E68384613F0B5FF0346C9
:1038C8001E446A6806F11801012017F07BFE18F003
:1038D80017F820460AF03CFC0146023132463846C9
:1038E800C9B213F0A3FF054618BB204613F04CFFDE
:1038F800E8B9002003B0F0BD012013F06DF80246CE
:1039080041780232007817F0F5FDD3E7607A10F0BD
:10391800030018BF0120F0E793F82C309A079AD0DB
:1039280021461D4817F0E4F917F042FBE1E700DEF5
:10393800DFE740F21143194A19491A481BF0BDFD47
:103948000721194B0026A5FB030301FB05310EA334
:10395800D3E90023FCF7ACFB1449024614481BF0DA
:10396800ACFD86F31188BFF36F8F0323184602DF7F
:103978001048214617F0BCF917F01AFB6FF08B00BE
:10398800B8E700BFAFF3008000CA9A3B0000000010
:10399800D6BE898E55555500AD790101E40F020157
:1039A80030100201680E02018D49FD1A60100201F3
:1039B80034100201C17C010100232DE9F047C468DD
:1039C80084B007460DF1070104F1140066688DF80C
:1039D800073014F037FB0546002800F0DF80337B02
:1039E80006EB8303D3F8108098F8003003F00F0338
:1039F800072B40F0C980404603A914F0FDFD0028BC
:103A080040F0CA80039A002A00F0A1809378517888
:103A18001B0203F4F8530B4300F09980238992F8B2
:103A280000A00133238117F06FF996F92C0017F0E5
:103A3800C1F996F80990B17A4FEA5919484601F048
:103A4800010117F093F94FEA8902FF21082017F0C6
:103A58003FFA6B4B02A802930AF03F0A17F024FAC8
:103A680040F25B60674917F013FB504613F0F0FE15
:103A780098F802303F2B38D8AB789A0602D0EB780A
:103A8800DB066BD4002321465F48236217F030F928
:103A980017F0F2FC284617F051FA26683D683046C0
:103AA80013F0C2FE03461D4405F118017A6801208F
:103AB80017F088FD17F024FF20460BF087F9014620
:103AC80003312A463046C9B213F0B0FE0546002835
:103AD8006AD1204614F0A2FE204613F055FE0028B5
:103AE8005ED1002004B0BDE8F0870DF1070106F1B2
:103AF800180014F0A7FA8046002853D021464348FE
:103B080017F0F6F8962017F051FD484617F040FCDC
:103B18009DF80730A3B913F065FB58B9737A990774
:103B2800B8D0012012F058FF4178821C007817F0B5
:103B3800E1FCAFE7707A10F0030018BF0120F1E74D
:103B48006B68C8F804302B89A8F80830E3E72146E9
:103B58002F4817F0CDF817F02BFAC2E72046294670
:103B6800256214F031FE21462A4817F0C1F84FF4B7
:103B7800967017F01BFDB37A4A4603F00103194605
:103B8800484617F02FFC85E700DE404603A914F0ED
:103B980033FD00283FF436AF00DE33E700DE1EE7D2
:103BA80000DE9EE700DEA9E74FF4A4731A4A1B491A
:103BB8001B481BF082FC07211A4B0026A5FB0303B8
:103BC80001FB05310CA3D3E90023FCF771FA164970
:103BD800024616481BF071FC86F31188BFF36F8FFD
:103BE8000323184602DF0848214617F081F817F02A
:103BF800DFF96FF08B0075E700CA9A3B0000000000
:103C0800D6BE898E555555003D8601016586010150
:103C180081870101418801016C1002013010020105
:103C2800680E02018D49FD1ABC1002013410020110
:103C38002DE9F041C4688CB094F92830002BC0F20B
:103C4800E780636805460E46002B40F0D68094F85E
:103C580028306FF3000384F8283017F055F894F9EA
:103C6800440017F0A7F894F83400012100F0070089
:103C780017F07CF894F8342008209200252102F0EF
:103C88001C0217F025F994F83430012023F01803AA
:103C980084F8343005F0A2FD002800F0C080203000
:103CA80017F046F9784B0BA80B9317F0FDF87749F6
:103CB80040F25B6017F0ECF994F82800C0F341007B
:103CC800253013F0C5FD2146714817F011F894F816
:103CD80028309B0603D46368002B00F08B80962065
:103CE80017F064FC00231A461946184617F064FBBF
:103CF80013F078FA002841D194F8283013F0180FFF
:103D080058D1D4F800802F68404613F08DFD074441
:103D18006A6807F11801002017F054FC17F0F0FD4D
:103D280017F0C4FB20460CF0BDFA014605314046A9
:103D38003A46C9B213F07AFD8046002875D116B903
:103D4800236C002B3FD163687BB12A68514BA26179
:103D5800696804F11802E1619A60022101220020D9
:103D6800646202F05DFF00285DD1204613F00CFD6F
:103D7800002856D100200CB0BDE8F08194F8280046
:103D8800C0F3C00012F028FE07460DF12B0013F017
:103D98004BF9804679783878BA1C17F0ABFB94F861
:103DA8003420414692009DF82B0002F01C0217F0C7
:103DB80051FEA6E7012012F00FFE4178821C007820
:103DC80017F098FB9DE740F2F3120892324A0093ED
:103DD8000792324A3B46059231460422CDE90366F2
:103DE800CDE90166069404F05BFB10F0FD0FAAD044
:103DF80000DEA8E717F040FB7AE7636893F82C30F9
:103E0800D90705D4636893F82C309A077FF51FAF5C
:103E18002146234816F06CFF17F0CAF8AAE700DE1F
:103E28003DE700DEA6E700DE9FE740F2E5131D4A06
:103E38001D491E481BF041FB07211D4B0025A8FB0F
:103E4800030301FB08310EA3D3E90023FCF730F983
:103E58001849024618481BF030FB85F31188BFF358
:103E68006F8F0323184602DF1448214616F040FFDF
:103E780017F09EF86FF08B007DE700BFAFF300806E
:103E880000CA9A3B00000000D6BE898E55555500E1
:103E9800713F00013C020021C98B0101498C0101DD
:103EA800AD790101C810020130100201680E02014B
:103EB8008D49FD1A1411020134100201098D010106
:103EC80038B5044614F0D0FE94F8283094F8282029
:103ED800C3F34103013303F00303032B08BF00239B
:103EE80063F3420214BF03F12500252084F828203B
:103EF80013F0AEFC63680BB1236953B904F08CFC72
:103F080001460020033117F0D7FBBDE8384017F011
:103F1800F7BC17F06BFC054604F07EFC0146002058
:103F2800033117F0C9FB17F0EBFC17F05FFC2946CB
:103F380004F074FC07210346094AA0FB020201FBB6
:103F4800032105A3D3E90023FCF7B2F823691B1A60
:103F5800236138BDAFF3008000CA9A3B000000001F
:103F68008D49FD1A000000002DE9F04F8DB0044680
:103F780017F078F810F0FF0013D1FF238DF829000F
:103F88008DF827008DF82A308DF8283013F0B0FC12
:103F98002146A34816F0ACFE17F00AF80DB0BDE8AC
:103FA800F08F17F081F8054617F0D8FA8DF827003A
:103FB80017F0DEFA8DF8280017F0C2FD8DF82900F9
:103FC80017F0A2FD8DF82A0017F08AFA064617F0B6
:103FD80063FAEDB2074613F08BFC002DD8D0012010
:103FE80005F0FCFB0546002800F0F98195F8203023
:103FF80005F1200903F00F03072B00F0E5809DF879
:104008002730002B3FD19DF82980B8F1000F40F0F0
:10401800FD8042464FF0FF0A41465346204615F0C0
:1040280087F80028B4D09DF82980002395F820202F
:1040380061688DF82B30F6B202F00F0300294AD0E0
:10404800616891F82C10880745D4072B40F0EA8066
:1040580094F834305A079BD094F8282012F00102C3
:1040680096D10DF12B0101914B4601212046CDF847
:1040780000A015F0A5F8002840F0A18095F82030A0
:1040880003F00F0379E094F828009DF82810C0F396
:10409800C00012F0D3FF9DF8298082469DF82720A2
:1040A800BAE7012B46D195F821200C2AE6D119460A
:1040B800002395F8202020460193CDF800A0D209CE
:1040C80005F1280314F006FF002840F0B88095F8A1
:1040D800203003F00F036BBB95F821309A1F1F2A7D
:1040E80044D894F8282002F02102202A08D1D4F8D4
:1040F80004B0BBF1000F00F09E81063B1F2B35D8A2
:10410800636833B195F8203003F00F03072B7FF471
:104118003FAF9DF82B503346524641462046009704
:10412800019514F02DFF00283FF432AF10307FF4D2
:104138002FAF33E7062BCFD04521D94011F001012D
:1041480040F05781012B11D195F821300C2B95D1D6
:1041580095F820200DF12B0301932046CDF800A0FF
:10416800D20905F1280314F0B5FE40BB95F82030BC
:1041780003F00F03072B3FF46BAF042B7FF408AF5A
:1041880095F82130063B1F2B3FF602AF94F82830F4
:10419800DB077FF5FDAE16F095FF95F82030027825
:1041A800C3F38013B3EBD21F7FF4F2AE06220830BC
:1041B80005F122011CF0D7FB00287FF4E9AE95F841
:1041C8002130002B9CD1E3E60DF12A0301930DF178
:1041D8002903009349460AAB20460DF1270215F042
:1041E800E1FC9DF827308346002B40F0DF809DF8E6
:1041F8002980B8F1000F40F0F4804FF0FF0ABBF1BE
:10420800000F3FF412AF9DF8272005E79DF82A001C
:1042180012F038FF9DF8298082469DF82720FBE69A
:10422800358D010194F82810090740F1CB80002B47
:104238007FF437AF95F82130063B1F2B96D8042022
:1042480005F0CCFA00283FF4A3AE17F071FB236CFD
:10425800074643B940F27122A38F02FB03F3B0FB78
:10426800F3F203FB1207072123685A68B24BA2FB3B
:10427800030301FB0231AEA3D3E90023FBF718FFC8
:10428800A0F2D3431F3B62EB0202BB4272F1000271
:10429800FFF47EAE17F0F0F863685046079312F00B
:1042A800AFFE94F8343081465B0640F11C8100284B
:1042B80000F019818346012716F004FFCDE9027B3F
:1042C80007460BAB049305F12203019395F82030C0
:1042D8000022C3F38013204639460093012314F0CB
:1042E800DFFF384616F02AFE16F0B2FE002840F02E
:1042F80018812146914816F0FBFC002E40F0FA8008
:10430800626892F82C3043F0010382F82C3094F85C
:10431800283043F0800384F8283005F07BFA4FF604
:10432800FF7217213B460646C280017195F820E0CE
:1043380000F12002CEF3401E07F1200C1F685D68D3
:104348009868D96810336345176055609060D160EC
:1043580002F11002F2D11B68136096F82030B460A5
:104368006EF3451386F8203017F040FAB8F1000FC5
:1043780008BF4FF0FF0A30610B9B86F819A07361E4
:1043880094F8343013F0400303D0B9F1000318BF98
:104398000123B27E63F30002B27605F03BFA0346CE
:1043A80031463068F36005F063FAF7E594F82800C1
:1043B8009DF82810C0F3C00012F040FE9DF8298037
:1043C80082461CE7BAF1FF0F8DF82CA0C2F3801BC0
:1043D80012D094F8352052453FF429AF7BE600DE31
:1043E80004E69DF82A0012F04DFE9DF829808246C9
:1043F80005E795F8213080E605F1220158460BAA19
:10440800079112F093FE079900283FF460AE94F8E4
:104418003430C3F340135B457FF459AE062204F1F0
:1044280008001CF0A0FA00287FF451AE95F820305F
:1044380003F00F03FBE6962017F0B8F8584616F07D
:10444800A7FF3346414652462046CDE9007B14F08B
:1044580097FD00287FF49CAD16F034FE0646032134
:104468000C223378504661F30303337095F82030FB
:1044780072703278C3F3801363F3C712327012F08C
:10448800BFFD94F8342057063AD5C8B33246317880
:1044980041F0400102F8021B0168C6F80210838847
:1044A8009380D5F822303046B360EB8CB38116F098
:1044B80045FD16F0CDFDB0BB17F022FA94F8283070
:1044C80043F0010384F8283095F82030190705D106
:1044D80094F8343043F0080384F8343021461848FF
:1044E80016F006FC5AE594F8287004F1360BC7F369
:1044F8008017E1E616F0E4FF079B83F8A600FFE6C5
:1045080094F828303278C3F3801363F38612334665
:1045180003F8022BD4F83620C6F80220628F9A805E
:10452800BFE700DEE5E600DEC6E700BFAFF30080C8
:1045380000CA9A3B000000008D49FD1AD18D010187
:10454800498D0101000000002DE9F047C46882B0E0
:1045580007460DF1020120460BF0F6FF90F92830CE
:10456800002BC0F2DC8043680546002B40F0CC806D
:10457800002223796FF386132371854B1A8016F076
:10458800C3FB95F9440016F015FC6079012100F091
:10459800070016F0EBFB627908209200FF2102F079
:1045A8001C0216F095FC012005F018F9002800F00F
:1045B800BD80203016F0BCFC764B01A8019316F0A4
:1045C80073FC754940F25B6016F062FD207900F0DB
:1045D8003F0013F03DF92146704816F089FB9620FC
:1045E80016F0E4FF6279012302F007021046002169
:1045F80016F0E2FE12F0F6FD00285AD195F82830A0
:1046080013F0180F77D1D4F800903E68484613F09D
:104618000BF906EB00087A6808F11801002016F07B
:10462800D1FF06466079012100F00700D4F808A000
:1046380016F096FC06446079564400F007000228FC
:1046480035D004280CBF4FF4BC73282301211E4425
:1046580016F088FC304417F0DDF817F051F916F021
:1046680025FF20460BF066FF0146073142464846C3
:10467800C9B213F0DBF8064600285DD16B686BB150
:104688003B680221AB617A68454BEA616D620122A1
:1046980018359D6002F0C4FA00284BD1204613F06B
:1046A80073F8002844D1002002B0BDE8F087182331
:1046B800CCE795F82800C0F3C00012F08DF98046C9
:1046C8000DF1030012F0B0FC064698F8011098F8B6
:1046D800000008F1020216F00DFF62793146C2F3BC
:1046E8000202920042F002029DF8030002F01E024C
:1046F80017F0B0F987E7012012F06EF94178821CB3
:10470800007816F0F7FE7EE7436893F82C30DA0756
:1047180005D4436893F82C309B077FF529AF2146D1
:10472800204816F0E5FA16F043FCBCE700DE40E747
:1047380000DEB8E700DEB1E740F251231A4A1B4910
:104748001B481AF0BAFE07211A4B0025A6FB0303E3
:1047580001FB06310CA3D3E90023FBF7A9FC16499A
:10476800024616481AF0A9FE85F31188BFF36F8F29
:104778000323184602DF1248214616F0B9FA16F04C
:1047880017FC6FF08B008FE700CA9A3B000000000F
:1047980086800021D6BE898E55555500499C010159
:1047A8005C020021A59701012811020130100201C5
:1047B800680E02018D49FD1AC01102013410020170
:1047C800F9930101000000002DE9F04F8FB0054674
:1047D8000E46174616F046FC10F0FF0015D1FF23D1
:1047E8008DF831008DF82F008DF832308DF830308B
:1047F80013F074F8002E5CD031467F4816F078FA32
:1048080016F0D6FB0FB0BDE8F08F16F04DFC04464D
:1048180016F0A4FE8DF82F0016F0AAFE8DF83000D1
:1048280017F08EF98DF8310017F06EF98DF8320017
:1048380016F056FEC3B2079316F02EFEE4B20690A9
:1048480013F04CF89CB3032004F0C8FF044670B37F
:1048580090F8203000F1200A03F00F03072B26D12F
:1048680090F821301BB30DF1320301930DF13103A0
:1048780000930DF12F02514628460CAB15F092F922
:104888009DF82F208346002A40F0A7819DF831909B
:10489800B9F1000F40F0C7814FF0FF08BBF1000FDE
:1048A80028D043464946284614F042FC10BB002E47
:1048B800A2D195F83430D90640F18A8104F0AAFFD4
:1048C8000146002800F0C8820A238D600B71EB6A4C
:1048D8000868CB6004F0CCFF95F83430DA0640F174
:1048E80077816FF304132946444885F8343016F06D
:1048F800FFF985E700238DF833306B682BB16B68BF
:1049080093F82C1011F002017ED06B68002B00F098
:1049180076816B68002BCAD1002E00F0AC81337908
:104928001B0612D4EB6A1BB193F90430002B0CDB85
:1049380000220DF133030193284653461146CDF862
:10494800008014F03DFC0028B1D00021A660337926
:10495800A27EC3F3801363F30412A276337943F083
:1049680080033371E96204F055FF16F03FFF2061C0
:1049780016F0DEFF06998346384616F0F3FAA37E52
:10498800069AABEB000062F38203A376079B606193
:10499800002B40F030817F20B9F1000F08BF4FF0A5
:1049A800FF08A37E9DF8332003F0F70362F3410369
:1049B800207684F81980A376002E00F03C813946D1
:1049C800069A0F4B5046009615F048F805460922FE
:1049D800A37E214665F3C713A3762068227104F0ED
:1049E80047FF94F91A30002BFFF60CAF054A1388DD
:1049F8000133138000E700BFF99301010191010120
:104A0800E59701018680002194F822305B067FF546
:104A18007CAF534601222846CDE9008114F0D0FB33
:104A280000283FF472AF002E00F00982042004F041
:104A3800D5FE00283FF4E0AEB34616F079FF2B6CA4
:104A4800824643B940F27122AB8F02FB03F3B0FBFD
:104A5800F3F203FB120A07212B689F485B68A3FB4C
:104A6800000201FB03219AA3D3E90023FBF720FBF3
:104A78000346780700F1F28107F0030202F12B01E7
:104A8800C7F34000C9001732D200C1405B1AC240C8
:104A98006FF481610B449B1A1F3B62EB0202534582
:104AA80072F10002FFF403AF404612F0A9FA95F83C
:104AB800343009905A0640F1DB81002800F0D88193
:104AC8004FF0010A089016F0FDFA089B0DAACDE9EF
:104AD80002A3049204F12402019294F820200446CF
:104AE800C2F3801228462146069B00923A4614F0EB
:104AF800D7FB204616F022FA16F0AAFA002840F052
:104B0800EF8116F0FDFE962016F050FD384616F09F
:104B18003FFC5946714816F0EBF8079B002B40F014
:104B2800C6816A6892F82C3043F0010382F82C3071
:104B380095F8283043F0800385F8283004F06AFEA1
:104B48004FF6FF7317220746C380027100F1200356
:104B580004F1200ED4F800C06068A168E26810343F
:104B68007445C3F800C058609960DA6003F1100317
:104B7800F0D122681A6097F82030BD6043F0200316
:104B880087F8203016F032FEB9F1000F08BF4FF059
:104B9800FF080D9B386187F819807B6195F83430E0
:104BA80013F0400303D0099B003B18BF0123BA7ED2
:104BB80063F30002BA7604F02DFEF860CBF80C70AF
:104BC800002E7FF41FAE464A13880133138019E67E
:104BD800E96A444816F08CF812E695F828009DF822
:104BE8003010C0F3C000089212F028FA9DF83190F6
:104BF8008046089A52E616F063FCC0B2CCE695F8F7
:104C080028309B067FF585AE002E6FD03379580685
:104C180000F1098194F822207F2A74D86A68002A52
:104C28003FF47EAEE8E59DF83200089212F02AFAC9
:104C3800089A804632E63946069A2B4B504600952C
:104C480014F00CFF06460922A37E214666F3C7131B
:104C5800A3762068227104F00BFE94F91A30002B19
:104C680080F20E8195F8343043F0100385F8343023
:104C78000FB0BDE8F08FEB6A1BB193F90430002B3D
:104C880016DB00220DF133030193284653461146E3
:104C9800CDF8008014F094FA00283FF40AAEEB6ACD
:104CA80033B995F83430D8063FF508AE002190E7BF
:104CB800A560EB6AA27EE3601B79C3F3801363F3FC
:104CC8000412A276EA6A137943F0800313714AE664
:104CD80000CA9A3B000000008D49FD1A7595010134
:104CE80086800021F9930101E5970101EA6A002A0B
:104CF80000F0B980137959063FF50BAE94F82230CD
:104D08007F2B7FF606AE00220DF133030193284670
:104D180053461146CDF8008014F052FA00283FF4AB
:104D2800F8AD042004F05AFD00283FF4C0AD9620E9
:104D380016F03CFC384616F02BFB16F0C3F98246F9
:104D480003210C229AF80030404661F303038AF8E5
:104D5800003094F820308AF801209AF80020C3F334
:104D6800801363F3C7128AF8002012F049F995F806
:104D780034305A0640F18980002800F08680534676
:104D88009AF8002042F0400203F8022B0268CAF8A1
:104D9800022082889A80636A5046CAF80830238DB8
:104DA800AAF80C3016F0CAF816F052F9002840F0AC
:104DB800958016F0A5FD04F02DFD09232371002E22
:104DC8007FD031464748A66015F092FF337943F00B
:104DD8004003337116F00AFD206116F0A9FD06990B
:104DE8000546384616F0BEF8079B2D1A6561002B5C
:104DF80063D17F20B9F1000F08BF4FF0FF08A27EF2
:104E08009DF8333002F065025B0042F0080223F09F
:104E18007D031343207621462068A37684F8198001
:104E280004F026FDEEE4EA6A002A7FF463AF6A68BC
:104E3800002A7FF4E1AC1B067FF57AAD85E5D5F84D
:104E48002CB0BBF1000F3FF42CAF042004F0C6FCDB
:104E580000287FF4F2AD2CE500DE35E54FF4CA6298
:104E6800A3F5356314E66B68002B3FF40AAF20E521
:104E780095F828A005F13603CAF3801A089322E6AC
:104E8800194A13880133138026E5514695F82830CE
:104E98009AF80020C3F3801363F3861201F8022BFB
:104EA800D5F83630CAF802306B8F8B8073E716F06E
:104EB80007FB6B6883F8A60033E616F001FBC0B267
:104EC80098E7A560EB6A2146E360084815F010FFF3
:104ED800EA6A137943F0400313717BE700DE68E761
:104EE80000DE0EE64D950101868000212595010121
:104EF8004FF6FF732DE9F043C46883B0A28A9A4243
:104F080000F00181064614F01DFF3389628BA383EC
:104F18001A440023208C92B2104494F8271080B2CF
:104F2800451C25844D066383E28304F1220300F1C6
:104F3800AA8001F03F0094F82810009004F129009D
:104F480011F022F80546D4E90C30A26BA18BA363BB
:104F580003FB0122D4E910C1E36B0027824294BF0E
:104F68009B181B18834228BF0346614494F84920C4
:104F7800C4E9107194F82C10C2F3020262F306110E
:104F880094F8622084F82C1012F00402E36300F015
:104F98008B8015F0B9FE94F9A70015F00BFF201DC2
:104FA80015F082FF2389A17A40F25B6043EA014150
:104FB80016F06EF8284612F04BFC2146584815F0BA
:104FC80097FEA08916F0F2FA94F8482094F8490060
:104FD800C2F3C003002102F0070200F0070016F038
:104FE800EBF9204614F070FFD4F80080376840468B
:104FF80012F01AFC03461F44726807F118010020DA
:1050080016F0E0FA814616F045FC002016F066FC22
:10501800E36B94F8490003F12F02636C012100F05F
:10502800070003EB420515F09BFF4D44054494F837
:10503800490000F00700022834D004280CBF4FF4C0
:10504800BC73282301211D4415F08CFF284416F059
:10505800E1FB16F02BFAA18A3A4608314046C9B25C
:1050680012F0E4FB0546B0B1B37A13F0020629D07A
:10507800002521462B4815F03BFE15F099FF2846E0
:1050880003B0BDE8F0831A4601F03F03218D10F00C
:10509800C7FF054657E7204612F076FB002839D1AE
:1050A8000025ECE71823CDE7D4E9130101F04AFD08
:1050B80000287FF46EAF94F8623043F0040384F85C
:1050C800623066E740F25913174A184918481AF02F
:1050D800F4F907211748A5FB000301FB05310EA3CE
:1050E800D3E90023FAF7E4FF1349024613481AF0FC
:1050F800E4F986F31188BFF36F8F0323184602DFA4
:105108006FF08B05B5E721460D4815F0F1FD15F058
:105118004FFFC5E700DEC3E700CA9A3B0000000066
:1051280025A1010165790101CC11020130100201AC
:10513800680E02018D49FD1A201202013410020185
:10514800AD790101000000004FF6FF73F0B5C468A7
:1051580085B0A28A9A4200F0AE80054614F0F2FDAE
:105168002B89628BA3831A440023208C92B21044AB
:1051780094F8271080B2461C26844E066383E28387
:1051880004F1220368D401F03F0094F8281000903D
:1051980004F1290010F0F8FE0646204603A914F091
:1051A80055FF039B94F862101A7861F3C3021A70D2
:1051B800039A94F862301178C3F3400363F38201D1
:1051C800117015F0A1FD94F9A70015F0F3FD201D4D
:1051D80015F06AFE2389A17A40F25B6043EA014137
:1051E80015F056FF304612F033FB2046039914F0B1
:1051F80003FF2146364815F07BFDE08916F0D6F905
:1052080094F8490000F0070016F0C2F827682E68E5
:10521800384612F009FB03461E4406F118016A6875
:10522800012016F0CFF916F06BFBA18A324608313F
:105238003846C9B212F0FAFA0646A8B1AB7A13F0AA
:10524800020517D000252146224815F051FD15F01A
:10525800AFFE284605B0F0BD1A4601F03F03218D88
:1052680010F0DEFE064698E7204612F08DFA48BB9D
:105278000025EEE74FF48073174A184918481AF0CA
:105288001CF907211748A6FB000301FB06310EA3F2
:10529800D3E90023FAF70CFF1349024613481AF022
:1052A8000CF985F31188BFF36F8F0323184602DFCB
:1052B8006FF08B05C7E721460D4815F019FD15F06D
:1052C80077FED5E700DED3E700CA9A3B000000006E
:1052D800399F0101657901012C1202013010020188
:1052E800680E02018D49FD1A7C1202013410020178
:1052F800AD79010103488368DB6903B118476FF092
:1053080057007047400B0201024883689B6903B14C
:1053180018477047400B020110B4034606480A4676
:1053280081680C691CB11946234610BC18476FF0F8
:10533800570010BC704700BF400B020110B50F4C5E
:1053480020461AF083FEA8B1A3685B6A0BB1204619
:105358009847FFF7D9FFA3682BB11B6C1BB100223C
:10536800074906489847A3681B6A0BB10348984742
:10537800002010BD6FF01500FBE700BF400B0201D5
:105388008D5300012DE9F04F804E8FB0B368804FE8
:105398000393039BDB6B002B40F0EA80B468A36B9C
:1053A800002B40F0ED80E36A23B13046984708B9F6
:1053B800FFF7A0FFFFF79EFF50B13B68B3B900228B
:1053C8000023744818F05EFC386078B9FFF79CFF3A
:1053D800B368DB6A13BBDFF8C081704D98F8003002
:1053E800032BD6D8DFE803F01F3395B63B68D9689E
:1053F8001A8AB368DB6873B1304698470146386843
:105408000C301AF077FA3868048A002CE0D101F0E1
:10541800E3F83C60DCE76FF05701F0E73046984767
:105428000028B6D0D7E75E4C01212046FFF774FF6D
:105438000028AED02078431E012B01D90528CDD1F4
:1054480019F0B7FE0123286088F80030C6E7DFF8B6
:1054580050A1DFF850919AF8000019F0AAFE2968C7
:10546800401A4844FFF758FF2B6804461B1A2B6064
:10547800002B6BD19AF80000421E042A16D8DFE8E8
:1054880002F00417150313000220CDE900330022AF
:10549800002301F04BFADFF810B10346CBF8000007
:1054A80040B988F8000074E71020EEE70020ECE728
:1054B8000420EAE79AF80000022823D005281CD027
:1054C800012822D199F802202A6019F072FE354984
:1054D800024603F10C001AF0FCF9DBF800000C306E
:1054E8001AF020FA2B68984211D2DBF8000001F07C
:1054F80073F8032388F8003028E0B9F80220C2F3D3
:105508000D02E1E7B9F80220DEE70022DCE702231A
:10551800F0E7DFF894902968D9F800301A8AD8683B
:105528001044FFF7F9FED9F8001004460B8A03442B
:105538000B822B68A3EB0009C5F80090B9F1000FA6
:1055480004D11A481AF08FFE88F80090002C7FF4D6
:1055580045AF1EE7296805A8212928BF2121FFF7A3
:10556800DBFE2B6804461B1A2B60002BEED1C1E72B
:105578003046984700287FF411AF0FB0BDE8F08F90
:105588003046984700287FF40EAFF6E7400B02013B
:10559800A82000215C03002193800021A420002181
:1055A800928000218E800021A02000214403002148
:1055B80038B5094D4FF0FF324FF0FF33284618F049
:1055C80061FB044601F0EAF910B1204601F004F845
:1055D80018F084FFEEE700BF4403002170B51848B7
:1055E80088B001F0E7F900220023CDE90623002363
:1055F8006FF00802CDE90133CDE9032300934FF49E
:105608008062104B1049114818F0BEFD10490F4830
:105618001AF0F8FE0A4D0F4E0F4C4FF0FF324FF0C4
:10562800FF33284618F02EFB014630461AF01BFEC1
:10563800A3685B69002BF0D020469847EDE700BFD0
:105648002C030021B9550001E0800021F803002156
:10565800681502015C030021400B0201014B1B6825
:10566800184700BF1000002130B585B004460D462C
:105678001022002168461BF06EF902238DF80230D3
:10568800044B2A4621466846019319F037FB05B0BA
:1056980030BD00BF6556000180B505460E46174669
:1056A800984618F0BFFF03461BF0D0F90446DFF810
:1056B8001890424649F8003039463046A84754F811
:1056C800090000F09DFB00BF080000002DE9F0472D
:1056D800058B04462807904611D4022905F00705D2
:1056E80040F0CC80204619F010FF78B10138218BAA
:1056F800042811D8DFE800F0C2106D859500012953
:105708000CBF45F0100545F02005258388F3118866
:10571800BFF36F8FBDE8F08701F0070AAA4500F0D4
:10572800A5800027B9463E46A368002B00F0BC8040
:1057380041F00801218388F31188BFF36F8FA168B6
:10574800002900F0BA800D68002900F0B6803346C1
:1057580052462046D1F80480C047002D76D02B68E9
:1057680029461D46F0E701F007035A1F012A1BD8F6
:10577800002221F00701062B276889B2C4E900221C
:1057880009D13B4603E0628B013262831B68002B20
:10579800F9D141F002012046218319F0B6FE002814
:1057A8007AD041F0200176E0042B0AD121F00701DC
:1057B80089B22046218319F0A8FE10B141F02001DA
:1057C8002183218B01F0070AAA454FD00027B9464B
:1057D800AAE7236921F0070141F00601062DD3F855
:1057E800009021832DD1B9F1000F3FD041F008017D
:1057F800218388F31188BFF36F8F20463949C84742
:1058080029E021F00701236941F0040189B2042D40
:10581800D3F804902183E6D000274FF0040A3E46CF
:1058280082E721F00701236941F0050189B2052DBE
:10583800D3F808902183D6D000274FF0050A3E46BA
:1058480072E700274FF0060A3E466DE72B4687E7CA
:10585800B9F1000FD1D1EFF31188202383F3128817
:10586800BFF36F8F238B23F008032383258BEA066E
:105878002ED525F01003238305F007056669218BD3
:10588800002EBFF670AF00232768C4E9003321F06B
:10589800070141F001012183218B4FF0000901F03C
:1058A800070AAA457FF440AF002F9CD041F00801B9
:1058B800218388F31188BFF36F8F002FC8D03D680C
:1058C800394633465246204619F04BFE2F46F4E738
:1058D800AB067FF51BAF25F02003238305F00705F2
:1058E80000E700BF97F50101014B036000207047F6
:1058F800380D020108B50348034A0021121A19F0AD
:105908002AFF08BDF8030021DC800021074808B5FC
:10591800074A0849121A19F020FFBDE8084006484E
:10592800064A0749121A19F018BF00BF00000021E3
:10593800F8030021BC1A0201000000210000002128
:10594800BC1A020138B505460C4699B1D1E90123C4
:105958000F48096819F0A4FDD4E90423E1680D484B
:1059680019F09EFDE1690C4819F09AFDA1690B48F0
:1059780019F096FD012D05D1EFF30581084810397E
:1059880019F08EFD21462846BDE8384018F03AB88F
:1059980074150201A4150201D4150201E4150201CF
:1059A8001316020130BFFFF7FDBF00BF2DE9F0411C
:1059B80005460B4EDFF82C80324606EB0807CC1B59
:1059C800204609491AF0A0FFA01942460021083CC8
:1059D8001AF0C1FF6C6707F10800BDE8F08100BF4D
:1059E8000000000004000000080D0201054B5A6980
:1059F8009B689A421FBF044A536843F08053536020
:105A0800704700BF5080002100ED00E010B5204C29
:105A1800204819F045FDA36A990137D51E4819F0A9
:105A28003FFD1E20A36ADA0103D51C4819F038FD92
:105A38001F20174CA36ADB0203D5194819F030FD63
:105A48000220A36A1C0303D5164819F029FD21205A
:105A58000F4CA36A590303D5134819F021FD2220DE
:105A6800A36A9A0303D5114819F01AFD2320084C9C
:105A7800A36ADB0303D50E4819F012FD2420A36A9C
:105A88006FEA03436FEA1343A36210BD1D20C9E701
:105A980000ED00E02716020140160201541602012B
:105AA8006F1602019A160201B9160201DF160201E9
:105AB800FA16020170B5204C064620480D4619F02A
:105AC800EFFCA36AD90435D51D4819F0E9FC172065
:105AD800A36A1A0503D51B4819F0E2FC1820164CD6
:105AE800A36A9B050FD5184819F0DAFCA16BA36AC5
:105AF800180407D5154819F0D3FC1EB1A36A23F47E
:105B08000043A36219200C4CA36A5A0503D5104818
:105B180019F0C6FC1A20A36ADB0503D50D4819F055
:105B2800BFFC1B20044A936A43F47F43936200231B
:105B38002B7070BD1620CBE700ED00E026170201A0
:105B48003D1702014F170201631702017D17020179
:105B580093170201AF17020170B51F4C06461F4884
:105B68000D4619F09DFCA36AD90632D51C4819F0D8
:105B780097FC1120A36A1A0703D51A4819F090FC5C
:105B88001220154CA36A9B070FD5174819F088FCFB
:105B9800616BA36A180607D5144819F081FC1EB179
:105BA800A36A23F08003A36213200B4CA36ADA07CD
:105BB80003D50F4819F074FC1420A36A064ADB06C3
:105BC80058BFA36A936A43F0FF03936200232B70C4
:105BD80070BD1020CEE700BF00ED00E0C81702013D
:105BE800DF1702014F170201131802012C180201D6
:105BF800431802012DE9F0415B4B04465F6800251C
:105C08008AB0C7F3080685F31188BFF36F8F02F0D7
:105C18007F43B3F17F4F06D102F00C03082B13D159
:105C2800524819F03DFC00252C464FF00008F31EA1
:105C38008DF80780092B00F28580DFE803F00A79E8
:105C48007D7583838383838110074CBF0C460125B0
:105C5800EBE74748444E19F023FC8DF80780F36AB8
:105C68009A0704D5434819F01BFC00232FE0F36A78
:105C7800002B01DA4048F6E7F36A5B00F5D53F48A8
:105C880019F00EFC7369A26943F480737361BFF362
:105C98004F8FBFF36F8F736932F8022C23F4807330
:105CA8007361BFF34F8FBFF36F8F4DF602739A4244
:105CB80008D0B36ADBB24BB301200DF10701FFF73F
:105CC8004BFF33E021682E4819F0EAFB23689DF862
:105CD8000720C2B902AE04F1200732462068616885
:105CE800083403C2BC421646F7D1099AB5B3C2F3C9
:105CF800080121B96FEA52226FEA42220992184636
:105D080002A9FFF71FFE0AB0BDE8F081B36A13F4D9
:105D18007F4F05D001200DF10701FFF7CBFE05E00D
:105D2800B36AB3F5803FA0D3FFF770FE0346CEE712
:105D380000200DF10701C2E700200DF10701ECE793
:105D4800104890E7104B17F4F87F1049104818BF17
:105D58001946A6F1100219F0A3FB86E722F4FF7298
:105D680022F00102CAE700BF00ED00E0911802012D
:105D7800BD180201D5180201F7180201061902011F
:105D88002619020143190201781802016318020159
:105D980068190201064B5A6942F010025A615A69A1
:105DA80042F480625A615A6922F008025A617047C7
:105DB80000ED00E0EFF30880EFF3098101B57246CA
:105DC800FFF718FF01BD00BF0B4880F3088817F0E4
:105DD80067F8202080F3118808484FF400614018C4
:105DE80080F30988EFF314800221084380F31488B4
:105DF800BFF36F8F19F0C2FC609500216088002105
:105E0800084B9B6883420BD1EFF3058343B1064BE4
:105E18005A6842F080525A605A6A22F400425A6222
:105E280018F006BC5080002100ED00E014498A6893
:105E38004FF030001044EFF3098C80E8F01F202069
:105E480080F31288BFF36F8F0E4F4FF000664A69D8
:105E58008A603E60506F0C4C2060906F00239367FF
:105E680080F3118802F1300090E8F01F8CF3098864
:105E780002F1000004B519F08CFCBDE8044070473D
:105E88005080002104ED00E0AC2000211EF0040F3A
:105E98000CBFEFF30880EFF30980816911F8021C49
:105EA8000229FFD001B5724619F059FC01BD00BFA7
:105EB80040B2002807DB01234109034A00F01F0014
:105EC800834042F82130704700E100E040B20028EA
:105ED8000CDB01220649430900F01F0082402033F1
:105EE80041F82320BFF34F8FBFF36F8F704700BF78
:105EF80000E100E0054B420953F82220012300F09D
:105F08001F0003FA00F01040704700BF00E100E0F6
:105F180040B2002801F10101ACBF00F16040064B1E
:105F28004FEA4111C9B2ABBF00F5614000F00F0064
:105F380080F800131954704714ED00E0044B054A2B
:105F480023F07F039360BFF34F8FBFF36F8F7047CA
:105F58000000000100ED00E042F8203C009B0B49E6
:105F680042F81C3C019B21F0010142F8183C029BBD
:105F780042F8081C42F8143C4FF0807342F8043C85
:105F88000023203A02658367704700BFA1560001CD
:105F980000B50D4B15469860426F0C4B0E461A60C3
:105FA800436E83F30B882C4686F309880020044B44
:105FB80098472046002100220023024C2047000079
:105FC800A9F70101A156000150800021AC20002151
:105FD8001022014B1A61704700ED00E000232021D8
:105FE8000348C21801331E2B82F80013F9D17047F9
:105FF80000E100E008B5EFF30583064A103B02EB29
:10600800C30152F8330049688847BDE80840FFF7E4
:10601800EDBC00BF800B02011FB5094C094A23469D
:106028000121094800F0FAF800230393074B0121E6
:10603800E41A01A80193029400F0FAF804B010BD24
:106048000000012100000021380D0201F8030021A1
:1060580010B50C7A0B6804F01F0223F01F031A43D3
:10606800CB68640923F01F03054943EA440343F05E
:106078000103C1F89800C1F89C20C1F8A03010BDF8
:1060880000ED00E010B5074BD3F89030C3F30723B9
:10609800013B984202D8FFF7DBFF10BD6FF01500F7
:1060A800FBE700BF00ED00E02DE9F04F0F46144676
:1060B80006464FF000084D4D85B0B84580F29280F5
:1060C800D6F80490B9F1000F36D0B9F11F0F40F29D
:1060D800878019F01F0F40F08380D6F800A01AF0CF
:1060E8001F0F7DD1504619F09BFB834609EB0A0030
:1060F800013819F095FB834572D11BF1160F6FD04B
:106108005C456DDDC5F898B0D5F89C10C5F898B019
:10611800D5F8A03021F01F0143F01F0AD6E900325C
:106128001A44994202F1FF391ED1CA4508D13146B5
:106138005FFA8BF019F07DFB08F101080C36BCE71B
:106148003146C5F898B0D5F89C3022F01F0203F00C
:106158001F031343C5F89C30E0B219F06AFB10F135
:10616800160F3DD0441CE7E7C5F898B0D5F8A02035
:10617800013B23F01F0302F01F021343CA453146B7
:10618800E0B2C5F8A030E8D019F053FB10F1160FB3
:1061980026D0C5F898B0D5F89C209DF808300AF1AB
:1061A800FF3A62F304038DF80830D5F8A0309DF863
:1061B80008205B0863F347128DF80820D6E90032FF
:1061C8001344009323F01F035344A3EB0903013046
:1061D80023F01F036946C0B20393FFF753FFBEE7DE
:1061E8006FF01504204605B0BDE8F08F00ED00E023
:1061F8000522044BC3F89420BFF34F8FBFF36F8F72
:10620800704700BF00ED00E0BFF35F8F0022024B34
:10621800C3F89420704700BF00ED00E010B5034CB0
:106228002278FFF741FF207010BD00BF9480002145
:106238002DE9F74F294D8A4606464FF00008AB4630
:10624800274FD0451BDAD6F80490B9F1000F3FD09C
:1062580031680846019119F0E3FA0199044609EBFF
:106268000100013819F0DCFA84424FF014021D4B8A
:1062780008D002FB08F36FF015024BF8032003B0B7
:10628800BDE8F08F14F1160F2C60F8D01978A142F0
:10629800F5DD02FB08B0C7F89840C7F89840D7F872
:1062A8009C4000F10801007B64F304000871D7F8F2
:1062B800A0000C79400860F347140C71D7F89C10C3
:1062C80021F01F016960D7F8A01021F01F01296192
:1062D80008F1010814350C36B3E700BFB0200021DF
:1062E80000ED00E094800021F0B54B494B4CD1F80B
:1062F80090302568C3F307239D4287B000F2888059
:106308000020FFF781FF464BC1F8C030854216D107
:10631800444C01A82570FFF7E7FA00250646424FCE
:10632800AE4213D1002023783B49D1F89020C2F324
:106338000722934266DBFFF75BFF002042E06168BB
:1063480001EB0011FFF784FE0130DFE70199280116
:1063580001EB0513DA683A40B2F5800F41D007D84F
:10636800B2F5801F14D0B2F5001F2DD00135D7E744
:10637800B2F1006FFAD15A689B680958013B22F0C4
:106388001F0003444FF0030C012023F01F030AE011
:106398005A689B680958013B22F01F0003440120FA
:1063A800844623F01F0340EA4C10CDE902218DF802
:1063B800100002A920780593FFF764FE00281DDA73
:1063C8006FF0150007B0F0BD5A689B680958013B8B
:1063D80022F01F0003444FF0020C012023F01F039A
:1063E800E1E75A689B680958013B22F01F00034403
:1063F8004FF0000C062023F01F03D4E72378013365
:106408002370B3E7C1F89830C1F8A00001338CE7D6
:106418004FF0FF30D6E700BF00ED00E0440D020169
:10642800AAFF4400948000210000F0FF08B5064947
:10643800064821F00701C1F1045202F5803218F034
:10644800F0FF002008BD00BFA7A00021C420002144
:1064580070B541690446867A0A4D59B1437ADB071B
:1064680006D42C2303FB06535B6A1B689B6898477A
:10647800002363612C20214600FB0650BDE87040D4
:1064880019F0FCBE740300212C22024B02FB0030E1
:10649800704700BF740300212C21827A054B01FB51
:1064A80002339A6A1B7F801A1B3323F00303B0FB65
:1064B800F3F070477403002138B52C24827A064B18
:1064C80004FB02335B6AD3E901240C601568FFF70B
:1064D800E3FF04FB005038BD740300212DE9F043AD
:1064E80085B00546684690461C4603911AF0ABF8FD
:1064F800DDE90067EFF31189202383F31288BFF3E6
:106508006F8F6B8B002B41D02A8B9A4225D90022A2
:106518000023284617F0B6FB0446F0B189F311882A
:10652800BFF36F8F039B002B41D032463B46684632
:106538001AF0AEF82C21A27A254B204601FB023333
:106548005B6A03A91B681D68DDE90023A847606131
:1065580070BB2046FFF77CFF24E0698B4B1E6B83E2
:1065680089F31188BFF36F8F2B7F2A8BAC6A1B339B
:1065780023F00303521A02FB0344154B154AEB1A86
:106588009B105343A3722B7FE372CBE789F31188E7
:10659800BFF36F8F23464246284617F073FB044625
:1065A8000028BFD10024204605B0BDE8F083636110
:1065B800012300252381039B29466382E27A6560D3
:1065C80004F118001AF0C7F963692582E360EAE765
:1065D80074030021A38B2EBA70B52C250C4C00B97E
:1065E80070BD037A4668002BFAD0013BDBB2037218
:1065F800002BF5D1C3604360837A05FB03431B6A14
:1066080013B198473046EAE7FFF722FFFAE700BFE1
:1066180074030021064AD2F8AC3123F00043C2F8D3
:10662800AC310022034BC3F84C21D3F84C317047EE
:10663800002001410060014173B5354BD3E84F3F5D
:1066480000233449CDE90033334BD3F80445BFF375
:106658005F8FD1F80465BFF35F8FD3F804259442A8
:10666800F3D16B46224601212B4819F063F93246D3
:1066780005460F21274801AB19F05CF9E0B1019BF1
:106688000DB9009302E0009A9342FAD3009B224886
:106698001C44013CD0F84C3524F07F449C421F49EF
:1066A80032D0FFF7B7FFC0F84C451D4B009A9A420D
:1066B80018D901230B7001E0002DE7D1194AD2F84F
:1066C800AC3143F00043C2F8AC31134BD3F84C2142
:1066D80032B90121144A5160D3F84C3103B1116029
:1066E80001230DE0BFF35F8FD0F80435E41A24F0DE
:1066F8007F440E4B033C9C42DBD900230B700023E4
:106708000B4A137002B070BD0B78002BF7D0D5E799
:10671800998000210010014100600141978000210B
:10672800FEFF7F000020014100B00041FBFF7F0019
:1067380098800021F8B51E490023C1E8423F52BBAA
:106748001C4B1D783DB305231B4E1C4F3478013478
:10675800B4FBF3F303EB8303E41A19F0C2FB184A02
:10676800137823B157F82430C01A072813D9154BCA
:10677800D3F8141141B10021C3F81411D3F814311E
:1067880034700CB901231370347819F0AAFB47F858
:1067980024002846F8BD0C4A0025D2F8AC3123F075
:1067A8000043C2F8AC310122084B5A60F1E700BF40
:1067B800998000219880002196800021D020002116
:1067C80095800021005000410020014100B00041A7
:1067D8000122024BC3F84025704700BF0000084162
:1067E8005023142213B51E4C0DF10700C4F80C35C4
:1067F8001C4BC3F820214FF400621B4BC3F8BC2587
:106808004FF48062C3F8382516F0F4FB174B984212
:1068180023D117499DF8070019F06AFB15499DF81F
:10682800070019F06AFB14499DF8070019F060FB8E
:1068380021469DF8070019F060FB01209DF80730FC
:10684800984016F0D1FB4FF400220C4BC3F84423B8
:106858000022C3F84C21D3F84C3102B010BD00BF60
:1068680000B0004100302041002001410000AD0B84
:106878004C610141282001412C2101410060014166
:1068880020B1034B800143F001031847704700BF54
:10689800300D020170B50446807AFFF7F5FD616995
:1068A800054649B1637ADB0704D4436A20461B686E
:1068B8009B689847002363612146284619F0DEFC4F
:1068C800034B1B681BB1BDE870402A20184770BDF8
:1068D800E420002108B5034B186819F0C4FC002017
:1068E80008BD00BFE8200021811EC9B21E2938B5A5
:1068F800044609D80A4820FA01F1C90704D509480D
:1069080018F0B1FF054610B90025284638BD064BDA
:10691800013CE4B2195D0C3018F0E4FFF5E700BF64
:1069280041000040CC03002192190201F8B501286A
:106938000446DDE9067609D0042804D1144818F085
:1069480092FF054620B900252846F8BD1148F6E70C
:10695800013CE4B21F2C96BF0F4B0021195D00F1DA
:106968000C04204618F0BEFF002FEDD0002EEBD00F
:10697800204618F0D7FF864203D92846FFF72CFE99
:10698800E1E732463946204618F0A3FFDCE700BFAE
:1069980074030021A003002192190201038A014611
:1069A80023B1034B186883689B6818471220704707
:1069B8001400002110B5084B084C1860206819F025
:1069C80045FB30B1206806498368BDE810401B6864
:1069D80018476FF0120010BDE820002114000021B4
:1069E800DD68000170B54FF0FF320D464FF0FF3300
:1069F8000021064619F017F8044660B91A230A4A16
:106A08000A490B4818F059FD84F31188BFF36F8FBA
:106A18000323184602DF022104F10C0018F053FF8B
:106A280006704570204670BDB2190201E8190201CE
:106A3800EC19020110B54FF0000E00F1070C541EBE
:106A48002CF0030C1860A4B2ACF80020023A93B200
:106A580001FB04F240F802E074B14FF6FF7C03FB3F
:106A6800011403FB01F22044121B013B9BB2634556
:106A78008050A0EB0100F8D110BD00BF03460068AC
:106A880010B102680AB91A607047C11D21F00301EC
:106A9800B1F800C0D11D21F003010CF1FF3CA1F8B1
:106AA80000C0F0E70B687BB1073323F003031A88B3
:106AB800013292B20346D1F800C043F807CB23F065
:106AC80003031A80086070470122F3E702FB010004
:106AD800704700BF401A90FBF2F080B2704700BFC9
:106AE800531E11449BB242B1DB430138CA1811F856
:106AF800013D914200F8013FF9D17047014402E09D
:106B080010F8013B1BB98842FAD1002070470120D8
:106B1800704700BF10600860704700BF0A680346EE
:106B28000068904209BF002200200A601A6070477E
:106B3800D2F800C0CCF80000D2F800C0CCF804109D
:106B480010607047884203D01AB1436813607047D9
:106B5800002070470B68834209D02AB1586810603A
:106B68001A680A6018467047002BF9D1FAE7002323
:106B7800F8E700BF2DE9F0414FF00C080C4F0D4E1F
:106B88003D4606F1300421462846221D0C3CFFF7FD
:106B9800C1FFA642A5F10805F5D1A8F1040818F12E
:106BA800040FA7F12007A6F13006E9D1BDE8F0816E
:106BB80068210021F421002103468C4610B49AB1C3
:106BC80001EB4101144803EB4304090101EB840183
:106BD8000144487A0C7AA04204BF0130087210BC04
:106BE8006146184615F028B801EB41020A4C12011B
:106BF80000EB400302EB830323449C7ADA7AA24237
:106C080001D010BC704701329A720122034B5A54CA
:106C180010BC15F041B800BF70210021EC20002104
:106C2800F8B506461C460D4602B322786378D21A98
:106C380012F003023BD1274F71004FEA450C314453
:106C4800AC44890001EB0C1101330431DBB27A1832
:106C5800606821462370FFF76BFF01221E4B29460F
:106C680030465A5515F018F80020F8BD14F0FEFF0C
:106C78000028DAD02946304614F0EAFF0028D4D09C
:106C880005EB450206EB4601124F120102EB8102A9
:106C98003A44907AD27A637890424FEA46014FEAB2
:106CA800450C0CD02078C01A10F00302C7D0012A76
:106CB80003D00133DBB22370CFE71046F8BD22784A
:106CC800D21A920702D00233DBB22370D4E902034E
:106CD8009847C9E770210021EC2000212DE9F04FE9
:106CE800DFF8689189B019F80030002B5BD04FF0BD
:106CF800000B0324CDE904BB09F800B08346DFF894
:106D080050A1C0EB001300EB40079B000AEB0717EC
:106D180003930294B846002358F8240FB96A07AAC7
:106D28000793FFF70FFF44460546CDB1079E96F837
:106D380000807278A8EB020808F00308B8F1010F88
:106D480034D031788A1A02F00302012ACBB23CD13E
:106D5800D7E9090107AAFFF7F5FE0546002DE5D199
:106D680097F82E3097F82F209A4203D087F82F30C3
:106D78000123049397F82C3097F82D209A4203D0DA
:106D880087F82D3001230593029B0C3F5D1EEBB263
:106D9800FF2B0293BED10499D846DDF814B011B187
:106DA800BBF1000F47D009B0BDE8F08F013A72700F
:106DB800079AD2E902029047079E32787178D3B2D7
:106DC800521A02F00302012A23D000222146B86A8F
:106DD8000193FFF7BFFE7560019B7178737032787D
:106DE800521A02F00302012A0AD0D7E9090107AAB8
:106DF800FFF7A8FEB8F1010F054696D104460EE04C
:106E0800039B71701A1D314628465244FFF790FEC5
:106E1800EBE707AAD7E90901FFF794FE0446029BAE
:106E28008BB101235946584609F80B3014F034FF4A
:106E380009B0BDE8F08F5A464146404609B0BDE862
:106E4800F04F14F0F9BE002C8AD0EAE7EC200021BC
:106E5800702100214B1E8446DBB271B100200CF179
:106E6800FF319C4411F8013F23B15A1E01301340F1
:106E7800C0B2FAD16145F5D170470846704700BFE6
:106E88002DE9F04F03260125074683B00421384633
:106E980010F0FEFB00201F23D7F800C04FF00108B8
:106EA800834682462CFA03F408E01C2B40F27E81CC
:106EB80019294AD04FF0010808461446013BDBB2B5
:106EC800FF2B49D02CFA03F202F0010294420CD0B5
:106ED800411C0E2BC9B270D9002AE6D01C2B40F2F7
:106EE8006281192931D09046E6E708F1010E072B97
:106EF8005FFA8EFE10D9BEF1060F00F24981002A12
:106F080040F03781BEF1060F00F005811C2B40F2DE
:106F1800FA800146F046CFE7002A40F00181BEF131
:106F2800060F40F2EB80012290469A404CEA020C90
:106F3800D14642460BF1010B01305FFA8BFBC1B21F
:106F4800CA4500F091801929B6D1013305FA03F337
:106F58004AB35B420CEA030C0022A04B01A88CEA5E
:106F6800030302AC019310F8013B23B1591E01320F
:106F78000B40D2B2FAD1A042F5D1012A09D91FFAA1
:106F88008CF3B3EB1C4F12D15FFA8CF3B3EB1C6F8D
:106F98000DD1013E16F0FF067FF478AF6FF00D00BB
:106FA80003B0BDE8F08F013B4CEA030CD4E70020A6
:106FB800C7F800C003B0BDE8F08F0AF10109072B3C
:106FC8005FFA89F900F29180002A73D1052B5FD905
:106FD80014464FF0010E012902D02246F0460DE07A
:106FE800CCB105FA03F2072B2CEA020C88BF002269
:106FF80021D9A0421AD001460E2BA1D91929A4D013
:10700800B9F10C0FA1D0CA4656E7BEF1060F4ED013
:1070180009B101294BD105FA03F2072B4CEA020CFE
:107028001AD90C46A0424FF00102E4D1611C4FF07E
:107038000108C9B2E0E70BF1FF3BA0425FFA8BFB06
:1070480020D00022CA4517D0014635E74FF0010E7F
:1070580001292CD14CF0200C0BF1010B88425FFA6E
:107068008BFB06D00122EDE709F101095FFA89F9E6
:10707800C4E704460122D9E709F1010901465FFA8C
:1070880089F9BDE7013000224FF00108C1B257E786
:10709800BBF1000F19D0052BD8D0BBF1010F1AD0C6
:1070A800042B4FF0010E0DD1E1B101291AD0F046A1
:1070B8000022A3E70BF1010B5FFA8BFB0124A64624
:1070C80089E7D146BBF1020F9FD101229A404CEAD1
:1070D800020CC1E7D1464FF0010B0BFA03F24CEA60
:1070E800020CB9E74CF0100CB6E7002AE6D14FF0D5
:1070F800010E1C2B3FF472AF14466CE7052B1FD909
:10710800BEF1060F07D00146D146002883D00022E1
:10711800EFE78B4633D1014622464FF00608CBE60F
:107128000BF10101BEF1060FC9B2F2D90130C1B2AB
:10713800012098409046D14600222CEA000CFFE638
:10714800BBF1000F08D1012293469A404CEA020C89
:107158000446D1465A4669E7052B31D0BBF1010FE9
:107168000146B7D0042BACD1BEF1060F0CD0D146E6
:107178009AE7BEF1060FCED01C2B3FF6CAAE30B34D
:107188000146D1460122B4E72246F046D14635E70A
:107198004FF0010E0EFA03F162B904467246D14669
:1071A8004CEA010C42E79646D146A2E7D1464FF099
:1071B800010E9EE70446D14600222CEA010C35E771
:1071C800BEF1060FA7D028B10146D14640E70446D4
:1071D800D14606E7D14600213CE700BFD6BE898EDE
:1071E80030B5037E0568FF2B14D003EB43028B42B6
:1071F80005EB021225D04FF0000C01E099420BD0AC
:107208009E4613789468FF2B03EB4302A44405EBD6
:107218000212F3D1002030BD714515D013780EEB62
:107228004E0E4FEA0E1EFF2B906805F80E3006D062
:1072380003EB430305EB03139A6802449A60604426
:1072480030BD9E464FF0000C13780376E6E700BF8A
:10725800A2EB010C1CF4000F10B4836844690AD136
:107268002CF07F4C6344A3420DD8E21A002310BCD3
:10727800836042617047891A21F07F418B4208D9A7
:107288005B1AA342F1D900221B1B836010BC426128
:1072980070470C44E21AE9E72DE9F8438E462C21A1
:1072A800244DBDF82C7001FB0055696801EBCE0038
:1072B800C47811F83E6004F1010C5FFA8CFC664555
:1072C80098BF4FF0000C417861452FD004264FF04D
:1072D8000208416804EB440404FA06F901EB0414BB
:1072E80001F809606360089B6270A360099BA7822C
:1072F800E3600A9B84F8028023610C9BA361119BC5
:1073080063620D9BE3610E9B23620F9BA362109B3C
:10731800E36280F803C0D5E90837704698472B46E2
:1073280031460022B847A078BDE8F8830120BDE8BF
:10733800F88300BF302200212DE9F04F427A87B050
:10734800D0E90045002A00F0FB808B46824627469C
:10735800531EDBB205EBC30303930595039B5A68E1
:107368005E783B460492BBF1FF0F64D000250BEB1F
:107378004B044FEA0418CDF804B013F808B003EB37
:1073880004144FF0FF0C84F800C0DAF800709AF883
:10739800182007EB08096245D9F8081018BF0296AB
:1073A8000ED1C7E0091A06D1B9F81E80BEF81EE052
:1073B800F04500F2B380B85D9446FF286AD00246D3
:1073C80002EB420607EB061EDEF80800360188428B
:1073D800E8D9029EBCF1FF0FC9F8081089F800200F
:1073E80061D001980CEB4C0C4FEA0C1C07F80C0010
:1073F800FF2A06D002EB420207EB0217BA68521ABC
:10740800BA60A27801326270002DACD04FF0000152
:10741800AA6A2970A97022B10020E96A01939047ED
:10742800019B6268002A9ED1AA6ABBF1FF0F226203
:10743800EA6A62629AD19946039A049F927806EBA7
:107448004601701CB2424FEA011CC6B207EB011597
:1074580067D0039B17F80C101878B04208BF0026B5
:107468000429ECD16A7802EB420809EB0814607829
:10747800A1784FEA0818884219D04FF0000301207C
:1074880007F80C30AA6AA8700AB1E96A9047039B0A
:107498009A78D4E70246BCF1FF0F029EC9F808109B
:1074A80089F800209DD101988AF81800A0E74FF6C6
:1074B800FE700192AA8A4B468242DAF8141007D06D
:1074C8004FF6FF70121AB2FA82F2520984F82C2091
:1074D800029300234FF6FD706A6AA262EA6862604E
:1074E8002A6963622262AA8A824288BF1A46A283F4
:1074F800AA692046A261EA69E2602A6A2261AA684A
:107508006361A2606A68FFF7A3FE4FF00003E278A8
:10751800E38342F00102029BE27032E70146029ED9
:1075280058E7039A05994F468A42A2F1080307D003
:10753800039313E707F80820019A8AF8182060E7F0
:1075480007B0BDE8F08F00BF01232DE9F04F447E5E
:107558008FB08376002C40F0B880037E8146FF2BE5
:1075680000F0B28013F012FBD9F81420D9F81C30BF
:10757800801A20F07F45AB4294BF0023012399F87D
:107588001880A346B8F1FF0FD9F800A004937AD069
:10759800059408EB48080AEB0814A3684FEA081892
:1075A800AB426FD8A078ED1A9B4463781AF808802C
:1075B8001B1ADBB2012B62D1A369A26A0393002ACA
:1075C80000F0F1801668002E00F08280002B40F059
:1075D8009280049B002B00F00B8104230393137A01
:1075E800590700F0FA80137A6FF302031372E78BDE
:1075F800E2787B1C6FF30002E27094F82C209BB2B7
:10760800E383002A73D0A28B9A4270D2A26A002A1E
:1076180000F04781137A03F00703012B67D0012696
:10762800002051685060A36A1A7A60F302021A7245
:10763800A078E7680138A0700FB36369D9F81420FF
:1076480094F803C0ABEB0303134423F07F40626A52
:1076580023690CF0010C002E40F0B680B4F81EE04F
:10766800CDE900C37346B847039BE683002B049B10
:1076780018BF01230493E37866F30003E370B8F1BD
:10768800FF0F86D1059C99F80B3099F80A209A4289
:1076980008D10132D2B2022A16BF1446002323466B
:1076A80089F80B4009EB8303C3F80CB0D9F82440E0
:1076B80000254B46012204210320A44689F81A50CC
:1076C8000FB0BDE8F04F604784760FB0BDE8F08F8B
:1076D800039B002B65D0049B002B84D1D9F81C3068
:1076E8005B4580D8B8F1FF0F11D1049E98E7A378C5
:1076F800013BA370C3E7049B002B7FF470AFD9F85C
:107708001C309B45FFF46BAFB8F1FF0F46D0039BCD
:10771800E78B9C460793A38B6668BB428EBF3946AE
:10772800FB1A99B201FB066108EB48030AEB031345
:10773800DDF81CE0069199688E452DD3CDE9085BEC
:10774800CDF82880A3468E461446B046CDE90C7085
:10775800CDF82CC0DDF81CC0CDF81C90DDF80C90DD
:10776800986A9A6910B1006800284FD1002A4DD153
:107778001B78FF2B07D003EB43030AEB031399682D
:107788008E44E645ECD90D98DDF81C902246DDE9DB
:107798000A8C5C46DDE9085BCDF80CC0002A00F0D5
:1077A800978000263CE7039BA3B1049B002B7FF442
:1077B8001EAFD9F81C309B45FFF419AFB8F1FF0F85
:1077C800A5D104990E4634E7CDE900C34FF6FF73FF
:1077D800B84754E7039E00212BE7A08BE18B884232
:1077E8003FF601AF012161F302031372E78BFFE655
:1077F800D9F81C305B453FF6F0AEB8F1FF0F53D017
:107808004FF0040CE78BCDF81CC084E7DD8B9F8B11
:107818005E68BD422AD2002E41D1002CA8D0304645
:1078280026682EB1B9F1000F02D1724496423FD2B8
:10783800BD429DD3DA789BF8031002F0010601F0EF
:107848000105AE4204D84A40D50791D400288FD00C
:107858002246DDE90A8C5C46DDE9085B0C9FDDF811
:107868001C90002A32D1CDF80CC0C1E69EB1E81BAD
:1078780080B2B8F1000F0AD000FB0660401A0699E2
:1078880081422CBF00200120002CC9D1D0E74046FE
:10789800002CC5D1CCE7002CC1D12046CAE7284628
:1078A800E7E70126A07896E70423049E0393B7E64A
:1078B800DDF81C902246DDE90A8C5C46DDE9085BB0
:1078C800CDF80CC0002E3FF48EAE88E61668F7E7B8
:1078D80016461146ADE600BF2DE9F04F837E8FB006
:1078E8000390002B40F0A482437E0C93002B7AD1A6
:1078F80001210398837AC27A44699A4207944176AF
:1079080000F000840B44DBB2022B0ABF0C9A1A4623
:107918001346012603998B7201EB8203DA68079BF1
:107928000692134423F07F434B61DDF80CB09BF8BB
:107938001830089313F02AF9DBF800309BF8097027
:1079480001937B1EDBF80450DBB20590002F00F09A
:10795800E584002705EBC30AFF230D9604930997D6
:10796800A846DAF804609AF803009AF8029009EB3E
:10797800490409F1010348454FEA0417DBB206EB55
:10798800041400F0F9809AF800209A4208BF0023F6
:107998008AF80230F25D6178042A3BD9019801EB3C
:1079A800410300EB0315082A4FEA03130293A87852
:1079B8006B7822D81B1A13F0FF032DD1062A1CD18D
:1079C8009BF81B308B4252D04FF00003F355A37045
:1079D800A36A002BC7D00020E16A98479AF80300F1
:1079E8009AF80290C3E70421446A03460122084634
:1079F800A4460FB0BDE8F04F60474FF00003F355C1
:107A08004FF00103A370A36A002BACD00120E16AF8
:107A18009847A8E79946AAE7052A1FD162684AB994
:107A2800A2683AB9E2682AB922691AB9626932F0D9
:107A38007F42E2D0012B2AD00421012245465B4631
:107A48000846DBF824400992A047AA458AF8029024
:107A5800AAF1080300F096809A4681E7012B00F00E
:107A68008081062AE8D19BF81B308B42ACD1616833
:107A7800DBF814208B1A1D0240F19781069B521ADD
:107A880022F07F42934294BF00239B1A91E158460B
:107A9800FFF7A6FBA860059BDBF814E0A3EB0E013B
:107AA800069B21F07F411944884240F28D81421A99
:107AB8006B6873B3A38A63B3013B99B2A182D5F80B
:107AC80004C0EB8B624540F286810CF101090A96ED
:107AD80011E0484601F1E87101F5D43101F5A571CD
:107AE8002E6A013B121A891B9BB262456962EB83BD
:107AF80040F21582A18A8B4240F26C81696AB048D3
:107B0800B04E0818B042E4D86046E9E7DDE90A86D5
:107B1800A9836368A96A1344AB60A2686B691344BC
:107B28006B6129B10B681BB1D4E901329B1A4B6018
:107B3800059A71462846FFF78BFBE268AB69134448
:107B4800AB612269934294BF00239B1AAB61A37D6A
:107B58001BB1EA7863F30002EA70E37D13B1013BDD
:107B680085F82C30049BDDE9012153546B78627849
:107B7800013304926B7027E74546AA45AAF108032A
:107B88007FF46AAF0D9E099F0399089B91F818B07E
:107B9800BBEB030518BF0125002E00F0C881059B2B
:107BA800079ABBF1FF0FA3EB0203D1F8009023F073
:107BB8007F4A5DD04FF00008CDE909560E46CDF852
:107BC8000480D046CA46DDF8189006970BEB4B05A3
:107BD8000AEB0514A2682D014A4500F27783019B40
:107BE800A178134401936378A9EB02095B1AF16940
:107BF800A8EB02088A4226BF00214FF0FF32891AFB
:107C0800E08B28BFF276F161A16ADBB2002900F0AF
:107C18007C810A68A769002A00F06481002F40F07F
:107C28006481022B00F04D830022A2601AF805201F
:107C380032766168002940F01B81A26A2AB1127A63
:107C480002F00702012A00F0F6803BB1012B00D0B8
:107C580020B1236A13B10120616A9847A378637041
:107C680096F818B0BBF1FF0FB0D1069FDDE90956B1
:107C7800089BDDE903415B4518BF35462046FFF701
:107C88005BFB4FF0000C3846D4F800B00195039B1D
:107C98001A7EFF2A164600F0618315464FF0FF084A
:107CA80000E01D4605EB45030BEB0317BC6A1B01FF
:107CB80021463CB194F808E00EF0070EBEF1010F22
:107CC80000F024821BF80330A846FF2BE9D10746B1
:107CD800019D1046BCF1000F00F02F81089B9342D4
:107CE80000F00C83002F00F042810646FF2E00F0C2
:107CF8004283089BFF2B00F02083DDF80C8006EB05
:107D08004606D8F8003003EB06139F68002F00F0F2
:107D1800F28212F03BFF0A260546D8F81430013EDD
:107D2800EA1A22F07F42974202F1030276D9BA4258
:107D38002CBF9B18DB1923F07F44D8F82820204655
:107D4800904712F023FF421B631B22F07F4223F06F
:107D58007F4303329A4263D9002E00F0968105468C
:107D6800DBE7062A3FF42CAE5846FFF739FAAB7822
:107D7800A8606B709BF81B2063789A427FF424AE4E
:107D8800F35D062B3FF473AEFF238BF81B30F35DD6
:107D9800062B3FF46CAE082B3FF469AE0599DBF86F
:107DA80014208B1A1D023FF569AE069A23F07F4313
:107DB8001344DBF81C209A4288BFCBF81C3003E63A
:107DC8005A2B17FF592B177F6B6900221944091A80
:107DD80069616DE60A9E8B42BFF49AAECDE90A86C8
:107DE800286A0CF1010909E0E04601339BB2696297
:107DF800EB83A18A424499427FF688AE696ADFF82C
:107E0800BC82AF4E01448844B045EDD8A1F1E87179
:107E1800A1F5D431C846A1F5A571E6E701230C9375
:107E28000023039A5376937E0C9A1A4340F0958068
:107E38000FB0BDE8F08FA378C4F808906370079B73
:107E4800019A20469A18716922F07F42FFF700FADA
:107E5800049BCDF810B00AF8053063780133DBB223
:107E6800637096F818B0BBF1FF0F7FF4AFAEFCE675
:107E7800A36A23B11B7A03F00703012BDBD0B4F804
:107E88001EC0BCF1000F4DD1B4F81CC0E646D4E9C1
:107E98000873481C029000227046059404E08E4640
:107EA8000138441C724412D0DFF810E2844C3B4481
:107EB8009E44A645F3D8DDF808E0A3F1E87301383D
:107EC800A3F5D433441CA3F5A5737244ECD1059CE7
:107ED80094F82C006362002800F0E580A260A4F802
:107EE8001EC0ACE7002F3FF49FAE022B7FF49CAE80
:107EF80000287FF499AE0A7A02F00702012A3FF4BB
:107F080093AEF76186F81BB08EE6A769002F3FF4A1
:107F18008BAE022B7FF488AE0028F2D084E60A9E4E
:107F2800A18A58E7A3784FF0000E6370AFE7DDE948
:107F380003412046FFF700FA207E089B98427FF411
:107F4800D1AE002F00F0ED81039B002D40F046825A
:107F58005D769B7E002B3FF46BAF039B01225C6A2E
:107F680003210420A4460FB0BDE8F04F6047039BEF
:107F780001255A7A5C68531EDBB2002A3FF4B5AE7D
:107F8800CDE9094504EBC3030793079B5E78DA78CC
:107F98005B68B24270D01C46DDF81CB006EB4606A2
:107FA8003301E35C04EB0616012B4ED0022B56D1AD
:107FB800D6E901C1D6E905A29CF800501746F36836
:107FC800039AFF2DD6F810E0D2F80090D3F800807D
:107FD800506902D00A6882425FD04FF00008039AC5
:107FE800157E0860FF2D2CD0CDE90146CDE904C3EC
:107FF8005646CDF818E0BA460BE0BA68284653460C
:108008004244B04778B919F80450BB68FF2D98442A
:108018003ED005EB450409EB0417B9692401002E8D
:10802800EBD10029EFD0DDF818E0BA68DDE90146A8
:10803800DDE904C3BEF1000F02D0796ACEF8001062
:1080480090448CF80050C3F800804FF00002B36AE7
:10805800B27013B10020F16A98479BF803209BF88F
:1080680001609BF800300136F6B2B34208BF002623
:10807800B2428BF8016091D1079A0999A2F10803DD
:108088008A4200F01C8107937FE700DE054644E63C
:10809800DDE90146DDE904C3D3E705EB45052A011F
:1080A80019F802509EE790457FF618AF8646481C9F
:1080B8000290029C70460B950AE000BF5A2B17FFEE
:1080C800592B177F8E4672440130904580B212D9E1
:1080D800DFF880E2A04D3B449E44AE45F2D8A64668
:1080E800A3F1E8737244A3F5D43301309045A3F5A6
:1080F800A57380B2ECD8059C60440B9D63621FFA9F
:1081080080FCEBE60C9B1E4606930EE4BA68002A38
:1081180040F03D81D7F818A0BAF1000F06D10A68DF
:10812800002A00F03E810C464FF0040A039A616869
:10813800D2690291043206922268914280F0D0807E
:10814800A2EB010E1BF80310FF2900F0C980D645E9
:10815800C0F0C6800022AEEB0A0604960590D14610
:1081680006989446CDE90685164698460B4636E0AD
:10817800351F6544754528BF75460AEB00029645CC
:108188000CD34D450AD3BA69002A4AD0227A12077D
:1081980047D4B5EB0A0201D0824249D28A6A22B199
:1081A800127A02F00702012A31D08A697AB3496843
:1081B80069B30432B44402EB0C00BA69002A7CD0DB
:1081C800217AAEEB0A02090700F1A58000261BF808
:1081D8000330FF2B2CD00AEB0C09CE4528D303EB38
:1081E80043030BEB03118D681B012E44042EBFD8EB
:1081F800BD6985B1257A15F00805BED08869B444F3
:10820800043004996044814228BF0246DEE7002218
:108218001BF80330DDE78A69B4440432624410462F
:10822800D4E70028BAD0A5EB0A058542B6D30246A2
:10823800434602990598114461601BF80360079D45
:10824800FF2EDDF8188000F0B1804FF0FF099C4642
:1082580000E00E4606EB46010BEB011EDEF8083087
:108268000901934280F0BC801BF80110B146FF2938
:10827800A2EB0302EDD16346FF2EBA6012D0B8F12B
:10828800FF0F1BF8031055D008EB480212010BF83A
:10829800021006EB460632011BF802100BF8031019
:1082A8000BF802500222FB8B4FF0010C013BFB83C1
:1082B800237A62F302032372E9E4024686E70A9D01
:1082C80042E600287FF4B0AC042714E64B46DDE90B
:1082D8000956D21A039BA260069F93F818B0C7E408
:1082E800029A62601BF80330FF2B08BF00225DD0A2
:1082F8000023BB60D6E7039B5F762EE6002F7FF452
:10830800FCAC039B5A7A5C68531EDBB2002A3FF42C
:10831800F4AC654634E61146002274E7FF23049363
:1083280032E4039B5A7A5C68531EDBB2002A7FF45E
:1083380027AE09E6039A1176ABE712F027FC04464C
:1083480012F000FC039B1E7E00287FF4D6AC5C6113
:10835800D3E400BF5A2B17FF592B177F0746019DFF
:108368001046BCF1000F3FF4E8AD089BFF2B2AD064
:10837800002F3FF4FCAD12F0F5FB0446C0B100231A
:10838800039A5376937E002B7FF4E7AD50E500DE29
:10839800D7F818A0BAF1000F06D1B96A00297FF4FE
:1083A800BEAE00DE4FF0040ABC6ABFE6BA6079E7E9
:1083B800039DE86112F0EAFB6C766861AB7E002BE6
:1083C8003FF436ADC9E5002FD5D1039B5A7A5C68D6
:1083D800531EDBB2002ACED06546D1E51E7E85E469
:1083E80061469C460B46ACEB02014E46CEF808109F
:1083F80042E700BFF8B5069E9DF81C50089CB8B926
:10840800154F3A605A1E39727B727E60D2B273B1D0
:1084180006EBC2021146546012F808398E4203EB8B
:108428004300A5EB030304EB0014DDB2F2D10DB158
:108438000120F8BDFF24099B3C763B620A9B7B62C6
:108448000B9BBB6212F0A2FB03467D81FC76FD61AB
:108458007B612846F8BD00BF3022002140B9064A9A
:10846800117EFF2901D1107270476FF00F0070471D
:108478006FF01500704700BF302200212C22074BF7
:1084880010B402FB00335C6A2CB1A446012203211C
:10849800022010BC604710BC704700BF302200218A
:1084A80010B58AB00C9CDDF834C0009400240994FF
:1084B800BDF83C40CDF804C00394109CDDF838C0EA
:1084C8000494119CCDF808C00594129C0694139C42
:1084D8000794149C0894FEF7DFFE0AB010BD00BF95
:1084E80030B4049C059D039400240495BDF81850ED
:1084F8000595079D0695089D0795099D08950A9D70
:1085080009950B9DCDE90A5430BCFEF7C5BE00BFE6
:1085180010B4BDF81040049410BCFEF7BDBE00BFF7
:108528002DE9F84F2C24254F1D4604FB00770846FB
:108538007C68BDF8348004EBC10114F83090CC7825
:108548004E7804F1010C5FFA8CFCE14598BF4FF0BE
:10855800000C66459DF838E09DF844302BD04FF06C
:10856800050B4FF002094E6804EB44044FEA041A65
:1085780006EB041406F80AB0E3750A9B6270A36060
:108588000B9B6560E3600C9BA4F8148023610F9B30
:1085980084F816E0A362109B84F80290E36281F8E5
:1085A80003C0D7E9083598473B4600220421A8476D
:1085B800A078BDE8F88F0120BDE8F88F30220021AF
:1085C80010B588B00A9CDDF82CC0009400240794EC
:1085D800BDF83440CDF804C003949DF83840DDF868
:1085E80030C004940F9CCDF808C00594109C0694E4
:1085F800FFF796FF08B010BD2DE9F0412C241C4E62
:1086080004FB00660846746804EBC10114F830E006
:10861800CC784D7804F1010C5FFA8CFCE64598BFE4
:108628004FF0000C65451FD04FF006084FF0020EC2
:108638004D6804EB4404270105EB041405F8078092
:108648006360069B6270A362079B84F802E0E362A2
:1086580081F803C0D6E9083598473346002204213B
:10866800A847A078BDE8F0810120BDE8F08100BFEF
:10867800302200212DE9F0412C241B4E04FB00661A
:108688000846746804EBC10191F803E014F830500F
:108698000EF1010C5FFA8CFC654598BF4FF0000C99
:1086A8004C7864451CD04FF0070802254C680EEB47
:1086B8004E0E4FEA0E1704F8078004EB0E14A3625F
:1086C800069B6270A570E36281F803C0D6E908359D
:1086D8009847334600220421A847A078BDE8F081D6
:1086E8000120BDE8F08100BF302200212DE9F041D2
:1086F8002C241C4E04FB00660846746804EBC10178
:1087080014F830E0CC784D7804F1010C5FFA8CFC59
:10871800E64598BF4FF0000C65451FD04FF008089C
:108728004FF0020E4D6804EB4404270105EB0414D6
:1087380005F807806360069B6270A362079B84F854
:1087480002E0E36281F803C0D6E90835984733466A
:1087580000220421A847A078BDE8F0810120BDE8E7
:10876800F08100BF302200212DE9F0412C24204E59
:1087780004FB00660846746804EBC10114F830E095
:10878800CC784D7804F1010C5FFA8CFCE64598BF73
:108798004FF0000C654527D04FF602784FF0020ED7
:1087A8004D6804EB4404270105EB041425F8078001
:1087B800C4E90123069B84F802E0E360079B236178
:1087C800099B63610A9BA3610B9BA3620C9BE362F9
:1087D80081F803C0D6E908359847334600220421BA
:1087E800A847A078BDE8F0810120BDE8F08100BF6E
:1087F800302200212C2370B5064C03FB00440846A8
:10880800D4E9083598472346AC46BDE870400022B5
:10881800042160473022002112F0B8B9401A20F034
:108828007F40704700210148704700BFDF590100B1
:10883800012868B51E4604D0022812D050B1012084
:1088480068BD002007F018FDC0B190F954303370AE
:10885800002068BDC8B205F065FC78B190F93C30DD
:10886800F5E70846154608F03DF838B115B990F90E
:10887800B730ECE70FF026F80346E8E7022068BDBA
:1088880070B5054692F9000014467F280E4602D1BD
:108898000023184613700FF017F8012D207004D02C
:1088A800022D15D05DB1012070BD002007F0E4FC59
:1088B800B8B194F9003080F85430002070BDF0B29F
:1088C80005F030FC68B194F9003080F83C30F4E7EA
:1088D800304608F007F820B194F9003080F8B73036
:1088E800EBE7022070BD00BF38B50C4605460EF018
:1088F800E7FF28700EF0E6FF207038BD38B5054652
:1089080000200C4605F040FC10B105F0ADF8A0B110
:10891800002007F013FD10F0060F0ED13DB9084BEB
:1089280044B120681860A2889A80002038BD054BA1
:10893800002CF6D11C609C80F7E70C2038BD00BFE6
:10894800642200215C2200210128034605D8044A3C
:108958000448002B08BF104670470020704700BF2E
:10896800642200215C22002101280AD8064A074B0C
:10897800002818BF1346186808609A8818468A8025
:1089880070470023184670475C22002164220021AA
:1089980010B504460EF0B4FE68B90FF063FA78B962
:1089A80010F08AFB88B911F0C5F998B92046BDE8DE
:1089B800104015F099B900DE0FF054FA0028EFD0F6
:1089C80000DE10F079FB0028EDD000DE11F0B2F9DE
:1089D8000028EBD000DE2046BDE8104015F084B931
:1089E8000860014815F080B9604B002115F07CB98A
:1089F8002DE9F84F294D0B7895F84042472B88BF51
:108A080023469A423ED05C1CE4B2924635F83320A5
:108A1800482C8946834608BF0024002601274FF0CA
:108A28001208028005EBC30319E0012832D0C3F80D
:108A3800048089F8004095F84032472C98BF2346B7
:108A48009A4520D05C1C35F83310E4B2BBF80020FE
:108A5800482C08BF0024914205EBC30313D1586882
:108A680060B1FF28E1D9027902F00302013A012A34
:108A78000CD912225A6007F051FFDAE701365F601D
:108A8800F6B2D6E700263046BDE8F88F0136012257
:108A9800F6B2EFE70136F6B2CBE700BF902200212D
:108AA8002DE9F047374F3B8898425CD913F0FF0512
:108AB80028D0DFF8D4A0DFF8D4809AF82D40DFF86A
:108AC800D0900134E4B20B2C08BF00249AF82C3063
:108AD800A34219D04046FDF7D1FF064690B148465B
:108AE800FDF7CCFF002840D006609AF82D304AF8F0
:108AF80023003B88013D013B15F0FF058AF82D4016
:108B08003B80DED1BDE8F0873B88002BFAD04FF0E0
:108B18000008DFF880A01D4D9AF845401C4E01342E
:108B2800E4B2112C08BF00249AF84430A342E9D0DB
:108B38002846FDF7A3FF81460028E3D03046FDF71D
:108B48009DFFC0B1C9F80480C0F800909AF845307C
:108B58004AF823003B888AF84540013B9BB23B809A
:108B6800002BDCD1CEE70546A3E73046BDE8F04749
:108B78000649FDF797BF4846BDE8F0470349FDF7AA
:108B880091BF00BF30250021B847002134250021BE
:108B9800A0260021D82400212DE9F84F0A224FF001
:108BA8000008324B324FDFF8CCA0181D242116469E
:108BB8009B46A7F82C80FDF73DFF53463246082117
:108BC800181DFDF737FF97F82C9097F82D400134C2
:108BD800E4B20B2C08BF0024A14516D05046FDF77F
:108BE8004DFF054688B15846FDF748FF002838D0A4
:108BF800C5F80480056097F82D3047F82300013E3A
:108C080016F0FF0687F82D40E1D11B4B1D22181DD9
:108C18004FF49271FDF70EFF184B2D22181D0821F5
:108C2800FDF708FF1548FDF729FFB0B1144A111FD9
:108C3800FDF770FF1148FDF721FF80B1114A111FA0
:108C4800FDF768FF1A22104BFF201A80FFF728FF54
:108C58000DF07CF90020BDE8F88F00DEE6E700DEC5
:108C6800ECE728460349FDF71DFFCEE73C48002105
:108C7800A8490021E8470021A02600213425002129
:108C88002C25002124250021302500212DE9F04143
:108C9800994D9A4E86B004AA02A90DF1070008F072
:108CA8005BFB0446D5E9000103AAFDF74BFF074625
:108CB80050B3039B002B6BD0187804AA02A908F0C4
:108CC80063FB0446002841D0DDE90313BDF8082002
:108CD8000F78ADF80A20059308F068FB2146059A3D
:108CE800BDF80A0008F096FB204608F029FB384634
:108CF80005AA0DF10A0108F047FB04460028EBD14C
:108D0800306814F0F1FFC6E7002C3ED0049B9DF8B4
:108D180007700593BDF80830ADF80A3008F046FB37
:108D28002146059ABDF80A0008F074FB204608F0B1
:108D380007FB384605AA0DF10A0108F025FB044691
:108D48000028EBD1306814F0CFFFA4E7039B05930C
:108D58001B79013B2C2B1ED8DFE803F01F43601D55
:108D68001F321D32327C1D1D1D1D1D1D1D1D1D1D8B
:108D78001D1F721F1D1D1D1D1D1D1D1D1D1D1D1DC2
:108D88001D1D1D1D1D1D1D1D1F0006B0BDE8F08108
:108D980000DE039B90E700DE7DE757490022686804
:108DA800FDF7D8FE3846564B059993F841320B70BB
:108DB800544AFDF7BDFE514B186814F095FF6AE759
:108DC8004D4900226868FDF7C5FE059991F82030E5
:108DD80003F00F03072B71D0494B384693F8413203
:108DE800E5E7002244496868FDF7B4FE059CD4F81D
:108DF8000880B8F1000F09D098F80030002B76D021
:108E080098F80030013BDBB288F80030237B052B53
:108E18006FD8DFE803F02C5C60646829384605A940
:108E280008F006F9344900226868FDF793FE0599B1
:108E380000293FF430AF0B792E2B3FF42CAFCBE752
:108E480000222D496868FDF785FE3846059908F027
:108E5800DDF820E7002228496868FDF77BFE3846E0
:108E6800059907F083FB16E7204607F03BFB002334
:108E7800254A237392F82D3092F82C100133DBB277
:108E88000B2B08BF002399421CD0276092F82D10A5
:108E980042F8214082F82D30B8F1000F3FF4FBAEC4
:108EA80098F80030002B7FF4F6AED8F80830002B85
:108EB8003FF4F1AED8F80C009847ECE63846F8F7DE
:108EC800CFFEE8E600DEB8F1000FE9D1E3E6204680
:108ED800F9F712FACBE7204605F080F9C7E72046F4
:108EE80006F02EF8C3E7204607F054F9BFE700DE86
:108EF80086E700DEBBE700BF282500215C4B002188
:108F08009022002124250021A849002110B5304BCA
:108F1800304C86B0186011F007FE2378002B4FD034
:108F28000D22052104234FF0020C2B4C01922B48F3
:108F38002B4A05900094217223702A4904922A4AE8
:108F48000020CDE902211821284A84F810C084F8AD
:108F580018C0FFF74FFA002837D101220021244812
:108F680017F096F90EF04EFB044610B1204606B0F5
:108F780010BDFFF711FE04460028F7D10EF056FF8A
:108F880004460028F2D105F097F804460028EDD1F0
:108F980010F090F804460028E8D106F057FF044680
:108FA8000028E3D110F0BAFE04460028DED107F00D
:108FB8008DFF04460028D9D101200DF08FFCD5E79C
:108FC800FDF7D8FD01232370AAE700DEC5E700BF3F
:108FD8005C4B00219A800021E84D002195BD0101DC
:108FE800F5BC0101D5BC0101784B0021084E0021D8
:108FF800604B002110B586B005F06EF800283BD113
:1090080006F09EFF00283CD107F062FF00283DD102
:109018000024254B2046A3F840420DF05FFC23496D
:10902800234A244BA1F880419485A3F844400122A7
:109038002146684617F02CF91F4B2246214603208B
:10904800C3F808D0FDF7ECFD10BB4FF0FF324FF02E
:10905800FF33684614F082FE05F048F8D0B9684638
:1090680011F0A8FCFFF798FDE0B90021012006B037
:10907800BDE81040FFF742BC00DE06F061FF0028A3
:10908800C2D000DE07F024FF0028C1D000DEBFE711
:1090980000DEDAE700DE684611F08CFCFFF77CFDA5
:1090A8000028E2D000DEE0E790220021D849002124
:1090B800B8470021D82400214800002108B5FFF74F
:1090C80099FF0EF0D5FA00B108BDBDE80840FFF7DA
:1090D800C5B900BF2DE9F04F074688462C4C2D4EE8
:1090E800DFF8B4A083B004F5107900233B6094F84E
:1090F80041B201AAD6E90001FDF724FD0546A0B357
:10910800019B49461A784046FFF772FC034690BB1C
:1091180094F840228DF8012094F841220DF10101C4
:109128000DF102009B46FFF763FC4BEA000212F0C8
:10913800FF020346F0D101990B79012B22D1314668
:109148007068FDF707FD51462846FDF7ABFC134A4A
:109158001388192B13D80198013311491380FDF78F
:10916800A1FC0120FFF79CFCBFE75A4640460D4989
:10917800FFF73EFC0346184603B0BDE8F08F00DE5B
:109188001388E8E713461846396003B0BDE8F08F46
:10919800902200212025002134250021302500219E
:1091A800A0260021D0240021002370B57E4982B07A
:1091B800486801AA0193FDF7CDFC002800F0A680BD
:1091C8007A49FDF76FFC019A13792D2B19D8DFE83E
:1091D80003F01718181718171B1B1B181833181823
:1091E8001818181838181818177117171717171785
:1091F80018181818181818181818181818181817E8
:1092080003B900DE02B070BD92F8203003F00F03FE
:10921800072BF7D1D568002DF4D01D24634E28689C
:10922800ED68013C3146E4B2FDF73CFC002DE9D085
:10923800002CF4D100DEF2E7907906F0EBFF02B0E3
:1092480070BD907904F06EFF0446002800F09C8001
:10925800A36B33B11B6893F846206FF3000283F8C1
:1092680046206569002D6AD0EB6D002B40F0908098
:1092780005F1500105F14C00FDF750FC03460028AC
:1092880000F084800026EB65286807F011FB606E0B
:1092980047496661FDF706FC4449206E6666FDF79E
:1092A80001FC94F88030266666F3000384F8803069
:1092B80002B070BD92F8203095683C2B2E6827D0FC
:1092C80092F82140002C48D0706E20B10023384914
:1092D8007366FDF7E7FBAB6A33B11B6893F846206A
:1092E8006FF3000283F846206B6A7BB3002007F017
:1092F80025F80446002004F047FF40EA440010F037
:10930800FF007FF47FAF0DF0A7FB7BE700DE57E798
:109318006C68002C3ED000236B60E36D6BB904F1E0
:10932800500104F14C00FDF7F9FB0346002833D047
:109338002068E36507F0BCFACDE700DEEFE794F8B4
:10934800803065F3000384F880305BE796F880206E
:1093580063F3000286F88020C8E7012006F0CAFF00
:1093680048B186421AD0002290F86230426162F316
:10937800410380F86230002296F86230726162F32D
:10938800410386F86230B1E700DE61E700DE79E785
:1093980000DE6DE700DEBEE700DEC9E7204606F026
:1093A800A9FF0028E7D0DEE7202500213425002189
:1093B800A02600212DE9F84304688046A4B10125C0
:1093C800584F594E204603792468122B14D840F27E
:1093D800E91105FA03F20A4240F0998012F4812F4C
:1093E80074D100DE002CEDD10023C8F80030FF2036
:1093F800BDE8F843FFF754BB163BDAB2172AF0D89A
:10940800172BEED801A252F823F000BF8594000173
:10941800759400019B9400018594000185940001D6
:10942800859400018594000185940001EB93000167
:10943800EB930001EB930001EB930001EB93000128
:10944800EB930001EB930001EB930001EB93000118
:10945800EB930001EB930001EB930001EB93000108
:10946800EB930001EB9300018594000190F8203004
:109478003C2B32D0022B3AD0002B46D13B88192BFB
:1094880032D8013331463B80FDF70CFB002C99D1D3
:10949800AAE7C0880F28A5D807F018FA814600283F
:1094A8003BD0D9F86C30002B39D109F1600109F1B2
:1094B8005C00FDF733FB00282DD0C9F86C00484646
:1094C80007F0F6F9002C7FF47DAF8DE73146FDF704
:1094D800E9FA002C7FF476AF86E71349FDF7E2FA44
:1094E800002C7FF46FAF7FE700DE3B88C9E70CF004
:1094F800E3FB002004F03AFE00287FF473AF0DF080
:10950800ABFA002C7FF45EAF6EE700DE0379002B28
:10951800B4D100DEB2E700DECFE700DEC1E700DE4F
:10952800C3E700BF30250021A02600210148FDF730
:10953800A5BA00BF342500210149FDF7B3BA00BF21
:10954800342500210148FDF799BA00BFA026002163
:109558000149FDF7A7BA00BFA0260021034B044A22
:1095680093F841320B70FDF7E3BA00BF9022002157
:1095780024250021014B186814F0B6BB5C4B002170
:1095880008B5064B064A93F841320B70FDF7D0FA3E
:10959800044B1868BDE8084014F0A6BB90220021CF
:1095A800242500215C4B00210C4991F8442091F8B6
:1095B80045309A420AD8A3EB020C5FFA8CFC60454E
:1095C80009D89A4207D051F82200704711339B1AE4
:1095D800DBB29842F7D90020704700BFD824002199
:1095E800094A92F8441092F845308B4209D04B1C36
:1095F800DBB2112B08BF002352F8210082F8443057
:1096080070470020704700BFD824002100B50D4ADC
:1096180092F841C292F840E20CF10103DBB2482B08
:1096280008BF00239E4509D022F83C0002EBCC0C71
:10963800CCF8041082F841325DF804FB00DE002308
:109648001B80FFDE90220021022810B50C4602D0B4
:109658000B68022B07D04FF0FF324FF0FF33024860
:1096680014F07CFB206810BD604B002104490A6897
:109678000AB110467047024608601046704700BF9E
:109688008C220021044A136823B198420ABF0021A2
:1096980000231160184670478C220021014B18687E
:1096A800704700BF8C22002104490A680AB110469D
:1096B8007047024608601046704700BFD424002156
:1096C800044A136823B198420ABF0021002311609D
:1096D80018467047D4240021014B1868704700BF12
:1096E800D424002130B5056887B02B78EBB1044647
:1096F80001220021684616F0CBFD0D4BC5F80CD0B1
:10970800AB602B788BB100220A4B032011469C607A
:10971800FDF786FA38B94FF400420023684614F082
:109728001DFB07B030BD00DEF5E76FF07700F8E706
:10973800F589000138000021F0B5254E0C46336844
:10974800174685B0002B36D0994215D1022503ABB8
:1097580002460093032100201E4B0395FEF78AFF63
:10976800022805460CD0039B022B09D195B133681A
:109778000BB19C4221D014B36FF02D0005B0F0BDA1
:109788004FF0FF324FF0FF33134814F0E7FA039D10
:10979800002DECD13846FFF7A5FF33680BB19C428A
:1097A80011D0002CE8D10028E8D010F1780F08BFBC
:1097B800002005B0F0BD3160C8E7002333606FF0CA
:1097C800770005B0F0BD35600028D7D0EDE700BFC1
:1097D8008C220021E9890001604B00210C4991F895
:1097E8002C2091F82D309A420AD8A3EB020C5FFA8C
:1097F8008CFC604509D89A4207D051F8220070477E
:109808000B339B1ADBB29842F7D90020704700BF90
:10981800B8470021094A92F82C1092F82D308B4253
:1098280009D04B1CDBB20B2B08BF002352F82100D8
:1098380082F82C3070470020704700BFB8470021DD
:1098480038B50C46054607F081FD034623702146CE
:109858002846BDE83840014AFDF76AB92C250021A1
:10986800012200201146014BFDF7DAB9280000213A
:1098780070B50C46054607F069FD0346214623707E
:109888002846054AFDF754F9BDE87040012200203A
:109898001146024BFDF7C4B92C25002128000021F0
:1098A8002DE9F0471A4E9DF8209096F881C196F858
:1098B80080510CF1010E5FFA8EFEBEF10C0F08BF4D
:1098C8004FF0000E75451ED0144606EB4C1C65463D
:1098D80080460F469A4610685168E368926809F016
:1098E80001090FC59CF81C30CCE904A823F0030338
:1098F80043EA0903CCF818708CF81C3086F881E12B
:109908006046BDE8F0874FF0000C6046BDE8F08780
:10991800D8490021054890F8803190F881219A4271
:1099280014BF00EB43100020704700BFD849002146
:1099380010B402780B4C0B2A94F8813188BF94F844
:109948008021014688BF0270934209D0531CDBB2C4
:109958000C2B08BF002304EB42100B7010BC70479F
:109968000020FBE7D84900212DE9F04F3D4E87B094
:1099780096F8801196F8813103908B4246D04FF0CB
:1099880000090E24CA46CB4606EB4111CDF81090CB
:10999800CDF80890CDF814900D7FD1F80080C5F36C
:1099A8004002CF6805F00105002C4ED0013CE4B21E
:1099B8007AB396F8811196F88031994226D001330E
:1099C800DBB20C2B08BF0023994286F880311DD0EA
:1099D80006EB4311C8685B01002ADDD12DBBBBF142
:1099E800000F36D0BAF1000F029A04BF4246BA46B9
:1099F80002920A7F9507CFD4D2071DD48345F35826
:109A08002BD08245C8D1029A9A42C5D107B0BDE889
:109A1800F08F154B0398996011460192FDF700F9F4
:109A2800019A0028C5D000DEC3E7049A7AB1B9F1DB
:109A3800000F08BFB946DCE7BAF1000FACD1049BB0
:109A48008342E3D04845A7D1E0E700DEAEE70497BC
:109A5800CFE7BB46CDF81480CBE7059A9A42D0D120
:109A6800D4E700BFD849002118000021064B93F81D
:109A78002C2093F82D10914204D053F8220010B1F5
:109A88000C30704700207047A8490021084A034657
:109A980092F82C1092F82DC08C4506D052F821204F
:109AA8001AB102F10C00137370470020704700BF11
:109AB800A849002170B5154A92F82C1092F82D305B
:109AC8008B4220D04B1CDBB20B2B08BF002352F873
:109AD800214082F82C30B4B1022300252668237176
:109AE800A060256007F032FC03462146084A23702F
:109AF8003046FDF71DF8012228461146054BFDF7B3
:109B08008FF8204670BD0024FBE700BFA84900215C
:109B18002C2500212800002110B582B0049B9C7AD6
:109B28006FF341049C720024CDE900440DF05CFF02
:109B380002B010BD012210B582B00192047F034625
:109B480014400269D0E9050100940DF04DFF08B9F1
:109B580002B010BD7730FBD000DEF9E70B8A002B8E
:109B68003DD030B5054683B001F10C000C4615F028
:109B7800D1FE012817D0022803D06FF0150003B0DA
:109B880030BD01A9204602F0C3FE019919B12B6925
:109B980028461B6898470028F1D12046FCF71CFD91
:109BA800002003B030BD002301A92046019301F035
:109BB80063FA01460028F0D02B6928461B689847AD
:109BC8000028DCD1019D002DE7D0284603F024FCB5
:109BD80003466B710348019916F045FBDDE76FF00A
:109BE80015007047A052002110B50469FFF766FA06
:109BF80028B90448FCF704F90020206010BD00DEF5
:109C0800F7E700BF80040021F0B505460E46076956
:109C180089B0174816F0E9FA4FF0FF3200211548CD
:109C280016F036FB1348FFF771F90446E0B93E60B9
:109C3800114816F05DFE104803F006FC00220023D0
:109C48006FF00706CDE90623CDE901444FF46072B1
:109C58000A4B0B490494009503960A4814F094FAA9
:109C68000949084816F0CEFB204609B0F0BD00BFF0
:109C7800A0520021B852002190520021959C000169
:109C8800E084002180040021B40D02012DE9F04F89
:109C98000546A24FDFF88882DFF888A2DFF88892AD
:109CA800D0F810B083B04FF0FF324FF0FF330321EC
:109CB800384614F059FF002840F09681FB6803F4F9
:109CC800FE13B3F5804F00F09C803B6A03F4FE134B
:109CD800B3F5004F00F018817B6B03F4FE13B3F566
:109CE800803F00F073810024FB6890486FF3943341
:109CF800FB603B6A6FF394333B627B6B6FF3943387
:109D08007B638B4B1E68D0E8EF3F23F00102C0E86D
:109D1800E12F0029F7D1D80703D500220023C8E98D
:109D28000023002E40F33C81DAF80030D9F80020F7
:109D3800F31A13447F4A1360D8F80020002A00F071
:109D48005B815179002C64D1042950D9052940F050
:109D58005081002BA7D0D8F8041013688A42C8F89D
:109D6800003000F06F8101924FF0FF334FF0FF3267
:109D78000820FCF7B9FD04460198214602F046FE8A
:109D88000022019B01A81A60FFF714FBDAF80030E3
:109D9800F61AD9F800301E44664B1E60D8F8003019
:109DA8002BB15B79DA1E012A1CD9052B18D0002C9F
:109DB8003FF479AF204615F05AFD064621460020AB
:109DC80015F075FD338A0446012B1ED93146284605
:109DD800DBF80030984714F081FB002CEAD162E7E9
:109DE800002EE4D00021544814F016FFDFE70229C2
:109DF8006FD800DE4B1E012B019240F22E8100DE4F
:109E0800BEE700223B699A606DE73046FCF7E4FB49
:109E1800E1E7CA1E012A40F2E080052900F0F0803F
:109E2800591C627900F0C480511ED8F80000052939
:109E380000F21E81DFE801F003031C1C3303042A2F
:109E4800019400F2BB80022A19D1012100200022CE
:109E5800002315F0E8FD04460198DCB1214602F024
:109E680025FE0022019B01A81A60FFF7A3FAA1E7CB
:109E78000123304A1360002840F0DB80019402205F
:109E88004FF0FF324FF0FF33FCF72EFD04460198E8
:109E9800002CE3D1046001A8FFF78CFA03E700283F
:109EA80040F0C780002B00F0C48001944FF0FF32CF
:109EB8004FF0FF330820FCF717FD044601982146B0
:109EC80002F0A4FD0022019B01A81A60FFF772FAB4
:109ED8006DE7D8F8043011689342C8F8001012BF33
:109EE8000192C8F8041001934FF0FF324FF0FF338E
:109EF8000220FCF7F9FC0446002C3FF441AF214650
:109F0800019802F0D3FD3BE7786A0022002313F0A2
:109F180025FF002840F09C802E6924E0580000218D
:109F28007804002100530021FC520021D85200215E
:109F3800045300218C5200219052002173BB4FF032
:109F4800FF334FF0FF320021132015F06CFD22463D
:109F58000446BDF8021003F047FA28462146336844
:109F6800984714F0BBFA0DF1020101A8FFF7B2F807
:109F7800019B04460028E1D1002B3FF4B4AEFFF763
:109F880013F9019C204603F047FA607101993A4899
:109F980016F069F9019B002BE5D1A4E600DECEE7B7
:109FA8004FF0FF33354A1360002C3FF47CAE6279E2
:109FB800042A019449D9052A3FF478AF00DE00222B
:109FC800019B01A81A60FFF7F5F96CE6B86B00224F
:109FD800002313F057FE044686E60021284814F0B3
:109FE8001BFE264B1B681BE704303FF467AE00DE00
:109FF80064E600DE019202E7002C7FF411AF52E61E
:10A00800002BEAD16279531E052B31D801A151F8F2
:10A0180023F000BF479E0001479E000135A00001C4
:10A0280035A000013BA00001479E00010123134A0F
:10A03800136000232360D8F804305BB11C60C8F8B3
:10A04800044030E6C8F804308DE6002AB6D0FAE6B7
:10A0580000DE61E7C8E9004425E602297FF444AF41
:10A06800204601210022002315F0DDFC044643E7C9
:10A0780000DE0194A2E700BFA05200218C5200210B
:10A088009052002110B514F0D9F9054C204616F06D
:10A09800B8F8204616F0A9F8BDE8104014F0E2B967
:10A0A800A0520021B2FA82F200B503885209C3F324
:10A0B800441303EB430C84449CF802E0013362F33D
:10A0C800000E03EB43038CF802E0F9B10A88C25290
:10A0D8000378DA0613D11A46013303F01F0363F33A
:10A0E80004020270028863F3491202F47873202B89
:10A0F800028004BF6FF3491202805DF804FB0388F5
:10A10800C3F34413013303F01F03EBE7C152DFE746
:10A118002DE9F04FDFF8B49183B0D9F800709DF8BD
:10A128003440002F01945EDB80460E4614461D46DF
:10A1380061D04FF0000BDFF898A105E00BF1010B9F
:10A148005F450AF1200A56D051460622204616F0ED
:10A158000AFC0028F2D11AF8013CB342EED15D4B5B
:10A168004FEA4B1403EB4B1B9BF8071021FA08F23C
:10A17800D7077DD5B8F1070F39D105EB450104EBB9
:10A1880041021A44167A4900F6064FEA450E02F1D2
:10A19800080C00F08B800C9E4EB37678177B4FEA44
:10A1A8001618B8EB171F40F081803F02310207F400
:10A1B80070660C9F92F80B803F7801F47061394308
:10A1C80046EA08068E4264D19CF80220D2070ED4D3
:10A1D800019A42B90EEB050204EB420213449A7A43
:10A1E80042F001029A72002003B0BDE8F08F01200E
:10A1F80003B0BDE8F08F4FF0010E05EB4500364D7A
:10A208000EFA08FED5F800803249D4F800A04FEACB
:10A21800481303F1010C41F80CA0A4888C44ACF855
:10A228000440CC18CE5484F807E00833CE5A2B4C9F
:10A2380003EB40002640CE520B440844D988019ACB
:10A248002140D980998921409981598A2140598290
:10A258000C99FFF727FF0F2FDBBF01373B4608F1AB
:10A268000103C9F80070102B08BF00232B60BAE760
:10A2780005EB450004EB400008301844012303FABD
:10A2880008F30B43019A0C998BF80730FFF70AFF84
:10A29800A9E70C9BD7725B781373019B73B99CF881
:10A2A800023043F001038CF802309CE708310819AA
:10A2B800019A0C991844FFF7F5FE94E79CF80230D0
:10A2C80060F300038CF802308DE700BF0C530021C7
:10A2D80011530021105300210853002100FCFFFFF7
:10A2E8002DE9F04F89B007939DF854309DF84CC084
:10A2F80004939DF958301C9C01939DF95C300C34F3
:10A30800CDF814C00293DDF850C01B9B05460E46DD
:10A318002046022103939DF868709046CDF818C036
:10A32800DDF84890BDF860A0DDF864B015F0CBFA10
:10A338004FF03E0E024607F11A0C82F800E082F850
:10A3480001C00121204615F0BEFA0D210246117008
:10A3580007F119012046C9B215F0B5FA0122A0F893
:10A368000150027004460CF087F8049B984243D8C9
:10A37800231DB9F1000F33D0079AE270D9F80020F5
:10A388006260B9F804209A8096FAA6F6B6FA86F6BC
:10A39800013684F80B80A672BBF1000F35D09BF80C
:10A3A80001301B092373019B15F004056373029B9D
:10A3B800A4F80FA0A37304F1120318D0059A069904
:10A3C80062740A68C4F812208A889A803A46039907
:10A3D80004F11900277609B0BDE8F04F16F094BAD9
:10A3E80084F80390C4F80490A3F80490CCE765744B
:10A3F800C4F812509D80E9E71846221DE11C0CF0B4
:10A4080017F8E3780233E370BEE7FF23CAE700BF1B
:10A418002DE9F041194C6468A40004D59046184A07
:10A428001268120701D4BDE8F08103F10C04054657
:10A438000E462046022115F046FA40F63E43012119
:10A448000380204615F03FFA042203460B212046DC
:10A458001A7015F038FA0570A0F801803DB97268D5
:10A46800B368C0F80320C0F80730BDE8F0810027C2
:10A47800C0F80370C0F80770BDE8F081080000213B
:10A48800000000212DE9F04F0B46594987B00446DA
:10A4980003C90490ADF81410080C56498DF816003D
:10A4A800496889007ED51546534A1268D20479D581
:10A4B800274617F8020B93F8189093F819B043063B
:10A4C8007AD40023C0F380113A46CDE9003300F076
:10A4D8000F00FFF71DFE002864D1237803F00F0357
:10A4E800012B62D094F80180A8F1060A5FFA8AFA73
:10A4F800564608F11403DBB208F1130803935FFA18
:10A5080088F80C350221284615F0DDF93E2203466D
:10A518001A70039A01215A70284615F0D4F90D22B1
:10A52800034641461A70284615F0CDF901230370F9
:10A538002378054603F00F0318336B4413F8083CDF
:10A54800A0F801300BF098FF58453DD958462A1D10
:10A55800E91C0BF06DFFEB780233EB7001226A8186
:10A56800FF2200232A737F222146C9F1000985F8BA
:10A578000E90EB732B746A7311F8082B05F1120710
:10A5880002F00F00012829D06B74C5F81230BB8087
:10A59800324605F1190085F818A007B0BDE8F04F5C
:10A5A80016F0B2B907B0BDE8F08F1A2306464FF08F
:10A5B800190882460393A4E700213B4608465A46F9
:10A5C8000CF050F820787CE72378C3F38013EB7005
:10A5D800D4F802306B60BB882B81BFE7C2F3C0128E
:10A5E8006A74A368C5F812308B88BB80D0E700BFB7
:10A5F800D40D020108000021000000212DE9F04FD0
:10A6080095B014469DF88820289D0E929DF99020BB
:10A6180013930F92024641F020030C93BDF8943037
:10A628009DF878909DF88080BDF89CB0299E2B9F5E
:10A6380095F800C00D94109364462A2C28BF2A244C
:10A64800139B12921B781193239B93F900A0269BCE
:10A6580008940793109B0D9906930F9B119ACDE9C7
:10A6680004A30E9B0C980393219BABEB040BCDE941
:10A6780001831F9B1FFA8BFB00933B680A93336887
:10A6880009934B46FFF72CFE3368022023443360BE
:10A698002B784FF4A0221B1B2B700023FCF724F906
:10A6A8000146386000285AD02A9815F0EFF895F836
:10A6B80000C0BCF12A0FCAD8129A6146D268002A93
:10A6C80047D0E34548D9BCF1000F66D17F21239BD1
:10A6D800197092F822108C065BD092F82310C807E4
:10A6E8004CBF02F12A0002F124008B0748BF063054
:10A6F8000C0748BF0230CB0607D58178139B490960
:10A708000131197092F8231003308C0648BF1230BB
:10A718004B0603D510F9011B239B197092F82210E0
:10A72800C1F305010131CCB202F12201411AC9B2CB
:10A73800A14205D2A4EB010C21465FFA8CF4204417
:10A7480092F821408C420DD800214FF000038C462E
:10A758002B708B453FF670AF15B0BDE8F08F00DE6B
:10A768003968A1E7306092F821C0ACEB010C5FFAC0
:10A778008CFCDC45614684BF59465FFA8BFC594521
:10A7880085F800C0FFF458AFBCF12A0F3FF654AF6C
:10A79800E2E7012102F12300D2E7139B129293F81A
:10A7A80000A0239BCDF844A093F90040A24664463C
:10A7B800269B08940793109B0D9906930F9B119A5B
:10A7C800CDE904A30E9B0C980393219BABEB040BE0
:10A7D800CDE901831F9B1FFA8BFB00933B680A930B
:10A7E800336809934B46FFF77BFD33680220234407
:10A7F80033602B784FF4A0221B1B2B700023FCF72F
:10A8080073F80146386038B12A9815F03FF82B786C
:10A818002A2BCDD8129A59E700DE3968F4E700BF31
:10A828002DE9F04F7F2500247B4EA9B077688DF87D
:10A838008A508DF88B50BD008A46CDE924448DF8A6
:10A848008C408DF88D408DF88E408DF88F401F9389
:10A8580003D5724B1B68D90410D4DAF80C4054B1F4
:10A86800002627AD23462794E46828461E60FEF795
:10A87800A1FD002CF6D129B0BDE8F08F1646804620
:10A888001C940BF0F9FDDAF80C90D3464F46CDE94D
:10A898001544CDE91D441490119413941A941294FC
:10A8A80017941B9420969BF8193098F802500F9330
:10A8B8009BF818309BF81A90199315F03F064FEA49
:10A8C8009513C9F34000C9F34012189300F0718141
:10A8D80098F8033008F1040413F0010600F08381AE
:10A8E800DA4500F0F081DAF80C10594500F0EB81F8
:10A8F80000210E46109113F0020108F10A0400F03D
:10A908007781DA4500F0BB81DAF80C10594500F080
:10A91800B6814FF0000C614606345A0748BF01342F
:10A9280013F008021CBF2246023413F010000E90E8
:10A9380013D0DAF80C0058450E9000F0CA81DA45B9
:10A9480000F0CE8194F802E0BEF15F0F4FEA5E108E
:10A9580000F2C98101300E900334980602D5608850
:10A9680012341A905B0648BF14F9010BC5F30505AC
:10A9780008F1020305F10105A4EB0303EDB2DBB214
:10A9880058BF7F20AB4206D8A5EB030E1EF0FF0E82
:10A998001CBF2B46744498F80150AB4240D2EB1AC6
:10A9A800DBB21D46DDF858E075441F2D40DCDA4562
:10A9B80000F0208119F0100F40F00581DDF890E0DB
:10A9C800119A139D002A08BF35461395109D18BF8C
:10A9D8001546129A1195002A159D04BF62460D4628
:10A9E80012921595BEF1000F00F03F81179A1A4494
:10A9F80093B217930BF040FD149A0F9913468242B5
:10AA080028BF0B461493002F00F01081BB4607F1B6
:10AA18002008FF6847E700BF080000210000002168
:10AA280000242546DDF858E0234675441F2DBEDD79
:10AA3800249F209E002F00F0AD810227119B002B40
:10AA480000F0958100241B9B07200093119A1C9B02
:10AA580013990194FFF75CFB002840F0A181640181
:10AA6800E4B2129B1BB11C9B43F004031C93199B7B
:10AA7800169A5B425DB29DF88E3026969342C0F0DE
:10AA88004F812A2B00F24C8132461C9908932143AE
:10AA98000C461B9B0A9207931A9B2046CDE9055347
:10AAA800149B1F990393129B9DF88F200293159B6B
:10AAB8000193119B0093259B09939DF98B30049377
:10AAC800139BFFF70DFCDDF89080B8F1000F00F044
:10AAD800508102204FF4A0220023FBF705FF04F069
:10AAE8009F04804644F008042690002800F06981FD
:10AAF8004146304614F0CAFE9DF88C30179A9342AE
:10AB080001D32A2B25D9179B214609931B9B1E98F5
:10AB180008931A9B1F9ACDE90653149B0C9604932D
:10AB2800129B0393159B0293119B0193139B009314
:10AB380026AB0D9324AB0B9323AB0A930DF18A0339
:10AB480005930DF18D03FFF759FD9DF88C30DDF865
:10AB5800988008931B9B249A07931A9B0992CDE926
:10AB68000553149B9DF98A200393129B44EA4710CE
:10AB78000293159B04920193119B1F9900939DF8D2
:10AB88008D20139BCDF82880FFF7AAFBDAF80C403C
:10AB9800002C3FF470AE002627AD23462794E468C6
:10ABA80028461E60FEF706FC002CF6D129B0BDE849
:10ABB800F08F31460123B44632467F200E96109618
:10ABC80008F10304E7E60E9A002A56D19DF88F5043
:10ABD800A6468DF88D508DF88C3024948DF88A0017
:10ABE800CDF878B0ECE613F0020110967FF489AE48
:10ABF8008C4692E60F9BCDE912C61493189B8DF8EC
:10AC08008B001C93109B159111930E9B1B928DF832
:10AC18008F304FF000038DF88E300023CDF874A0EC
:10AC2800259316931793002F7FF4F0AE0E9B249A6A
:10AC3800003B18BF0123B946209E5F00002A7FF41D
:10AC4800FDAE119B002B40F0D580002F00F0D58081
:10AC58001B9B002B00F0BD809DF98B307F2B00F0F3
:10AC6800B480002740241197FBE6259900294BD092
:10AC7800169A1A4493B21693BCE60E9DA8E70028CC
:10AC88004BD1DAF80800016891F86210C1F381012C
:10AC98000E9182B190F8282098F80010C2F3801223
:10ACA800B2EBD11F0AD1062221463630219315F086
:10ACB8005AFE219B10B9A4460E992DE60E9AA44679
:10ACC80042F0020128E698F800601094C6F3801656
:10ACD80011E6A80900283FF432AE00200E903BE6AA
:10ACE800002F7FF42FAE0E9800283FF4C4AD002447
:10ACF800064627AD33462796F66828461C60FEF7B9
:10AD080059FB002EF6D1B6E525948DF88B00CDF8C9
:10AD180074B08DF88E3016936CE6A446FE21FBE5E0
:10AD2800169B1F9A09931B9B1D9808931A9B1C99A5
:10AD3800CDE90653149B0C960493129B0393159B21
:10AD48000293119B0193139B009326AB0D9325ABA4
:10AD58000B930DF18E030A930DF18B0305930DF1FF
:10AD68008F03FFF74BFC9DF88E30269A8DE61C4624
:10AD780077E6DAF80C40002C3FF47DAD464627AD67
:10AD880023462794E46828461E60FEF713FB002C30
:10AD9800F6D170E5119B002B3FF45AAF022452E61E
:10ADA800DAF80C40002C3FF466AD002627AD2346A8
:10ADB8002794E46828461E60FEF7FCFA002CF6D1BA
:10ADC80059E500DEDDF8988092E6259B002B7FF49C
:10ADD80048AFDAF80C40002C3FF44DAD002627AD03
:10ADE80023462794E46828461E60FEF7E3FA002C01
:10ADF800F6D140E53C464F4625E6119C31E600BFBA
:10AE080070B50546022002F013FE044660B1074BF8
:10AE18000121188814F00AFE012106460C3014F0AE
:10AE280052FD0C2303702E60204670BD84800021E3
:10AE380070B50546012002F0FBFD044660B1074BE2
:10AE48000121188814F0F2FD012106460C3014F097
:10AE58003AFD0C2303702E60204670BD84800021CB
:10AE68002DE9F0410138144686B0112813D8DFE8DF
:10AE780010F02C0047005D00120012006F00120055
:10AE88008100A000B300120012001200C500E30008
:10AE98001200120017006FF0150006B0BDE8F0812F
:10AEA800CB68DA78997818880AF0B2FD6F4B0646B5
:10AEB8000121188814F0BAFD012105460C3014F060
:10AEC80002FD067025600020E7E7684B0D21188811
:10AED80014F0ACFD0D2120600C3014F0F4FC0023BC
:10AEE8004FF480610322624C0370C0F80140A0F85F
:10AEF8000510C271037243728372C3720373E2E76F
:10AF08005A4B4121188814F091FD412120600C30E2
:10AF180014F0D9FC002104463E2200F8031B15F06A
:10AF28001AFD46F2A733A4F80130CCE74F4B0921AC
:10AF3800188814F07BFD092120600C3014F0C3FC44
:10AF48000022034603F8012BC0F801205A60BAE733
:10AF5800C9680020FDF7D2FC444B0121188814F081
:10AF680065FD012105460C3014F0ADFC002303708B
:10AF78002560A8E73F4E01AD0FCE0FC53B4F3368A4
:10AF8800122138882B7014F051FD122120600C30EA
:10AF980014F099FC0023044606462F7804F8013B78
:10AFA80001AD0FCDC6F801006160A260E3602774AF
:10AFB80089E72E4B1821188814F038FD18212060D5
:10AFC8000C3014F080FC00230446012100F8023BF9
:10AFD8000FF02EFD607076E7244B2121188814F0BD
:10AFE80025FD212120600C3014F06DFC0023014662
:10AFF800013001F8113B0FF06BFD64E71B4BCD6886
:10B00800188805212E78B5F8017014F00FFD052178
:10B0180020600C3014F057FC0446224695F90330A2
:10B028001FFA87F84146304602F8043FFDF728FC2E
:10B0380066706780207046E7CB6805211E78B3F8F4
:10B0480001500A4BAFB2188814F0F0FC05212060BB
:10B058000C3014F038FC0446394600223046231DD3
:10B06800FDF7E6FB6670658020702CE78480002180
:10B0780002000300DC0D020100232DE9F04F97B018
:10B088001193038A022B35D905460E460C3003214D
:10B0980014F038FC2A8A83789A422BD30088D04C43
:10B0A800C0F38523082B1FFA80FC2080C0F3090712
:10B0B8000DD8C3B1013B072B15D8DFE813F02000EA
:10B0C80014002C007701A901140014007A003F2B0A
:10B0D80009D12946384611AAFFF7C2FE163041F0B9
:10B0E8007B81B4F800C00121604617B0BDE8F04F7D
:10B0F80014F0AEBC0025284617B0BDE8F08F062F27
:10B1080001F043811D2FEED1EB68188805F0C0FDD2
:10B1180001462088E9E7352F00F2B2812C2F00F292
:10B128009581012F00F0DE81032FDCD14FF0FF3134
:10B13800AC4A1F2011600021AB4A4FF0FF3641F6A0
:10B14800FF77C2E9000100200021A84B0025C3E9D0
:10B158000067A74BA74FC3E90001FDF74BFF01218B
:10B16800208814F063FC012104460C3014F0ABFB7A
:10B178000346A14A1194A14EA14C1D7015602946A1
:10B188002022A0483D603560256015F0E4FB9E4B09
:10B19800D3E8EF1F41F00101C3E8E21F002AF7D10D
:10B1A8009A4B1868294613F037FDFEF76BFF119D7F
:10B1B800A1E7781E7A2896D801A353F820F000BF9B
:10B1C800CBBD000145BD00017DBD0001EFB0000110
:10B1D800DBBC00011DBD0001FFBC000169BD000111
:10B1E800C7BC0001B1BC00019DBC000173BC0001DB
:10B1F800DBBB0001B9BB000197BB000177BB0001B5
:10B2080055BB000133BB00010FBB0001EDBA0001C3
:10B21800C1BA0001B1BA000175BA000153BA000100
:10B2280039BA00010BBA0001DDB90001BBB9000150
:10B2380089B9000151B9000127B90001E9B8000135
:10B24800B3B80001EFB00001EFB00001EFB00001AA
:10B25800EFB00001EFB000016BC3000149C300016A
:10B2680009C20001E7C10001F7BF0001C3BF000127
:10B278009FBF00017DBF0001EFB0000199C200012E
:10B2880061C20001F3C2000193C0000129C200019C
:10B2980065BE00013DBE0001F1BD00019BC100017A
:10B2A80027C100017FC000016BC00001E5C000019B
:10B2B800C5C00001EFB00001EFB00001EFB0000120
:10B2C800FBBE0001A9BE000195B70001EFB0000167
:10B2D800EFB00001EFB00001EFB00001EFB00001E6
:10B2E800EFB00001EFB000014DB70001EFB0000171
:10B2F800EFB000012BB70001F1B600012BC000012F
:10B30800EFB00001EFB00001EFB00001EFB00001B5
:10B31800EFB00001EFB00001EFB00001EFB00001A5
:10B32800EFB00001EFB00001EFB00001EFB0000195
:10B33800EFB00001EFB00001EFB00001EFB0000185
:10B34800EFB00001EFB00001EFB00001EFB0000175
:10B35800EFB00001EFB00001EFB00001EFB0000165
:10B36800EFB00001EFB00001EFB00001EFB0000155
:10B37800EFB00001EFB00001EFB00001EFB0000145
:10B38800EFB00001EFB00001EFB00001EFB0000135
:10B39800EFB00001EFB00001EFB00001EFB0000125
:10B3A800EFB00001EFB0000173B80001781E082863
:10B3B8003FF699AE01A353F820F000BFADB50001E8
:10B3C80057B5000131B50001EFB00001EFB0000141
:10B3D800EFB00001EFB00001EFB0000111B50001BE
:10B3E800848000210C530021000000210800002166
:10B3F8000005002104530021D052002100530021F0
:10B40800FC520021DC520021D8520021D4520021E4
:10B41800052F7FF468AEEB68604604211E8814F09F
:10B4280005FB042105460C3014F04DFA0446B7B26A
:10B438003846E11C05F0C0FCA4F801602070002823
:10B448004DD1E3785B425BB2E37054E6A7F12D007F
:10B4580008283FF648AE01A353F820F017B60001BC
:10B46800EFB00001EFB00001EFB00001D7B5000167
:10B47800EFB00001B9B60001EFB0000149B6000114
:10B488007B2F00F08B877C2F14D1EB681E8859889E
:10B49800B0B205F0E5FC0346032120881C4614F0F1
:10B4A800C5FA032105460C3014F00DFA0470A0F813
:10B4B800016020E6632F7FF416AEEA68AA4B116894
:10B4C80052681960604601215A6014F0AFFA0121F0
:10B4D80005460C3014F0F7F9002303700BE67F23C0
:10B4E800E37008E6EA68A14B116852681960604683
:10B4F80039465A6014F09AFA394605460C3014F069
:10B50800E2F900230370F6E56046072114F08EFA8D
:10B51800072105460C3014F0D6F90146002001F841
:10B52800010BFDF721FAE6E50921604614F07EFAE1
:10B53800092105460C3014F0C6F9002203466021A3
:10B5480003F8012BC0F801205A604171D3E5604629
:10B55800412114F06BFA412105460C3014F0B3F97F
:10B56800002104463F2200F8021B15F0F4F980215F
:10B57800C022E42342F22820E170A2710421202293
:10B58800E3720123A4F80F007948E175C4F81A00A2
:10B5980078486270C4F82100774884F82E30C4F8DF
:10B5A8002500A8E50921604614F040FA092105465E
:10B5B8000C3014F088F900234FF450610D226F4CC1
:10B5C8000180C0F805408370C370027193E5EB6891
:10B5D800012160461E7814F029FA0546684C0121BD
:10B5E8000C30119514F06FF92368002B00F0F086E9
:10B5F800644B1B68002B40F0EB860370002E00F0B4
:10B608001C87012E00F02B871223037073E5EB686B
:10B61800604604211E8893F8028014F007FA04217A
:10B6280005460C3014F04FF90446B7B24246394685
:10B638000220E31CFDF7FCF8A4F8016020705AE52D
:10B648004F4BED681B68002B40F3EA864D4B1B6897
:10B65800002B00F0D8862C78002C00F0C88600203B
:10B66800494E044603460CE036F811309A42A3EBE3
:10B67800020311D826F811302A78C3B29A4240F250
:10B68800B68605EB8303B3F80110B3F803200F293E
:10B6980000F101001444E7D90121604614F0C6F90D
:10B6A800012105460C3014F00EF91223037022E52F
:10B6B800EB6801216046B3F803401E8814F0B6F920
:10B6C800054601210C30119514F0FDF82C4A136839
:10B6D800002B40F084861A2E40F285860A2C28BF5B
:10B6E8000A246442146006E5ED682E4616F8070B36
:10B6F800AA78EB7869780396AE7902966E79019606
:10B708002D7900950FF016F90346012120881C4673
:10B7180014F08CF9012105460C3014F0D4F80470AB
:10B72800E9E4E868C1790BF08FF803460121208825
:10B738001C4614F07BF9012105460C3014F0C3F8BF
:10B748000470D8E46046032114F070F9032105461B
:10B758000C3014F0B8F800230146013001F8023B20
:10B76800FDF7C2F8C7E400BF00050021080000216A
:10B77800F7FFFF7F3030F8F7FFE3801CF105FFFF8C
:10B7880004530021D0520021DC5200210220ED6830
:10B7980002F04EF9002841F01D806F7A17F0050F6E
:10B7A80007F0FD0801F0128018F0F80F41F00E8044
:10B7B8004FF0020905262B780C936B780D93AB7824
:10B7C8000E93EB1C0F930A3596FAA6F30122B3FAEF
:10B7D80083F302FA03F3DAB213EA080301F02E80C6
:10B7E800288869880328B5F806C0B5F808E0B5F8D0
:10B7F8000AA040F2F387032940F2F08740F67A4B1B
:10B80800ACF106039BB25B4500F2E887BEF5FA7F10
:10B8180080F0E48740F6764BAAF10A039BB25B45B9
:10B8280000F2DC870EF101039BB20CFB03F3B3EBD0
:10B838008A0F80F2D3870D9BCDE904A201930F9B59
:10B84800CDE902CE00930C9A0E9B1035F7F79CFBBE
:10B85800002840F00682731EB9F1010F06EA0306BC
:10B8680040F0A38707F00400F9E1ED68AE79EF1D19
:10B87800A91991F907C0AA78EB7869782878CDE9F1
:10B88800037C02966E7901962D7900950EF09AFF49
:10B898000346012120881C4614F0C8F801210546FA
:10B8A8000C3014F010F8047025E40023EA68022133
:10B8B80016889278B0B2CDE90233CDE9003305F0AD
:10B8C80017F90346032120881C4614F0AFF803211A
:10B8D80005460C3013F0F7FF0470A0F801600AE485
:10B8E8000022ED6802212E886B8803922F89B0B25E
:10B8F8000297EF880197AD88009505F0F9F803469F
:10B90800032120881C4614F091F8032105460C30C9
:10B9180013F0D9FF0470A0F80160FFF7ECBB12A880
:10B928000FF048F80346032120881C4614F07EF8DF
:10B93800032105460C3013F0C6FF0470BDF84820FB
:10B94800A0F80120FFF7D7BBEB687F259A785978D4
:10B9580018780023CDE90335CDE90133009301239D
:10B968000EF030FF0346012120881C4614F05EF8D3
:10B97800012105460C3013F0A6FF0470FFF7BBBB8E
:10B988000023EA68012110781A46CDE90233CDE98F
:10B9980000330EF0CFFF0346012120881C4614F027
:10B9A80045F8012105460C3013F08DFF0470FFF7B0
:10B9B800A2BB0921604614F039F8092105460C306C
:10B9C80013F081FF0022D14CD1490460416002721A
:10B9D800FFF791BBEB6800221E880621B0B20AF07F
:10B9E80005F80346032120881C4614F01FF803219C
:10B9F80005460C3013F067FF0470A0F80160FFF7EC
:10BA08007ABBEA68002132F8026BB0B209F0EEFFA7
:10BA18000346032120881C4614F008F80321054634
:10BA28000C3013F050FF0470A0F80160FFF763BBFF
:10BA3800E96801F10C0301F10A0231F8020B0AF07E
:10BA4800E9F801462088FFF750BB6046092113F04A
:10BA5800EDFF092105460C3013F035FF00230821BE
:10BA680000F8013B0BF014FEFFF745BBE968002323
:10BA780012AA0846103110F0D9F91121208813F0C4
:10BA8800D5FF112105460C3013F01DFF0023064693
:10BA9800074606F8013B12AC0FCCC7F801007160ED
:10BAA800B260F360FFF727BBEB68188805F0CAF8A7
:10BAB80001462088FFF719BBEB68604608211E88FD
:10BAC80013F0B4FF082105460C3013F0FCFE0446C1
:10BAD800B7B23846E11C05F055F8A4F801602070AB
:10BAE800FFF709BBE8680AF019FA03460121208824
:10BAF8001C4613F09BFF012105460C3013F0E3FEB2
:10BB08000470FFF7F8BA0022E9684B8808880392A6
:10BB18000D890295CD88019589880091114604F018
:10BB2800E7FF01462088FFF7E0BAE8680AF030FC32
:10BB38000346012120881C4613F078FF01210546A1
:10BB48000C3013F0C0FE0470FFF7D5BAE8680AF0AD
:10BB580089FB0346012120881C4613F067FF012159
:10BB680005460C3013F0AFFE0470FFF7C4BA0AF0B4
:10BB78004FFB0346012120881C4613F057FF012183
:10BB880005460C3013F09FFE0470FFF7B4BA604608
:10BB9800022113F04BFF022105460C3013F093FEEF
:10BBA8000023037004460AF031FB6070FFF7A3BA64
:10BBB800304609F0E3FF0346012120881C4613F0B4
:10BBC80035FF012105460C3013F07DFE0470FFF7A8
:10BBD80092BA0120ED6801F02BFF0646002840F0DC
:10BBE800F98543F6FC7228886988031F9BB2934243
:10BBF800B5F80F70B5F811C0B5F813E000F2EE858E
:10BC08000B1F9BB2934200F2E98540F67A42BB1FB4
:10BC18009BB2934200F2E285BCF5FA7F80F0DE85A4
:10BC280040F67642AEF10A039BB2934200F2D68503
:10BC38000CF101039BB207FB03F3B3EB8E0F80F209
:10BC4800CD856B792A79CDE904E6CDE9027C2E7B96
:10BC5800063501960095F7F797F9014610B909F0EE
:10BC68004FFF01462088FFF740BA0120ED6801F038
:10BC7800DFFE0346002800F0C9840121208813F064
:10BC8800D5FE012105460C3013F01DFE0C23037070
:10BC9800FFF731BA11A8ED68FFF7CAF8002800F0DD
:10BCA800D284119DFFF727BA11A8ED68FFF7C0F8F5
:10BCB8000346002800F0E284119DFFF71CBA11A882
:10BCC800ED68FFF7B5F8002800F0FB84119DFFF739
:10BCD80012BAE9680120FCF711FE03460121208809
:10BCE8001C4613F0A3FE012105460C3013F0EBFDB2
:10BCF8000470FFF700BA11A8FFF79AF80646002863
:10BD080000F01685119DFFF7F6B900BF00FFFF3F51
:10BD1800FFFF03000120ED6801F08AFE002800F013
:10BD280044840121208813F081FE012105460C304E
:10BD380013F0C9FD0C230370FFF7DDB90421604639
:10BD480013F074FE042105460C3013F0BCFD1B24CF
:10BD580000220721027044708270C170FFF7CBB9CE
:10BD680011A8ED68FFF764F8002800F0BD84119D64
:10BD7800FFF7C1B96046092113F058FE09210546AD
:10BD88000C3013F0A0FD0024034603F8014BC0F863
:10BD980001405C600646FCF745FD23460A4661F310
:10BDA8000703C1F30721120C61F30F2362F3174352
:10BDB800120A62F31F63C6F80100C6F80530FFF7E0
:10BDC8009AB9EA68C24B1168526819606046012145
:10BDD8005A6013F02BFE012105460C3013F073FD59
:10BDE80000220270FFF787B911A8ED68FFF708F87D
:10BDF800002840F06083287812A901F03FFE06462B
:10BE0800002840F04D83AA78EB78697804350095CE
:10BE18009DF8480003F090F90346012120881C464C
:10BE280013F004FE012105460C3013F04CFD04709C
:10BE3800FFF761B90220ED6801F0FAFD002800F073
:10BE48003D830121208813F0F1FD012105460C30C6
:10BE580013F039FD0C230370FFF74DB911A8EE68F4
:10BE6800FEF7CEFF002840F00A83307812A901F0CF
:10BE780005FE0546002840F0F782711C9DF8480031
:10BE880002F082FC0346012120881C4613F0CEFDF7
:10BE9800012105460C3013F016FD0470FFF72BB98D
:10BEA80011A8ED68FEF7ACFF0346002840F0C384F4
:10BEB8002878002800F038846A78002A00F0348452
:10BEC800844A1360844A1360AA88698804F052F887
:10BED800034601210C2B20881C4608BF002413F0C0
:10BEE800A5FD012105460C3013F0EDFC0470FFF7A9
:10BEF80002B911A8ED68FEF783FF002840F0958489
:10BF0800AF7817F0050F00F0838417F0FA0F40F0B0
:10BF18007F844FF0020805264FF001096B7895F8E9
:10BF280000B00C93033596FAA6F2B2FA82F209FA37
:10BF380002F2D2B250003A40C0B200F053842B78DB
:10BF4800B5F8011003F00103B5F8032018430535CF
:10BF58000C9B00935B46F5F7C7FC731E82461E4098
:10BF6800002840F01284B8F1010F00F00E844FF061
:10BF78000108D8E7EB6818880AF05CFC01212088E2
:10BF880013F054FD012105460C3013F09CFC0022EF
:10BF98000270FFF7B0B8EB6818780AF033FC034674
:10BFA800012120881C4613F041FD012105460C3073
:10BFB80013F089FC0470FFF79EB8EB680721186836
:10BFC80012909A889B796046ADF84C208DF84E30D7
:10BFD80013F02CFD072105460C3013F074FC0446C1
:10BFE80012A8611C0AF0DCFB2070FFF784B8EB682C
:10BFF8000721186812909A889B796046ADF84C2002
:10C008008DF84E3013F012FD072105460C3013F061
:10C018005AFC044612A8611C0AF084FB2070FFF742
:10C028006AB8ED687F272E4616F8070BAA78EB78D2
:10C038006978CDE90367AE7902966E7901962D7914
:10C0480000950EF0BFFB0346012120881C4613F023
:10C05800EDFC012105460C3013F035FC0470FFF7A8
:10C068004AB811A8FEF7CCFE0646002800F07D83EA
:10C07800119DFFF740B811A8FEF7C2FE064600283A
:10C0880000F00E83119DFFF736B8EB689A7859785F
:10C0980018780023CDE90233CDE900330EF04AFCCD
:10C0A8000346012120881C4613F0C0FC01210546E7
:10C0B8000C3013F008FC0470FFF71DB811A8FEF748
:10C0C8009FFE002800F04183119DFFF714B800BFC0
:10C0D80000000021085300210C53002111A8ED682D
:10C0E800FEF78EFE002840F0D881287812A901F0CA
:10C0F800C5FC0546002840F0C5819DF8480002F0BF
:10C1080057FB0346012120881C4613F08FFC0121B0
:10C1180005460C3013F0D7FB0470FEF7ECBF11A8EE
:10C12800EE68FEF76DFE014680BB7578002D00F0C5
:10C138005C83304605F1FF3EA5F1020C371D8E45A4
:10C1480040F3BC83CBB25A1CD2B2954240F2708302
:10C15800ACEB0302D2B20A44034690F8029007EB14
:10C16800820202E09A4200F0638393F80680043367
:10C17800C845F7D10121208813F058FC0121044655
:10C188000C3013F0A0FB122311940370119DFEF7DD
:10C19800B2BF11A8ED68FEF733FE002840F0028216
:10C1A800287812A901F06AFC0646002840F0EF81C1
:10C1B800AA78EB786978043500959DF8480003F073
:10C1C80089FA0346012120881C4613F02FFC01211F
:10C1D80005460C3013F077FB0470FEF78CBF604601
:10C1E800022113F023FC022105460C3013F06BFBEF
:10C1F80004460AF041F9002360702370FEF77BBF04
:10C208000AF03CF90346012120881C4613F00EFC75
:10C21800012105460C3013F056FB0470FEF76BBF86
:10C22800E8687F2600258278C37841780078CDE9D0
:10C238000356CDE9015500950EF0C4FA03460121D5
:10C2480020881C4613F0F2FB012105460C3013F040
:10C258003AFB0470FEF74FBFEB681A78D00744BF6B
:10C2680007215970910744BF07229A709978587826
:10C2780004F056FD0346012120881C4613F0D6FB26
:10C28800012105460C3013F01EFB0470FEF733BF86
:10C29800EB68604605211E8813F0C8FB052105469A
:10C2A8000C3013F010FB0446B7B2221DE11C3846CF
:10C2B80004F012FDE3782179002B93FAA3F391FAA5
:10C2C800A1F2B3FA83F308BF4FF0FF330029B2FAA3
:10C2D80082F208BF4FF0FF3201330132A4F8016047
:10C2E8002070E3702271FEF706BFEB689978188812
:10C2F800CA07B3F8055003D5DA7842F00702DA70B6
:10C308008F0703D51A7942F007021A71D9781B7979
:10C3180041EA0302072A00F29B824E0700F042829C
:10C328005A0700F03F8215F003021CBF05F1FF35E4
:10C3380005F0010204F000FD01462088FEF7D5BE95
:10C34800E8680AF0DFF80346012120881C4613F04C
:10C358006DFB012105460C3013F0B5FA0470FEF7A9
:10C36800CABEE86800F11702C11D0AF05BFD03466A
:10C37800012120881C4613F059FB012105460C3089
:10C3880013F0A1FA0470FEF7B6BEEB689978188826
:10C3980004F01EFC01462088FEF7A7BEEB6812A930
:10C3A8001E88B0B204F024FD0346052120881C46EF
:10C3B80013F03CFB052105460C3013F084FA047099
:10C3C800A0F80160BDF84830A0F80330FEF793BE2E
:10C3D8000C230370FEF78FBE119DFEF78CBE0C2355
:10C3E8000370FEF788BE12230370FEF784BEC84AA6
:10C3F800C8491368086823441360002112F00CFC34
:10C40800119DFEF778BE0121604613F00FFB012154
:10C4180005460C3013F057FA12230370FEF76BBE73
:10C428000121604613F002FB012105460C3013F090
:10C438004AFA0C230370FEF75EBE2368002BFEF653
:10C448005AAE0021B24BB44E2022B4481960316074
:10C4580014F081FA23685B422360FEF74CBE236820
:10C46800002BEEDDFEF747BE0121208813F0DEFA2F
:10C47800012104460C3013F026FA11940570119D21
:10C48800FEF739BE0121208813F0D0FA01210446B5
:10C498000C3013F018FA11940570119DFEF72BBE9D
:10C4A8000121208813F0C2FA012104460C3013F050
:10C4B8000AFA11940670119DFEF71DBE2878EF2820
:10C4C80000F2D681B5F801806B79B5F8036008F001
:10C4D8001801182946EA03462A7AEB880BD043EA62
:10C4E80002439E4200F2B7811F2E40F2B481B3F599
:10C4F800804F00F2B0812B7D032B00F2C681AB7D0B
:10C50800032B00F2C28112A901F0CAFA07460028DB
:10C5180040F0C8810127EB7C32468DF843302B7EF2
:10C528000DF1430E0A93EB7D05F10C0C0993AE7DDA
:10C538004146013E07FA06F6F6B208966E7D0723D5
:10C5480007962E7DCDF814E0013E07FA06F6F6B2FE
:10C558000696AE7C9DF8480004966E7ACDE902C630
:10C56800EE7A0196AD7A009501F0BEFA03460221F3
:10C5780020881C4613F05AFA022105460C3013F0A5
:10C58800A2F904709DF843204270FEF7B4BD012162
:10C59800208813F04BFA012104460C3013F093F96C
:10C5A80011940670119DFEF7A6BD2B792A88012BE0
:10C5B8000AD069888A4200F2FC801F2A40F2F9807A
:10C5C800B1F5804F00F2F5800021CDE90911CDE9E0
:10C5D8000711CDE90511A87BEE1D0490687BCDE914
:10C5E8000260A879019068790090084601F07CFA09
:10C5F8000346012120881C4613F018FA012105463C
:10C608000C3013F060F90470FEF775BD287890B30C
:10C618006A7882B3424A1360002242490B6011468D
:10C6280003F0A8FC034601210C2B20881C4608BFF8
:10C63800002413F0FBF9012105460C3013F043F9EF
:10C648000470FEF758BDB5F803206B79B5F80110F2
:10C658002878AD790095F5F747F903460121208838
:10C668001C4613F0E3F9012105460C3013F02BF9B1
:10C678000470FEF740BD4FF0FF33CDE7024629783E
:10C68800F3F7B2FF0346012120881C4613F0CEF9C8
:10C69800012105460C3013F016F90470FEF72BBD86
:10C6A8000321208813F0C2F9032105460C3013F04A
:10C6B8000AF9044602F078F82670A4F80100FEF79B
:10C6C8001ABD2A4612F8011B01F0ACFF03460121EE
:10C6D80020881C4613F0AAF9012105460C3013F0F6
:10C6E800F2F80470FEF707BD2A4612F8011B01F0A4
:10C6F8002BFF0346012120881C4613F097F90121DE
:10C7080005460C3013F0DFF80470FEF7F4BC00BFE8
:10C71800FC520021D452002100530021DC52002198
:10C72800085300210C5300214FF0FF33FFF7CABB19
:10C738000221208813F07AF9022105460C3013F003
:10C74800C2F806704670FEF7D6BC02F05FF80346E2
:10C75800012120881C4613F069F9012105460C3097
:10C7680013F0B1F80470FEF7C6BC0221208813F05C
:10C778005DF9022105460C3013F0A5F8044602F0D5
:10C7880015F826706070FEF7B6BC0121208813F0FA
:10C798004DF9012105460C3013F095F880F800A0FA
:10C7A800FEF7A9BC1221FEF79FBC4FF00109FFF765
:10C7B8000BB80121208813F039F9012105460C3006
:10C7C80013F081F812230370FEF795BC112120881D
:10C7D800FEF78BBC0C212088FEF787BC122120882D
:10C7E800FEF783BC1146FFF7B3BB3378002B7FF409
:10C7F800C1AC01F06BFC01210546208813F016F945
:10C80800012104460C3013F05EF811940570BDE464
:10C818000121208813F00AF9012105460C3013F094
:10C8280052F811230370FEF766BC119DFEF763BC36
:10C838000131043083E4119DFEF75DBC52001946B6
:10C84800009302F0FE001A46F5F74EF8FFF700B81D
:10C858001121FEF749BC0121208813F0E7F80121D6
:10C8680005460C3013F02FF811230370FEF743BC74
:10C878000121208813F0DAF8012105460C3013F065
:10C8880022F812230370FEF736BC0121208813F02A
:10C89800CDF8012105460C3013F015F8112303706B
:10C8A800FEF729BC0121208813F0C0F801210546B4
:10C8B8000C3013F008F80770FEF71DBC06F10208EB
:10C8C80011E098F80330B8F8012031789DF8480055
:10C8D800F3F78AFE08F1040807466B1E58B913F0EF
:10C8E800FF0708D03D4698F8000012A901F0C6F8E5
:10C8F80007460028E5D00121208813F097F8012188
:10C9080005460C3012F0DFFF0770FEF7F4BB00BFDE
:10C918002DE9F84300230B60038A032B2ED9054623
:10C9280088460C30042112F0EDFF2B8A4788B0F8B6
:10C938000090BB4222D31B2F20D803F0E9FF4FEA17
:10C94800193633460446F8B19B0817D1D6B1012EE3
:10C9580014D12379677166F301032371E9683A46B4
:10C96800E01D13F0D1FF2146C9F30B0003F0DCFFF3
:10C9780008B9BDE8F883204603F0D0FF6FF0150032
:10C98800BDE8F8830226E4E70F4B1B689B0117D527
:10C998004FF0FF324FF0FF330220F9F7A5FF0221D5
:10C9A800C8F800000C3012F08EFF4FF48D7303802E
:10C9B800D8F8000001210C3012F085FF0123037024
:10C9C8006FF06800D5E700BF08000021F8B50E4BEE
:10C9D8001B68DB0600D4F8BD02F10C0407460D46BF
:10C9E8002046022112F06FFF40F20542034604215F
:10C9F8001A80204612F067FF0026A0F80150067042
:10CA08003A78C270F8BD00BF0800002170B590F8F0
:10CA18002030C68803F00303013B012B01D900DE57
:10CA280070BD01F10C0504460421284612F04BFFA5
:10CA3800034694F8202002F00302022A0CBF46F4B1
:10CA4800005246F48052028094F8212028465A80E9
:10CA580094F8211012F037FF94F8212004F12301F3
:10CA680013F052FF0D4B1A68002AD9DD0C480D4906
:10CA780003680968591A91420AD201330F2E0360DC
:10CA880009D8094A32F81630013322F8163070BD39
:10CA980000DE0368F1E700DEF3E700BF045300217E
:10CAA80000530021FC520021DC5200212DE9F04FF7
:10CAB80003790446032B0D46C68889B000F1200788
:10CAC8001DD0053B182B30D8DFE813F03300910256
:10CAD8007E02A4022F002F005D022F002F002F00DE
:10CAE8002F002F002F00A9012F002F002F00680111
:10CAF8000601EF002E0217020302E001B30090F8CE
:10CB08002330033B0E2B10D8DFE813F0C6020F00CA
:10CB18000F00EF02B8020F0045030F000F000803D3
:10CB280028030F0090020F00100000DE09B0BDE8D6
:10CB3800F08FD04B077E93E803000B0C8DF81E3066
:10CB480094F82030A67E7F42ADF81C10590694F860
:10CB5800198006907FB2C6F3400600F13983C64BB0
:10CB68005B6803F00053002E40F06783002BDDD094
:10CB7800C24B1B689B07D9D5CDE9006694F8200005
:10CB880004F1220BC0F3801133465A4600F00F001F
:10CB9800FDF7BEFA0028C9D194F8203003F00F033E
:10CBA800012B00F0068494F82130A3F1060A5FFAFD
:10CBB8008AFA56469A1D0533DBB25FFA82F9059365
:10CBC8000C350221284612F07EFE3E220346012142
:10CBD8001A70284683F8019012F075FE0222034667
:10CBE80005991A70284612F06EFE0123037094F816
:10CBF8002030054603F00F0320336B4413F8083C3C
:10CC0800437009F039FC804580F0C5834046EA1C32
:10CC1800A91C09F00DFCAB780233AB7085F809A0AC
:10CC28000A353246284604F1280113F06DFEAF5547
:10CC38007CE7914B5B6898007FF578AF8F4B1B685A
:10CC480019057FF573AF0C350221284612F03BFE1B
:10CC580040F23E62034601211A80284612F033FE54
:10CC68000C22034605211A70284612F02CFE94F86F
:10CC78002030A0F80160037094F8212092FAA2F302
:10CC8800002AB3FA83F308BF4FF0FF330133C370B0
:10CC980094F8222092FAA2F3002AB3FA83F308BF89
:10CCA8004FF0FF330133037140E70A4638463146F7
:10CCB800FFF78CFE0F2E3FF639AF00207049714AFE
:10CCC8000C6832F8163022F8160023440B606E49BF
:10CCD8000B68013B0B6029E7F80700F15A8394F8C9
:10CCE8002070002F00F07C82634B5B6899007FF511
:10CCF8001DAF40F20122614B1B68134203F4007818
:10CD08003FF414AF0C35002F40F074825E4A13686C
:10CD180001331360B8F1000F00F0EA8202212846BF
:10CD280012F0D1FD41F63E7301210380284612F02E
:10CD3800CAFD0A2203461E211A70284612F0C3FDB6
:10CD48000770A0F8016094F82130C37094F822307D
:10CD58000371D4F82330C0F80530B4F82730A0F8B0
:10CD68000930D4F82F30C0F80B30B4F83330A0F8BD
:10CD78000F30D4F82930C0F81130B4F82D30A0F8AD
:10CD88001530E38EA0F81730238FA0F81930638F81
:10CD9800A0F81B3094F83C304377C7E6364B5B6805
:10CDA8009B0040F1FD81354B1B685F0340F1F88122
:10CDB8000C350221284612F086FD40F63E12034645
:10CDC80001211A80284612F07EFD1322034608210D
:10CDD8001A70284612F077FD0546A07900F074FE17
:10CDE800287094F8203004F12207C3F380136B7085
:10CDF800D4F8223005F10208C5F80230E38CEB8044
:10CE0800667E09F039FB864280F0658242463046EC
:10CE1800691C09F00DFB6B7802336B7086E6164BC4
:10CE28005B6899007FF582AE144B1B689A037FF507
:10CE38007DAE0C350221284612F045FD40F23E62D7
:10CE4800034601211A80284612F03DFD12220346AE
:10CE580005211A70284612F036FD237A054603701C
:10CE6800A07900F031FE687063896B80637A2B715A
:10CE78005CE600BF100D020108000021000000213F
:10CE8800FC520021DC520021D0520021CD4B5B68BE
:10CE98009B007FF54BAECC4B1B681F037FF546AE5E
:10CEA8000C350221284612F00EFD40F23E420346A0
:10CEB80001211A80284612F006FD14220346032198
:10CEC8001A70284612F0FFFC068094F82030837010
:10CED8002CE6BE4B1B681A027FF528AE0C350221E2
:10CEE800284612F0F0FC40F2572203460221284659
:10CEF8001A8012F0E8FC068018E6B24B00245B6842
:10CF080019047FF513AE0C350221284612F0DBFC1C
:10CF18004FF44C720346032128461A8012F0D3FCC2
:10CF28000470A0F8016001E6A64B5B689A007FF5E3
:10CF3800FDADA54B1B685B077FF5F8AD0C350221ED
:10CF4800284612F0C0FC40F63E2301210380284603
:10CF580012F0B9FC03220346092128461A7012F080
:10CF6800B2FCFD0700F12B8294F82030A0F8016094
:10CF78000370638CA0F80330A38CA0F80530E38C11
:10CF8800A0F80730D2E58F4B5B689C007FF5CEADEB
:10CF98008D4B1B68D8037FF5C9AD0C350221284697
:10CFA80012F091FC4FF49F72034601211A80284623
:10CFB80012F089FC11220346002128461A7009B094
:10CFC800BDE8F04F12F07FBC90F8203003F00F035B
:10CFD800072B04D190F82130002B40F0BC812A4661
:10CFE8002146384609B0BDE8F04FFDF74BBA90F836
:10CFF800203003F00F03072BF1D190F82130002BDC
:10D00800EDD001232A462146384609B0BDE8F04F45
:10D01800FDF706BC90F8203003F00F03072BDED194
:10D0280090F82130002BDAD00423EBE7654B5B68DE
:10D038009A0040F1BB80644B1B689B0640F1B680A8
:10D048000C350221284612F03EFC40F63E320346DB
:10D0580001211A80284612F036FC062203460A21CE
:10D068001A70284612F02FFC0680A38C4380E38CAC
:10D078008380238DC380638D038157E590F8243026
:10D088000E2B7FF453AD0B46324600211A2009B00F
:10D09800BDE8F04FFDF7BCB94A4B5B689A007FF5D5
:10D0A80045AD494B1B68DB067FF540AD0C350221C9
:10D0B800284612F008FC40F63E52034601211A8029
:10D0C800284612F000FC052203460C211A70284657
:10D0D80012F0F9FB034623F8026B616AA26AC0F8F2
:10D0E80002105A60A38D438120E5364B00241B684B
:10D0F8001F067FF51BAD0C350221284612F0E3FB15
:10D108004FF48162034604211A80284612F0DBFBA3
:10D1180001230470A0F80160C37007E5294B0027BC
:10D128001B6818057FF502AD0C350221284612F060
:10D13800CAFB40F60C02034608211A80284612F062
:10D14800C2FB0770A0F8016094F82430C370B4F8EB
:10D1580025308380B4F82730C380E7E4194B90F872
:10D1680024401B6819067FF5E1AC0C3502212846DE
:10D1780012F0A9FB4FF48162034604211A80284665
:10D1880012F0A1FB002C08BF1F2400230470A0F894
:10D198000160C370CAE40B4632463946002076E780
:10D1A800F0B209B0BDE8F04F00F08EBC00231A229F
:10D1B80002213046CDE90233CDE9003303F098FC73
:10D1C800B4E400BF08000021000000210005002190
:10D1D80000214246084604F1220309F043FABEE45E
:10D1E800FF2294F8220004F1290304F1230109F035
:10D1F80039FA79E5B8F1000F40F0AF8002212846EE
:10D2080012F061FB41F23E32034601211A802846A2
:10D2180012F059FB01220346122128461A7012F017
:10D2280052FBC0F80180C0F80580C0F80980C0F83A
:10D238000D8080F81180077078E4002B3FF476ACFD
:10D24800684B1B685A057FF571AC94F8200000F014
:10D258000F03012B40F0C280002304F12206C0F323
:10D2680080113246CDE9003300F00F00FCF750FF83
:10D2780000287FF45BAC0C350221284612F023FB12
:10D2880041F23E2301210380284612F01CFB0B22A9
:10D29800034611211A70284612F015FB40F20113BB
:10D2A8000380054609F0E8F8804580F08A8040460A
:10D2B800EA1CA91C09F0BCF8AB780233AB7094F8EF
:10D2C8002030C3F3C0136B72A36AC5F80A30A38D6C
:10D2D8002F74EB812AE494F82030C3F380136B7029
:10D2E800D4F82230C5F80230BB88A8F804301DE411
:10D2F8000221284612F0E7FA41F23E330121038069
:10D30800284612F0E0FA0122034612211A70284634
:10D3180012F0D9FA0770A0F8016094F82130C370B0
:10D3280094F8223003F001030371D4F82330C0F8D5
:10D338000530B4F82730A0F80930E38EA0F80B3098
:10D34800238FA0F80D30638FA0F80F3094F83C308D
:10D358004374FFF7EBBB022354E60221284612F080
:10D36800B2FA41F63E72034601211A80284612F0AD
:10D37800AAFA0A2203461E211A70284612F0A3FAB6
:10D3880004461D220021013013F0E5FA2770FFF74B
:10D39800CDBB00DEA3E494F82030C3F38013AB7058
:10D3A800D4F82230C5F80330BBF80430A5F80730AC
:10D3B80034E40B234FF00C09B246059300E400DE79
:10D3C800D2E594F82030C3F38013AB70D4F8223040
:10D3D800C5F80330B388A5F8073070E700DE94F885
:10D3E800200039E70000002170B500F10C040E465A
:10D3F80020460221154612F066FA40F213520346FF
:10D4080005211A80204612F05EFA0123A0F8016077
:10D418000370A0F8035070BD0379032B08D0053BB7
:10D42800DBB2182B01D900207047064AD05C704740
:10D4380090F8203003F00303032B14BF05200420C9
:10D44800704700BFF00D02014FF0FF3238B54FF0C2
:10D45800FF3441F6FF75114B00211860104B11483D
:10D468001A60114B114AC3E9004500240025C2E99E
:10D4780000451F24002501600D480E4B01600E4831
:10D48800202201600D48C3E9004501600C4813F0F3
:10D4980062FABDE83840FCF7F5BD00BFD452002160
:10D4A8000C530021D0520021080000210005002162
:10D4B800045300210000002100530021FC520021E8
:10D4C800DC52002110B5047802F1FF3C04F00F048F
:10D4D800072C9DF808E01FFA8CFC23D0022C12D0F0
:10D4E800012C49D04B781033DB00002C3DD140781B
:10D4F80003F2E5431030C00000F5B37218440CFB8A
:10D50800020080B210BD41780CEB8C03C3EB031012
:10D51800400001F11003DB0000F2053003FB0202BA
:10D5280090B210BD4178580713D403F003000144AA
:10D538000931C900C3F34003D94089B20CEB8C030D
:10D54800C3EB0310400000F2053001FB020290B269
:10D5580010BDC9004FEA4E0E2B310EF1010E01FA33
:10D568000EF101F5BC7189B2E8E7062CBFD040F294
:10D578001D404FF4F372C2E740F2AD5040F216225C
:10D58800BDE700BF10B582B0059C0E4B0E4AE31AEA
:10D598009B08A2FB032313F47F7FC3F387020CD1FC
:10D5A800023201210020094B0094D2B2FBF762F845
:10D5B80010F0FD0F03D102B010BD00DEF0E700DE71
:10D5C800F9E700BF5C55002115F9AC1B55D70001E0
:10D5D80030B504460B4A0C4DA21A9208A5FB02521C
:10D5E800920883B0023201210020084B0094D2B285
:10D5F800FBF740F810F0FD0F01D103B030BD00DE9D
:10D60800FBE700BF5C55002115F9AC1B79D7000179
:10D6180010B50C4650B9064B0022012102209C602F
:10D62800F9F7FEFA00B910BD00DE10BD00DEF2E722
:10D6380094000021416A11B10868FBF7A1BF704747
:10D64800F8B5056806462F6E002F3CD000236C6E97
:10D658002B66002C3ED04FF6FF7300214FF0170CBD
:10D6680069661E22E38004F1200084F804C013F0E8
:10D6780072F93C23A66084F820306B6BDBB1384626
:10D688002146FBF76BFF154B154AEB1A9B08A2FBCB
:10D69800032313F47F7FC3F3870012D14FF6FF7380
:10D6A80012213C226C6BE080217122726381B5F8F3
:10D6B80076302768637221463846BDE8F840FBF7A4
:10D6C8005FBF00DEEAE700DE00236C6E2F6E2B667C
:10D6D800002CC0D100DE6C6EBDE700BF5C55002198
:10D6E80015F9AC1B38B5174A174B12780C461A7047
:10D6F8004B7F01EB83031A6A137813F00E0F01D1E5
:10D70800D8B938BD03F00F03072B07D00028F8D08D
:10D71800FBF7C4FF8442F4D000DE38BD9378C3F32E
:10D7280081150028EDD0FBF7B9FF8442E9D0EB075B
:10D73800F2D56369002BEFD138BDFBF7AFFF844208
:10D74800F7D138BD9D8000219C800021024600B1A0
:10D758007047084608B5054B012198600220F9F783
:10D768005FFA00B908BD00DE08BD00BFE400002173
:10D77800024600B17047084608B5054B012198607C
:10D788000220F9F74DFA00B908BD00DE08BD00BF58
:10D79800B4000021014610F8103B7BB110B50B4BCB
:10D7A80098608A6872B90022094C084BC1E90240A6
:10D7B80001201146F9F734FA10B910BDFFF740BF40
:10D7C80000DE10BD00DE9868EDE700BFD400002140
:10D7D80049D6000110B5144C20460AF05FFB4FF4FF
:10D7E800006100204FF0020E4FF0060C34F8042CB4
:10D7F800A4F11C0322F4437222F0020242F00E024A
:10D8080024F8042C6278E16403EB820294F8641033
:10D81800C4E90400126A6EF34201E06084F86410FF
:10D82800107082F801C010BD7855002170B5134CF6
:10D838006569EB6DB3B905F1500105F14C00F9F7D5
:10D848006DF90346C0B10026EB65286803F030F88F
:10D85800606E6661FBF77CFE206E6666FBF76CFE09
:10D86800266670BD00DE05F1500105F14C00F9F7A0
:10D8780055F903460028E6D100DEE4E75C550021AF
:10D8880000287AD170B53E4C84B094F88030D9071E
:10D898004AD5636953B193F82C2042F0020283F809
:10D8A8002C20636993F82C30DA0754D43448FBF7FA
:10D8B800DDFE844257D1237EDB0738D403AD022234
:10D8C800032100202F4B00950392FAF7D3FE294637
:10D8D800FBF7BAFE002839D12B48FBF703FF0028D5
:10D8E80045D12748FBF7CEFE84423ED1A36B1BB13E
:10D8F800186801F075FA80BB63690BB1FFF796FFF2
:10D90800656B3DB1002363632868FBF715FE284665
:10D91800FBF71EFE94F8803000206FF3000384F8B4
:10D92800803002F0E7FCD8B1002004B070BD0226B8
:10D9380003AD032101220020124B00950396FAF74C
:10D9480099FE2946FBF780FE0028B8D00C48FBF763
:10D9580099FE84420FD10C20E7E77830CCD0FAE763
:10D9680009F07AF8E0E700DEA5E700DEBEE77830E8
:10D97800B7D000DEB5E700DEEDE70020704700BF56
:10D988005C550021E98900016C55002103788BB1B1
:10D9980010B50E4B00F110019960826892B900220F
:10D9A8000B4C0A4BC0E9024101201146F9F738F93E
:10D9B80030B910BD416B11B10868FBF7E1BD704784
:10D9C80000DE10BD00DE9968E9E700BFA400002171
:10D9D8003DD6000110B5836B04461B6882B01A78E7
:10D9E80032B19A68CAB90E4AC3E9022402B010BD1E
:10D9F80002F0FF000B4A0C4BA21A9208A3FB02325A
:10DA0800920802320121094B0094D2B2FAF732FE91
:10DA180010F0FD0FEAD000DEE8E700DEE3E700BF24
:10DA2800D9D500015C55002115F9AC1B79D7000147
:10DA38000B4A137823B90128107006D000207047CC
:10DA48008342FBD06FF015007047064A0020B2F8F9
:10DA5800723003F0EF0343F01003A2F872307047FE
:10DA68009B8000215C550021034B1878A0F102002F
:10DA7800B0FA80F0400970479B800021074B93F86B
:10DA88007220D20607D593F87330834203D100235E
:10DA980018460B7070474220704700BF5C55002144
:10DAA800084B93F87220D20605D483F8730000233C
:10DAB80018460B70704793F873308342F7D00720ED
:10DAC800704700BF5C55002138B9064B93F87220A7
:10DAD800D20603D593F873007047002300DE93F84D
:10DAE800730070475C5500212DE9F04F07468846C2
:10DAF800BA4CBB498DB003C994F880C00A909DF810
:10DB080070000CF0010C04909DF8780057EA0C079F
:10DB1800ADF82C1003909DF85C909DF864509DF82A
:10DB280068109DF874E09DF87CA09DF8800040F096
:10DB38004F81072B00F0BA8084F874E04FF0010E93
:10DB4800012B08BF0022303394F819C06B4413F836
:10DB580008BC94F872306EF3840C84F819C023F072
:10DB6800300C4CF0300C84F872C003F01006238B94
:10DB780005F0070501F003016D0023F4437323F05A
:10DB8800020345EA01251D43A37E258360F3410373
:10DB9800A376637FA26604EB83031D6A2A7802F0EA
:10DBA8000F03002E76D16BF303022A7002F00F02E6
:10DBB800072A00D06E704FF0010B2A78822002F0FD
:10DBC8000E01B1FA81F102F0EF02490961F3451241
:10DBD8002A7002F00F02D040C2077FD494F8801058
:10DBE8009DF8582062F342014E0784F88010C8B2AD
:10DBF8000CD5014669F3C30184F880101899794857
:10DC08000968C4F88110189989888180297801F0F9
:10DC18000F00012800F09281072800F0E98002F047
:10DC280001066A78002A66D0012B00F0D381072B01
:10DC380000F0D0812B7866F386136FF3C7132B702F
:10DC480024612D7805F00F05072D61D094F829304F
:10DC580004EB8303DA6ABBF1000F40F0A680002AC8
:10DC680000F0A3801378507823F03F0343F00403B7
:10DC780013709DF8583011789B0103F0400301F0B0
:10DC88003F010B43137008B90623537038460DB093
:10DC9800BDE8F08F5B4500F0658102F00F02072AAE
:10DCA80076D02A786BF303022A7084E718F0100FF5
:10DCB80049D018F0200F40F0F5814B4B18F0080FB1
:10DCC800099394F872C05FFA88F340F0D78103F0A3
:10DCD800030330336B4413F80C3C2DE7012B3FF45E
:10DCE8007DAF072B3FF47AAF6A78002A40F07E8137
:10DCF80084F8402072E7062366F3861162F3C711A1
:10DD080029706B7024612D7805F00F05072D9DD1C2
:10DD1800BBF1000FBAD035480AF0F6F833480AF0DC
:10DD2800CFF832480AF0BAF810F0FF0040F06C81E2
:10DD380094F8293004EB8303DB6A1A78587065F38A
:10DD480003021A70A2E708F0030CBCF1030F00F0FD
:10DD5800938118F0080F40F08F81049E94F819C041
:10DD68009B4666F3840C94F8723084F819C094F8D2
:10DD78001AC084F874E023F0300E4CF0010C4EF019
:10DD8800300E84F81AC084F872E003F01006EEE64C
:10DD9800A26B002A00F06781002169701068059362
:10DDA800A16301F09FF8059B7BE710480AF0ACF8E7
:10DDB8000E480AF085F80D480AF070F8C0B200283D
:10DDC80040F0228194F8293004EB8304E26A49E7A1
:10DDD8000C2738460DB0BDE8F08F00BF5C55002118
:10DDE800180D0201DD5500210304020084550021AD
:10DDF800AB7805F1020C68F38713AB702E1DBBF1ED
:10DE0800000F00F0BC800023A978EB703F2940F296
:10DE180018819E46059370463346CDF818E02A7857
:10DE28006EF386122A7018F0040208D095F803E001
:10DE380009F001024EF0020E063685F803E095F867
:10DE480000E062F3C71E059A85F800E02AB1EA7877
:10DE5800023342F008020236EA70002800F08A8095
:10DE68000333EA78033642F01002EA70069A02B1E8
:10DE7800013318F0400F07D0002840F0DD80EA7821
:10DE8800013642F04002EA70A6EB0C02D2B2022A36
:10DE98006BD902F1FF3E0EF03F0E6A70AA786EF35E
:10DEA8000502AA70069A02B1013BEA7852060AD521
:10DEB8001B9A002A00F0DC8012787F2A00F0D580B7
:10DEC80006F8012C013E627E039961F347126276DF
:10DED80000B1033BEA78D00600F19880059901B1BA
:10DEE800023B110707D51B88023E3380C3F3032387
:10DEF80003EB0A13737094F872306AF3030384F81F
:10DF08007230EB789A0700F18D80DB067FF598AECA
:10DF180009AB01930DF1230300930022012164480A
:10DF280016ABF3F7E5F8002840F0A480A36B9DF842
:10DF380024205A759DF82330637781E693012A4699
:10DF480003F0400301F03F0143EAC9130B4302F811
:10DF5800083B0C2318990968A96018998988918049
:10DF68006B706DE64FF0000B27E64FF0000E0122B4
:10DF7800EE1C92E718F0030F3FF478AF71E7EB78E7
:10DF880095F802E003F00201079103F008010591FA
:10DF980003F040010691D9078DF8203003F01000F6
:10DFA80054BF334605F10A03BEF13F0F85F803B0AD
:10DFB80008D818F0200E05D110B10499042903D00F
:10DFC8001E4646E04FF0000E079A002A3FF427AF9E
:10DFD800063324E794F84020364905F1080012F08A
:10DFE80093FC94F8403006336B7023E6052A5BD91E
:10DFF800063AD2B22F4805F10801059384F840206B
:10E0080012F082FC059BE9E507273FE60493039B92
:10E01800033E03F007020021304600F095FEEA783F
:10E02800049B5BE7189B1B6846F8063C189B9B887B
:10E0380026F8023CEB7868E7049A042A7FF41FAFBD
:10E0480022E718F020017FF4E4AE0846CDE9051177
:10E05800079102F0010EEA78334642F00102EA70B5
:10E0680005F10A06B0E76A701BE600221B990A70E0
:10E07800002225E7074609E6122707E6012384F868
:10E0880074E094F819E02CF0300242F0300263F3A7
:10E09800840E84F872209B463A460CF0100684F8E9
:10E0A80019E064E51127F1E500DE6A78A0E700BF12
:10E0B8005C5500219D55002108B500F0AFFB00B16B
:10E0C80008BDBDE80840FFF785BB00BF08B50020C4
:10E0D800FFF7D6FB002008BD08B50020FFF7D0FBEE
:10E0E8000020014B187008BD9B80002110B500F07E
:10E0F800ABFBA0B903460A4C94F8722004F11C004B
:10E1080063F3041284F87220A36309F0D9FE04F1C2
:10E11800280009F0D5FEBDE81040FFF75BBB10BD35
:10E128005C550021024B00280CBF184600207047A0
:10E138005C550021044A054B801A8008A3FB003077
:10E14800C0F38F00704700BF5C55002115F9AC1B68
:10E15800044A0068044B801A8008A3FB0030C0F30F
:10E168008F0070475C55002115F9AC1B38B905487C
:10E1780090F8803013F0010F08BF0020704700208E
:10E18800704700BF5C55002128B9044B93F8800004
:10E1980000F0010070470020704700BF5C55002167
:10E1A80048B9064B93F8800010F0010004D0587E5F
:10E1B80000F0030070470020704700BF5C55002145
:10E1C80038B9054890F8723013F0100F08BF0020D6
:10E1D80070470020704700BF5C55002110B5846867
:10E1E80082B0B4F8783053B1B4F876209A4206D3A6
:10E1F80000224323616BA4F878200B720FE0E16FD3
:10E2080091B340F27123A26E0020A2FB03238A423D
:10E2180073F1000328D33C23616BE0670B72194B41
:10E22800194AE31A9B08A2FB032313F47F7FC3F365
:10E23800870223D112204FF6FF73CA8008714B81E1
:10E24800B4F876304B72A06B80B1006800F0B4FD72
:10E2580002460332012100200C4B0094D2B2FAF797
:10E2680009FA30F002030BD102B010BD02320121CD
:10E27800074B0094D2B2FAF7FDF9F2E700DED9E7CE
:10E2880000DEF1E75C55002115F9AC1B19D6000139
:10E2980079D700012DE9F0418B7882B013F03F0364
:10E2A80018BFCB7805468DF80030C07E0C4608F0C4
:10E2B80059FD3E4B06461B782078022B01D14306B8
:10E2C8002BD4C0F38010FAF73FFB0368C5F88730FA
:10E2D8008388A5F88B3056B3237843F04003237026
:10E2E800A2782378970603F00F0322D0E278072B51
:10E2F8008DF8042043D004F10208474633683B6098
:10E30800B388BB80237803F00F03012B19D0072BA8
:10E3180013D0384602B0BDE8F081EB6E05F16C0011
:10E32800C5F887308388A5F88B30002ED4D10646EF
:10E33800D6E7072BDFD100DE25E09DF800309907EE
:10E34800E7D5E87E08F026FD0028E2D0237843F0E0
:10E3580080032370A3789A0619D02378E27803F013
:10E368000F03072B8DF804201AD00368C8F806306D
:10E3780083883846A8F80A3002B0BDE8F0819DF8D5
:10E388000430D807D7D504F10208271DB6E723784B
:10E3980003F00F03072BE8D100DE08F10208E4E7D9
:10E3A8009DF80430DB07F7D5F7E700BF9B80002115
:10E3B80070B50378044603F00F03072B0E4682B0AE
:10E3C80014D183789A099B0627D0C378012A8DF83F
:10E3D800003007D9234B93F8292003EB8203DB6A2B
:10E3E8005B782BB39DF80030DD072AD525462946F2
:10E3F8001C48FFF74FFF2B785B061BD4237803F0EC
:10E408000F03072B02D1A3787F2B03D93146154878
:10E41800FFF740FF002002B070BD012AFAD9114B66
:10E4280093F8292003EB8203DB6A5B78002BF1D198
:10E438000C20F0E70621F8F761FB0028DED1122056
:10E44800E9E7D806E6D5074B9B6B5A7D03EB8203B9
:10E458009D69AB789906DDD0EB78DA078DF8043042
:10E46800C5D4D7E75C5500211F295ED82DE9F041B6
:10E47800437F174600EB8303D3F82080822398F864
:10E4880000200D4602F00F02D340DA07044682B09E
:10E4980043D40DF107011C3009F09EFD41460646A4
:10E4A80098F800C003780CF00F0C23F01F0343EA20
:10E4B8000C03037098F8003090F800C0C3F34013C1
:10E4C80063F3451C80F800C098F800305FFA8CFCB4
:10E4D800C3F3801363F3861C80F800C011F8023B75
:10E4E8005FFA8CFCDB0963F3C71C062200F802CB39
:10E4F80012F017FA2A46394606F10800063512F0D6
:10E5080003FA757094F88030DB0710D49DF8073053
:10E518006377002002B0BDE8F0810A4680F84050D9
:10E528003946413012F0F0F9F3E71220704794F8B9
:10E538002930314604EB83032046DA6AF2F750FBB0
:10E548000028E3D0E6E700BF10B90248FFF78CBF08
:10E558000C2070475C5500211F295ED82DE9F04139
:10E5680090F829300F4600EB8303DE6A0446904694
:10E5780082B000F12805002E40D028460DF1070191
:10E5880009F02AFD314605460378BE1D23F03F03F6
:10E5980043F00403037011F8020BDBB2C0F38010E0
:10E5A80003F03F0343EA80132B7006226E70A81C09
:10E5B80012F0B7F93A46414605F1080012F0A4F9FD
:10E5C80094F88030DA0707D400209DF8073084F8E3
:10E5D800293002B0BDE8F0814123627F04EB82025A
:10E5E800116A0A7802F00F02D340DB07ECD52A46FD
:10E5F8002046F2F7F5FA0028E6D0EAE7284609F0BF
:10E608004DFCC0B258B994F8293004EB8303DE6A94
:10E618000423337006237370AFE712207047072076
:10E62800D7E700BF10B90248FFF796BF0C20704724
:10E638005C55002130B54569687A00F0E004802C0B
:10E6480008BF40228C7808BF13467F284FEA941CE5
:10E658004FEA5011C4F3801414D9A97AD00001F0FC
:10E668000102520001322B30904000F27D40BCB3D1
:10E6780093234FF44861934003F5BC739BB20B445A
:10E68800184430BD8D1DA8180330C0004FEA610E34
:10E6980020FA0EF000F2053084B101F12B0201F1ED
:10E6A8001603D10021FA0EF1DB0023FA0EF301F56F
:10E6B800987189B29BB20B44184430BDBCF1020F6B
:10E6C800DFD15A1901F115030332DB00D20023FA16
:10E6D8000EF322FA0EF203F5987392B29BB20BE096
:10E6E800BCF1020FCDD1DB002B3303FA02F24FF459
:10E6F800E06302F5BC7292B21344184430BD00BF07
:10E70800426990F825C0517E00EB8C0302EB810230
:10E71800D269996A537892783E33C2F305029B1AFC
:10E7280091F802C04A78CCF3050C3E32A2EB0C02F9
:10E73800DBB2D2B2FFF77EBF0860704770B5059EA6
:10E748001546344614F8101B9DF810C00131C9B2A3
:10E75800317099B100220A49C1E90005887A0B8114
:10E76800084B6CF300008872CC6099600120114658
:10E77800F8F756FA00B970BD00DE70BD00DEE9E7B3
:10E78800005600210401002110B50C46FFF718FDC2
:10E7980038B1034622680020DA66A288A3F8702000
:10E7A80010BD422010BD00BFFB20704701207047FC
:10E7B80070B5FFF705FD20B3044690F8800010F00F
:10E7C80001051BD1A36B4BB11E68A56306F124009C
:10E7D80009F09AFB30460C49F8F764F904F11C007B
:10E7E80009F076FB04F1280009F072FB94F8723006
:10E7F80028466FF3041384F8723070BD0C25284640
:10E8080070BD4225284670BD3056002108B500204D
:10E81800FFF7CEFF0C2818BF002008BD10B5202137
:10E82800064808F051FF044628B901224821044B44
:10E838000448F8F7FFF8204610BD00BF1056002125
:10E84800305600213456002108B5012248210348DA
:10E85800034BF8F7EFF8002008BD00BF345600213D
:10E868003056002170B50020FFF7AAFC00B3836B77
:10E87800F3B11D6895F8453095F844409C4217D18E
:10E888000134E4B2022C15D0264604EB44004000C3
:10E898003830284407F06AFB06EB460605EB4606C7
:10E8A80096F83D3060F3050386F83D3085F845401D
:10E8B800002070BD002638203446EAE72DE9F04FE5
:10E8C800002489B08DF8184014464A780590881CB1
:10E8D8008246BDF848E0DDF84CC01AB18A78960641
:10E8E80040F02C810026B146B3468A78CDE901660E
:10E8F8006FF305028A700396224691F80080257806
:10E9080008F00F0825F03F0545EA080525700D7841
:10E9180094F80080C5F3801565F3861884F80080A4
:10E928000D785FFA88F8ED0965F3C71802F8028BCD
:10E938008D7894F80280AD0965F38718DD0784F8AF
:10E94800028000F1020865D59DF8185045F00105D0
:10E958008DF8185004F10A05BBF1000F01D001F140
:10E968000A089F073CD59DF818B006354BF0020BF6
:10E978008DF818B0B9F1000F01D008F1060813F0AE
:10E98800080963D04FF002098CF800909DF81890A0
:10E998000CF1050C49F008098DF818905CF8047C16
:10E9A8004CF8045C04970235029F0FB108F1020885
:10E9B800DF065FD54FF00309CCF801508CF80090C2
:10E9C8009DF818900CF1050C49F010098DF8189075
:10E9D800019F002F55D04FF0000B08F1030852E0BB
:10E9E8001EF0020FC6D1B9F1000FC8D09DF818B0BB
:10E9F80091F800904BF0020B8DF818B094F800B025
:10EA08004FEAD91969F3C71B063584F800B008F135
:10EA18000608B4E71EF0010F02F102059CD1BBF114
:10EA2800000F9ED025469DF818B091F800804BF055
:10EA3800010B8DF818B094F800B0C8F3801868F38B
:10EA4800861B05F80ABB01F10A088AE71EF0080FC1
:10EA580040F08780029F002F00F0D2809DF8189028
:10EA6800CDF8108049F0080902358DF8189008F1A2
:10EA780002089DE71EF0100FAAD1019F002F40F059
:10EA8800C280DDF804B09DF81890039F19F0100FAC
:10EA980018BF033547B19DF8187008F1120847F000
:10EAA800200712358DF8187046B19DF8186008F1E6
:10EAB800010846F0400601358DF81860A8EB000003
:10EAC800C6B288784F78C0F305000130C0B28642DC
:10EAD8004AD8B84277D8861BF7B208EB070A13F46E
:10EAE80080784BD09CF80080CCF80150B8F1000F2A
:10EAF80008BFB8468CF8007045440CF1050CAA1AFA
:10EB0800D2B2022A9CBF0122E51C9E053CD54E7854
:10EB18009CF80090361AF6B2DCF801108CF8006008
:10EB2800CCF801A00CF1050CB9F1000F62D1002955
:10EB380040F0C9805146CE464B4631E0CE7806F0CB
:10EB48000802029206F01002019206F020028DF8E7
:10EB58001C6006F0010B06F00209039206F040065D
:10EB6800CAE6CDF810901FE75FB313F480784FF032
:10EB780001004FF0000701F1030AB3D11EF4807FB2
:10EB880004BFB846ED19BAE75E0520D41EF4007E2E
:10EB980040F099804E78F14651467346361AF6B2DF
:10EBA80006EB0E00FB2821DC90197044FF2832DDAB
:10EBB800452001324A4432448CF8002009B0BDE8AF
:10EBC800F08F38468BE71F2009B0BDE8F08F9CF81E
:10EBD80000904E78CE46361AF6B206EB0E00FB28A9
:10EBE800DCF8013051460CF1050CDDDD072009B0D9
:10EBF800BDE8F08F4E464FF00009CE464B46CFE7B2
:10EC0800029F0497D4E69DF81890C34649F010096E
:10EC18008DF81890E1E6A07802F1FF3C6CF305004E
:10EC2800A07009EB0600024462702846324603933E
:10EC380011F077FE039B23B14A461946A81911F033
:10EC480063FEA37899063AD0AAEB070AB8F1000F39
:10EC580059D19DF818707A0605D51AF8013C013D7E
:10EC68002B700AF1FF3ABB0644D4019B0BB1AAF101
:10EC7800030AFE0648BF033DBBF1000F04D0594606
:10EC88000322284611F04DFE029B0BB1AAF1020A9D
:10EC980038070AD5049B002B3DD0049A137805F851
:10ECA800023C537805F8013C023DB90719D4FA072C
:10ECB80010D4A3789B061CBF9DF81830E370002081
:10ECC80009B0BDE8F08FA3786270013A62F30503DA
:10ECD800A370B6E70622AAF10601A81F11F021FECB
:10ECE800E7E7AAF1060A063D06225146284611F032
:10ECF80018FEDCE7AAF1120A123D122251462846F4
:10ED080011F00FFEB1E7A5EB08053A465146284633
:10ED180011F007FE9DE7059E0A4896F8722002F05A
:10ED28000F0230F81210C1F30B03013120F8121052
:10ED380005F8023C96F872201B0A03EB021303F055
:10ED4800FF03AFE71056002170B5037804466FF350
:10ED5800050303700E46154608F0A6FF32288CBF3F
:10ED680000200120124B2278A3FB061360F38612C1
:10ED78004FEA131C5B0C227005D001230D4AA2FB3D
:10ED880006264FEA561C95FAA5F2002DB2FA82F231
:10ED980008BF4FF0FF32217884F801C0CCF3042C6F
:10EDA80063F3C7110CEB421C217084F802C070BDDC
:10EDB80089888888B5814E1B482208B50249F7F72B
:10EDC80089FEC0B208BD00BF3456002108B54822EC
:10EDD80002490068F7F77EFEC0B208BD345600212C
:10EDE80070B5482217490446F7F774FEC6B2F01CFE
:10EDF800214604F11002C0B2FAF79EFC054638B964
:10EE080094F8463060F3000384F84630284670BD15
:10EE180010F1780FFAD040F66D230B4A0B490C48D5
:10EE280010F04BFB2A4631460A4810F046FB0023F7
:10EE380083F31188BFF36F8F0323184602DF284638
:10EE480070BD00BF345600210C0E0201500E0201A5
:10EE5800680E0201880E020170B505462048F7F7D2
:10EE68000DFED0B3044600F1100300F12406AB6296
:10EE78003046656109F024F8304609F00FF8064677
:10EE880028BB022104F1180008F002FC022104F159
:10EE9800360008F0FDFB94F8443003EB43056D00A1
:10EEA80005F1380084F84530204407F05FF8254420
:10EEB80095F83D3060F3050385F83D3094F8463009
:10EEC800246166F3000384F84630204670BD0023B1
:10EED80020460349AB62F7F7E5FD0024204670BDE4
:10EEE8003056002110B50446243009F00DF82046AC
:10EEF800BDE810400149F7F7D5BD00BF30560021E5
:10EF0800024B00280CBF18460020704734560021D9
:10EF180090F825C013460A4600EB8C01896AFFF772
:10EF280089BB00BF012208B5044B02219860104636
:10EF3800F7F776FE00B908BD00DE08BDF400002131
:10EF48008268526912688260FFF748B92DE9F04F6C
:10EF58009B4685B0C3F340039DF838E00F9F0193AB
:10EF6800002A00F08D80144606460BF00302931D1C
:10EF78000BF00408029343464FEA4E0E0EF0020EC1
:10EF8800D6F804610EF1010EA0468A461C46DFF849
:10EF9800A091CDF80CE0002E72D09AF80150002C08
:10EFA80071D0039BED002B359D4005F5BC7598F895
:10EFB80000103D446FF3050188F8001008F074FE56
:10EFC80032288CBF00200120A9FB051C98F800E01E
:10EFD8004FEA1C1160F3861E5FEA5C4C88F800E07B
:10EFE80005D04FF0010C534BA3FB051569099BFA9B
:10EFF800ABF0BBF1000FB0FA80F008BF4FF0FF3064
:10F0080098F8005088F80110C1F304216CF3C71573
:10F0180001EB401188F8005088F80210DAF8045122
:10F02800002D68D0B17806F103088A0628D09AF82E
:10F038000300F17870BB0AF1030CA1B111F0010FC4
:10F0480001F0020201F0040301F0080166D006F1A4
:10F058000A080AB108F10608420748BF0CF1010C7A
:10F068000BB108F10108000725D409B108F102081D
:10F07800F378D90604D5D6F80461AA46002E8CD1B7
:10F0880005B0BDE8F08F029B1D440335019BED00E0
:10F09800DD408CE70AF1040C00F00103B1B90BB1B3
:10F0A8000AF10A0C10F0020332D04307E0D500073A
:10F0B8000CF1070CD9D50029DAD09CF8003088F873
:10F0C80000309CF8013088F80130CFE70BB10AF125
:10F0D8000A0CCB0754BF06F1040806F10A0810F021
:10F0E800020F01F0020201F0040318BF0CF1060C34
:10F0F80001F00801ADE708F025FF054690B17278E8
:10F1080031462846023211F0FFFBCAF8045189E75C
:10F118004207ADD519460CF1010CA4E722B106F15E
:10F128000A089DE700DEEAE706F1040898E700BF51
:10F1380089888888B5814E1B2DE9F04F8DB08B46A4
:10F148009A46FFF73DF8002800F0E08190F88030FB
:10F158000646DB070BD490F872309D0634D51BF0B9
:10F16800FD0F71D10C2528460DB0BDE8F08FBBF11D
:10F17800020FF7D990F872309F0625D5BBF1040F1E
:10F188002BD8152323FA0BF3DB0740F1B5810022B6
:10F1980009ABBBF1040F03938DF82420CDF825208B
:10F1A8001DD10DF11F0301930DF11E0300934FF4C0
:10F1B80000713046039B1746F1F79AFFB84605469B
:10F1C800002D00F08C80CEE7BBF1040FCAD004D824
:10F1D800152323FA0BF3DA073ED509AB0393B06B7B
:10F1E8000DF11F01437D002400EB83031430D3F895
:10F1F800188008F0F1FEA1460746039D4FF40073FE
:10F208003A4641463046CDE900958DF82490CDF830
:10F218002590FFF753FB9DF82430002840F04A81E1
:10F2280023449CB204EB0A03FB2B00F37481D8F847
:10F238000431D7F80421002B00F04181002A00F0A6
:10F24800FE8117469846D9E7BBF1040FC5D81523A8
:10F2580023FA0BF3DC079AD4169BBBF1010F8DF848
:10F2680024A0CDF8253002D0BBF1030FB5D10DF1A4
:10F278001F0201920DF11E0209AB00924FF40071BA
:10F28800102230460393F1F733FF4528054600F076
:10F29800F980002D7FF467AFB06B002800F0F08094
:10F2A800BAF1BF0F00F1140040F27481169B08A94F
:10F2B800CDF82530CDF82A30BF238DF824308DF8CD
:10F2C800293008F089FE9DF820209DF81F300AF1AA
:10F2D80041059A428046EDB240F0A4814746B36B9F
:10F2E800002B00F0CD801BF0FD0400F0F180002D14
:10F2F80000F096800023CDE90433BB7813F03F0378
:10F3080018BFFB788DF8203008F01CFE0446002852
:10F3180000F09C8100230722E370227063709DF83F
:10F328002030A21C13F0080117BF082104F10309BB
:10F3380004F10409E170D8074CBF07F10A00381D31
:10F348009B0748BF063011B1038829F8023BA9EB97
:10F3580002035FFA83FAA378BAF1020F6FF38713F7
:10F3680098BF4FF0010AA37098BF04F10309002D5C
:10F3780040F0D680049B5344FF2B00F3FE8063705B
:10F38800A3780AF1FF3262F30503A370049B002BF4
:10F3980040F04C81727EDDF825807F2A7B784FEA29
:10F3A800521940F2EE80B27EDB0002F001025200F8
:10F3B8002B330132934003F5297598F800306FF329
:10F3C800050388F8003008F06FFC99FAA9FC322888
:10F3D8008CBF00200120B9F1000FBCFA8CFC08BFDB
:10F3E8004FF0FF3CBA4BA3FB052398F80020190BFC
:10F3F80002F03F0242EA80121B0901EB4C1188F827
:10F40800013088F8002088F80210D7F8040120B1EC
:10F418000023C7F8043108F001FEC7F80441B36BB4
:10F4280096F88020D10716D51C6894F8463013F05A
:10F43800010100F0C48008AD294606F11C0008F05F
:10F44800CBFD002201463046F1F7CAFB05460028ED
:10F458007FF489AEB36B9DF81F20BBF1010F5A757D
:10F4680050D0ABF10303012B4CD9BBF1010F94BF72
:10F478000022012296F8723062F3451386F8723042
:10F48800002570E6169A0DF11F03CDF825209DF88A
:10F4980029200193AAEB02020DF11E0300938DF8B7
:10F4A80024204FF4007110223046039BF1F720FE10
:10F4B8000546EEE645283FF4B3AE00DEB0E6054665
:10F4C800002A3FF47DAE00DE002D3FF408AF4AE687
:10F4D800039B3A46CDE90043169B4146CDF82530BB
:10F4E80030464FF480638DF824A0FFF7E7F9002831
:10F4F80040F0B080B36B93E7169B8DF824A0CDF84D
:10F508002530B1E69DF81E307377AEE742252846D0
:10F518000DB0BDE8F08FB84500F09380072522E6CE
:10F528009DF82430DDF825102A461944484611F084
:10F53800EBF9039B3A46019300234146009330467A
:10F548004FF40473FFF7BAF900285CD1049A0AEB68
:10F5580005031344FF2B10DCA3780AF1FF3262F392
:10F568000503A370049BA944EB1853442A46484654
:10F578001699637011F0C8F908E7B84547D04525D2
:10F58800F1E54B440933DB004FEA6902D34003F548
:10F59800967512E708A908F01FFD9DF820109DF840
:10F5A8001F20034691423FD1D3F8040120B1002225
:10F5B800C3F8042108F032FD0027B8468FE640F270
:10F5C800712342F6DC30B26E08ADE2FB030140F273
:10F5D800E2420023F0F76CFDA086F9F71DF9034617
:10F5E8002946183320460893F1F766FB0899024626
:10F5F8002046F1F7A5FB58BB94F8463043F00103C9
:10F6080084F8463018E7B84506D00546ABE5B36B35
:10F618009DF81F205A75B2E7B36B9DF81F20054669
:10F628005A75A0E500DE59E600DEBDE705991A46E1
:10F63800169B29444846194411F066F9AAE600DEEB
:10F64800FFE5B36B9DF81F205A7567E700DE61E69A
:10F658000D2588E5452838D1169B039D3A46414635
:10F66800CDF82530CDF82A3030464FF48263CDE905
:10F6780000458DF824A08DF829A0FFF71FF9169BE7
:10F688003A46CDF82530CDF82A309DF82E3041463F
:10F69800AAEB030A04935FFA8AF305938DF82430E2
:10F6A8008DF8293030464FF48263CDE90045FFF7E5
:10F6B80005F928B9049B002B3FF41CAF00251CE674
:10F6C80000DE049B002BF9D114E700DEB36BA7E63C
:10F6D800898888882DE9F04F8FB00F461E46DDF8DF
:10F6E80060B0FEF76DFD002800F0D980437F044626
:10F6F80000EB83031B6A1D7805F00F05072D09D061
:10F70800032F02D11F2E40F2C380122528460FB0C6
:10F71800BDE8F08F90F88030DB0700F1B480032F4C
:10F7280001D0002EF1D0A36B002B00F0E3815A7DAD
:10F7380003EB82039B6904939B787F2B40F2E18063
:10F7480094F88030D80702D5002E00F09F8094F8F6
:10F7580029300DF1270104EB830304F12800D3F8C5
:10F768002C9008F039FC17F0FD038046029300F056
:10F778009B80042F00F09081012F8DF82860CDF830
:10F7880029B040F0E38000220DF126030AA9019375
:10F798000DF125030591009320460B461146F1F71C
:10F7A800A7FC05460028B1D11027059B42460193C6
:10F7B800494640F2012320460097FFF77FF8452885
:10F7C800054600F0FC80002DA0D1BF2E40F2BE817E
:10F7D800BF238DF82D3006F14103DBB2069340F2CA
:10F7E8000123CDF82EB0079398F8023013F03F03A9
:10F7F80018BF98F803308DF8243008F0A3FB824630
:10F80800002800F0D481002307228AF801308AF802
:10F8180003309DF824308AF8002013F008020AF11A
:10F82800020740F04D810AF103010391D9074CBF4B
:10F8380008F10A0108F104019B0748BF063122B10B
:10F84800039A0B8822F8023B0392039BDF1B9AF86A
:10F858000230FFB26FF38713022F8AF8023003D801
:10F8680001270AF103030393069B002B40F045810F
:10F87800069B3B443344FF2B40F3BD80C84500F052
:10F888006E81452542E7032F3FF44DAF0C253DE738
:10F898005A4631460FB0BDE8F04FFEF75DBE42252F
:10F8A80028460FB0BDE8F08F8DF82830CDF8293004
:10F8B8005A4600270AABC3460395BA461D469046EA
:10F8C80005935A4649464FF404732046CDE900A5EE
:10F8D8008DF82DA0CDF82EA0FEF7F0FFA8B99DF861
:10F8E8002DC06744BFB2BB19FB2B7BDCD9F80431B0
:10F8F800DBF804116BB1002900F026818B4699468C
:10F90800DFE7002E3FF423AFFFE64528E7D000DE0F
:10F91800E5E743460A46D84661469B4602B100DE03
:10F92800452800F0D48000238DF825308DF8263046
:10F93800002840F03481029B002B40F0A980029BF4
:10F948001D4606934FF4047307934DE7032FAFD179
:10F9580000220DF126030AA901930DF12503059153
:10F96800009320460B461146F1F7C2FB05460028D6
:10F978007FF4CCAE002E7FF417AF88F80160A36B3C
:10F988009DF826205A759DF82530637798F8003041
:10F9980098F8012003F0400343F0070388F800308B
:10F9A800002A40F0E18098F8003062F3861388F866
:10F9B80000309DF82730002584F82930A6E6059BFD
:10F9C800424601939DF82D304946F31A8DF82830A8
:10F9D800204640F201230097CDF829B0FEF76EFFCC
:10F9E8000546F0E6D945039D7FF490AE9DF8273093
:10F9F80084F829308AE68AF801309AF80230013F03
:10FA080067F3050332468AF802305946039810F026
:10FA18007BFF637EDDF829607F2B4FEA531740F2A6
:10FA28008980A27E98F8013002F001025200DB00C2
:10FA380001322B33934003F5297533786FF30503AF
:10FA4800337008F031F997FAA7F132288CBF0020FB
:10FA58000120002FB1FA81F108BF4FF0FF31574B59
:10FA6800A3FB052332781D0B02F03F0242EA801205
:10FA78001B0905EB411573703270B570D8F8040195
:10FA880020B10023C8F8043108F0C8FAC8F804A166
:10FA9800029B012B8DD172E700250AAB0246019328
:10FAA800009549464FF4007320468DF82850CDF84C
:10FAB8002950FEF703FF054600287FF427AE78E7B4
:10FAC80008220AF1040103918AF80320AEE6002215
:10FAD8009DF832308DF825200693CB1A8DF82D30FD
:10FAE800029B8DF82620002B63D14FF40473354612
:10FAF800079379E600DEA36B19E69DF82D30DDF853
:10FB08002E10069A1944039810F0FEFE002205995B
:10FB1800009201910799424641F010032046494658
:10FB2800FEF7CCFE002838D1039B069A2E461344D4
:10FB380003939DE698F801307A103B440933DB00C3
:10FB4800D34003F5967578E700DED7E6D8F80401C8
:10FB580000289DD0C8F8045108F060FA98E7A36B14
:10FB68009DF827205A758CE6049D98F802302A469D
:10FB78006FF3871388F80230434612F8041B98F88D
:10FB88000000C1F3801161F3861003F8040B696863
:10FB9800C8F8041092889A800BE7C84501D005463A
:10FBA800B4E59DF82730054684F82930AEE500DE37
:10FBB80029E6069B002B98D16AE700BF89888888C8
:10FBC80070B5044611B3B0F84CC042F2107001FB96
:10FBD80000F01E4E1D46A6FB0030400AB0FBFCF0AC
:10FBE80080B2A4F84000C2B1194B03FB02F2A6FB95
:10FBF8000263B1EB533F21D25B0AB3FBFCF3002253
:10FC08001B1AA4F86030E265002070BDA0F840100F
:10FC1800A0F86010C165002070BDA4F860202B68B2
:10FC28000BB1E365F7E7F9F781FC064658B1F9F738
:10FC380089FC28B10660E0652860ECE7122070BDF9
:10FC48003046F9F779FC072070BD00BF5917B7D1C6
:10FC58000088130029B9B0F84030A0F842300020DD
:10FC68007047134A30B513490225821A0023A1FBB5
:10FC7800021201218BB0099552090F4D09AC0532CA
:10FC88000694D2B2A0F84230CDE9031118460321F8
:10FC9800CDE9013300930595F8F792FC2146F9F771
:10FCA800D3FC10B900200BB030BD0C200BB030BD18
:10FCB800BC5600211F85EB51E9890001F0B589B0D8
:10FCC8000F9D1C462E4616F8103B17460133DBB233
:10FCD8009DF838C02B70002B66D0002238498B7AEB
:10FCE800C1E900076CF300038B72364BCE600C81C0
:10FCF800996001201146F6F793FF002856D1B5F810
:10FD0800423043B10134A4B2A34228D91B1BA5F841
:10FD1800423009B0F0BDB5F840000028F9D0002CF9
:10FD2800F7D0294A294BAA1AA3FB0232C2F3471279
:10FD3800012A3FD8002301210532A5F84200D2B29A
:10FD48001846CDE90533CDE90311CDE90133009318
:10FD5800F8F736FC10F0FD0FDBD000DED9E7B5F878
:10FD68006000E0B1184A1844184BAA1AA3FB0232E3
:10FD7800C2F34712001B012A80B21FD800230532A4
:10FD8800039001211846CDE90533CDE90133D2B2FC
:10FD980004930093F8F714FC10F0FD0F08D100232A
:10FDA800A5F8423009B0F0BD00DE96E700DEA6E710
:10FDB80000DEF4E700DEB5F84000BBE700DEDDE773
:10FDC8009456002134010021BC5600211F85EB51B7
:10FDD8000368D96D11B10868F9F7D2BB704700BF45
:10FDE800024600B17047084608B5054B01219860E6
:10FDF8000220F6F715FF00B908BD00DE08BD00BFF8
:10FE08002401002103788BB110B50E4B00F11001CD
:10FE1800996082689AB900220B4C0A4BC0E90241EA
:10FE280001201146F6F7FCFE38B910BD0369D96DFB
:10FE380011B10868F9F7A4BB704700DE10BD00DEF9
:10FE48009968E8E714010021D9FD000100F02EBBF4
:10FE580070B591F862300C4643F00103064681F80C
:10FE68006230053001F11002C0B2F9F765FCA8B99B
:10FE780000F058FB056A064615B12B689C4201D074
:10FE8800002070BD00F0D0FB08B178301ED1336A75
:10FE9800002BF5D09D42F3D100DEF1E710F1780F89
:10FEA800054613D040F29123094A0A490A480FF03F
:10FEB80004FB2A46314609480FF0FFFA002383F372
:10FEC8001188BFF36F8F0323184602DF0C2070BD23
:10FED800A00E0201500E0201680E0201880E0201F6
:10FEE800022870B509D06422144C02FB004494F82F
:10FEF80062309B0701D5636913B10C25284670BD94
:10FF08002146FFF7A5FF05460028F7D194F862308F
:10FF1800E66D60F3410384F8623036B1E06530681D
:10FF2800F9F70AFB3046F9F713FB0020FEF71EF934
:10FF38000028E3D106F090FDE0E700BFBC560021A1
:10FF480010B50B4C0020FFF7CBFF94F8443001208C
:10FF58006FF3020384F84430FFF7C2FF94F8A83027
:10FF68006FF3020384F8A830BDE8104000F0ACBA83
:10FF7800BC56002100232DE9F04F85B003930028DB
:10FF880000F09D807F4C894694F86260934616F095
:10FF9800020640F08A8094F8C67017F0020740F015
:10FFA800B58094F8A88094F8C6A018F00408CAF39D
:10FFB800810A45D01AF0010F08D00120F8F7C4FCD7
:10FFC8000621F6F79BFD002800F09E8094F8443047
:10FFD800DD0700F1818003AB5A4649466A48FFF7BE
:10FFE800EFFD0546002866D194F89C00C0F3C100D7
:08FFF80006F072FDB4F8A83018
:020000040101F8
:1000000003F0BF0363F0FF03A4F8A83094F89C301A
:10001000990600F1AE8094F84430DA0739D43946B5
:100020005B48FFF71BFE0546002848D1002F52D140
:1000300094F84430DB0705D55448F1F7DDFC05465C
:1000400000283CD152482FE094F862305B0757D427
:100050005A4649464D4803ABFFF7B6FD054670BB0F
:1000600094F8380094F86250C0F3C10006F038FDEF
:10007000B4F84430C5F3810503F0BF0363F0FF0318
:10008000A4F8443094F83830980602D5023D012D8A
:1000900051D931463D48FFF7E1FD054678B9D6B95B
:1000A000B8F1000FBBD1394805B0BDE8F04FF1F70A
:1000B000A3BCE36D039309B1002A4BD10C2528465C
:1000C00005B0BDE8F08FFFF70FFF05460120FFF7F1
:1000D0000BFF0028F3D10025284605B0BDE8F08FBE
:1000E00003AB5A46494629480193FFF76DFD019B32
:1000F000054600283FF474AF284605B0BDE8F08FF0
:100100000120F8F725FC0621F6F7FCFC00289FD11A
:100110001225D4E7D4F8C03003930029CED0002AAA
:10012000CCD0B4F8A430002BC8D0B4F8C430002B25
:10013000C4D0012739E7174D002006F0F5FC95F8EB
:10014000343043F0400385F83430B8F1000F7FF4C9
:1001500062AF9EE7B4F84030002BAFD0B4F8603007
:10016000002BABD094F8C67017F0020709D1012616
:100170001BE7AAF1020ABAF1010F3FF64CAF064D98
:10018000DAE7D4F8C03001260393CAE7BC56002151
:1001900020570021CC5600213057002170B58468CB
:1001A00082B0B4F860300BB102B070BDB4F840302A
:1001B000002BF9D0B4F84230002BF5D1144E15497C
:1001C000A4EB060CA1FB0C1CCCF3471CBCF1010FEB
:1001D000A4F8403018D8BCF1000F16D164360020C6
:1001E0000B25A6F84000E66D0CF105023571A6F866
:1001F00006C00121084BD2B20094F8F73FFA10F084
:10020000FD0FD1D000DECFE700DE014EE7E700BFF3
:10021000BC5600211F85EB51E9FD0001012808B5FE
:100220001CD86423154A03FB002393F862106FF374
:10023000410183F8621030B992F8A83003F0070347
:10024000032B14D808BD92F84430DB07FAD5002000
:10025000FFF74AFE0028F5D000DE08BD00DE0022D0
:1002600092F8623062F3410382F86230FFDE0120CF
:10027000FFF73AFE0028EFD108BD00BFBC560021B1
:1002800001289DBF6422024B02FB00300020704712
:10029000BC560021034A044B801AA3FB0030C0F374
:1002A00047107047BC5600211F85EB51044A006877
:1002B000044B801AA3FB0030C0F34710704700BF07
:1002C000BC5600211F85EB51044B984204D3643384
:1002D000984288BF0020704700207047BC5600211C
:1002E000054B0068984204D36433984201D810301B
:1002F00070470020704700BFBC56002101280AD873
:100300006422064B02FB003090F8623013F0020FBB
:1003100008BF002070470020704700BFBC56002176
:1003200001280AD86422064B02FB003090F86230A4
:1003300013F0020F18BF002070470020704700BF65
:10034000BC560021012818D864230D4A03FB002263
:1003500092F8623013F002030FD0536992F86200F2
:10036000003B18BF012392F83820C0F34000C2F3CD
:100370004012904040EA830070470020704700BF61
:10038000BC56002101280DD86423074A03FB002234
:1003900092F8623013F0020304D092F83800C0F3F0
:1003A000C100704700207047BC56002110B5039C67
:1003B0009DF808C022780132D2B22270A2B1002288
:1003C0000A4910340860887A0B81094B6CF30000ED
:1003D0008872CC6099604A6001201146F6F724FCCF
:1003E00000B910BD00DE10BD00DEE8E79457002123
:1003F0005401002138B5036A0446EBB1616A31B19A
:10040000002363620868F9F7ADF8F9F7B7F8256AD1
:100410002868FFF759FFEA6A04F110039A4204BF03
:100420000023EB62236A4BB1002323622046BDE820
:1004300038400349F6F73ABB00DEDFE700DEF3E7BA
:10044000AC570021036A0BB1FFF7D4BF00DEFFF702
:10045000D1BF00BF68B108B50B6A6BB10748084B44
:100460000022C3E9021001210220F6F7DDFB08B9E2
:1004700008BD704700DE08BD00DEEFE7850401011E
:1004800064010021036A6BB1037803F0FF023BB102
:10049000012A09D183684BB9054BC0E90230704786
:1004A000FFF7A8BF00DEEFE700DEF3E700DEF3E7CB
:1004B0004504010108B5012230210348034BF6F73A
:1004C000BDFA002008BD00BFB0570021AC57002185
:1004D00008B5012230210348034BF6F7AFFA00209C
:1004E00008BD00BFB0570021AC57002138B5856862
:1004F0002B6A6BB11C682046FFF7E6FE78B194F8D2
:100500006230DB0710D42846BDE83840FFF772BFE1
:1005100000DE1C682046FFF7D7FE0028EFD100DE82
:1005200094F86230DB07EED538BD00BF024B0028DF
:100530000CBF184600207047B057002108B5302284
:1005400002490068F6F7CAFAC0B208BDB0570021E8
:1005500038B5056849B12B6A0C4643B11868FFF7F6
:10056000B3FE003818BF01202070286A38BD00DEB5
:10057000F4E700BF70B58B68054618680C46FFF7B6
:10058000A3FE0122002834D0D4E9021322712BB338
:100590001E68336A002B3ED01868FFF795FE68B3DB
:1005A00090F86230DB0711D4336A002B37D0336AFE
:1005B000002B32D0337803F0FF020BB3012A30D185
:1005C000B368002B2FD1194BC6E9023621462846C5
:1005D000F8F7C8FFBDE87040F8F7D0BFCB6A002B32
:1005E000D6D121462846F8F7BDFFBDE87040F8F7A0
:1005F000C5BFA3682271002BCAD1F2E700DE70BD2F
:100600003046FFF7F7FE21462846F8F7ABFFBDE876
:100610007040F8F7B3BF00DEBEE700DECAE700DED9
:10062000C5E700DECCE700DECDE700BF45040101F1
:1006300038B5302212490446F6F750FA04F1100595
:1006400007302A462146C0B2F9F77AF850B110F1C6
:10065000780F00D038BD2846F9F748F810B110F1EE
:10066000780FF7D10749084B0022C3E90241032064
:100670000121F6F7D9FA08B9002038BD00DEFBE702
:10068000B0570021F5030101440100210146002279
:1006900008B5054B012099601146F6F7C5FA00B977
:1006A00008BD00DE08BD00BF74010021014683685B
:1006B00008315A6892F82730DB0901D0F2F79CB96B
:1006C000F2F746BE2DE9F0410446066882B04FF4C9
:1006D000C872234900F14C053046F6F7FFF9214670
:1006E00009F032FB2946206D01AAF6F737FA10B35C
:1006F0004FF6FF77DFF86C8098F8412298F84012A7
:10070000531CDBB2482B08BF0023994224D0019927
:1007100008EBC20C28F83270CCF804100A680260AA
:10072000019A106088F841322946206D01AAF6F737
:1007300015FA0028E0D1D6F8480106F5A47138B1C1
:100740000023C6F84831F9F797F802B0BDE8F08108
:1007500000DED6F84801F3E700DE00231B80FFDE51
:1007600008050021505B002110B50C4630B9204629
:10077000F8F7AAFF844200D000DE10BD00DEF6E7E5
:1007800010B50C4630B92046F8F792FF844200D0ED
:1007900000DE10BD00DEF6E710B50C4640B9074B91
:1007A0000246012102209C60F6F73EFA20B910BDF6
:1007B000F8F778FF8442FAD000DE10BD94010021E2
:1007C00000B9704710B50C46F8F78AFF844200D193
:1007D00010BDF8F767FF8442FAD000DE10BD00BFFD
:1007E00070B510224FF4C871144B1548F6F726F96E
:1007F00000244FF6FF76124DA2B24FF4C87128467E
:10080000F6F768F90134102C8684F5D10D4B0722D8
:10081000181D2421F6F712F90B4B4722181D082149
:10082000F6F70CF902F032FA07230020074C0849CA
:10083000084A20600B70137070BD00BF1058002173
:1008400008050021505A002114580021D85D0021CC
:100850009F8000219E80002110B5044614F8103BB3
:1008600073B10F4B9C608268B2B900220D490C4BEA
:10087000C0E9021401201146F6F7D6F950B910BDAF
:1008800003F0FF02084B114601209C60F6F7CCF9FB
:100890000028F4D000DE10BD00DE9C68E5E700BF54
:1008A000840100218D060101740100210148F6F741
:1008B000E9B800BF105800210149F6F7F7B800BFAA
:1008C000105800214FF4C8720149F6F707B900BF6C
:1008D000080500210F28024604D84FF4C8710248C9
:1008E000F6F7F8B800207047080500210F280ED849
:1008F00010B5024604464FF4C8710648F6F7EAF808
:1009000018B1838CA34200D110BD002010BD00207F
:10091000704700BF080500210148F6F7B3B800BFD3
:10092000505A00210149F6F7C1B800BF505A0021C2
:100930000F2800F2A8802DE9F041024607460C4638
:1009400063484FF4C871F6F7C5F8804600285DD0BB
:10095000838CBB425AD15F4A92F8411092F8400012
:100960004B1CDBB2082B08BF0023984265D022F84D
:10097000317002EBC1014C6082F8413098F80030D0
:1009800003F0FF00002B4BD0534D2B68062B58D89B
:10099000524E534B002201210320C3F80880F6F782
:1009A00043F998F93730002B42DB0FF09EFA4FF0F5
:1009B000000CDFF830E14C4FDEF80010411AC1F3B3
:1009C0000E02A2FB0723D20BC90B42EA4342DB0B08
:1009D000E1FB072397427CEB03011BD343482F68BD
:1009E0000168013764790C4404604148A4FB0001AC
:1009F000214452EA030404BF00230122EFF75CFB09
:100A000003462F6033600020BDE8F0816FF01500D1
:100A1000BDE8F081CEF80000614601273348E1E7E8
:100A200009F0E4FD98F937302B4D002B2B4EBCDA42
:100A30003946404604F0B6FFB7E76FF06800BDE8FE
:100A4000F08198F8582098F87230244E02F0070C84
:100A500028483168C3F300139B00BCF1030FB0FBBF
:100A6000F1F0DBB2C2F3C00210D9DB00520003F296
:100A700003130132934003F27453834223D30020C3
:100A800009F0B4FD85E76FF0150070470CF109021D
:100A9000D1000CF1240213444FEA6C0C21FA0CF241
:100AA000DB0023FA0CF302F596710B449842E6D969
:100AB000C3EB400002F196035B0018440138B0FB21
:100AC000F3F0C0B2DCE7C3EB400040F2CC63F4E7E4
:100AD00008050021945D00210C58002108580021D0
:100AE000A40100210458002100CA9A3B00580021AB
:100AF0000050D6DC00E6DF0C2DE9F04F0F2885B062
:100B0000BDF83890BDF83CA0BDF840B0039215D8B0
:100B1000024604460E461C484FF4C8711F46F5F7BE
:100B2000D9FF054650B1B0F82480A04506D176B172
:100B3000022E07D0012005B0BDE8F08F022005B0DD
:100B4000BDE8F08F039BABB902F03EFB0EE0119CB9
:100B500053464A463946CDF800B0019402F0CAFA2D
:100B60000028ECD195F93730002B07DB002005B0C9
:100B7000BDE8F08F039902F037FBF7E741462846BE
:100B800004F010FFF2E700BF080500210F281FD86E
:100B900070B5024604460D460E484FF4C871F5F78D
:100BA00099FF064658B1838CA34208D102F052FA4D
:100BB00038B103682B6003792B71002070BD0220CF
:100BC00070BDD6F832302B6096F836302B71F4E7D2
:100BD00002207047080500210F2870B502D90224B1
:100BE000204670BD024605460C4616484FF4C871B3
:100BF000F5F770FF064610B3838CAB421FD11A2C59
:100C000004D8042C16D81224204670BD292C01D0FB
:100C10003B2CF8D12146304602F0E6F90446002884
:100C2000DED196F93730002BDADA2946304604F067
:100C3000B9FED5E7044BE340DB07EBD4E3E70C2434
:100C4000204670BD08050021200038040F2870B52B
:100C500016D8024604464FF4C8710E48F5F73AFF1D
:100C6000054668B1868CA6420AD1012102F00AF934
:100C7000044618B995F93730002B04DB204670BDC7
:100C80000224204670BD2846314604F08BFE2046E3
:100C900070BD00BF080500210F2870B515D80246A9
:100CA00004464FF4C8710D48F5F714FF054660B1CE
:100CB000868CA64209D102F0FDF8044618B995F9D0
:100CC0003730002B04DB204670BD0224204670BD67
:100CD0002846314604F066FE204670BD0805002116
:100CE0000F281CD870B504460E4615464FF4C8713F
:100CF00002460C48F5F7EEFE034670B1828CA24224
:100D00000BD193F858400020C4F30204347093F8D8
:100D10005930C3F302032B7070BD022070BD022056
:100D2000704700BF080500218446034A034B00209A
:100D300082F800C0197070479F8000219E800021BA
:100D40002DE9F0430F2883B025D80446884617467E
:100D50004FF4C871024619481E46F5F7BBFE05461A
:100D6000C8B1B0F82490A14515D1D0F8203113F4C2
:100D7000106F1DD00124334600943A46414602F0DC
:100D80000BF9044618B995F93730002B08DB2046DB
:100D900003B0BDE8F0830224204603B0BDE8F08331
:100DA0002846494604F0FEFD204603B0BDE8F08326
:100DB0001A24204603B0BDE8F08300BF08050021D7
:100DC0000F2814D838B5024604460D4609484FF49A
:100DD000C871F5F77FFE034638B1828CA24204D178
:100DE00093F8B63000202B7038BD022038BD0220A9
:100DF000704700BF080500210F282FD838B50246DC
:100E000004460D4616484FF4C871F5F763FE18B353
:100E1000838CA34220D1C38CB0F87021052B0FD84E
:100E20004FF4FA7101339BB202FB03F301FB03F3AE
:100E30000C4AA2FB0323C3F34F332B80002038BDA1
:100E400040F2E24103FB02F201FB02F2054BA3FB7D
:100E50000232C2F34F33F0E7022038BD0220704760
:100E6000080500215917B7D10F282ED838B50246EA
:100E700005460C4616484FF4C871F5F72BFE84461C
:100E800008B3838CAB421ED142F2107202FB04F114
:100E9000C38C0139052B0DD84FF4FA7201339BB284
:100EA00002FB03F31944B1FBF3F189B2ACF8701102
:100EB000002038BD40F2E24202FB03F31944B1FBCB
:100EC000F3F189B2F2E7022038BD0220704700BF7B
:100ED00008050021FFF784BC2DE9F84304F0C0FEAB
:100EE0000025204FDFF88090DFF8808025E005F1B5
:100EF00008002146C0B204F11002F8F721FC0646B2
:100F0000B0B116F1780F1A4812D040F24D734A462C
:100F100041460EF0D6FA3246294616480EF0D1FA6E
:100F2000002383F31188BFF36F8F0323184602DF7A
:100F300000230135102DE3660AD04FF4C8713846FE
:100F4000AAB2F5F7C7FD04460028D0D100DECEE7EF
:100F500009490A4AA1F84030A2F84032BDE8F843F6
:100F6000FFF73EBC08050021E00E0201500E020111
:100F7000680E0201880E0201945D0021505B002181
:100F8000014B1878704700BF9F800021014B1878F3
:100F9000704700BF9E8000212DE9F84F4FF0000BF5
:100FA00081468A4617469846194E02E0BBF1100F5B
:100FB0002AD01FFA8BF52A464FF4C8713046F5F750
:100FC00089FD0BF1010B04460028EFD0838CAB4266
:100FD000ECD190F88051B7EBD51FE7D106224146FE
:100FE00000F287100FF0C3FCC5F380150028DDD197
:100FF0004D45DBD10622514604F281100FF0B7FCBB
:101000000028D3D1012000E00020BDE8F88F00BF08
:10101000080500218B6808601B681A782AB19A6855
:1010200032B9044AC3E9022170470846FFF73EBBC4
:1010300000DEF6E7AD060101F8B50B68DE880F2E7D
:1010400036D80C46074632464FF4C8711A48F5F7B1
:1010500041FD054658B3838CB34228D102F000F914
:10106000226892F8203003F00303032B08D10123F8
:101070001371394628462268BDE8F84002F004B9E9
:1010800053B995F842319B0703D53D2385F8443188
:10109000226801231371F8BD95F842319A07FAD5F9
:1010A0003D23012285F8443123681A71F8BD236875
:1010B00001221A71F8BD00BF080500214FF6FF7C20
:1010C00010B50446808C60450CD02046A4F804314D
:1010D000C4E93F1201F068FE94F8423113F00100B8
:1010E00002D110BD00DEF0E76FF3000384F8423157
:1010F0006FF08B0010BD00BF2DE9F041304D06466A
:10110000304F95F8412027E042464FF4C8713846E9
:10111000F5F7E0FC034650B3828C6168904527D117
:101120000A79487902F00302022A2AD050BB03F15F
:10113000C40001F0F5FB95F8412095F840309A4243
:1011400006D00133DBB2082B08BF002385F84030FE
:10115000013E16F0FF0627D095F84030934223D089
:1011600035F8338005EBC304B8F10F0FCCD96168B3
:101170000B794FF6FF706FF301030B71F8F74AFA22
:10118000D9E798B193F88D21D007D0D56FF300023D
:1011900083F88D210A7902F003000128C7D10220CB
:1011A00060F301020A71C2E7BDE8F08193F88D2176
:1011B000404642F0010283F88D21F8F72BFABAE796
:1011C000945D0021080500212DE9F041324A0B46CB
:1011D00014680546A04204BF002111601822808CCB
:1011E000012182B085F8683185F84C21A5F84E01BF
:1011F000284601F0E3FD05F1C406284601F0F2FDA2
:10120000304601F075FB304601F0AAFB044638B3C6
:101210000379DFF8888003F00303032B0CBF034638
:1012200000230360404605F16007F5F72BFCA8B1E9
:1012300021463A46F5F780FC304601F091FB044622
:1012400070B1037903F00303032B0CBF03460023A3
:1012500003604046F5F716FC0028E9D100DEE7E719
:10126000AA8C0121083200200D4B0095D2B2F7F76D
:1012700005FA10F0FD0F08D14FF6FF73FF20AB8485
:1012800002B0BDE8F041FFF737BFF8F70BFA85422F
:10129000F2D000DEF0E700BFD85D00211458002135
:1012A0009907010138B505460120FFF725FF05F133
:1012B000C40001F055FBA8B1044603790A4803F0C5
:1012C0000303032B0CBF234600232360F5F7DAFB4F
:1012D00030B1214605F16002BDE83840F5F72CBC7D
:1012E00000DEF6E738BD00BF1458002141B32DE9F8
:1012F000F0414D1EDFF84C80EDB200F1C40700F163
:10130000600613E02379404603F00303032B0CBF70
:10131000234600232360F5F7B5FB78B1013D324643
:101320002146EDB2F5F708FCFF2D05D0384601F057
:1013300017FB04460028E5D1BDE8F08100DEEDE7AB
:10134000704700BF145800210149F5F7AFBB00BF3B
:1013500014580021014B93F841027047505B002163
:1013600000B50A4B93F840C293F841E2F4450BD024
:1013700080F800E033F83C0003EBCC0308805B68A6
:10138000136018685DF804FB0020FBE7505B002148
:10139000074B93F840C2844508D003EBCC0033F8E8
:1013A0003C300B804368136018687047002070471A
:1013B000505B0021094A92F8401292F841328B4268
:1013C00009D04B1CDBB2482B08BF002352F8310078
:1013D00082F8403270470020704700BF505B002108
:1013E00000B50D4A92F841C292F840E20CF10103B7
:1013F000DBB2482B08BF00239E4509D022F83C00F1
:1014000002EBCC0CCCF8041082F841325DF804FBFE
:1014100000DE00231B80FFDE505B002170B5537996
:10142000144605460E46002B3BD0237903F00302F9
:10143000032A0CD04FF6FF72954204BF6FF30103ED
:10144000237121462846BDE87040F8F7E3B84FF60F
:10145000FF739D4206D133689C421CD0002BF0D014
:1014600000DEEEE70F2D1ED82A464FF4C87116484D
:10147000F5F730FBE8B1214601F0D4FE33689C4219
:10148000ECD12A464FF4C8710F48F5F723FB10B191
:10149000838CAB4200D000202146BDE8704001F0B3
:1014A00047BC00DEC1E700DE0020214601F0BAFEA5
:1014B000D1E700DE214601F0B5FE3368A342E0D05B
:1014C000002BBED0CCE700BF080500211B207047D1
:1014D000704700BF90F8423143F0020380F8423178
:1014E000704700BF90F842316FF3410380F84231FA
:1014F000704700BFB0F84031B0F80421981880B2AE
:10150000704700BF0278038E12B1581E80B2704738
:10151000418DB0F804215818104480B2704700BFC4
:101520000B4610B504461A683230C4F832201B79D5
:1015300005210371F5F792FC94F8373060F3050349
:1015400084F8373010BD00BF08B50022D0E917017C
:10155000F5F7FCFAB0FA80F0400908BD10B4002499
:101560008A690B468C61E2B103211171818C02F111
:101570002004D18093F8201039B91B7A052B0CD0A8
:10158000062B06D000DE10BC7047204610BC02F0CF
:1015900005BE1A23137110BC7047204610BC02F020
:1015A000DFBD00DEE0E700BF70B50D46044600F188
:1015B0007306334600223B3105F12B000AF03AFC5A
:1015C000D4F87730D4F87320C4F898300023C4F8E6
:1015D0009420D4F88C20D4F87F10C4F8AD2094F86F
:1015E000AC20D4F87B0042F0010284F8AC2094F8DF
:1015F0008B20C4F8A010D4F8901063F30002C4F854
:101600009C00C4F8B11020462946C4E9293384F867
:10161000833084F8843084F8853084F8863084F808
:10162000873084F8883084F8893084F88A3084F8E8
:101630008B2001F09BFA0646B8B1301D02F090FDF8
:10164000F37931466B73204601F0A6FA204602F08A
:1016500093FA40F206636B8194F8723023F018031A
:1016600043F0180384F8723070BD00DEE5E700BF78
:10167000F8B506460C4601F079FA054688B32F1DE9
:10168000384602F04BFDEB7929466373304601F092
:1016900083FA304603F0C0FEAB68EA68C4F8433012
:1016A0000023C4F847202A69C6F89020A569A361E1
:1016B000ADB103232F792B71B38C204605F12001A6
:1016C000EB8002F015FD2E2F02D00423A372F8BD8B
:1016D00029462868F7F758FF0423A372F8BD00DEF7
:1016E000E7E700DECBE700BF70B504460D4601F02A
:1016F00035FA10B90623AB7270BD04F17306334698
:10170000002205F13B0105F12B000AF093FBD4F810
:101710007730D4F87320C4F898300023C4F89420AC
:10172000D4F88C20D4F87F10C4F8AD2094F8AC2005
:10173000C4E9293363F3000284F8833084F88430E9
:1017400084F8853084F8863084F8873084F88830CF
:1017500084F8893084F88A3094F88B30D4F87B0090
:10176000C4F8A010D4F8901043F00103C4F89C0012
:10177000C4F8B1102046294684F8AC2084F88B3098
:1017800001F0F4F90646A8B1301D02F0DFFCF37950
:1017900031466B73204601F0FFF9204603F03CFE12
:1017A0004FF4C1636B8194F8723043F0080384F8FE
:1017B000723070BD00DEE7E770B50C46897A0546E9
:1017C00082B00A2900F23D81DFE801F00A1D2225DE
:1017D000779D485665680600002A64D002B070BD47
:1017E000002AFBD1237A0121062B284648D001F09C
:1017F000D7F92146284601F0B1F9002840F0C2800F
:101800000223A372EAE7002AE8D101212846EEE785
:10181000002AE3D1EDE7012A00F09F80042ADDD100
:1018200001212846009301F0CFF9009BDA780D2AB8
:1018300000F0ED80112A00F0FA8000DE1F2384F80A
:101840002030284603F0E4FD21462846FFF786FEB7
:10185000284602F041FA0023A372BFE7032ABDD154
:1018600000260121284601F0AFF92846FFF73AFE8D
:10187000284684F820603AE0002AAFD101212846AA
:1018800001F08EF92146284601F068F9002845D17B
:101890000823A372A2E7002AA0D1F3E7062A9DD16C
:1018A0002846FFF717FE2146284601F057F9002881
:1018B00040F091800A23A37290E7022A26D0042ADE
:1018C0008CD101212846009301F07EF92846FFF7CC
:1018D00009FE009BDA780D2A00F0A180112A00F0A1
:1018E000A88000DE1F230026284684F8203003F05D
:1018F0008FFD214628462673FFF730FE284602F06A
:10190000EBF9A6726AE7002A7FF468AF2146284601
:1019100001F024F9D0B90523A3725FE721462846D8
:1019200001F024F90646002800F08780301D02F0FF
:1019300021FCF37931466373284601F02DF92846DE
:1019400002F01AF940F60933638147E72146284639
:1019500002B0BDE87040FFF727BE2846CDE900235E
:10196000FFF7B8FD40F20451019B009A5E68986849
:10197000C4F84360C4F84700DB68C5F890302273B0
:1019800061812BE72146284601F0F0F80646002841
:1019900051D02046311D02F087FBF3793146637345
:1019A000284601F0F9F8284602F0E6F8D6F8123099
:1019B000D6F816202846C4F83B3040F20343C4F85A
:1019C0003F20D6F81A20C5F88C20638102B0BDE80C
:1019D000704003F019BD2146284601F0C7F80646BD
:1019E00068B3301D02F0D0FBF379314663732846AB
:1019F00001F0D2F8284602F0BFF84FF60173638178
:101A000095F8723023F0180385F87230E6E61B79FA
:101A1000062B3FF414AF1A2B3FF411AF0EE71B79DE
:101A2000062B3FF460AF1A2B3FF45DAF5AE75B79AA
:101A3000EEE75B79F4E700DEABE700DE76E700DE99
:101A4000CFE700DECAE600BF70B50C46897A0546CE
:101A500082B00D2900F23381DFE801F05F676A9CF4
:101A6000AB07070C1836393E5053002A00F0B380FC
:101A700002B070BD002AFBD12146284601F06EF865
:101A8000002840F0F6800723A372F1E7022AEFD185
:101A90000023A069A361002800F02E8103230371B5
:101AA000AB8CC380237A052B00F00E81062B00F04F
:101AB000088100DE2146284601F050F8002840F059
:101AC000AF800923A372D3E7002AD1D1F2E7002A1D
:101AD000CED10B23A372CBE7072AC9D12846012117
:101AE00001F05EF82846FFF7F5FC2146284601F094
:101AF00035F8002876D10C23A372B9E7002AB7D1B4
:101B0000F3E7082AB4D140F20233638195F87230CA
:101B10006FF3041385F87230AAE7002AA8D1237A5C
:101B2000062BD6D00223A372A2E7002AFAD09FE7A1
:101B3000012A9DD111462846019301F031F828462B
:101B4000FFF7C8FC284602F00FF8019B28465968A9
:101B50009A68C4F82110C4F825201A7B84F829203B
:101B60005A7B84F82A20D3F80E10D3F81220C4F838
:101B70003B10C4F83F20D3F816302146C5F88C300E
:101B800000F0ECFF78B12146284602B0BDE8704075
:101B9000FFF76EBD002A7FF46BAF2146284600F0A8
:101BA000DDFF0028EFD1204601F01AF80323A372CD
:101BB0005EE7032A0CD0042A7FF45AAF062140F2D4
:101BC0000362072384F82010A4F84D20A3724FE786
:101BD0000523A3724CE72146284602B0BDE87040B9
:101BE000FFF782BD2146284600F0C0FF06460028C8
:101BF00000F08480301D02F0C7FAF3793146637338
:101C0000284600F0C9FF284603F006FC40F60D33D5
:101C1000638195F872306FF3C30385F8723027E75C
:101C20002146284600F0A2FF0646002868D0301D55
:101C300002F096FAF37931466373284600F0ACFF60
:101C4000284603F0E9FB284603F070FD002301213C
:101C5000A372284600F0B8FF2846FFF743FC284649
:101C600001F086FF95F8723043F0100385F872306A
:101C7000FEE62146284600F079FF0646002841D0BE
:101C800095F8103194F84E10301D1BB1D5F8203165
:101C90005B071DD402F082FAF3793146637328465C
:101CA00000F07AFF284603F0B7FB284603F03EFD1C
:101CB00094F82030062B11D0242B3FF4D9AE00DE4F
:101CC000D6E61A230371F5E6203002F049FAF1E670
:101CD0000A4694F84D1002F06DFADDE7012128461E
:101CE000A17200F071FF2846FFF7FCFB284602B006
:101CF000BDE8704001F03CBF00DECFE600DE79E7D2
:101D000000DE94E700DEBBE792F823C002F1200377
:101D1000ACF104020D2A08D8DFE802F00E14170710
:101D200007070711070B0707070B3D2380F844310E
:101D300070470422FFF740BD0122FFF73DBD062298
:101D4000FFF73ABD0222FFF737BD0322FFF734BD8C
:101D500013460022FFF730BD92F823C002F12003A2
:101D6000ACF10302082A06D8DFE802F01205050FDD
:101D70000505050C09003D2380F844317047082211
:101D8000FFF762BE0722FFF75FBE0222FFF75CBECD
:101D90000122FFF759BE00BF8B7A042B04D002D971
:101DA000053B082B03D8704705238B72704700DE74
:101DB000F9E700BF8B7A042B04D002D9053B082B2E
:101DC0000AD87047062040F20362072381F82000FA
:101DD000A1F84D208B72704700DEF2E7887AA0F1FF
:101DE0000400B0FA80F04009704700BF134600229B
:101DF000FFF72ABE70B591F826300C46042B91F8F7
:101E0000272003D8032B01D0042A0DD91121134315
:101E100013F007034FF0010584F822100CD10125BF
:101E200084F82230284670BD032A0DD0134313F0E6
:101E300007034FF00005F2D0A68CFFF763FB801B71
:101E40000304EFD42823EAE71123012581F8223087
:101E5000F2E700BF10B500230C468969A36149B3BE
:101E600094F82130DB0720D50B792E2B20D11D23B0
:101E70000B71838CCB8094F8223081F8203090F85D
:101E80005930C3F3020381F8223090F85830C3F37D
:101E9000020381F821300868F7F776FB94F82130C7
:101EA0006FF3000384F8213010BD01230B71F2E7BA
:101EB00000DEDCE700DED3E78A7A8C46032A03469D
:101EC0001CD0052A03D00221184600F07DBE90F9EF
:101ED0003720002A4BDBBCF82620B2B39CF8262022
:101EE0002AB193F8581062F3061183F858100822AB
:101EF000022118468CF80A2000F066BE00B590F961
:101F0000372083B0002A30DA1A4A9CF820E092E8A1
:101F1000030002AA02E9030093F85820114642EA9E
:101F20000E0202F0070208326A4412F8080C062278
:101F300060F3061183F85810184602218CF80A2025
:101F400003B05DF804EB00F03FBE93F85820092081
:101F50001146C2F3020262F3061183F858108CF89E
:101F60000A000221184600F02FBE00DECCE700DE9A
:101F7000B1E700BF200D020191F8202030B5940791
:101F800040D402F0070313F0010535D1032B94BFB1
:101F9000002301234FEA830E754691F8203065F344
:101FA000020381F82030C3F3C202DB062DD412F005
:101FB000010424D1032A94BF002201224FEA820C9B
:101FC000644691F8203064F3C50381F8203090F81E
:101FD000583003F00703AB4208BF4FF0000E81F802
:101FE00026E090F8593003F00703A34208BF4FF0F2
:101FF000000C81F827C030BD4FF0010ECDE74FF047
:10200000010CDEE70225AE46C7E70224A446D8E766
:10201000F8B5CE690C460546002E50D00022637BF1
:102020006661162B06F10407E2610BD0182B30D045
:1020300000DE2846314600F0AFFD2846BDE8F840F6
:1020400001F09ABD94F8203095F88021C3F3C203C3
:1020500063F3C50285F8802194F8202095F880313B
:10206000394662F3020385F8803194F8203095F800
:102070005820C3F3801363F3C302204685F8582029
:1020800002F0B2F80221284600F08AFD0223A37272
:10209000CFE721462846FFF76FFFE38C43B9A384BF
:1020A0003946204602F0E4F84FF605736381C0E735
:1020B000FFF728FA2B8D063303449BB2EFE700DECF
:1020C000CE69ABE738B505460C4601F045FD10B1C9
:1020D0000123A37238BD284603F084F90028F7D104
:1020E0002146284600F03AFD0028F1D0284603F0AA
:1020F00077F90728ECD02846012103F06BF9284630
:102100000D2103F06BF9162321466373284600F076
:102110002DFD0346E36121462846BDE83840FFF720
:1021200077BF00BF38B505460C4601F015FD10B16C
:102130000423A37238BD2146284600F00FFD002875
:10214000F6D005F1C40000F009FC0028F0D12846C3
:10215000FFF7FAF90028EBD01823214663732846CD
:1021600000F004FD0346E36121462846BDE83840FF
:10217000FFF74EBF2DE9F04190F9376090F85850C5
:1021800090F859C001F00708002E034605F0070734
:1021900040460CF0070E02F007041BDB1CB162F393
:1021A000020C83F859C058B193F858205FFA88F4AC
:1021B00064F3020283F85820A74218BF012007D118
:1021C00093F8590000F00700B0EB0E0018BF012093
:1021D000BDE8F08154B164F3020583F8585000283B
:1021E000EAD061F3020C83F859C0E5E70028EFD08C
:1021F00061F3020C83F859C0E2E700BFF0B5154661
:102200008A7A0C46064685B0092A00F2EC80DFE89F
:1022100002F00505193C689771EAB40A002D00F038
:10222000DC8005B0F0BD042DFBD12146FFF712FE86
:10223000304601F051FD0021304603F0CFF8002375
:10224000A372EEE7032DECD190F83730DB0900F0F4
:102250002F81B54B94F8205093E8030004AB03E9B9
:10226000030096F8583002211A462B4303F0070367
:1022700010336B4413F8085C41F6060365F306124D
:1022800086F858203046638126E0012D00F0AE80AC
:10229000062DC6D1002103F09DF8D6F82031204646
:1022A00023F41063C6F8203100F09AFC1A220925A5
:1022B0000221304694F8213084F8222043F00103B3
:1022C00084F8213096F858301A46C3F3020363F3BA
:1022D000061286F85820A57205B0BDE8F04000F05F
:1022E00073BC002D9DD12146304605B0BDE8F040BD
:1022F000FFF718BF052D00F0CE80062D00F0AD8051
:10230000022D8ED190F93720002A80F20B81022114
:102310003046019303F05EF8019B2046194601F018
:102320009DFF21463046FFF765FD0546204600F03B
:1023300057FC002D40F0DB8094F82730ABB10EE065
:10234000032D7FF46EAF90F93730002BC0F2E88098
:10235000E58C002D00F0B08094F826302BB196F873
:10236000582063F3061286F85820304601F00EFC20
:10237000082302213046A372AEE7002D7FF451AF4F
:10238000FFF7B8F8A38CC01A03043FF54AAF94F8DE
:10239000272094F826103046FFF7ECFE0746294622
:1023A000304603F017F884F82250002F40F0B68032
:1023B00094F82020D20994F82130092162F3000317
:1023C00084F8213096F858301A46C3F3020363F3B9
:1023D000061286F85820A17223E7214605B0BDE811
:1023E000F040FFF76FBE00DE05B0F0BD02210193A3
:1023F00002F0F0FF019B94F820201946204602F0DD
:102400000707C2F3C20501F047FF0221304600F082
:10241000C7FB94F820301946C3F3C20305EA030250
:1024200062F3C5010B460F4067F3020384F82030C6
:1024300096F93730002B0CDB94F8203013F0380F6E
:1024400001D05A0705D194F8203023F03F0384F8D7
:102450002030204600F0C4FB45E7002102F0BAFF1F
:102460001A22D6F8203123F41063C6F8203184F8FC
:102470002220204600F0B4FB94F82130092543F0D7
:10248000010384F8213096F8583002211A4630466C
:10249000C3F302031BE71946204601F09DFE94F8A2
:1024A0004E300021304684F8223002F093FFE0E7FE
:1024B00041F203736381B4E62946304602F08AFF95
:1024C00094F8203094F82120DB0963F3000284F8AB
:1024D000225084F8212096F8582002F0070296F83E
:1024E0005810092362F3061186F8581041E70021BD
:1024F000304602F06FFF94F822300BB186F8443179
:1025000094F8203094F82120DB0963F3000284F86A
:10251000212096F8582002F00702E0E701224AE75E
:1025200000DE15E700DEF2E6200D0201F8B5CD6908
:102530000C4606468DB30022637B6561172B05F1BF
:102540000407E2610BD0182B11D000DE304629467B
:1025500000F022FB3046BDE8F84002F05DBF39468E
:10256000304601F065FE41F603036381EEE7214644
:102570003046FFF701FDE38C43B9A384394620467A
:1025800001F076FE4FF605736381DFE7FEF7BAFFD1
:10259000338D063303449BB2EFE700DECD69CAE713
:1025A00038B505460C4602F027FF10B10223A3728E
:1025B00038BD2146284600F0D1FA0028F6D028463A
:1025C00002F00EFF0728F1D028460D2102F006FF89
:1025D000172321466373284600F0C8FA0346E361D7
:1025E00021462846BDE83840FFF7A0BF38B505466C
:1025F0000C4602F001FF10B10423A37238BD21463E
:10260000284600F0ABFA0028F6D0284602F0E8FE93
:102610000728F1D005F1C40000F0A0F90028EBD1A3
:102620002846FEF791FF0028E6D028460D2102F04B
:10263000D5FE182321466373284600F097FA034617
:10264000E36121462846BDE83840FFF76FBF00BF71
:1026500070B50C46897A06461546092900F2AE8007
:10266000DFE801F0696E09050D0514AC375A022D3B
:1026700000F09F8070BD002D00F0958070BD002D92
:10268000F8D12146BDE87040FFF7B0BF032DF1D16E
:102690001946204601F0E2FD21463046FFF7AAFB2D
:1026A0000546204600F09CFA002D00F0958094F835
:1026B00022300921282B08BF86F8443196F858307B
:1026C0001A46C3F3020363F3061286F85820A17278
:1026D00070BD002DCED1FEF70DFFA38CC01A0304F0
:1026E000C8D494F8272094F82610304684F8225055
:1026F000FFF740FD94F82130092160F3000384F8CE
:10270000213096F858301A46C3F3020363F30612D9
:1027100086F85820A17270BD042DABD12146FFF779
:1027200099FB304603F002F80021304602F056FED5
:102730000023A37270BD002D9CD10123A37270BD34
:102740001946204601F066FD94F8202096F8803165
:10275000C2F3C200C3F3C2010140C3F30203C2F3D8
:102760000200034043EAC10322F03F02134384F80E
:10277000203096F93730002B0ADB94F8203013F024
:10278000380F1DD194F8203023F03F0384F8203017
:102790000221304600F004FA012D7FF46BAF96F869
:1027A0003730DB090FD021463046BDE87040FFF7D7
:1027B000F7BE2146BDE87040FFF77EBB00DE70BD6E
:1027C0005A07E5D1DEE7204600F00AFA21463046F6
:1027D000BDE87040FFF70ABF304602F023FE082331
:1027E000A37270BD92F823C002F12003ACF107027E
:1027F000112A0AD8DFE802F02009090909090909A4
:1028000009091D09090909091A17242300B580F8C7
:10281000443183B0019101F05FFA002301998B727A
:1028200003B05DF804FB0222FFF7E8BC0122FFF7CA
:10283000E5BC0522FFF7E2BC0622FFF7DFBC00BFC4
:1028400013460022FFF7DABC13460322FFF7D6BC7B
:1028500038B58B7A082B02D002D8072B10D038BDA0
:10286000092B0DD105460C46FFF7F4FA284601F076
:1028700033FA0021284602F0B1FD0023A37238BDCF
:1028800000DE38BD10B592F823E002F12003BEF15E
:10289000160F0BD0BEF1180F0DD0242380F8443151
:1028A0000C4602F043FF0023A37210BD0122BDE8D5
:1028B0001040FFF7CDBE0322BDE81040FFF7C8BEB1
:1028C00013460022FFF7C4BE13460222FFF7C0BE24
:1028D00000230422FFF7BCBE002303704360836023
:1028E000C3600361704700BF037801330370704712
:1028F00003785BB9C3687BB102691AB1816861B1C1
:102900000B6082600023C36003617047013BDBB250
:102910000370002BEED0704770474360F1E700BFB3
:1029200003783BB100230C300B60436843B119605E
:1029300041607047002304300B604368002BF6D1E0
:1029400001604160704700BF00230B60836813B1D2
:1029500019608160704741608160704740687047CE
:102960000346406828B19968026888425A6008BFE7
:102970009A6070474078A0F10C00B0FA80F04009EE
:10298000704700BF4078A0F10800B0FA80F040091D
:10299000704700BF4078A0F10200B0FA80F0400913
:1029A000704700BF4078A0F11700B0FA80F04009EE
:1029B000704700BF4078A0F10D00B0FA80F04009E8
:1029C000704700BF4078A0F10100B0FA80F04009E4
:1029D000704700BF4078A0F10900B0FA80F04009CC
:1029E000704700BF4078A0F10600B0FA80F04009BF
:1029F000704700BF4078A0F11800B0FA80F040099D
:102A0000704700BF4078A0F10300B0FA80F04009A1
:102A1000704700BF4078A0F10500B0FA80F040098F
:102A2000704700BFF8B5064608460D46F4F72AF889
:102A3000044680B10027456006722C2239462030BA
:102A40006761A7610DF08BFF4FF47F43FF22A773EF
:102A500063816272A3812046F8BD00BF4078A0F177
:102A60000200B0FA80F04009704700BF4078A0F142
:102A70000100B0FA80F04009704700BF4078A0F133
:102A80000200B0FA80F04009704700BF4078A0F122
:102A90000900B0FA80F04009704700BF4078A0F10B
:102AA0000100B0FA80F04009704700BF4078A0F103
:102AB0000100B0FA80F04009704700BF4078A0F1F3
:102AC0000200B0FA80F04009704700BF4078A0F1E2
:102AD0000900B0FA80F04009704700BF4078A0F1CB
:102AE0001800B0FA80F04009704700BF4078A0F1AC
:102AF0000100B0FA80F04009704700BF4078A0F1B3
:102B00000100B0FA80F04009704700BF4078A0F1A2
:102B10000900B0FA80F04009704700BF4078A0F18A
:102B20000300B0FA80F04009704700BF4078A0F180
:102B30000300B0FA80F04009704700BF4078A0F170
:102B40000300B0FA80F04009704700BF416809B146
:102B5000F3F7ACBF00DE4168F3F7A8BF024B18687B
:102B6000003818BF01207047C401002110B5044887
:102B7000F3F788FF04460430FEF7AAFC204610BD98
:102B8000C401002108B50120F6F712FD003818BF76
:102B9000012008BDF6F728BDC430FFF7D5BE00BF41
:102BA00038B590F8363105460C461BB11C4385F804
:102BB000364138BDC430FFF797FE95F836311C43D7
:102BC00085F8364138BD00BF90F8363123EA01015F
:102BD00080F8361101B17047C430FFF789BE00BFDD
:102BE000836943B11A792E2A04D02E221A7183697F
:102BF00002691A60704700DE8369F3E783694BB1AD
:102C00001A792E2A00D0704701221A71816908684A
:102C1000F6F7BABC00DE8369F2E700BF8B6913B137
:102C20001A792E2A08D0CB692BB1D0F83C211A6032
:102C3000CB69C0F83C31704701221B68D0F838C11D
:102C4000C3F804C08B691A718B69C0F83831EAE7A0
:102C5000F8B50D4F05463846F3F714FF044680B12A
:102C60000026476005722C22314620306661A6613D
:102C70000DF075FE4FF47F43FF22A67363816272ED
:102C8000A3812046F8BD00BFB401002110B50A4B56
:102C9000102258685021F3F7D1FE084B10225868D3
:102CA0005021F3F7CBFEBDE81040054B40222C210C
:102CB0005868F3F7C3BE00BFBC010021B401002176
:102CC000C401002138B50446002500F0D9FF204694
:102CD000C4E9365584F8E45002F00AFDC4F80851FE
:102CE000C4E93A5584F8F650A4F8F450A4F8F85022
:102CF000C4F80B51A4F82851C4F81051C4F8145169
:102D0000C4F81851C4F81C51C4F82051C4F8245117
:102D1000F5F78CFD94F87230C4E94E55C4E94801CA
:102D200023F0180384F8365184F87230258638BDB4
:102D300008460149F3F7BABEC401002110B5B0F846
:102D4000E240034682B024B1A1420FD2641AA0F837
:102D5000E240B3F8F20020B1814210D2401AA3F849
:102D6000F20000231846137002B010BD019200F06B
:102D700099FE019A034658B1197A0A2903D02223F1
:102D80006FF07300EFE76FF0730093F82030EAE71D
:102D900000DEF1E7034B0B44B3FBF1F3A0F8F8308E
:102DA000704700BFFF59620210B5044602F0A8FC4C
:102DB0002046BDE8104000F06BBF00BF10B50446D0
:102DC00011B1012907D010BD02F0D0FC2046BDE8AA
:102DD000104000F0A5BF02F0DDFC2046BDE8104029
:102DE00000F0ACBF70B5D0F83841064634B1206869
:102DF00021464468F6F7B6FB002CF8D10023D6F83C
:102E00003C41C6F838313CB1054D2046246829467E
:102E1000F3F74CFE002CF8D10023C6F83C3170BD0E
:102E2000C401002190F93730002B14DA70B5044644
:102E30000E46032009491546FFF7F4FD014640B14F
:102E4000204681F8206081F8215000F0F7FD002035
:102E500070BD0C2070BD0C20704700BFBC0100216C
:102E600010B5074904460120FFF7DCFD28B10146F3
:102E7000204600F0E3FD002010BD0C2010BD00BF77
:102E8000BC01002138B504460D4602200849FFF771
:102E9000C9FD58B1014690F82030204665F3000383
:102EA00081F8203000F0CAFD002038BD0C2038BD6C
:102EB000BC01002110B5074904460420FFF7B2FD0C
:102EC00028B10146204600F0B9FD002010BD0C20BD
:102ED00010BD00BFBC010021F8B51C4690F9373089
:102EE000002B25DB05460F46052012491646FFF745
:102EF00099FD0146E0B13A687B68C1F82120C1F82C
:102F000025303378284681F82930737881F82A30C3
:102F100026686568A268E368C1F82B60C1F82F5085
:102F2000C1F83320C1F8373000F088FD0020F8BD2B
:102F30000C20F8BDBC010021F8B51C4690F93730D3
:102F4000002B25DB05460F46062012491646FFF7E3
:102F500069FD0146E0B13A687B68C1F82120C1F8FB
:102F600025303378284681F82930737881F82A3063
:102F700026686568A268E368C1F82B60C1F82F5025
:102F8000C1F83320C1F8373000F058FD0020F8BDFB
:102F90000C20F8BDBC0100212DE9F0410546884612
:102FA0000720104917461C469DF81860FFF73AFDA8
:102FB000A8B10146E30008F0070803F03803BF0199
:102FC00043EA080307F040073B4343EAC613284699
:102FD00081F8203000F032FD0020BDE8F0810C20A7
:102FE000BDE8F081BC01002138B504460D4600F073
:102FF000E9FE204602F062FC0A200749FFF712FDB5
:1030000038B10146204681F8205000F017FD00201D
:1030100038BD0C2038BD00BFBC01002138B590F987
:103020003730002B12DB04460D460B200849FFF712
:10303000F9FC014650B12B68C0F822302B792046AC
:1030400081F8263000F0FAFC002038BD0C2038BD95
:10305000BC01002108B590F93730002B08DB00F0E7
:1030600021FD20B1037A0B2B14BF0020223008BDB4
:1030700002F0BEF9F5E700BF70B506460D4602F056
:10308000B7F920B1037A0446053B012B01D90C2086
:1030900070BD01463046FEF7A1FE0028F7D06968F2
:1030A000D5F800C0AA68EB683046C4F82F10C4F801
:1030B0002BC02146C4F83320C4F83730FEF76CFE2D
:1030C000002070BD38B5054602F092F920B1037AB0
:1030D0000446053B012B01D90C2038BD014628468A
:1030E000FEF77CFE0028F7D028462146FEF762FE58
:1030F000002038BD2DE9F8430546D0F820011E46D2
:10310000830788469146BDF8207017D495F937306B
:10311000002B1EDB08202A49FFF784FC0446002C04
:1031200041D0237A082B0FD0092B15D000DE28467A
:10313000214600F083FC0020BDE8F88309202049E7
:10314000FFF770FC0446EAE7A4F828906685A78597
:10315000EDE71A20BDE8F883099BA4F82680A4F8BF
:1031600028906685A78503B31B882387099B5B8806
:103170006387099B9B88A387099BDB88E387099B5F
:103180001B89A4F84030099B5B89A4F8423095F96B
:103190003730002BCBDA2846FDF794FB0146284652
:1031A00002F000FCC3E70C20C6E74FF0FF320549F0
:1031B0004FF6FF73C4E90E12A4F84020E5E700BF04
:1031C000BC0100210000FFFF10B5044602F010F919
:1031D00010B1037A092B00D010BD01462046BDE88E
:1031E000104001F05FBF00BF38B505460C4602F045
:1031F000FFF818B1027A0146092A00D038BD81F8DB
:1032000020402846BDE8384001F050BF08B502F024
:10321000EFF828B1007AA0F10900B0FA80F0400977
:1032200008BD00BF38B505460C4600F03BFC10B1A8
:103230004369A3420ED0284602F0DAF810B1436980
:10324000A34200D038BD224601462846BDE838409A
:1032500002F0F0B901462246284600F0DBFCEAE71E
:1032600010B5044600F01EFC18B10146204600F0DF
:10327000F5FC204602F0BCF8014620B12046BDE82E
:10328000104002F007BA10BD2DE9F04192F821304C
:10329000144606460D46002B42D092F823301E2BD2
:1032A0002AD9304600F0FEFB0746304602F0A0F86F
:1032B0000146002F63D0FA7A94F8233000284CD0CE
:1032C0009342C07A55D03A7B002A61D0984252D0BE
:1032D0000A7B002A4FD1072B71D0112B04D14A7BD6
:1032E00094F824309A4246D023462A46394630463E
:1032F000BDE8F04100F04EBC454A52F823202AB107
:1033000004F12000904770B194F82330022BC8D10B
:103310000123224629463046BDE8F04102F056BA64
:10332000FF2382F82330304600F0BCFB30B194F824
:103330002320C37A9A420ED0037B63B9304602F051
:1033400057F8002851D094F82320C37A9A4202D02B
:10335000037B002BDDD0BDE8F0819342C4D03A7BE3
:10336000002AC1D1072B4DD0112B4BD00D2BBBD038
:10337000CEE798421CD11F2386F84431EBE70028A2
:10338000C6D023462A463046BDE8F04102F0E6B8F2
:10339000072B2CD0112B18D0B3F10D0218BF01222E
:1033A00098421FD00B7BEBB9002A9DD02423E3E782
:1033B0000A7B002ADFD1072B91D0112B94D14B7BB4
:1033C00094F824209A42D6D08EE77A7B94F8243061
:1033D000D21A18BF0122112804D0087B10B9487BEB
:1033E0009842E1D1002ACCD1C5E7034691E77A7B28
:1033F00094F82430D21A18BF01220728EDD1002AF0
:10340000BFD1B8E77A7B94F824309A4280D16BE739
:10341000200F0201F8B500268D690C4607468E6123
:103420002DB3012603232B71BB8C05F12001EB800A
:10343000237A022B12D0042B02D000DE46B1F8BD55
:10344000637A0C2BF9D1384600F008FE002EF6D135
:1034500029462868BDE8F840F6F796B8637A072B46
:103460000DD0092BE9D1384600F046FDE6E7FFF71D
:1034700091FB05460028D5D100DE0071FFDE204615
:1034800000F0E4FCDAE700BF70B506460C46FFF733
:103490006DFB054600284ED0237A291D013B092BE0
:1034A00006D8DFE803F0141A202705050505052DC9
:1034B00000DEEB79294663733046FFF76DFB237A14
:1034C0000A2B24D03046BDE8704000F055BB0846BA
:1034D00000F096FC1323E372EBE7304600F0C4FCE7
:1034E0000923E372E5E7204600F07CFDFF236561D8
:1034F000E372DEE7084600F09FFD0C23E372D8E795
:10350000204600F089FDFF236561E372D1E740F2B8
:10351000E24442F21072F38CB6F8761104FB03F326
:1035200002FB01310139B1FBF3F13046BDE87040D7
:1035300089B200F027BB00DEAEE700BFF8B5064653
:103540000C4601F059FF20B103230025A372284641
:10355000F8BD21463046FFF701FB05460028F3D0B1
:1035600021463046FFF702FB074658B3237A381D41
:10357000022B20D0042B14D0012B17D000DEFB79B6
:10358000394663733046FFF707FB304601F044FFCE
:1035900004233046A37202F0C9F80023A372284620
:1035A000F8BD00F049FDFF23E372E8E700F032FCCC
:1035B000FF23E372E3E70146304600F07BFCFF2384
:1035C000E372DCE700DED1E738B50B7A0C46013B4D
:1035D0000546092B10D8DFE803F0050509110F0F88
:1035E0000F0F0F1DBDE83840FFF7A8BF284602F0B7
:1035F0009DF80023A37238BD00DE38BD90F8083175
:10360000002BF3D1FFF79AFF0028F4D0012385F8AF
:10361000083138BD90F93730002B02DB02238B7262
:1036200038BD02F083F8002294F82030A27285F8A9
:10363000443138BD38B50B7A0C46013B0546092BA1
:1036400015D8DFE803F016240E0514141414142EF4
:103650004B7A0C2B12D18B695BB321462846FFF7BE
:10366000D9FE284600F038FB0023A37238BD00DEE7
:1036700038BD4B7A072BF4D0132BF2D024232846E5
:1036800085F8443100F028FB0023A37238BD4B7A43
:10369000072B01D0092BF1D194F82030DB07E0D5BE
:1036A000DBE700F019FB00221623A27285F84431F3
:1036B00038BDFFF767FA0028CFD1284600F05CFA42
:1036C0000423A37238BD00BF70B50E7A0C46731E7A
:1036D0000546092B06D8DFE803F0070E4C22050546
:1036E0000505053E00DE70BD00F036FA00285CD00E
:1036F0000123A37270BD00F02FFA0028F8D12146F3
:103700002846FFF72BFA0028F2D021462846FFF77B
:10371000BBFE6369002B08BF0326A67270BD90F83C
:103720000831002B39D100F017FA0028E0D12146EA
:103730002846FFF713FA0028DAD021462846FFF77B
:10374000A3FE62690123002A0CBF03220222A27297
:1037500085F8083170BDFFF701FA0028C8D021466E
:103760002846FFF791FE1622022384F82020A37238
:1037700070BD00F0F1F90028BAD121462846FFF7C4
:10378000EDF90028B4D021462846FFF77DFE636995
:10379000002B18BF0226A67270BD0C2200234A72AD
:1037A0008B61BDE87040FFF745BF21462846FFF713
:1037B000D5F900289CD021462846FFF765FE6369AD
:1037C000002B0CBF03230223A37270BD8B7A022B44
:1037D00004D002D9033B012B07D870470B7A032B87
:1037E00001D00A2BF9D1FFF725BF00DE704700BFDB
:1037F00038B58B7A032B05D001D9042B00D138BD05
:1038000000DE38BD0C46054692F8230002F1200187
:10381000831E6072172B0DD8DFE803F00C0C0C0C24
:103820000C1B0C170C0C130D0C0C0C1F0C0D0C0CA2
:103830000C0C0C0D00DE21462846BDE83840FFF791
:10384000F9BE284600F020FCF5E7284600F0A0FB72
:10385000F1E7204600F0F6FAEDE7204600F0BCFC68
:10386000E9E700BF38B58B7A032B05D8012B0AD8BE
:10387000BDE83840FFF728BF042B03D10B7A0C4674
:10388000042B01D000DE38BD0546FFF77BF9002888
:10389000F9D021462846FFF7BDFD284600F01CFA66
:1038A0000023A37238BD00BF38B58B7A012B06D038
:1038B00002D9023B022B00D838BD00DE38BD0C46D1
:1038C000054692F8230002F12001831E6072172B37
:1038D0001AD8DFE803F00C19191919191B1919194D
:1038E00023191B191919131919191919191F204608
:1038F00000F09EFB08212846FFF752F92146284692
:10390000BDE83840FFF760BE00DEF7E7284600F06C
:1039100011FBF3E7284600F077FBEFE7284600F0BD
:10392000B3FBEBE738B58B7A0C460546042B1AD867
:10393000DFE803F0140F03100F000B7A0A2B10D1ED
:10394000284601F0F3FE002294F82030A27285F898
:10395000443138BDBDE83840FFF736BE01238B72D5
:1039600038BD00DEECE700DE38BD00BF70B50446B0
:1039700008F0ACF968B1D4F8D85045B1D4F8DC20DF
:103980002B689542C4F8D83008BFC4F8DC3028460C
:1039900070BD05460121032008F05EF92A4606465F
:1039A00001210320F3F70CF9D4F8D85045B1D4F82D
:1039B000DC202B689542C4F8D83008BFC4F8DC304E
:1039C000002EE4D0012203201146F3F7F9F828462F
:1039D00070BD00BFF8B506460C4608F077F968B12F
:1039E000D6F8D850AC421FD1A3690BBB3046FFF7C5
:1039F000BDFF2046BDE8F840FFF7A8B80546012105
:103A0000032008F029F907462A4601210320F3F78D
:103A1000D7F8D6F8D850002FE4D001220320114661
:103A2000F3F7CEF8AC42DFD000DEA369002BDDD087
:103A30001B792E2BDAD100DED8E700BFF8B505469A
:103A40000C4608F043F940B100232360D5F8DC3080
:103A5000F3B11C60C5F8DC40F8BD06460121032027
:103A600008F0FAF83246074601210320F3F7A8F8D8
:103A70002660D5F8DC3083B11C60C5F8DC40002F2F
:103A8000EAD0BDE8F840012203201146F3F798B8C8
:103A9000C5F8D840C5F8DC40F8BDC5F8D840C5F831
:103AA000DC40ECE770B5054608F010F918B1D5F820
:103AB000D840204670BD04460121032008F0CCF810
:103AC0000646224601210320F3F77AF8D5F8D840BC
:103AD000002EEED0012203201146F3F771F82046A4
:103AE00070BD00BF38B50546FFF7DCFF037A04461A
:103AF000013B0A2B2DD8DFE803F0060606061A1A4A
:103B0000201414062600014600222846FFF7AAFECC
:103B1000A37B03B938BD21462846BDE83840FFF7EE
:103B200059BF01460022284601F08CFAF0E7014611
:103B300000222846FEF70CF9EAE701460022284653
:103B4000FEF77EFEE4E701460022284601F0BCFABB
:103B5000DEE700DEDCE700BF90F8E400A0F1010042
:103B6000B0FA80F040097047012380F8E4307047D4
:103B7000002380F8E4307047B0F8F830A0F8E23065
:103B8000704700BFA0F8E210704700BF0023A0F804
:103B9000E230704738B50C4611461A46A36905460F
:103BA000FBB1217A01390A2932D8DFE801F0060693
:103BB00006062222271D1D062C0021462846FFF757
:103BC00017FEA36923B11B792E2B1CBF0023A36111
:103BD000A37B03B938BD21462846BDE83840FFF72E
:103BE000F9BEA2612161DCE72146284601F0E0F937
:103BF000E7E721462846FEF787F8E2E72146284610
:103C0000FEF7F0FDDDE72146284601F053FAD8E73C
:103C100000DED6E738B50B7A0C46072B054619D0DF
:103C20000A2B944606D0032B04D00022A37B6261AA
:103C300053B938BD624621462846FFF7C7FD00222A
:103C4000A37B6261002BF4D021462846BDE83840B2
:103C5000FFF7C0BEFEF7F8FDE7E700BF38B50B7A07
:103C60000C46072B054608D0A37B03B938BD214677
:103C70002846BDE83840FFF7ADBEFEF7E9FDF3E7A3
:103C80000222002380F8E020A0F8E230704700BF55
:103C900038B590F8E0300446032B1AD8DFE803F07B
:103CA00002100F10FFF7FEFE48B1057A2046FFF71D
:103CB00019FF0A2D14BF0123032384F8E03038BD17
:103CC000FFF7F0FE0028FAD02046BDE83840FFF7A5
:103CD00009BF00DE38BD00BF10B590F8E0300446E3
:103CE000032B1BD8DFE803F00D020C02FFF7DAFE0E
:103CF00090B100230122A4F8E230827384F8E0300E
:103D000010BDFFF7CFFE28B100220123A4F8E22066
:103D1000837310BD00DEF7E700DEEAE700DE10BDCA
:103D200090F8E030022B03D001D9032B04D1704767
:103D3000002380F8E030704700DE704738B590F817
:103D4000E0300446032B3AD8DFE803F009261213CB
:103D500020462946FEF762FF2846FEF7F7FE20467A
:103D6000FFF704FE05460028F2D1022384F8E03074
:103D700038BDFFF7FBFD05460028F6D02946204652
:103D8000FEF74CFF2846FEF7E1FE2046FFF7EEFD6A
:103D900005460028F2D1E8E7FFF7E8FD05460028D0
:103DA000E3D029462046FEF739FF2846FEF7CEFE2F
:103DB0002046FFF7DBFD05460028F2D1D5E700DEFF
:103DC00038BD00BF38B50546FFF7D0FD68B10446E1
:103DD00021462846FEF722FF2046FEF7B7FE28467A
:103DE000FFF7C4FD04460028F2D1002428462146EE
:103DF000A5F8E24001F0EEFA85F8E04038BD00BFDA
:103E0000012112220378417043F003030370C27052
:103E1000704700BF012113220378417043F0030370
:103E20000370C270704700BF4FF0020C07220B787E
:103E300081F801C043F003030B70CA7090F84C3056
:103E40000B7170470B7980F84C3070474FF0020CC3
:103E500007220B7881F801C043F003030B70CA708E
:103E600090F84C300B71704709224FF0080C10B5D8
:103E70000B7881F803C043F003034A700B7090F98C
:103E800037300C46002BACBF63460E23CB70F4F7E3
:103E9000CDFC0022606061F30702C1F307200B0C28
:103EA00060F30F2263F317421B0A63F31F62A260E1
:103EB00010BD00BF38B50C460546F4F7B7FC092223
:103EC0002378627043F00303E2702370D5F8203149
:103ED000217263F0FF031840030C1A0AA3710B0C44
:103EE000C0F307252071E271C1F307201A0A65713A
:103EF0006072A372E27238BD09220B784A7043F0F7
:103F000003030B70CA70D0E94623100CC2F3072CD0
:103F10000A711A0C81F805C088714FEA102C0B72D7
:103F2000C3F30720130A81F807C048728A72CB7264
:103F3000704700BF00222DE9F04105464868134E46
:103F4000430F83EA107303F001038F68D9185241BD
:103F50000640C91842F1000486EA0178F4F766FCCD
:103F6000012207F0EF0747EA047408EA00000C405A
:103F700060F0FF03C5E948043340C5F81C71C5F87B
:103F8000183185F81021BDE8F08100BF2FCF87F7E9
:103F900000222DE9F04105464868114F430F83EA9E
:103FA000107303F001038E68D91807EA0007524125
:103FB000C91842F1000487EA0178F4F737FC0123BD
:103FC00006F0EF0646EA047408EA00000C40C5E972
:103FD0004676C5E9480485F81031BDE8F08100BF98
:103FE0002FCF87F74FF0030C19220B7881F801C00F
:103FF00043EA0C030B70CA7090F820300B7190F8F4
:1040000021304B71704700BF0B7980F828314B7914
:1040100080F82931704700BF02220B784A7043F0C4
:1040200003030B70CA7090F820300B71704700BF0B
:104030000B7980F8203070474FF0060C40F60C5199
:104040000378054A43F0030380F801C00370A0F829
:104050000310C0F805207047F105FFFF4FF0060C74
:104060000C220B7881F801C043F003030B70CA7077
:1040700090F80A310B71B0F80B31A1F80530B0F8A7
:104080000D31A1F807307047012380F809310B7911
:1040900080F80A31B1F80530A0F80B31B1F80730DB
:1040A000A0F80D31704700BF032210B517240B781C
:1040B0004C7013430B70CA70D0F82530D0F8212013
:1040C0008B604A6090F8293001F10E040B7390F870
:1040D0002A304B7307F0FAFD0C2120B12046BDE8D1
:1040E000104003F0E3BA2046BDE8104003F0D4BA14
:1040F00003224FF0170C0B7881F801C013430B70AB
:10410000CA70D0F82530D0F821208B604A6090F832
:1041100029300B7390F82A304B7370470D2104221D
:1041200010B50378417043F003030370C270841824
:1041300007F0CCFD0C2120B12046BDE8104003F073
:10414000B5BA2046BDE8104003F0A6BA0121052209
:104150000378417043F003030370C270704700BFDF
:10416000012106220378417043F003030370C270FB
:10417000704700BF01210A220378417043F0030316
:104180000370C270704700BF01210B220378417099
:1041900043F003030370C270704700BF4FF0020C7E
:1041A0000D22037880F801C043F003030370C2704E
:1041B0000171704700B54FF0030E4FF0110C0378FA
:1041C00080F801E043EA0E03037080F803C0017138
:1041D00042715DF804FB00BF0B7980F84D304B79DC
:1041E00080F84E30704700BF4FF0030C16220B785A
:1041F00081F801C043EA0C030B70CA7090F82030BC
:10420000C3F3C2034B7190F82030C3F302030B7168
:10421000704700BF0A7990F8203062F3C5031A4650
:1042200080F820304B7963F3020280F82020704739
:104230004FF0030C17220B7881F801C043EA0C03FE
:104240000B70CA7090F88031C3F3C2034B7190F8C1
:104250008031C3F302030B71704700BFCB888384A6
:104260000B7980F826304B7980F82730704700BFF3
:104270004FF0050C18220B7881F801C043F00303BE
:104280000B70CA70838CCB8090F826300B7190F83D
:1042900027304B71704700BF0A7990F8203062F3E5
:1042A000C5031A4680F820304B7963F3020280F888
:1042B000202070474FF0180C0F220B7881F801C0B6
:1042C00043F003030B70CA70C38C8B80038DCB80CB
:1042D000438D0B81838D4B8190F834300B73C38EEB
:1042E000A1F80D30038FA1F80F30438FA1F81130E2
:1042F000838FA1F81330C38FA1F81530B0F8403088
:10430000A1F81730B0F84230A1F81930704700BF5B
:104310004FF0180C10220B7881F801C043F0030312
:104320000B70CA70C38C8B80038DCB80438D0B8147
:10433000838D4B8190F834300B73C38EA1F80D3010
:10434000038FA1F80F30438FA1F81130838FA1F8AC
:104350001330C38FA1F81530B0F84030A1F81730F2
:10436000B0F84230A1F81930704700BF8B88C38481
:10437000CB8803850B8943854B8983850B7B80F82C
:104380003430B1F80D30C386B1F80F300387B1F87F
:1043900011304387B1F813308387B1F81530C387E4
:1043A000B1F81730A0F84030B1F81930A0F8423019
:1043B000704700BF8B88C384CB8803850B894385F6
:1043C0004B8983850B7B80F83430B1F80D30C38680
:1043D000B1F80F300387B1F811304387B1F81330CB
:1043E0008387B1F81530C387B1F81730A0F8403093
:1043F000B1F81930A0F84230704700BF4FF0000C00
:1044000000B54FF00C0E0B7881F801E043F0030388
:104410000B7081F803C090F823300B4A0B71036BCB
:10442000A2FB03239B0AA1F80530438DA1F80930B4
:10443000038DA1F80730838DA1F80B30838CA1F890
:104440000D305DF804FB00BF5917B7D140F2E242CE
:104450000B7980F82330B1F8053002FB03F30363D6
:10446000B1F809304385B1F807300385B1F80B3056
:104470008385B1F80D308384704700BF4FF0080C7E
:1044800001220B7881F801C043F003030B70CA705E
:10449000038CA1F80930D0F822304B6090F8263018
:1044A0000B727047B1F8093003844B68C0F82230B2
:1044B0000B7A80F826307047F8B50023CE690C4699
:1044C00007461546CB6136B30F2D06F104010DD01A
:1044D000112D13D075B100DEF37931466373384680
:1044E000FEF75AFB237A092B10D0F8BD2046FFF7C0
:1044F000E1FEF1E72046FFF781FFEDE7084694F87B
:10450000202094F82110FFF755FEE5E73846BDE876
:10451000F840FFF731BBFEF729FB06460028D3D150
:1045200000DED1E700228B698A6113B3192293F868
:1045300004C01A71828CDA8091F8202083F8202040
:104540004AB90A8DBCF12E0F5A844A8D9A848A8DFD
:10455000DA840AD07047C28CBCF12E0F5A84028DC7
:104560009A84B0F87621DA84F4D119461868F5F700
:104570000BB800DEDAE700BF30B5C38C0A8D4C8D76
:1045800093428D8D85B002D1038DA34214D00123B7
:1045900081F8223002950B6BCDE900240C7A91F85A
:1045A0002320898C0391A4F10801B1FA81F1490912
:1045B000EEF7BAF805B030BDB0F876315B1B18BF26
:1045C0000123E5E7F8B50023CD690C4607461646FA
:1045D000CB618DB3291D112E0AD8DFE806F0200922
:1045E00009090909091C0909090909090909241402
:1045F00000DEEB79294663733846FEF7CDFA237A5D
:10460000092B14D0F8BD084694F8202094F8211006
:10461000FFF7D0FDEDE72046FFF706FCE9E720466F
:10462000FFF7ECFEE5E72046FFF772FEE1E73846CC
:10463000BDE8F84000F0F0BEFEF798FA0546002805
:10464000C8D100DEC6E700BF2DE9F0411B4E04468D
:1046500033680D462BB1834203D00123AB72BDE812
:10466000F0812046FFF778FA0028F6D1204600F0C6
:10467000B9FE07460028F0D129462046FEF76EFA1B
:104680000028EAD02046FCF73DFF80460121204665
:1046900000F0A0FE0F222946204685F83470A5F8C8
:1046A00036803460FFF708FF94F83730DB090CBF21
:1046B00041F2020304236B81D1E700BFD85D0021E2
:1046C000C38C052B03D9028DB2F5486F01D90020A8
:1046D00070479342FBD8438DB3F5FA7FF7D200B50C
:1046E00040F6764EB0F82CC0ACF10A0189B27145A3
:1046F00002D900205DF804FB01339BB202FB03F3F7
:10470000B3EB8C0FF5D290F8340090428CBF0020B0
:104710000120EFE738B504460D46FFF71DFA20B932
:1047200029462046FEF71AFA30B910212046FEF736
:1047300037FA0323AB7238BD04F1C400FEF70EF95B
:104740000028F2D12046FCF7FFFE0028EDD02946D4
:104750002046FEF70BFAAB69E8615BB32E2001221D
:104760000021187195F83430296385F823204BB166
:104770002A8DE98CB2FBF3F202FB03F39BB2994260
:1047800098BF2B852046FCF7BDFE0346B4F828C031
:1047900029460CF1060C63442046AB840022FFF747
:1047A0008BFE4FF606736B812046BDE83840102122
:1047B000FEF70ABAFEF7E6F910B90723AB7238BD67
:1047C000AB69002BCAD1FEF7E5F90346A861C5E73E
:1047D00038B504460D4600F00FFE20B929462046A4
:1047E000FEF7BCF930B910212046FEF7D9F90923AC
:1047F000AB7238BD04F1C400FEF7B0F80028F2D166
:104800002046FCF7A1FE0028EDD029462046FEF701
:10481000ADF9E861FEF7B6F910B90C23AB7238BDFB
:10482000AB6973BBFEF7B6F92E2100230122A86104
:1048300001712B6395F8343085F823204BB12A8D14
:10484000E98CB2FBF3F202FB03F39BB2994298BFEF
:104850002B852046FCF756FE0346B4F828C02946AF
:104860000CF1060C63442046AB840022FFF7AAFE3D
:104870004FF60B736B812046BDE838401021FEF7E0
:10488000A3B900DECEE700BF70B506460C4600F0C7
:10489000B3FD10B10623A37270BD05462146304614
:1048A000FEF75CF90028F5D0112221463046FFF7CB
:1048B00089FE304600F03AFF237A092B04D1044BDD
:1048C0001A68964208BF1D600023A37270BD00BF26
:1048D000D85D0021F8B5294A064613680C468BB10D
:1048E00083420FD002238B7200F086FD054620B96B
:1048F00021463046FEF732F968BB2046BDE8F84055
:10490000FEF76EB9218DF38C16609942628DA08DF1
:1049100012D00023A569A36175B303232F792B71EE
:10492000B38C204605F12001EB80FFF7C3FC2E2F4E
:104930001DD00423A372F8BD338D9342E9D1B6F89C
:1049400076318342E5D12046FEF758F9002205234F
:10495000A261A372F8BD4FF47263214630462384EE
:10496000FFF792FF2046FEF749F9A561F8BD2946F9
:104970002868F4F709FEDCE700DECEE7D85D002109
:10498000F0B50C46897A054683B00C2900F2E58023
:10499000DFE811F012001E002E00370043004E0029
:1049A0006200E300670072007B00BA000D00002A7D
:1049B00000F0D88003B0F0BD002AFBD1237A082B89
:1049C00000F00B81092B40F0C8800123A372F1E7AE
:1049D000012AEFD120461946FFF7C8FC2046FFF711
:1049E0006FFE38B940F61E732146284623842EE018
:1049F000012ADFD82146284603B0BDE8F040FFF782
:104A000069BF002AD6D10192FEF7BCF8019A0028AE
:104A100040F0FE800323A372CCE7032A00F09F80BE
:104A2000042AC7D10F22062384F82120A372C1E7EC
:104A3000002ABFD195F93730002B80F2CA8094F854
:104A4000203083B10F232146284684F8213003B05B
:104A5000BDE8F040FFF718BF002AABD12146284639
:104A6000F5E7002AA6D1284600F0C6FC002800F091
:104A7000B7800823A3729DE7002A9BD121462846D0
:104A800003B0BDE8F040FFF7A3BE022A92D195F82B
:104A90003720C2F3C011D20900F0B1801946204678
:104AA000FFF7D4FC40F67A40218D628D8B1F9BB2BC
:104AB0008342A68D00F2BF80B2F5FA7F80F0BB8002
:104AC00040F67640A6F10A039BB2834200F2B3801F
:104AD000531C9BB201FB03F3B3EB860F80F0AB805A
:104AE0002846FCF70FFD47F6FE72A38C1B1A9BB2FB
:104AF000934240F2C7802823284685F8443100F0CD
:104B000015FE0023A37255E7002A7FF453AF284611
:104B1000FCF7F0FCA38CC01A03043FF54BAF214611
:104B20002846FFF729FD237A092B00F0868094F8A8
:104B30002260002E40F08D802046FEF75FF8A661CF
:104B4000284600F0F3FD237A092BDAD1564B1A6878
:104B50009542D6D100221A60D3E700DE2AE705236A
:104B6000A37227E7FEF70EF800283FF423AFA369EE
:104B7000002B40F09780FEF70DF82E210023012234
:104B8000A0610171236394F8343084F823204BB181
:104B9000228DE18CB2FBF3F202FB03F39BB299424C
:104BA00098BF23852846FCF7ADFC03462E8D214691
:104BB000063633442846A3840022FFF703FD4FF650
:104BC0000B7310212846638103B0BDE8F040FDF768
:104BD000FBBF21462846A26152E70A23A372E9E6F9
:104BE00021462846FDF7BAFF00283FF442AF1022C5
:104BF00021462846FFF7E6FC0A236381DAE62846C9
:104C000084F84C1000F0F8FB58B30D23A372D1E6E2
:104C1000A669A261002E43D0032337793371AB8C90
:104C2000204606F12001F380FFF744FB2E2F24D00D
:104C30000423A372BEE61E235EE7284600F0F2FBC3
:104C4000237A092B7FF473AF94F82030002B3FF4C4
:104C50006EAF00232146284684F82030FFF762FC1F
:104C60006EE721462846FDF779FF0028CDD00722C0
:104C700021462846FFF7A6FC62E731463068F4F784
:104C800083FCD5E72046FDF7ABFF0B232846A37234
:104C9000FCF738FCA38CC31A1A043FF58BAE3EE731
:104CA00000DEB9E700DE66E7D85D002170B5064694
:104CB0000C46FEF751FF10B10523A37270BD0546E7
:104CC00021463046FDF74AFF0028F5D029463046F8
:104CD00000F080FB112221463046FFF7EDFB304605
:104CE000FEF7FAFF237A092B02D00023A37270BDCE
:104CF00096F93730002B06DB064B1A689642F4D142
:104D000000221A60F1E73046FEF780FA0028F3D05F
:104D1000EBE700BFD85D002170B515468A7A0C46D6
:104D2000064682B0072A12D8DFE802F009131C3CBD
:104D3000457A7E04002D00F0AF8002B070BD002DDA
:104D4000FBD1237A082B00F09680092B03D000DEDC
:104D5000F3E7002DF1D12146304602B0BDE87040A6
:104D6000FFF772BC032D00F0CA80042D00F086808E
:104D7000012DE2D119462046FFF71CFB30460221E7
:104D800000F028FB2046FFF79BFC002840F0F38052
:104D900041F21E0321463046238402B0BDE8704034
:104DA000FFF784BF002DC8D12146304602B0BDE8D0
:104DB0007040FFF7AFBC032D00F0CC80042D00F055
:104DC000BE80022DB9D119462046FFF73FFB40F6C1
:104DD0007A41228D608D931F9BB28B42B4F82CC018
:104DE00000F2BA80B0F5FA7F80F0B68040F67641E6
:104DF000ACF10A039BB28B4200F2AE80431C9BB223
:104E000002FB03F3B3EB8C0F80F0A68029463046FB
:104E100000F0E0FA2046FDF7E3FE0623A3728CE7DC
:104E2000002D8AD12146B8E7002D86D1FCF762FB20
:104E3000A38CC01A030480D42946304600F0CAFA75
:104E400021463046FFF798FB237A092B00F09B8020
:104E500094F82250002D40F0A2802046FDF7CEFEAF
:104E60003046A561FEF738FF237A092B5CD000237A
:104E7000A37202B070BD2146A56197E730460221BA
:104E800000F0A8FA2046D6F8203123F00203C6F835
:104E90002031FDF7A5FE87E7FDF774FE00283FF4FB
:104EA0004CAFA06900287CD02E2100230122017183
:104EB000236394F8343084F823204BB1228DE18CA5
:104EC000B2FBF3F202FB03F39BB2994298BF238536
:104ED0003046FCF717FB0346358D214606352B443B
:104EE0003046A3840022FFF7E7FA4FF6067310213D
:104EF0003046638102B0BDE87040FDF765BE5A7967
:104F00001A2ABBD00021019300F064FA019B5B795F
:104F10002146304684F82030FFF704FB3046FEF788
:104F2000DBFE237A092BA2D196F93730002B24DB44
:104F30001E4B1A6896429AD100221A6097E71A22ED
:104F4000D0F82031214623F00203C0F8203184F844
:104F50002020E1E75B79DBE70021304600F03AFAF8
:104F60001E23304686F84431FEF7B6FE237A092B1D
:104F70007FF47DAFD8E720468BE73046FEF746F951
:104F80000028D5D073E73046FEF700FE237A092BC0
:104F90007FF45EAF94F82030002B3FF459AF00232C
:104FA000B6E7FDF7F7FDA0617EE700BFD85D002101
:104FB00070B50D4692F82310044602F12003112922
:104FC0000AD8DFE801F026090909090909200909B9
:104FD0000909090909091A14242380F84431FEF744
:104FE0007BFE2B7A092B1AD00023AB7270BD2946A9
:104FF000BDE870400322FFF78FBE2946BDE8704030
:105000000122FFF789BE2946BDE870400422FFF760
:1050100083BE2946BDE870400222FFF77DBE94F9A9
:105020003730002B06DB064B1A689442DCD1002295
:105030001A60D9E72046FEF7E9F80028F3D0D3E755
:10504000D85D002113460022FFF766BE70B592F8C6
:10505000235002F1200335B10F2D09D1BDE8704076
:105060000122FFF78DBC0222BDE87040FFF788BC2B
:1050700024230E4680F84431044600F057FB337A6F
:10508000092B05D1044B1A68944204BF00221A6010
:105090000023B37270BD00BFD85D0021134600220B
:1050A000FFF76EBC00230322FFF76ABC0023042233
:1050B000FFF766BC242310B580F844310C46FEF798
:1050C0000BFE0023A37210BD70B58B7A0C46012B2A
:1050D00005460AD9022B06D1FCF70CFA238CC01A1C
:1050E000030408D570BD00DE70BDFEF735FD88B144
:1050F0000123A37270BD0021284600F06BF92846F9
:1051000004F12201FCF70CFA2846FEF7E5FD002326
:10511000A37270BD284600F065F90028E8D1214649
:105120002846FDF71BFD0028E2D00121284600F0AB
:1051300051F92846FCF7E6F903462A8D2146063246
:10514000134428462384FDF711FD064660B120462E
:10515000311DFFF793F9F379314663732846FDF764
:105160001BFD0223A37270BD00DEF0E792F823302E
:1051700070B5012B05460C4607D0242380F8443136
:1051800000F0D4FA0023A37270BD8B7A012B04D0F7
:1051900013F0FD0FF8D000DE70BD084602F12001CB
:1051A000FFF780F92846268CFCF7ACF947F6FE732A
:1051B000361AB6B29E4202D80223A37270BD2823CB
:1051C000284685F8443100F0B1FA0023A37270BD7F
:1051D00038B58B7A012B04D0022B0C4602D09BB140
:1051E00000DE38BD0546FCF785F9238CC01A0304A0
:1051F000F7D4284604F12201FCF792F9284600F082
:1052000095FA0023A37238BD01238B7238BD00BF0D
:1052100070B5D0F8E85004461DB394F8F430012B73
:1052200003D1022384F8F03070BD29462046FDF7F3
:1052300095FC0028F5D029462046FDF797FC064648
:1052400088B12846311DFEF7EFFDF37931466B73C7
:105250002046FDF7A1FC01220023AA7384F8F03058
:1052600070BD00DED9E700DEEBE700BF70B5D0F817
:10527000E8500446ADB394F8F430012B03D1012378
:1052800084F8F03070BD29462046FDF767FC002801
:10529000F5D029462046FDF769FC064688B320462E
:1052A000FEF700FC2A7A037A06F1040C93421AD026
:1052B000082B1AD02A2194F810311BB1D4F82031D0
:1052C0005B0717D46046FEF769FFF37931466B73CD
:1052D0002046FDF761FC01220023AA7384F8F03018
:1052E00070BD00DEC7E72321E5E7092A14BF2A21A4
:1052F0002321E0E70A46604694F8F710FEF75AFFCC
:10530000E3E700DECBE700BF8B7B8BB1D0F8E83062
:1053100099420ED18A69A2B9D0F8ECC01A689C45AE
:10532000C0F8E82008BFC0F8EC200846FDF70EBC26
:10533000704700DE8A6922B9D0F8E830002BF4D03B
:10534000EAE713792E2BF7D100DEF5E738B5D0F870
:10535000E85004462B7A013B0A2B39D8DFE803F0EA
:10536000060606061A1A241010062E0000222946E8
:10537000FEF7D8FA29462046BDE83840FFF7C4BFFB
:1053800029460022FFF78AFE29462046BDE838401C
:10539000FFF7BABF29460022FCF728FD2946204620
:1053A000BDE83840FFF7B0BF29460022FDF788FA74
:1053B00029462046BDE83840FFF7A6BF294600220F
:1053C000FFF706FF29462046BDE83840FFF79CBF9F
:1053D00000DECFE780F8F610704700BF704700BFCF
:1053E0000020704790F8F500003818BF0120704782
:1053F000D0F8E800704700BF90F8F400A0F1010079
:10540000B0FA80F040097047012380F8F43070470B
:10541000002380F8F4307047B0F8F830A0F8F2308C
:10542000704700BF0023A0F8F230704738B5D0F8BD
:10543000E840A4B10546D5F8EC2023689442214603
:105440002846C5F8E83008BFC5F8EC30FDF7E6FBA4
:105450002046FDF77BFBD5F8E840002CEBD138BDAA
:10546000F8B505460C4631B1042903D1FFF7DEFF3C
:1054700085F8F040F8BDD0F8E860002EFAD0337A15
:1054800090F8F670112B90F837E012D801203249CD
:1054900000FA03FC0CEA0101F1B10A2B15D05BB153
:1054A000284685F8F540FFF751FF032385F8F030D3
:1054B000F8BD00DE337AF0E792F82330284686F80C
:1054C0004C30BDE8F840FFF7A3BE2846FFF73EFF8B
:1054D000052385F8F030F8BD1CF4386FE9D00A2BAD
:1054E000F3D0002BE8D00FB90446D9E71EF0800FA7
:1054F00010D1012F20D0022FBCD12846FEF7D2FABE
:10550000327A037A934222D0082B1ED02A2385F8C0
:105510004431F8BD012FEED12846FEF7C3FA08B199
:10552000FF23C3720123284685F8F530FFF70EFFED
:10553000032385F8F030F8BD92F82330284685F82B
:10554000F730BDE8F840FFF791BE092ADED12323EA
:1055500085F84431F8BD00BF7FF4030038B50C4630
:105560008969054610461A46237AD1B10B2B5BD8C0
:10557000DFE803F00C060606063636463E3E064ECB
:1055800021462846FEF790F9A16921B10B792E2B0F
:105590001CBF0023A36121462846BDE83840FFF721
:1055A000B3BEA26120610B2B3ED801A151F823F0BC
:1055B00021560101815501018155010181550101EA
:1055C00081550101E1550101E1550101015601013A
:1055D000F1550101F15501018155010111560101FA
:1055E00021462846FCF7B8FBA1690029CED1D2E7B5
:1055F00021462846FFF72AFDA1690029C6D1CAE73E
:1056000021462846FDF73EF9A1690029BED1C2E72F
:1056100021462846FFF7AAFDA1690029B6D1BAE7BD
:1056200011460029B2D1B6E700DEA1690029ADD14B
:10563000B1E700BF38B50B7A0C46072B054618D0EA
:105640000022A37B62619BB1D5F8E8309C4213D164
:10565000A269CAB9D5F8EC101A688B42C5F8E820DF
:1056600008BFC5F8EC202046BDE83840FDF76EBA0B
:1056700038BDFDF729F9E3E700DEA26922B9D5F8C4
:10568000E830002BEFD0E5E713792E2BF7D100DEC1
:10569000F5E700BF38B50B7A0C46072B054616D048
:1056A000A37B9BB1D5F8E8309C4213D1A269CAB95B
:1056B000D5F8EC101A688B42C5F8E82008BFC5F889
:1056C000EC202046BDE83840FDF740BA38BDFDF774
:1056D000FFF8E5E700DEA26922B9D5F8E830002B33
:1056E000EFD0E5E713792E2BF7D100DEF5E700BF09
:1056F0000422002380F8F020A0F8F230704700BFA9
:1057000090F8F030052B0ED8DFE803F00609070308
:105710000603D0F8E83023B97047FFF779BDFFF7EB
:10572000A5BDFFF713BE00DEF6E700BF90F8F0302E
:10573000052B04D8DFE803F004151305040500DE8B
:1057400070470023D0F8E82080F8F5305AB10023E4
:105750000121A0F8F230917380F8F0307047FFF724
:1057600057BDFFF783BD00DEF1E700BF90F8F030D2
:10577000052B04D8DFE803F004090B04050400DE60
:105780007047002380F8F0307047FFF76FBDFFF7D8
:105790003FBD00BF90F8F03010B50446052B12D87D
:1057A000DFE803F0030D09030803FFF73FFE0423BE
:1057B00084F8F03010BDBDE81040FFF729BDBDE80A
:1057C0001040FFF753BD00DE10BD00BFF0B504462A
:1057D0000E46154683B073B192F823201B2A34D8A5
:1057E000012390F83710344FC9098B4007EB420171
:1057F00049780B404AD11846FDF72AFA074610B3FC
:1058000000230360D4F8EC300BB31860C4F8EC004C
:1058100094F8F030052B4CD8DFE803F01E2C03067B
:1058200006062046FFF7F4FC39462046FFF76CFDDC
:10583000D4F8E81039B12B463246204603B0BDE813
:10584000F040FFF78BBE03B0F0BD0023D3E7C4F8F0
:10585000E800C4F8EC00DBE72A4600212046FFF709
:10586000FFFD39462046FFF74FFDD4F8E810002928
:10587000E1D1E8E72046FFF7F9FC39462046FFF77B
:1058800043FDD4F8E8100029D5D1DCE717F8123031
:105890000A2BB0D10193FFF7C9FD00222046A4F8DE
:1058A000F22084F8F52084F8F020FEF78BFA019BB3
:1058B000A1E700DEB8E700BF9C0F020110B5044667
:1058C000FFF7B4FD0023A4F8F23084F8F53084F833
:1058D000F03010BD00B9704700DE704730B991F864
:1058E000B8306FF3000381F8B830704700DE91F8EC
:1058F000B8306FF3000381F8B83070474FF6FF718E
:105900002DE9F843099E9DF82080B58C8D422ED05C
:1059100007460146304691461C46FBF7CFFB30BB9D
:1059200033780133DBB233702BB30022134DB6F85A
:105930004031A97A2C8101341C4468F3000106F13E
:1059400010000F4BE860A97201201146A6F84041F3
:10595000C5E900799D60F1F767F950B9FF20FBF7C1
:10596000CBFB3046BDE8F843FF21FBF7BFBCBDE8E9
:10597000F88300DEF2E700DED7E700BFE472002123
:10598000CC010021012800D0704700B583B00191FF
:10599000F3F788FE0199814202D103B05DF804FB60
:1059A00000DEFAE7C38D23B190F8B82012F00103AE
:1059B00000D0704730B501240D4D89B042EA040C87
:1059C00001F108020595032180F8B8C0D2B2069013
:1059D000CDE901331846049300930394F2F7F4FDE4
:1059E00010F0FD0F01D109B030BD00DEFBE700BFB4
:1059F000DD58010138B50C461546FAF777FF48B176
:105A00001CB1BDE83840FDF75DBB2946BDE8384014
:105A1000FDF732BB022038BD38B50C461546FAF703
:105A200065FF58B190F93730002B05DA2A46214638
:105A3000BDE83840FDF7F6B90C2038BD022038BD6E
:105A4000704700BF00B9704700DE704708B90B7897
:105A500003B97047064B10B5024601F11004014628
:105A600002209C60F1F7E0F800B910BD00DE10BD27
:105A7000EC0100214FF6FF712DE9F843099C9DF8D8
:105A80002090A58C8D4235D0064601462046904692
:105A90001F46FBF713FB68BB23780133DBB223708F
:105AA00063B3B4F840217B1C1344A4F840310220B6
:105AB000FBF722FB02212046FBF718FC0022104DC9
:105AC00004F11000A97A0F4B69F30001E860A97294
:105AD00001201146C5E900682F819D60F1F7A4F807
:105AE00050B9FF20FBF708FB2046BDE8F843FF2133
:105AF000FBF7FCBBBDE8F88300DEF2E700DED0E791
:105B0000FC720021DC01002170B505460020FAF787
:105B1000B7FB044602F06CF8C0B278B935B394F81C
:105B20004430DB0703D52046EBF766FFE8B90120D8
:105B3000FAF7A6FBBDE87040EBF75EBF6569EB6D59
:105B4000CBB905F1500105F14C00F0F7EBFFB0B116
:105B50002E68E865D6F8480178B1F3F7F1FC3046D5
:105B6000FAF7AAFE00230320636170BD2046BDE85A
:105B70007040EBF741BF00DEE3E700DEEDE700DE5B
:105B8000E6E700BF2DE9F04106460020FAF7B6FB34
:105B900004460120FAF7B2FB0546B4B304F110073E
:105BA0007B68B3B393F82C2042F0020283F82C20D8
:105BB000D7F80480B8F1000F2BD034B12146002073
:105BC000FAF74AF908B1BDE8F0812DB12946012064
:105BD000FAF742F90028F6D1D8F80040D4F8480185
:105BE00004F5A475C0B1F3F7ABFC17234FF6FF72B1
:105BF00084F84C310223C4F85071A4F84E2184F883
:105C0000683135600020BDE8F08100F11007002800
:105C1000C6D10C20BDE8F08100DEE4E770B50C468B
:105C200015461E46FAF762FEB8B190F872C01CF035
:105C3000180C04D0BCF1180F08D00C2070BD3346EE
:105C40002A462146BDE87040FDF746B933462A464C
:105C50002146BDE87040FDF76FB9022070BD00BF5E
:105C600030B583B001A8FFF78DFF044610B1204680
:105C700003B030BDFAF742FB05460120FAF73EFBC0
:105C800098B135B195F862306C6164F3410385F8E1
:105C9000623005460022204695F862306A616FF353
:105CA000410385F8623003B030BD002DF2D100DE33
:105CB00095F8623065F3410385F86230FFDE00BF7E
:105CC00038B583681C686569002D35D00023636191
:105CD000EB6D002B36D105F1500105F14C00F0F7CA
:105CE00021FF034630B32868EB65FAF7E5FD94F829
:105CF000622094F844306FF341026FF302030120F5
:105D000084F8622084F84430FAF7F8FA88B18442C3
:105D10000FD04369C3B1002390F8621090F844207B
:105D200063F3410163F30202436180F8621080F87B
:105D3000442038BD00DED6E700DE00236361EB6D52
:105D4000002BC8D000DEC6E700DEE4E770B50F2404
:105D50004FF6FF7682B02046FAF7C8FD054658B1E7
:105D600090F93730002B07DB684600F003F96946ED
:105D70002846FDF753F920B9013CA4B2B442EAD158
:105D8000002002B070BD00BF08607047032805D036
:105D900008380F288CBF0020012070470120704771
:105DA00008380F288CBF0020012070472DE9F04FE4
:105DB000002595B01E460B1DFF270D932B46CDE900
:105DC00010550B954FF0020B04463D469846CDE921
:105DD00009330DF148098DF83F7008920DF1400A22
:105DE00000203B4B21460593089BCDF81890039368
:105DF00011ABCDE900A30DF13F02334604900290B0
:105E0000CDF848B0F2F7B4FC022814D0129BC3B905
:105E1000FF2D19D03368434516D0002F55D04FF0D1
:105E2000FF33013FFF25FFB28DF83F30D8E7214611
:105E30000020F2F7E3FC129B022BF8D0129B002B00
:105E4000E6D000DEFF2DE5D19DF83F00FF282DD0E4
:105E500013A9EDF7C9FB0028C2D09DF83F00083810
:105E6000C3B20F2B18D9FF2DDDF84080139B0AD049
:105E7000404609990C93F2F7D5FC0D9B0A9A9A18A3
:105E800090420C9B14D8CDE90983119BD6F8008071
:105E90009DF83F500B93A3E780B2FAF71BFD002853
:105EA000E1D090F93730002BDDDA99E7FF2D08D0EB
:105EB0001E9B099A1A601F9B0B9A1A60209B0A9AD4
:105EC0001A60284615B0BDE8F08F00DEA7E700BFD6
:105ED000895D010110B588B005AC034600940C46FD
:105EE00006A807AACDE901201946032023460C4A3B
:105EF000FFF75CFFFF280FD0DDE90523032803D05F
:105F00000838C0B20F2807D8002021681A4402328E
:105F10000A44226008B010BD6FF00900FAE700BF24
:105F20008D5D010108B50346084A0068052110602F
:105F30001B7910461371F0F791FF054B1870FFF7AE
:105F400005FFF8F793FC002008BD00BF1473002183
:105F5000A080002110B41F204FF0FF342521034BF7
:105F6000034A1C601871117010BC70471473002133
:105F7000A08000210346044A044910681860127981
:105F800008781A71704700BF14730021A0800021A7
:105F900030B5054602FB01110278204C114484FB08
:105FA00001020A44521102EBC20002EB80028A1A7B
:105FB000D0B22870C108595C02F0070241FA02F21F
:105FC00012F001019DF80CC01FD1B0FBFCF25C1E69
:105FD0001D1D0CFB12030846DBB2024600F1080E41
:105FE00014F8011F5FFA8EFE11F0010F02F1010C8F
:105FF0004FEA510102D04BB1013BDBB25FFA8CF2A8
:106000007245F1D11046AC42E7D130BDC11D891AAD
:10601000C9B207291046F6D830BD00BFA7C867DD52
:1060200042880088504070474FF0030CF0B5334D64
:10603000334C4840060A5FFA80FE0EEB8E2E06EBCC
:10604000862004EA401705EA400605EA4E0004EA05
:106050004E1E3E4340EA0E0000EB002706EB062EE4
:1060600006EB0E2600EB0720360CC0F3074040EA93
:10607000062000EB00100CF1FF3C08441CF0FF0C64
:1060800080B2D7D141401F48A0FB01400C1A00EB61
:106090005400400900EBC00400EB8400081AC0F370
:1060A000C404145D00F007052C41E407C0B21CD401
:1060B000604601FB03F3561EC3F307430432014657
:1060C00000F1080516F801CFEDB21CF0010F01F147
:1060D00001044FEA5C0C02D043B1013BDBB2E1B2F8
:1060E000A942F2D108469642E9D1F0BD0730401AE4
:1060F000C0B207280846F6D8F0BD00BF1021020044
:10610000408408004D91CFBA1B491C482DE9F0434B
:1061100000230126451EA1F1020C06E00133082BE5
:1061200001F1060100F1280024D003EB830215F8E9
:106130003220D407F2D59CF800409CF801E0C2F36D
:1061400080120768B0F8048006FA03F99A40013318
:1061500044EA09044EEA0202082BA1F804808CF8F4
:1061600000408CF8012001F1060141F8067C00F1A5
:106170002800DAD1BDE8F083227300210D740021DC
:106180002DE9F047002301271E481F4ADFF87C80D5
:10619000DFF87C90951EA0F1020C15F8331007FA79
:1061A00003F6C90724D598F8004012F8011C4CB139
:1061B000072901EB810405D819F834104C0701D5E3
:1061C000C90615D515F833109CF801E0C1F340015C
:1061D0009CF8004099404EEA010ED2F800A0918848
:1061E00034438CF800408CF801E08180C0F800A0B6
:1061F0000133082B00F1060002F10802CDD1BDE801
:10620000F08700BF8E7500214E750021A28000210D
:106210000C7400210820704738B50020F7F7C4FF40
:10622000F0B9FAF7AFF810F0010019D10D4C0E4D8E
:10623000621E14F83030072B07D803EB830315F8E0
:1062400033106FF3451105F8331012F830306FF347
:10625000000302F8303001300828EAD1002038BDB0
:106260000C2038BD4D7500210C7400212DE9F04F34
:10627000074683B00020F7F797FF00286FD1FAF7A1
:1062800081F810F001046AD13B78FF2B75D0404EA5
:106290004FF0FF09254607F1010BA6F1020803F0B4
:1062A000010A06E051455ED00135082D06F10806C9
:1062B0000FD018F83520D007C2F34001F2D4B9F15D
:1062C000FF0F08BF5FFA85F90135082D06F10806B2
:1062D000EFD1B9F1070F54D818F839204FEAC90A9D
:1062E00063F3410208F83920D7F801200AF10203CC
:1062F00048F80320BBF8042043449A803B78254D9E
:1063000003F001036E1E04E00134082C05F128059A
:106310003BD004EB8402D70016F83220C2F3801180
:10632000D207F1D59942EFD128460622594601936A
:106330000AF01DFB019B0028E6D1F35DE4B243F0B7
:106340002003F35518F83930C24443F001038AF8AA
:10635000014008F83930002003B0BDE8F08F0C2070
:1063600003B0BDE8F08F30460622594601930AF08B
:10637000FEFA019B002897D1EDE7204603B0BDE867
:10638000F08F072003B0BDE8F08FFF24DAE700BFED
:106390004E7500210D7400212DE9F04106460020C4
:1063A000F7F702FF00283AD1F9F7ECFF10F00104EB
:1063B00035D196F80080B8F1FF0F36D01C4D01366C
:1063C000AF1E08F0010804E00134082C05F10805AF
:1063D00028D017F83430C3F34002DB07F4D5424528
:1063E000F2D10622284631460AF0C1FA0028EBD144
:1063F00007EBC4035B78072B08D80E4A03EB830333
:1064000012F8331060F3451102F8331017F83430E6
:1064100000206FF3000307F83430BDE8F0810C2052
:10642000BDE8F0810220BDE8F0812046BDE8F081A2
:106430004E7500210C740021072800B51AD80F4BA7
:1064400000EB800E13F83EE04FEA800C1EF0010FC7
:1064500012D084444FEACC0013F83CC00130CCF396
:10646000801C81F800C01958034411609B889380F8
:106470005DF804FB00DEE2E700DEEAE70C740021D1
:106480000820704710B50020F7F782FE08B10C20F5
:1064900010BD0446F9F756FF0128F8D8194B1A49E0
:1064A0001A780C7064F300021A7093F8502093F875
:1064B000281064F3000283F8502093F8A02064F3BE
:1064C000000164F3000283F8281083F8A02093F8F9
:1064D000781093F8F02064F3000164F3000283F86D
:1064E000781083F8F02093F8C81093F8182164F31B
:1064F000000164F3000283F8C81083F818212046D5
:1065000010BD00BF0C740021A18000212DE9F04FC7
:10651000834683B00020CDF800B0F7F739FE18B1FC
:106520000C2003B0BDE8F08F0446F9F70BFF0128FB
:10653000F6D8DDF800B0DFF81C811BF8012B08F15C
:10654000FF3902F001031F46019204E00134082CD8
:1065500008F1280840D004EB840219F832604FEAB1
:10656000840AF307C6F3801109EBC205EED5B942E0
:10657000ECD14046062259460AF0F9F90028E5D147
:1065800076070746019A2BD4334D02F00108AE1E60
:1065900004E00137082F05F1080512D016F837304E
:1065A000C3F34002DB07F4D54245F2D10622284668
:1065B00059460AF0DCF90028EBD1FF2306EBC706A9
:1065C00073700020A24419F83A306FF3000309F801
:1065D0003A3003B0BDE8F08F022003B0BDE8F08F81
:1065E000DFF878E09EF800305E1E023B062BF6B224
:1065F00003D895F817C0B44502D18EF80060C3E700
:10660000174B054603EB0C12904603EB06130FCB1A
:1066100088E80F00DFF84C8005EB850309EBC30227
:1066200019F83330D80705D5590703D598F817302E
:10663000B34207D00135082D08F12808ECD1009BA2
:106640001A78DAE7009B82F817C01A78064B03F82D
:106650000C50D2E70D7400214E750021A18000215D
:106660008C7300210C740021847300212DE9F84300
:106670001D465B7903F0C003402B01D0BDE8F883D1
:106680000E46F1B1DFF89C90002400F0010809F1FA
:10669000FF3704E00134082C09F12809EED004EB9F
:1066A000840317F83330D907C3F38012F2D542457B
:1066B000F0D10622484631460AF059F90028E9D1BE
:1066C000E2B2072ADAD8184F02EB820217F832300A
:1066D000D400DB07D2D5286804F11803F85007EB83
:1066E0000309AB880026A9F8043001E0102EC5D0BC
:1066F000B0B2FAF7FBF8013605460028F6D000F2F2
:1067000087180622494640460AF031F90028EDD1A3
:10671000621CBB18BA58C5F887219B88A5F88B3135
:10672000ACE700BF0D7400210C7400212DE9F84F77
:1067300082461C4E1AF8019B00240F4606F1FF38D2
:1067400009F0010903E0082C06F128061CD004EB2F
:10675000840218F832300134C3F3801CDB074FEA9F
:10676000C205F0D5CC45EED10622514630460AF09E
:10677000FEF883460028E6D1183508EB050406210B
:106780002046F0F7BFF920B94FF0020B5846BDE89C
:10679000F88F58F805003860A3885846BB80BDE8DC
:1067A000F88F00BF0D7400212DE9F0478246164E88
:1067B0001AF8019B00248846771E09F0010903E0BE
:1067C000082C06F128061CD004EB840217F832309E
:1067D0000134C3F3801CDB0707EBC205F0D5CC45C1
:1067E000EED10622514630460AF0C1F80028E7D122
:1067F0006B6A1A68C8F800209B88A8F80430BDE8C6
:10680000F0870220BDE8F0870D74002110B5044622
:106810000020F7F7BDFC08B10C2010BDF9F792FD80
:106820000128F9D80CB1012C03D1034B00201C70B6
:1068300010BD122010BD00BFA28000214FF47A725B
:1068400002FB00F0014B1860704700BF1C73002171
:106850002DE9F047824600208846F7F799FC10B1F1
:106860000C20BDE8F0870446F9F76CFD0128F7D845
:106870001B4E1AF8019B771E09F0010903E0082C52
:1068800006F1280620D004EB840217F832300134D8
:10689000C3F3801CDB074FEAC205F0D5CC45EED12F
:1068A0003046062251460AF062F80028E7D1B8F1D6
:1068B000000F0FD0B8F1010F09D100207B5D43F02C
:1068C00010037B55BDE8F0870220BDE8F087122059
:1068D000BDE8F0877B5D002068F304137B55F1E78A
:1068E0000D74002100232DE9F04F344C344904F19C
:1068F000FF3C14F83320072A07D802EB820211F874
:1069000032E06FF3451E01F832E01CF833206FF3DC
:1069100000020CF833200133082BEAD1002391F850
:10692000785091F8F04063F3000563F3000481F8B8
:10693000785081F8F0404FF0FF354FF0FF3491F878
:10694000182191F8008063F3000291F8287091F803
:10695000506091F8A0E091F8C8C0DFF8689081F825
:106960001821194A63F3000863F3000763F3000674
:1069700063F3000E63F3000CDFF850A0DFF850B0B3
:1069800089F800301370134BCAF800B0C3E9004512
:1069900081F8008081F8287081F8506081F8A0E0CB
:1069A00081F8C8C028B1BDE8F04F0B490B4809F089
:1069B00008BD0A48BDE8F04F09F00FBD4D75002134
:1069C0000C740021A2800021A18000211C730021F1
:1069D000A0BB0D00381E0021316D0101081E0021F1
:1069E000034A044B002814BF10461846704700BFE6
:1069F0008C750021207300212DE9F0470678984618
:106A000026B307468A469146072400F12C0526FA4C
:106A100004F3DA070ED597F801C04CFA04FC8CEAAF
:106A20000A0C1CF0010F05D128460622494609F040
:106A30009EFF88B1013C631CA5F10605E7D1002645
:106A4000FF2488F800403046BDE8F087FF2488F82E
:106A500000403046BDE8F0870126E4B2F1E700BF10
:106A6000A8B14FF4004340F2E730002110B5094AC5
:106A70001268E2FB03014FF47A720023E9F71CFB72
:106A8000BDE8104002460B46034807F03DBB0248F4
:106A900009F0A3BC1C730021081E002108B50023C7
:106AA0000C4A138070B900200B4B0C4A1B781080E5
:106AB00003B908BDF9F746FC0028FAD1BDE8084043
:106AC000FFF722BB1846F9F75DFCC307EBD4FFF7CD
:106AD00057FBE8E78C750021A2800021207300217C
:106AE00008B500230D4A1380C2070ED400200C4BBA
:106AF0000C4A1B78108003B908BDF7F749FB002842
:106B0000FAD1BDE80840FFF7FFBA1846F7F74CFB8B
:106B10000028EBD1FFF734FBE8E700BF8C750021BC
:106B2000A2800021207300212DE9F04F824689B018
:106B300009F08BFD4B014201121A43EAD06363EB6B
:106B400001034FEA820B9B001BEB000B43EA92739D
:106B500041EB03094FEAC90949EA5B794FEAD931A8
:106B6000CBF3103B4BEA494B0191BAF1000F17D11F
:106B70006A4BD3E90023B3F1FF3F08BFB2F1FF3FF7
:106B80000ED0BBEB020261EB0303654909688A4240
:106B900073F10003ACBF4FF001094FF0000901E0B1
:106BA0004FF001095F4E0024DFF87C81F71F0DE0F4
:106BB000254417F8352042F0020207F83520013449
:106BC000082C08F1060806F1280626D004EB8402FA
:106BD00017F83220A500D007F1D5B9F1000F01D187
:106BE0009107ECD42A1917F83220520761D42A19D8
:106BF00017F832201307DBD5304604A908F000FF50
:106C0000002840F08880BDF814200498A8F80420DB
:106C1000C6F81D80C8F80000CAE7B9F1000F04D01B
:106C20003E4B019AC3F800B05A60BAF1000F0BD086
:106C30000020F7F79FFA044630B1FF238DF810309B
:106C400094F88020570702D409B0BDE8F08FE27EA7
:106C5000072AF9D8627F8DF80F3004EB82031D6A92
:106C60002B7803F00F03072B07D1AB789E06EBD0F0
:106C7000EB78D8078DF8083032D50DF10F0104F10B
:106C80001C0001F0ADF96A7829460232002605465B
:106C900009F03EFE29462046F7F700FB9DF80F302D
:106CA000FF2B0ABF9DF810306377737509B0BDE8FC
:106CB000F08F327C1D490DF11F0C01EB02110DF11B
:106CC0000F0211F8010902F8010F9445F9D106F1FC
:106CD000170104A808F094FE002888D000DE86E79B
:106CE000D906B1D5A66B737D06EB83039D69AB789E
:106CF0009A06A9D0EB788DF80C30DB07A4D504A94F
:106D000006F1140001F06CF96A7829460232054652
:106D100009F0FEFDBEE700DE75E700BF381E00216A
:106D20001C73002113740021547300219B730021F4
:106D300010B50120FFF7F8FE4FF4004340F2E730B2
:106D40000021084A1268E2FB03014FF47A72002323
:106D5000E9F7B2F9BDE8104002460B46024807F0D9
:106D6000D3B900BF1C730021081E002107280FD8CB
:106D7000094A00EB800312F833104FEA800C0B072E
:106D800006D58B0706D5844402EBCC02506A7047C7
:106D90000020704700DEF6E70C74002107280AD8AF
:106DA000064900EB800011F83020C000530702D5DF
:106DB0001E30084470470020704700BF0C7400214B
:106DC0002DE9F047884616460AB1FF231370164D89
:106DD000002400F0010705F1FF390AE026B13378FD
:106DE000FF2B08BF86F800A00134082C05F1280508
:106DF00015D004EB840319F833305FFA84FAC3F337
:106E00008012DB07EAD5BA42EED106222846414677
:106E100009F0ADFD0028E7D15046BDE8F0874FF0FE
:106E2000FF0A5046BDE8F0870D7400212DE9F04FB0
:106E3000804685B000200D469246F7F7A9F918B1B3
:106E40000C2005B0BDE8F08F0446F9F77BFA012865
:106E5000F6D8474617F8010B0DF10F023946FFF738
:106E6000AFFF072840F2B3809DF80F90B9F1070FEC
:106E700000F2A98009EB89034FEAC30B564ED8F8FC
:106E800001100BF10102B150B9883244918098F899
:106E9000001016F80B20284661F38612102106F820
:106EA0000B20EFF72FFE16F80B20102160F3820263
:106EB000504606F80B20EFF725FE16F80B2000F0E1
:106EC00001004FEA890360F3C3020093530706EB06
:106ED0000B0106F80B2046D400285BD100220BF1F1
:106EE0001803F250F118009B8A8003EB090216F890
:106EF00032303A4D23F0120306F8323098F800A0F1
:106F0000A5F102080AF0010A04E00134082C05F199
:106F1000080516D018F83430C3F3400213F001030B
:106F2000F3D05245F1D1284606223946019309F0A3
:106F30001EFD019B0028E8D108EBC40888F80190E9
:106F400000E000230020DDF800B05B01CB4416F820
:106F50003B2043F0010322F02102134306F83B30AB
:106F600005B0BDE8F08F1E4BDFF878E01A78CA75DF
:106F70001D490EF8029001EB021101321A7005F161
:106F80000F02013D12F801C9AA4201F801CFF9D15F
:106F90000028A3D00021DAF800E0DAF804C0DAF81B
:106FA0000850DAF80C000BF10702009B46F802E0EB
:106FB0003244C2F804C09560D06003EB090206EBCE
:106FC000C20251628AE7072005B0BDE8F08F1220A7
:106FD00005B0BDE8F08F00BF0C7400214E75002194
:106FE000A1800021847300218B730021072807D81A
:106FF000044B00EB800013F83000C0F3C000704772
:10700000002070470C74002107280CD8074900EBBA
:10701000800011F83030C0001A0704D59B0702D554
:107020000144486A70470020704700BF0C7400217B
:107030000346024A024812781A707047A180002164
:107040008C73002150B1072913D80E4B13F831204F
:10705000D20710D503EBC1035878704707290CD825
:10706000094B01EB810213F83230DB0707D50846E4
:10707000704700DEE9E700DEECE700DEF0E700DE67
:10708000F5E700BF4C7500210C7400210C4B1B78F8
:1070900083420BD90B4B185C07280CD80A4B00EB2A
:1070A000800213F83230DB0707D5704700DE054B4E
:1070B000185C0728F2D900DEF0E700DE704700BF59
:1070C000A1800021847300210C74002107280DD8B1
:1070D000084A00EB800312F833108300C90707D574
:1070E000034412F83300C0F340107047002070478B
:1070F00000DEF5E70C7400210C4B1B787BB10729EF
:107100000DD860B90A4A01EB810312F833008B00F5
:10711000C00709D50B4412F83300430701D40120FE
:107120007047C0F30010704700DEF3E7A280002133
:107130000C7400211378FF2B19D12DE9F047194D5C
:107140000446AE46002303EB830C15F83CC09E00BA
:107150001CF0010003D0CCF3801CA44509D00133FE
:10716000082B0EF1280EEED10120BDE8F08701209A
:107170007047F0464FF0000C4F1E18F801AF17F89B
:10718000019F0CF1010CCA45E9D1BCF1060FF4D105
:1071900013701E4415F836305A07E6D5C3F30010B5
:1071A000E3E700BF0C74002110B40E4B1C7884B1CF
:1071B000072A0ED80C4C02EB820214F832C0D2001F
:1071C0001CF0080F05D020B14B7903F0C003402B11
:1071D00002D0002010BC70470732A01810BC08F085
:1071E000FCBB00BFA28000210C740021024B187868
:1071F000003818BF01207047A280002100F04CBA6F
:1072000008B5002304F016FE002008BD684620F0F3
:1072100007018D4601B503F05FFDEEF7EBFBBDE81E
:1072200001408546704700BF08B50A4BD3F840219E
:107230003AB90120EFF756FDBDE808400220EFF70C
:1072400051BD0020C3F84001D3F84031F1F71AF9DD
:10725000EFE700BF001001410020EFF743BD00BF82
:1072600090B90E4B0E4A19781078CBB288420DD1E6
:107270000C480D49013390F800C013700B7863453A
:1072800007D003780B70704700DEEAE700DE137862
:10729000EEE700DE03780B70704700BFA38000218B
:1072A000A4800021A8800021A78000210B4A0C4B5C
:1072B000117893F800C08C450DD012781A70094AE5
:1072C000094B18B911781878884202D012781A70D0
:1072D000704700DEFAE700DEEFE700BFA68000217E
:1072E000A5800021A3800021A480002103F08EBE90
:1072F00008B50B480B4B027819788A420CD0002253
:107300000170094B0399012099601146EFF78CFC3D
:1073100000B908BD00DE08BD00DE1978EFE700BF48
:10732000A3800021A4800021FC0100212DE9F0416F
:10733000304A314D12782B780E469A428AB005D1E8
:107340002E4B2F4A1B7812789A424BD03768DFF8C1
:10735000B48007F1310424F07F442046D8F80010AF
:10736000F1F760FA10F4000002D10AB0BDE8F08134
:10737000254A264B11781A7891421CD03046C168B4
:107380002348C8F80040002207903120214C3B469A
:10739000CDE9054129780131C9B229700090114623
:1073A0001046CDE90322CDE901220892F1F77CF8DD
:1073B0000AB0BDE8F081114A11491278097891426A
:1073C000DCD00022197810460131C9B2197011467B
:1073D000114B0092F1F752F910F0FD0FCED000DE04
:1073E00000DECBE70768DFF81C8007F1310424F0EA
:1073F0007F44C4E7A7800021A8800021A38000214A
:10740000A4800021C8750021A5800021A68000214C
:1074100061720101F1720101AD7201017A4A936852
:10742000002B00F08C802DE9F04F1368814689B065
:10743000002B46D04FF0FF338DF80A300DF10A00D3
:10744000F2F77AFA044600283BD0037F9907F5D17A
:10745000857A15F00205F1D1C3684B4558D0A8468E
:107460002F4606680DF10A00F2F766FA8346F0B17E
:10747000027F9207F6D1827A9307F3D4C268B8F1FB
:10748000000F21D04A4523D0DBF800A031465046FA
:10749000F1F7C8F900F4000000280DF10A001CBF44
:1074A0005F465646F2F748FA83460028E0D1002F9F
:1074B00008BF274639463846FFF738FF30F0020349
:1074C0003BD109B0BDE8F08F4A4539D08046DBE7B3
:1074D000227F204642F002022277E168A2699047AB
:1074E000D845A7D1FF238DF80A300DF10A00F2F735
:1074F00023FA04460028E4D0037F9F07F5D1837A5E
:107500009E07F2D4C3684B4502D000DED4F80C903D
:107510003D4A4846D2E9001303AA98470646C0B13F
:1075200010F1100F56D0384A002093681168984720
:1075300016F10B0F16D08C36C3D000DEC1E77047B2
:10754000237F204643F002032377E168A36998472D
:10755000C8E7237F204643F00203A269E16823774E
:107560009047AEE700230226FF27274AD2F808906B
:10757000D2E9004813608DF80B700DF10B00F2F7A3
:10758000DBF990B1037F9A07F7D40DB9DB07F4D488
:10759000C368A342F1D1037F214643F0020382690D
:1075A000037790478DF80B70E7E70125AE4201D0D5
:1075B0002E46E0E70794002449464046039B009688
:1075C00004AACDE904440694F2F76EF900287FF48A
:1075D00078AFB2E7A37A43F00203A3720DF10A0079
:1075E000F2F7AAF9014600283FF46BAF037F9D072D
:1075F000F4D1837A9C07F1D4FFF798FE30F00203B0
:107600003FF45FAF99E700BFCC75002110B5174874
:1076100008F020FD30B30024154B9C6000F0C8FA40
:1076200000281EDB214608202246EEF775FC224684
:1076300011200121EEF770FC214622461C20EEF7B6
:107640006BFC10220B4B0820C3F80423EEF734FC2C
:107650001120EEF731FC1C20EEF72EFC03F056FB58
:10766000204610BD6FF0120010BD00BF200B0201BC
:10767000CC7500210080004108B500F0A9FA00286F
:1076800009DB0820EEF726FC1120EEF723FC1C2076
:10769000EEF720FC002008BD0A460146024892B2DF
:1076A00083681B68184700BF200B020130B4074DE8
:1076B000AB685C6834B1A4468AB200230146284610
:1076C00030BC60476FF0850030BC7047200B020172
:1076D0000A460146024892B283681B68184700BFF9
:1076E000200B020130B4074DAB685C6834B1A4468E
:1076F0008AB200230146284630BC60476FF08500FF
:1077000030BC7047200B02010020704730B50446A2
:1077100083B078B31D4B1A68824225D0FF250DF146
:1077200007008DF80750F2F707F938B91AE0A142BF
:107730000AD00DF10700F2F7FFF898B1037F9B071D
:10774000F7D4C168002CF2D1037F826943F00203B1
:10775000037790470DF107008DF80750F2F7ECF82A
:107760000028EBD103B030BD9B686BB1014600200F
:107770009847D3E7054A9368002BCFD011680029BA
:10778000CCD000209847C9E700DEC7E7CC750021C0
:107790000020704710B50446F2F7C0F88CB90D4BC5
:1077A0009A68AAB100221C689A601A6004B1246821
:1077B0000020F2F7DDF82046F2F780F928B100202A
:1077C00010BD0028F3D100DEF1E700DE002010BD7F
:1077D00000DEE7E7CC7500218446064A136890680E
:1077E000B3EB0C0318BF0123B0FA80F00B70400913
:1077F000704700BFCC7500216FF08B00704700BF51
:1078000010B548B10C4600F037FA00280BDB2046D3
:10781000BDE81040FFF7BEBF044803F06DFABDE8B5
:10782000104003F0C9BB00DEF1E700BF8979010118
:107830003120704710B51446F0F7F2FF2146F0F7FB
:10784000F1FF034610F4000004D10333182B88BF66
:10785000184610BD002010BD262810B504461DD0C6
:10786000272813D0252809D00A281FD9272822D94C
:1078700000DE2046BDE8104003F006BB022003F006
:10788000FDFA2046BDE8104003F0FEBA502003F098
:10789000F5FA2046BDE8104003F0F6BA1A2003F0CE
:1078A000EDFA2046BDE8104003F0EEBA0230400089
:1078B00003F0E4FAE5E70330400003F0DFFAE0E725
:1078C00003F046BB03F050BB03F0B0BA03F0B2BA0A
:1078D00003F0B2BA08B503F099FBBDE8084003F025
:1078E00051BE00BF08B503F091FB03F04BFEBDE8AD
:1078F000084003F0EFBD00BF08B503F087FB03F0BD
:1079000041FE03F025FE04F009F9BDE8084003F04C
:10791000E1BD00BF014608B5114803F0EDF903F0E1
:10792000B1FB60B103F06EFF03F01CFA00F0A4F9A4
:1079300000280EDBBDE808400020FFF72BBF03F056
:107940003BFB03F05FFF03F00DFA00F095F9002810
:10795000F0DA00DEBDE808400020FFF71BBF00BFE3
:10796000ED72010110B5044603F050FB03F00AFE6E
:1079700003F0EEFD04F0D2F803F0ACFD2046BDE8C4
:107980001040FFF7C7BF00BF10B5044603F03EFB31
:1079900003F0F8FD03F0DCFD04F0C0F803F09AFDFD
:1079A0002046BDE81040FFF7B5BF00BF10B5044644
:1079B00003F02CFB21460D4803F09EF903F062FB17
:1079C00040B100F059F900280ADBBDE81040002062
:1079D000FFF7E0BE03F0F0FA00F04EF90028F4DA09
:1079E00000DEBDE810400020FFF7D4BEED720101BB
:1079F0002DE9F04FFF248046894692461F4689B004
:107A00009DF848B08DF81F400DF11F00F1F794FF6D
:107A1000002866D0037F9D07F6D1837A9C07F3D4B4
:107A200005683E689DF81F30044629463046059398
:107A3000F0F7F8FEBBF1000F4CD0BC4208BF0024A9
:107A400026460DF11F00F1F777FFD0B1027F9107B5
:107A5000F7D1827A9207F4D402682946049010463E
:107A60000392F0F7DFFE039A00F40000049B002865
:107A70000DF11F001CBF15461E46F1F75DFF0028E3
:107A8000E4D1059B8DF81F30314B9A687ABB76BBE9
:107A900024B1BBF1000F48D1BC4244D1FA6838464A
:107AA000C3E901891A60D04704460DF11F00F1F7C0
:107AB00043FF014650B1037F9A07F6D1837A9B07B3
:107AC000F3D4FFF733FC30F002033FD1204609B076
:107AD000BDE8F08F0002B0D5FF2335465C46059324
:107AE000AEE71B4B04469A68002AD7D02646494683
:107AF000534640463A46CDF800B0F1F7D5FE014670
:107B000078B1BBF1000F09D1BB7A980706D4C6B192
:107B10003046FFF70BFC30F0020310D16FF0760413
:107B2000D4E700DEEDE700DEB8E753463A464946C3
:107B30004046CDF800B0F1F7B7FE0028EED100DEE8
:107B4000ECE7002C14BF26460E46E1E700DEBDE759
:107B5000CC75002101F1100006F0CAB870B50546D9
:107B60000C468AB00122002104A808F095FB0323EB
:107B7000002602930D4B694628460396019307F0B1
:107B80002AFD002810DB4FF40043314640F2E73075
:107B90004FF47A72E4FB03010023E8F78DFA024602
:107BA0000B4604A806F0DEF80AB070BD557B010153
:107BB00010B5012004F070FA0124002303494B6042
:107BC0008C60CB60BDE8104007F005BDDC7500217E
:107BD00010B5012004F060FA0446044907F076FD70
:107BE0002046BDE8104007F04DBD00BFDC75002108
:107BF0000C4B1A780AB100207047012010B518709C
:107C000004F04AFA4FF4FA710446FFF7A7FF38B9B7
:107C1000204607F037FD02280CBF00206FF004005B
:107C200010BD00BFA980002108B5084BD3E8EF2F95
:107C3000511CC3E8E01F0028F8D1002A01DD002014
:107C400008BD04F031FA002008BD00BFD87500213E
:107C500008B5002004F020FA064BD3E8EF1F0131ED
:107C6000C3E8E21F002AF8D1BDE808400221FFF76F
:107C700075BF00BFD875002108B50B4BD3E8AF2FF7
:107C8000002A0DDDD3E8EF2F511EC3E8E01F0028C6
:107C9000F8D1012A01DD002008BD04F017FAFAE747
:107CA0006FF0770008BD00BFD87500210520704730
:107CB00032207047014B33F810007047D40F020197
:107CC00010B50446FFF718FE03F038FC2046BDE867
:107CD0001040FFF71FBE00BF70B5457A867A82B0AC
:107CE000C5F38205044606F0010603F0C9F9FFF763
:107CF000F1FD962003F05EFC284633462A4600211B
:107D000003F05EFB0120F1F76DFD00283BD0203031
:107D100003F012F903F0A0F998BB21461B4802F0CA
:107D2000EBFFFFF763FA08BB03F00CFE00210446EB
:107D3000284603F01BF9022D044404F1A30413D0D8
:107D4000042D0CBF4FF4BC732823002128461C448B
:107D500003F008F9201A03F061FD03F0D5FD02B02D
:107D6000BDE8704003F0A6BB1823EEE70DF1070055
:107D7000FFF75EF9002201469DF8070003F06EFE52
:107D8000D2E700DEC9E700DEC1E700BF05840101DC
:107D900010B50446FFF7B0FD03F0D0FB2046FFF717
:107DA000B9FD0021044B012208469C60EEF73CFF20
:107DB00000B910BD00DE10BD0C020021814208B5E3
:107DC0000ED00B7ADB0702D46FF08B0008BD0C4B92
:107DD0001360FFF729FF00280FDB6FF00A0008BDD2
:107DE0000B7B01EB83010B691B7803F00F03012B65
:107DF00014BF6FF08B00002008BD00DEEDE700BF70
:107E00009181010110B548B10C46FFF735FF0028FC
:107E10000BDB2046BDE81040FFF7BCBC044802F075
:107E20006BFFBDE8104003F0C7B800DEF1E700BF0C
:107E3000C17C010110B500F0A5FE044668B9084BED
:107E40000522181D4FF48471EEF7F8FD054B1C82D6
:107E500003222146044808F01FFA204610BD00BF47
:107E6000207600210C760021F475002110B500F079
:107E70008BFE044668B9084B0522181D4FF4847127
:107E8000EEF7DCFD054B1C8203222146044808F076
:107E900003FA204610BD00BF207600210C76002199
:107EA000F475002110B504460648EEF7EBFD30B13D
:107EB00003460020C3F804015870636010BD6FF0E2
:107EC0000B0010BD207600210022034610461A70D8
:107ED0005A709A60704700BF037842789A4212D075
:107EE00070B50026DCB200EB8403054607495868EC
:107EF0005E60EEF7DBFD631CDBB2022B08BF33468E
:107F00002B70304670BD6FF00B007047207600215B
:107F100038B54478054600EB8403586820B1002248
:107F200009495A60EEF7C2FD631CDBB2022B08BFA1
:107F3000002305EB8305686820B1002302496B60CC
:107F4000EEF7B4FD002038BD2076002138B5214D74
:107F50002B7C6A7C9A4202D055F823404CB91E48CB
:107F6000EEF790FD0446B0B10023C4F8043120467A
:107F700038BD1A4805F01CFF2B7C6A7C9A42F3D06E
:107F80000133DBB2042B08BF00232B740023C4F899
:107F90000431204638BD4FF4203200230F4805F04D
:107FA000E1FEA8B90D4805F003FF2A7C6B7C9342E3
:107FB00009D0531CDBB2042B08BF002355F8224024
:107FC0002B74002CD0D100DE0023C3F80431FFDE77
:107FD00000DEE7E70C76002120760021F475002111
:107FE00010B5027843789A4214D0D4B24470027823
:107FF000944204D05A1C4370D3B2022B0ED01A46BE
:108000000B7000EB8204606800B110BDFFF79EFFAB
:10801000606010BD0133DBB2022BF0D100221346A9
:10802000EEE700BF70B170B504460026064D20464D
:10803000D4F804412946C0F80461EEF737FD002C5E
:10804000F5D170BD704700BF207600212DE9F047C3
:1080500002784378054693422DD0D7B200EB8709CA
:108060008846D9F80420164C164E0BE0D2F804A12D
:1080700044F821206374304605F03AFE5246BAF1C6
:10808000000F08D0617C207C4B1CDBB2042B08BFA6
:1080900000239842EAD10137FFB2022F08BF002324
:1080A000C9F8042008BF1F464FF0010218BF3B4625
:1080B0002F7088F8002005EB83056868BDE8F0871D
:1080C0000C760021F475002130B5037A0446C3F321
:1080D000021393FAA3F0002BB0FA80F008BF4FF020
:1080E000FF3083B000F1010044D0217A5A1E1340C2
:1080F00063F3061124302172FFF7AEFB00230DF16C
:10810000070104F10C008DF80730FFF79FFF0546CB
:10811000A8B3284602F016FF84232A7802F00F0243
:10812000D340DB0716D40DF1070104F11800FFF767
:108130008DFF30B39DF80730ABB92146124802F0ED
:10814000DBFD962003F036FA002003F025F92846DF
:1081500003B030BD21460D4802F0CEFD03F090F98A
:10816000284603B030BDD5F80230C0F80230EB88A5
:10817000C380E2E700DE237AC3F30213B5E700DE33
:10818000C7E700DED6E700BFD97C0101BD81010150
:1081900070B5C36804461E68F0F742FB05463046DA
:1081A000FFF746FB02460023AD1AC4E900532381C2
:1081B0002046BDE87040EBF74BBB00BF38B5044626
:1081C00002F05EFFFFF798FB237A03F07102012AA9
:1081D00006D11A46C3F3420363F306122272D3B2E6
:1081E00013F0700F05D0636863B193F82C309B07D0
:1081F00008D503F0A3F9A36ABBB12046BDE8384017
:10820000FFF788BB2046FFF75FFF0546012003F01C
:10821000E7FAA16A034621B1D1E903122846E8F73B
:10822000E7FDBDE8384003F06FBB0220F1F732FCF8
:108230000028E2D100DEE0E710B582B00446FFF787
:10824000F3FC002809DB0023074A0849084800948A
:10825000F1F766FC18B902B010BD00DEF3E7773025
:10826000F9D000DEF7E700BF51380001057E0101BB
:10827000BD7D01012DE9F0410D46417A1746CA073F
:108280001E469DF8188009D5B8F1000F17D02B783D
:10829000B7EBD31F1AD00020BDE8F0812946044671
:1082A00011F8020B079AC0F38010FEF743FF002875
:1082B000EDD1637ADB07EED5B8F1000FE7D1079B6C
:1082C0001878FEF703FF0028E1D1E4E706223046E4
:1082D00005F1080108F04BFBB0FA80F04009BDE859
:1082E000F08100BFF8B50646032017461D46F1F79A
:1082F00079FAB0B10446F1F791FA162330462371AA
:10830000F5F72AFFE08045B97F23206821462376D0
:108310006776F1F7B1FA0020F8BD03F0D5F8C3B2E3
:10832000F3E76FF06800F8BD2DE9F84F1F460B9B8F
:1083300006460C4692469DF828909DF830506BB941
:10834000437A03F00303012B2CD9002D3AD0237874
:10835000BAEBD31F4AD00020BDE8F88F884618F842
:10836000020B0D9A4146C0F38010FEF7E3FE002891
:10837000F2D094F800B0BAEBDB1FECD138460622FD
:1083800004F1080108F0F3FA0028E4D10D9B1B78F2
:10839000FF2B1ED0F27AFF2A1BD0981AB0FA80F079
:1083A0004009D9E711F8020B0D9AC0F38010FEF7CF
:1083B000C1FE0028CBD1737A03F00303012BCAD985
:1083C000002DC4D10D9B1878FEF780FE0028BED189
:1083D000C1E7CBF3801BCB45BDD1062241460B98AC
:1083E00008F0C5FAB0FA80F04009B5E70622384631
:1083F00004F1080108F0BBFAB0FA80F04009BDE8CA
:10840000F88F00BF2DE9F04F89B0044602F02EFE30
:10841000C0B250B9FFF770FA2146774802F06CFC01
:1084200009B0BDE8F04F02F0C7BD02F041FE0546BD
:1084300003F098F8074603F09FF803F085FB8246A7
:1084400003F066FB814603F04FF8EDB28046FFF77C
:1084500053FA002DE0D01AF0FF0A40F08180FF208F
:108460008DF81F000120F1F7BDF90546002800F046
:10847000A180237B05F1200B04EB83031969FFB274
:108480000B4613F8026B5FFA88F806F00F0001281C
:1084900008BF01F1080995F8201018BF4FF0000936
:1084A00001F00F010329C6F380124FEAD6165ED001
:1084B0000529B1D195F821102229ADD16168002993
:1084C000AAD091F82C108907A6D40DF11F000390B3
:1084D00059462046CDE901970096FFF725FF002871
:1084E0009AD00420F1F77EF9002895D02146434820
:1084F00002F002FC02F060FD02F0AEFD002857D150
:10850000B8F1000F4ED1626892F82C3043F00103AD
:1085100082F82C30F1F782F917224FF6FF730271BF
:10852000C3808460054603F065F9286103F004FA0E
:1085300000210446084602F019FD241A6C61BAF1C4
:10854000000F12D09DF81F306B76F1F767F90346E4
:1085500029462868EB60F1F78FF909B0BDE8F08F84
:108560005FFA89F0FEF792FD7AE7FF23ECE795F8D2
:1085700021100C297FF450AFB9F1000F7FF44CAFFC
:108580000DF11F010191204659460097CDE90423C2
:10859000FFF770FE80B9DDE9042395F8201001F0A3
:1085A0000F0185E702F090FF636883F8A600AAE751
:1085B00000DEA5E700DE5CE721460F4802F09CFBE9
:1085C00002F05EFF237E04EB8303D86902F0BAFC5D
:1085D00002F042FD68B9A37A9807BED543465946D2
:1085E00020469DF81F20FFF77DFE00287FF414AF82
:1085F000B3E700DEEFE700BFBD810101917D01011E
:10860000837813F03F0315D0C278D3074CBF00F135
:108610000A03031D900748BF0633100748BF023303
:1086200012F0100203D1134610460B607047002071
:108630000B6070476FF01500F7E700BF10B50446F8
:10864000FFF75AF90320F1F725FA20B12046BDE8DB
:108650001040FFF75FB900DE2046BDE81040FFF78D
:1086600059B900BF30B5044683B002F009FDFFF7E9
:1086700031F96568962002F09DFF6A7AAB7A52095B
:108680001046002103F0010302F09AFE0120F1F7E9
:10869000A9F8002846D0203002F04EFC02F0DCFCA5
:1086A00000283DD12146204802F026FBFEF79EFD22
:1086B00020BB03F047F90446687A0121400902F023
:1086C00055FC6B7A04445B09022B04F1A30413D01C
:1086D000042B0CBF4FF4BC7228220121184614440D
:1086E00002F040FC201A03F099F803F00DF903B0F2
:1086F000BDE8304002F0DEBE1822EEE70DF10700C3
:10870000FEF796FC6A7A0146C2F34212920042F0EA
:1087100001029DF8070002F01D0203F09FF9C8E76F
:1087200000DEBFE700DEB6E7ED88010170B5044664
:10873000856802F09BFC88B120682146F1F79CF81F
:108740006A6892F82C3043F0010382F82C30FFF76E
:10875000D3F82846BDE87040FFF7DCB80126214673
:1087600020682671F1F770F8E16808680E71F1F77A
:1087700083F8FFF7C1F82846BDE87040FFF7CAB894
:1087800010B504460320F1F785F9D8B121460E480B
:1087900002F0B2FA02F076FC40B1FFF76DFA002861
:1087A0000ADBBDE810400020FEF7F4BF02F004FC35
:1087B000FFF762FA0028F4DA00DEBDE8104000207E
:1087C000FEF7E8BF00DEE1E7CD87010102F01EBC45
:1087D0000B4630B583B0044601A91846FFF710FFD9
:1087E000E0B9019DD5B12168208991F8442002EBC0
:1087F000420201EB420393F83D3001EB420203F0E9
:108800003F03C98E3832FDF70FFC238901332381E2
:108810002B7860F305032B7003B030BD00DE019DA3
:10882000E1E700BF036A43B1D3F8041129B18B78A3
:108830009A0602D0CB78DB0600D47047FFF7C8BF9A
:1088400070B5044682B0FFF745F8206A01A9666852
:10885000FFF7D6FE002840D1019B002B3DD01878B1
:1088600000F03F00FEF7F8FF236AD3F80451002D13
:1088700036D02562AB7821469A0602D0EB78DB062B
:1088800012D4184802F038FA02F0DCFD284602F053
:1088900059FB02F0E1FBF0B903F036F8204602B0D4
:1088A000BDE87040FFF7BEBF0F4802F025FA4FF455
:1088B000967002F07FFE727AB37A520903F00103D8
:1088C0001046194602F092FD284602F03BFB02F0EA
:1088D000C3FB0028E0D000DEDEE700DE019BBEE740
:1088E00000DEC6E73D860101418801012DE9F04F18
:1088F0008BB0044602F0BAFBC0B250B9FEF7FCFFE1
:1089000021469D4802F0F8F90BB0BDE8F04F02F0A7
:1089100053BB02F0CDFB054602F0C2FD074602F054
:1089200021FE064602F028FE03F00EF9824603F00F
:10893000EFF8814602F0D8FDEDB28046FEF7DCFF8D
:10894000002DDDD01AF0FF03059340F0B180FF2029
:108950008DF827000120D4F80490F0F743FF054676
:10896000002800F0C5800DF1260104F1140099F8EB
:108970000C30FFF76BFB05F1200B002800F0B680F0
:108980000346C17813F804AB11F0020118BF00F1DF
:108990000A01049195F82010CAF3801201F00F012A
:1089A0000329F6B24FEADA1A00F089800529A7D127
:1089B00095F821102229A3D1D9F8041000299FD0BD
:1089C00004990DF12700CDE900A1039059464846CE
:1089D0000296FFF7A9FC002892D00420F0F702FFCE
:1089E000014600288CD0654802F086F902F048FD67
:1089F00002F06CFB01240246017821F03F0141F0B6
:108A00000801017095F820100678C90961F38616EF
:108A10000670867895F820106FF3871686700678B2
:108A2000C1F3801161F3C716067002F8034FA96AFB
:108A30004160C178AC8D41F002010481C170D5F86C
:108A400022108478C0F80A10E98CC18100F110016D
:108A50008A1A62F30504821C891A8470417002F03C
:108A600071FA02F0F9FA002844D1F0F7D7FE172383
:108A70004FF6FF720371C280C0F80890044602F0FE
:108A8000B9FE206102F058FF054699F80900394601
:108A9000400902F06BFA059B2D1A65616BB19DF8D8
:108AA00027306376F0F7BAFEE0600BB0BDE8F08FD8
:108AB0005FFA89F0FEF7EAFA4AE7FF23F1E795F853
:108AC00021100C297FF41CAF0DF1270101914846BC
:108AD00059460096CDE90623FFF7CCFB60B9DDE9E6
:108AE000062395F8201001F00F015FE700DE47E74D
:108AF00000DE38E700DEB8E799F8183009EB8303A9
:108B0000DD69AB78990602D0EB78DA061DD42146F0
:108B1000194802F0F1F802F0B3FC284602F012FA0C
:108B200002F09AFA30BB2046FFF77CFE99F80A3033
:108B30009B07BAD5594648469DF827205FFA88F327
:108B4000FFF7D0FB0028B0D0DAE621460C482562BA
:108B500002F0D2F84FF4967002F02CFD99F809203B
:108B600099F80A30520903F001031946104602F041
:108B70003DFCD2E700DED6E73D8601012D870101ED
:108B800041880101002070470020704710B582B075
:108B90000446FFF749F8002809DB0023074A084983
:108BA00008480094F0F7BCFF18B902B010BD00DE11
:108BB000F3E77730F9D000DEF7E700BFC1390001F5
:108BC00001780101F977010100B9704700DE7047B3
:108BD00008B54B6823B14B6893F82C30DB070AD4F7
:108BE00081420B8E09D0ABB14B8E9BB9134802F07A
:108BF00083F802F0E1F9002008BDDBB991F82830D4
:108C0000DA07F8D491F83430DB06F4D40C4802F0DB
:108C100073F8EEE70B6C13B16FF08B0008BD094BD6
:108C20001360FFF701F8002802DB6FF00A0008BDAF
:108C300000DEFAE74B8E002BE0D1D7E7D18D0101A2
:108C4000C93E0001B18E0101002208B50399054B10
:108C5000012099601146EDF7E7FF00B908BD00DE7D
:108C600008BD00BF2C0200210021EAF7E5BF00BFCC
:108C700010B5044682B0FEF73FFE94F8283094F811
:108C800034206FF3000322F0180284F828309B068A
:108C900084F8342001D4636853B3962002F08AFC30
:108CA000002318461A46194602F08AFB0120F0F705
:108CB00099FD20B3203002F03FF9FEF797FA40B952
:108CC00002F0F8FB21460F4802B0BDE8104002F068
:108CD00013B80DF10700FEF7ABF994F83420014604
:108CE00092009DF8070002F01C0202F0B7FEE7E7D1
:108CF00002F0C6FB0120F0F775FD0028DAD100DE96
:108D0000D8E700BF713F000110B50446FEF7F4FD3F
:108D100002F014FC0420F0F7BDFE20B12046BDE8AF
:108D20001040FEF7F7BD00DE2046BDE81040FEF71C
:108D3000F1BD00BF08B5FFF79BFF02F025F9BDE8C4
:108D4000084002F0E1BD00BF70B582B00546FEF7F5
:108D5000C1FD02F095FB0120F0F744FD98B32030EF
:108D600002F0EAF802F078F958BBFEF73FFAC8B90A
:108D700002F0E8FD00210446084602F0F7F8002161
:108D80000646084602F0EEF83444CB34201A02F0CE
:108D900045FD02F08FFB29460C4802B0BDE870404B
:108DA00001F0AABF0DF10700FEF742F995F8342053
:108DB000014692009DF8070002F01C0202F04EFEF0
:108DC000D6E700DED1E700DEC9E700BF713F000152
:108DD00030B5044685B0FEF78FFD20460DF10F013A
:108DE000FEF7FAFC08B105B030BD054602F0A6FB5F
:108DF00094F828E02B46CEF3410C0CF1010C0CF05A
:108E0000030CBCF1030F08BF4FF0000C6CF3420ED3
:108E1000009504222946284684F828E0EFF72EFC26
:108E20009DF80F307BB1238E002B32D194F8343073
:108E3000DA060FD494F92830002B1FDB2046FEF70A
:108E400069FD05B030BD0420F0F724FE0028EAD10A
:108E500000DEE8E76FF3041384F83430F0F7DEFC4B
:108E6000014600B30A238C600B71E36A0868CB608B
:108E7000F0F702FD94F92830002BDFDA00210B4BCC
:108E8000012208469C60EDF7CFFE0028D6D000DE18
:108E9000D4E7638E002BC9D194F8283043F08003C7
:108EA00084F82830C2E700DEDCE700BF1C020021A6
:108EB00070B5C36804461E68EFF7B2FC054630463D
:108EC000FEF7B6FC02460023AD1AC4E90053238125
:108ED0002046BDE870400121EAF7AEBE2DE9F84317
:108EE00016469DF8209080464A460D463046194663
:108EF0001F46FEF759F90446A0B91DB198F8343061
:108F00005B061CD498F82850C5F38013B3420CD0EC
:108F1000C5F3C105012D05D926B17B7903F0C00346
:108F2000402B12D02046BDE8F8830622394608F1CE
:108F3000360007F01CFD0028EAD10124F2E748467C
:108F4000FEF762F80028EDD1DCE7099B002BF4D096
:108F50000123099A1370F0E710B548B10C46FEF7EB
:108F60008BFE00280BDB2046BDE81040FEF712BC4C
:108F7000044801F0C1FEBDE8104002F01DB800DE5B
:108F8000F1E700BFD18D01012DE9F04F074683B015
:108F900003208846164699469DF830A09DF8345027
:108FA000F0F720FC002800F083800446F0F736FC40
:108FB0004FF6FF73E38097F8343058075ED003F024
:108FC0000703012B6ED0042B6FD000DE94F8202015
:108FD00002F00F03042B5BD0072B51D10023FB625F
:108FE000A76002F007FC206102F0A6FC834697F818
:108FF0003400514600F0070001F0B8FFA37EABEB50
:1090000000006AF382036061A376009797F834103A
:10901000294B524601F0070104F1200000F022FD27
:10902000A37E60F3C713A3761B0629D597F83430C7
:1090300043F0100387F834306FF00F07B9F1000FD9
:1090400022D17F20B8F1000F14BF3246FF22FF3E2D
:1090500018BF0126A37E6D0045EA461523F02203C2
:1090600005F022051D432076214620686276A5760C
:10907000F0F702FC384603B0BDE8F08F05232371FA
:109080000027B9F1000FDCD002F01EFAC0B2D9E718
:1090900097F834301907F3D5052363F3030284F8F6
:1090A0002020EDE70623237190E7082323718DE745
:1090B0006FF06807DEE700BFE59701010020704709
:1090C0000020704710B582B00446FEF7ADFD0028C1
:1090D00009DB0023074A084908480094F0F720FDFF
:1090E00018B902B010BD00DEF3E77730F9D000DE2A
:1090F000F7E700BF698C0101598F0101D18B010194
:1091000070B505460B4CFEF7F7FBE5602E68EFF7F0
:1091100087FB05463046FEF78BFB02460023AD1A5F
:10912000C4E9005323812046BDE870400121EAF7DD
:1091300083BD00BF4C7B002110B50446084694F85F
:109140002810090702D442B9012010BD002AFBD122
:10915000BDE810401846FDF7B9BF1946FDF7CCFF32
:109160000028F1D194F82800C0F3C00010BD00BF62
:1091700070B5FF2B82B006468DF8073007D090F807
:109180003500C01AB0FA80F0400902B070BD0D463B
:109190001446114628460DF10702FDF7CBFF0028C3
:1091A000F3D096F83430C3F34013AB4202D0002022
:1091B00002B070BD0622214606F1080007F0D7FB79
:1091C000B0FA80F04009E0E72DE9F04F85B00546A0
:1091D00014469C469DF838600F9F11B1DB78D80784
:1091E00041D59CF80130072B39D99CF80320910711
:1091F000C2F3400818D50D2B31D9E3461BF80A9B62
:10920000C9F3801A4FEAD9191CB195F828301A070A
:1092100047D55B464A46214628460F970E9605B02D
:10922000BDE8F04FFFF75ABE9CF80020C2F3801A49
:10923000D2091CB9012005B0BDE8F08F95F828309F
:109240001B07F7D491460CF104010CF10A0BFF2E19
:109250008DF80F600BD095F835309E421DD0002060
:1092600005B0BDE8F08F084605B0BDE8F08F504668
:109270000DF10F020191FDF75DFF0028EFD095F889
:1092800034300199C3F340135345E8D1062205F168
:10929000080007F06CFB0028E1D1B8F1000FC9D03D
:1092A000B7E70CF10401D2E72DE9F0479DF828500B
:1092B0009DF82040AD0105F0400545F0250545EA43
:1092C000C4150C464FF0220C01269A4623780B99C0
:1092D00003F010031D43D0F80480257084F801C00A
:1092E0000B689146C4F802308B88099AE3801368B2
:1092F0000746A3609388A381D8F80430C4F80E30E1
:10930000B8F8082098F80A30667562822375B8F8B4
:10931000165002F011FB514606464846B9F1000FBF
:1093200026D019F0040F51D101F020FE09F00303FB
:109330002B33DB00C9F34002D34003F65A233344F6
:109340001E1A3B69E3B102F05BFA40F2E24A0121E6
:109350000AFB05FA05464846D7F8109001F004FECE
:109360002B184B44002B01DB9E4236D95344F9E7BE
:1093700001F0FCFD06F5DB66361A3B69002BE2D1F5
:109380000C9A1660A375E375B8F8162094F823308C
:109390002283B8F818206283BA8AA283D8F82220E0
:1093A000C4F81E2098F8262084F8222098F8282057
:1093B00062F3040384F82330FEF778FC94F823303A
:1093C00060F3471384F82330BDE8F08701F0CEFD49
:1093D00006F5D4560C36361ACFE70C9A9E1B13604E
:1093E000044BA3FB0636637DB60A0133E682637540
:1093F000CAE700BF5917B7D130B5044683B0FEF7AE
:109400007BFAACB120460DF10701F7F7A1F89DF802
:109410000730054663B1164B1B8813B31DB195F990
:109420002830002B0FDB2046FEF774FA03B030BD66
:109430000F4B1B88002BF6D10520F0F72BFB0028E3
:10944000F1D100DEEFE700210A4B012208469D60C2
:10945000EDF7EAFB0028F4D12046FEF75BFA03B0F3
:1094600030BD0520F0F716FB0028D7D100DED5E788
:10947000868000214C020021F0B50C4683B01546D1
:109480001E460746FEF726FA01F0FAFF204601F0D5
:1094900053FD01F0E1FD002842D1FDF7A7FE68BBB6
:1094A00002F050FA04467879012100F0070001F03B
:1094B0005DFD97F805C004440CF0070CBCF1020FE9
:1094C00004F1A30418D0BCF1040F0CBF4FF4BC731B
:1094D0002823604601211C4401F044FD201A02F0BB
:1094E0009DF902F011FA01F0E5FF3146284603B07C
:1094F000BDE8F04001F000BC1823EAE70DF10700D9
:10950000FDF796FD7A790146C2F30202920042F01D
:1095100002029DF8070002F01E0202F09FFABFE768
:1095200000DEBAE770B504460120A568F0F75AF9E5
:10953000014638B12346E86A034A2031BDE870404D
:10954000FFF79ABF00DEF5E7659C010110B5044600
:109550000120F0F747F9014638B123462046BDE81F
:109560001040034A2031FFF787BF00DEF5E700BF58
:10957000499C010110B504460120F0F733F901467A
:1095800038B123462046BDE81040034A2031FFF79A
:1095900073BF00DEF5E700BF9D9501012DE9F04F97
:1095A00083B0064601F062FD10F0FF074CD1FEF7D4
:1095B00099F939463046F6F7CBFFF4680546002C9A
:1095C00000F0E180F76001276B68214693F82C20BA
:1095D0006FF3000283F82C2095F828306FF3C7133F
:1095E00085F8283020682771F0F72EF9E468277194
:1095F00021462068F0F740F995F83430DA061AD59C
:109600006FF3041385F83430F0F708F901460028A9
:1096100000F0B7800A238D600B71EB6A0868CB609D
:10962000F0F72AF929465D4801F066FB03B0BDE872
:10963000F04F01F0C1BC3146594801F05DFB03B069
:10964000BDE8F04F01F0B8BC01F032FD814602F0F8
:109650007BFA5FFA80F802F05BFA5FFA80FA01F0B9
:109660001FFF0746FEF73EF900213046F6F770FF70
:10967000F4680546002C00F089800023F360B8F1FF
:10968000000F00F087805046FDF700FD83465FFA2B
:1096900089F2002A97D001F019FD82460120CDF809
:1096A00004A0F0F79FF88146002871D099F82010A7
:1096B00001F00F02082A86D199F821200E2A82D1C2
:1096C00099F822203F2A3FF67EAF99F8232002F036
:1096D0000302032A7FF477AF09F1240A5B4652465E
:1096E0002846C1F38011FFF743FD00283FF46BAF1C
:1096F000019B99F820101A78C2F38012B2EBD11FA7
:109700007FF461AF19460622023109F12A0007F001
:109710002EF900287FF457AF6A68707992F84810E4
:10972000FF0060F3020182F84810717907F0080722
:10973000C1F3020147EA011792F8481021F07801BD
:109740000F4382F84870707992F8491060F3020173
:1097500082F84910B8F1000F3FF44AAF99F8202081
:1097600094F82010C2F3801262F3C71184F820101D
:10977000D9F82420A262B9F8282084F819B0A2856B
:1097800036E700DE46E700DEF4601CE700DE74E743
:1097900000DE8BE74FF0FF0B79E700BF019101017D
:1097A000F993010110B504460520F0F773F920B1D3
:1097B0002046BDE81040FEF7F9B800DE2046BDE8BF
:1097C0001040FEF7F3B800BF884208B507D0F6F79F
:1097D00087FD00280CBF6FF08B00002008BD00DE65
:1097E000F5E700BF2DE9F04F0746012485B0FEF7ED
:1097F00083F8D7E9020898F802904FEA591904FA59
:1098000009F4E4B23C73F6F76BFD8246002800F0E1
:10981000D380002398F9002098F80250002AB4BFA2
:109820004FF496721E2298F801104FEA052505F4B0
:10983000F85545EA0105B4BF4FF49E712E2102FB95
:1098400005F598F80020009152064CBF32264FF4DF
:10985000FA76002105FB06F65C4A4FEA840BA2FB70
:1098600006265B4A204611805FFA8BFB012101939B
:1098700001F080FA5A46FF21082001F02DFB98F8EC
:109880000000B60C00F03F00FDF7E6FF07F12000F6
:1098900001F052FB019B002B00F0898019464D48D6
:1098A00001F02AFA962001F085FE012322460021CC
:1098B000204601F085FDFDF799FC00285BD19AF860
:1098C000283013F0180F4AD17B690121204605EB9F
:1098D0000308FDF7F7FFA8EB0608A8EB0008A8F1BE
:1098E0001001002001F036FFA8F10F08804507465F
:1098F00014D040F267133848384A394905F0E1FD81
:1099000043463A462946374805F0DBFD002383F3FA
:109910001188BFF36F8F0323184602DF009B0121DC
:1099200020461E44FDF7CEFF034601212046374462
:109930001F4401F01BFBB9F1010F074419D0B9F125
:10994000020F0CBF4FF4BC702820384401F086FF92
:1099500001F0DAFF05B0BDE8F04F01F0ABBD01202A
:10996000FDF73EF8024641780232007801F0C6FD6C
:10997000AAE71820E9E79AF82800C0F3C000FDF72D
:109980002FF882460DF10F00FDF752FB80469AF842
:1099900001109AF800000AF1020201F0AFFD414601
:1099A0009DF80F004BF0020202F058F88CE73946A0
:1099B0000D4801F0A1F975E7BB6801461846009310
:1099C000F6F7C6FD009B824624E700BF83DE1B43FB
:1099D00086800021499C0101680E020128110201C4
:1099E0007811020198110201659C010110B568B15E
:1099F0000C46FEF741F900280FDB0520F0F74AF886
:109A000068B12046BDE81040FDF7C4BE054801F02E
:109A100073F9BDE8104001F0CFBA00DEEDE700DEDB
:109A2000EFE700BFF993010110B582B00446FEF7DD
:109A3000FBF8002809DB0023074A0849084800947E
:109A4000F0F76EF818B902B010BD00DEF3E777301A
:109A5000F9D000DEF7E700BF51450001ED990101A3
:109A6000C99701012DE9F04F1F460378884603F09E
:109A70000F03072B164683B040F091804578002DE8
:109A80007FD083789C067CD0C378D9074CBF00F187
:109A90000A04041D9A0748BF0634580748BF01341A
:109AA000190748BF0234DA066BD5A37862784FEA0B
:109AB000032C0CF4F85C5CEA020C62D05F2B4FEADA
:109AC00053195ED8227802F03F03242B59D812F0A4
:109AD000800F14BF4FF496731E2318F0040F03FB7E
:109AE0000CFA52D108F003010D440935ED00C8F31A
:109AF0004001CD40534405F596718B4241D3530646
:109B00004CBF32224FF4FA7202FB0AF2264B314666
:109B1000A3FB02324046920C019201F027FA4FF06B
:109B2000010B03460BFA09F059469946C0B2FDF7FE
:109B3000C9FE019A05F2EF6313444B4403449A456E
:109B40001FD85846EFF74EFE814650B30C9BC9F81C
:109B50000C40C9F8083001F0EFFE3146044640469B
:109B600001F004FA0346641BE41A38464946C9F872
:109B7000144001F0C1F801F01FFA012003B0BDE864
:109B8000F08F002003B0BDE8F08F7100ED0001F010
:109B900002012B3501318D4005F5BC75AAE700DEC9
:109BA0006CE700DED2E700BF83DE1B432DE9F04106
:109BB0000C46C97882B0C90741D5054617461E46EE
:109BC000FDF714FBA0B995F8283013F0180F0BD04F
:109BD0000120FCF705FF224612F8041B3346C1F3AF
:109BE0008011FCF709FF3870012002B0BDE8F08158
:109BF000A04695F82800C0F3C000FCF7F1FE18F865
:109C0000041B33464246C1F38011FCF7F5FE387061
:109C10000028E9D123785B06E6D50DF10700FDF7B2
:109C200007FA9DF80730002BDED0404601F0C0FF58
:109C3000089B187001F06CFF099B1870D4E7002096
:109C400002B0BDE8F08100BF10B504460021F6F770
:109C50007FFC62792146BDE8104002F00702EAF776
:109C6000B7BD00BF034680681A7B90F83430DB062E
:109C700002D50021EAF7ACBDC16AEAF7A9BD00BF71
:109C8000F8B50546FDF738FEEFF7F4FE0446002868
:109C90003ED001201F4B204A1B781278834002409F
:109CA00003F002031343A2791C4922F00302134379
:109CB0001B4A0988A3711378A1802070237219B1FF
:109CC00095F92730002B04DB2846BDE8F840FDF766
:109CD00021BE95F82C30C3F30213022B16D0042BAF
:109CE0000CBF4FF4BC77282701F002FE064601F0B6
:109CF00005FE0023361AE660EA6B2846C4E904270D
:109D0000EB636B64BDE8F840FDF704BE1827EBE792
:109D100000DEBEE7AE800021AF80002188800021F8
:109D2000AC80002108B501F0CDF9034601211A7875
:109D3000002061F301021A7008BD00BF0020014B32
:109D400018707047AA800021704700BF002330B40C
:109D50000749084A0B801380074C084D08480949F9
:109D6000094A2B70237003700B70137030BC70475E
:109D70008A80002188800021AF800021AE800021F0
:109D8000B0800021AD800021AC800021814207D04D
:109D900091F82C305B070CD50C4B188848B97047EC
:109DA0000A4A0B4B11881A7821B9032A08D900DE18
:109DB00003E0074B1B78032BF9D86FF08B0070473B
:109DC00001326FF00F001A70704700BF88800021C9
:109DD000AD800021814207D091F82C305B070CD573
:109DE0000C4B188848B970470A4A0B4B11881A78EF
:109DF00021B9032A08D900DE03E0074B1B78032BA7
:109E0000F9D86FF08B00704701326FF00F001A70B5
:109E1000704700BF8A800021AD80002138B50D4613
:109E200080B30446FDF728FF002848DBE36821895A
:109E30004A1C9983598B0A4493F927105A830029A5
:109E400014DBEFF717FE0346002836D0002101246B
:109E50009A79998022F0030242F002029A711C70F2
:109E600019722846BDE83840FDF794BC20891A6B6A
:109E7000996B00FB02220A44596B8A4228BF0A46AA
:109E80009A63DEE791F92730002B0ADB29460D485B
:109E900000F032FF01F090F895F862301B0708D40B
:109EA00038BD094B1B88002BF0D10122074B1A70DB
:109EB000ECE7BDE8384001F0C7BD00DEC6E700DED4
:109EC000B4E700BF819C01018A800021AE8000219F
:109ED00070B505460120EFF785FC58B3002180F8E6
:109EE000211095F8494000F1200604F007042046AF
:109EF00000F040FF95F86230A2001B070FD51F212C
:109F0000082042F0010200F0E7FF3246214605F149
:109F1000630001F01DFDBDE8704001F00DB80820A0
:109F20001B2142F0010200F0D7FF3046BDE870402F
:109F300001F002B800DED1E738B50446FDF7CAFCEF
:109F40002C4AA08913880133138001F033FB94F865
:109F5000482094F84900C2F3C003002102F0070230
:109F600000F0070001F02CFA2046FFF7B1FF01F0E6
:109F700073F800283BD101F0E5FC0346258A94F8EC
:109F8000490001210D3500F007001D4400F0EEFFEF
:109F900094F84930054403F00703022B25D0042B25
:109FA0000CBF4FF4BC73282394F848001D44C0F341
:109FB000C00100F0070000F0D5FF281A01F02EFCC8
:109FC0000D4B1B881BB994F92730002B05DA21466D
:109FD000BDE83840094800F08FBE01F06BFA214619
:109FE000BDE83840054800F087BE1823DCE700DEF6
:109FF000C1E700BF8A8000218880002125A10101DE
:10A0000070B505460E4690F8481001F0070420464A
:10A01000C1F3C00100F0AEFE95F86230A200DB068D
:10A0200042F001020CD508201F2100F055FF3146F7
:10A0300005F1840001F090FCBDE8704000F082BFA3
:10A0400008201B2100F048FF3046BDE8704000F0BA
:10A0500079BF00BFF0B5054683B001AA0F46D0E92D
:10A060001301ECF773FD95F8623006465A073BD4AE
:10A0700048B3019C95F8613095F8602004341C4485
:10A0800012B9627885F8602033B10122237862F337
:10A090000103237095F8613095F860202846D31AA3
:10A0A0006370F7F713FA637883422BD9607001214C
:10A0B00000222378A27003F00F0343EA01132370F8
:10A0C0003C6003B0F0BD43F0040385F8623000F05B
:10A0D000F9FF0446124B1B78EBB1237843F01003D1
:10A0E00023703C6003B0F0BD43F0040385F8623098
:10A0F00000F0E8FF0446002EECD0237843F0100374
:10A100002370EEE732682B6D9A42D0D1044B197858
:10A110000029CCD1CCE7227863F304122270CFE778
:10A12000AA8000212DE9F04F85B0044600F09EFF83
:10A13000C0B250B9FDF7D6FB2146C74800F0DCFDA0
:10A1400005B0BDE8F04F00F037BF00F0B1FFC6B278
:10A1500001F0CAF9DFF80483C7B2FDF7C3FBB8F812
:10A16000003001200133A8F80030EFF73BFB054633
:10A17000002800F03A81002E5AD1B94B93F80080A4
:10A18000B8F1000F40F0E38001221A7094F86220C9
:10A19000204603A9C2F3800BFFF75CFF94F9273038
:10A1A000B146002BC0F20A81AE4B1B78002B00F0A9
:10A1B000BE802146A84800F09FFD94F92730002B6F
:10A1C00080F2188101F05CF9039994F862200B7811
:10A1D000204662F3C3030B7094F862300A78C3F32D
:10A1E000400363F382020A70FFF70AFF00F034FFB6
:10A1F000002840F02F8101F07BFB002800F08180D7
:10A20000B9F1000F00F085804FF6FF73A08A9842E5
:10A2100000F03F814946F7F7E3F8B8F1000F7BD132
:10A22000EFF722FB002F40F0C28005B0BDE8F08FB1
:10A2300094F8622095F8201002F00103C1F3800029
:10A24000984200F0C08083F0010363F3000294F9A8
:10A25000273084F86220002B05DA94F82C3043F084
:10A26000080384F82C30DFF800B29BF8003013B1FB
:10A27000013B8BF8003094F8623013F0040A40F090
:10A28000C680D4E9130103AAECF760FC81460028DC
:10A2900000F0D580039B04331A46009394F8613094
:10A2A0001A44517871B194F86220D0060AD5D4F8D6
:10A2B00094200132C4F89420D4F8982042F100028E
:10A2C000C4F8982094F860201944C9B2914280F0F3
:10A2D000BE8084F861104FF0000994F92720002A0D
:10A2E000C0F2EF8095F82010CA065CBF009A12F801
:10A2F00003A094F862205CBF8AF0100ACAF3001A27
:10A3000064E001F0E9FA01F0EDFAB9F1000F7FF431
:10A310007BAFB8F1000F85D0EFF780FA03232B71E4
:10A32000A38A29462868EB80EFF78EFA78E7E08960
:10A3300001F040F994F8490000F0070001F02CF812
:10A3400021464A4800F0D8FC01F0DEFA3CE708F16B
:10A35000FF3818F0FF0883F8008008BF4FF0010AAB
:10A36000B04618BF4FF0000AB14694F8622020466C
:10A3700003A9C2F3800BFFF76DFEBAF1000F7FF463
:10A3800018AF94F92730002B18DB002E3FF40CAFE8
:10A3900095F82030D9063FF507AF039B1A78D2060F
:10A3A0003FF502AF5B78002B3FF403AFFCE601F012
:10A3B0008BF884F8A60005B0BDE8F08F636C002B25
:10A3C0007FF4F7AEE1E74FF0000AD146C1F3C001D8
:10A3D000C2F3400399425FD04FF0000800200121F2
:10A3E0001F4B1870224B1970C1E700DE002E3FF49E
:10A3F000C4AE1DE700F0E0FD00F02EFE002868D19D
:10A4000094F862306BF3820384F86230F3E66FF302
:10A41000820384F8623000F055FE94F92730002B57
:10A420000DDB95F8201011F010090AD190F800A06A
:10A4300094F862208AF0100ACAF3001AC6E795F869
:10A4400020104FF0000A94F86220D146BEE773D086
:10A4500000DE40E700DECEE6819C0101888000211D
:10A46000B0800021AD800021AA800021399F010128
:10A47000AF80002101F030FA01F034FAB9F1000F99
:10A480003FF4D0AE4FF6FF73A08A984250D14FF000
:10A49000000800DEA08ABDE60320EFF7A3F9A8B10B
:10A4A00094F8623083F0020384F8623095F821302A
:10A4B00094F86220002B8FD010070CD44FF00108C5
:10A4C0008CE794F8622095F820107FE794F86220DA
:10A4D00082E700DE94E701F085FA00287DD001F0E4
:10A4E000A9FA002861D1D4F87330D4F87720134347
:10A4F00005D195F8203003F00303032B3ED0022250
:10A50000374B214637481A7000F0F6FB00F054FD37
:10A5100000F0A2FD80BB01F0EBF90028AAD0B9F150
:10A52000000F3FF47FAE4FF6FF73A08A98424ED0E3
:10A530004946F6F755FF73E60022206DA4F8602027
:10A5400004F14C010193ECF709FB039A019B12689B
:10A55000C9F80020039AC2F800909BF80020DDF8AB
:10A560000C9022B9B8F80020052A7FF6B6AE1E4A34
:10A5700012788BF80020B0E600DECCE700F0A6FDF4
:10A5800043780146272BBAD80333DAB205F120000D
:10A5900006F0BEF9D4F87330013BC4F87330D4F838
:10A5A000773043F1FF33C4F877300122D4F87330A9
:10A5B00004F173019B18C4F87330D4F8773043F179
:10A5C00000034B60064B1A7094F8622076E700DEB9
:10A5D0004946A08AF6F704FF22E600DE7FE700BFC7
:10A5E000AC800021819C0101AB8000210246024B1E
:10A5F00018781A70704700BFAB80002110B582B088
:10A600000446FDF711FB002809DB0023074A08492F
:10A6100008480094EFF784FA18B902B010BD00DEC4
:10A62000F3E77730F9D000DEF7E700BFF94E00011D
:10A630001D9E0101D59D010110B582B00446FDF7B4
:10A64000F3FA002809DB0023074A08490848009468
:10A65000EFF766FA18B902B010BD00DEF3E7773005
:10A66000F9D000DEF7E700BF515100011D9E010146
:10A670008D9D010108B500F0C9FC00F083FF0C4B73
:10A680000C4A19781378CB1ADB0701D4117008BD76
:10A69000094B186800F08EFF084A094B12781B78A6
:10A6A0001046194600F0A2FEBDE8084001F02CB9A2
:10A6B000B2800021B1800021847B0021B58000217F
:10A6C000B4800021F8B50C4617461D46064600F03A
:10A6D0003DFAFDF7BDFA002844DB00F019FB00212C
:10A6E000069800F009FB032C2FD80121013C01FA48
:10A6F00004F4E0B21C4B1D4C1970207000F03AFBC2
:10A700007D2F25DC07F17F03DBB2932B28D8384659
:10A7100000F092FB00F052FB00277000023000F0C6
:10A72000ADFB134800F0C4FB40F25B60114900F040
:10A73000B3FC23786A0142EA8302FF21082002F079
:10A74000FC0200F0C9FB3846F8BD00210420D1E727
:10A750007F2F02D100F06EFBDCE700F067FBD9E74A
:10A760001127DAE700DEB8E7B4800021B5800021C8
:10A77000881402015555550010B500F077FCC0B2A1
:10A7800028B900F043FCBDE8104000F0FBBE00F02B
:10A790008FFC044600F03AFC00F0F4FE962000F036
:10A7A00009FF074A074B12781B7810461946E4B296
:10A7B00000F032FE1CB1044A13880133138010BD2F
:10A7C000B5800021B48000218C800021F0B5072ADB
:10A7D00083B09DF820709DF930C02AD80C461946E8
:10A7E000013B032B25D84C4E3378FBB94B4B154618
:10A7F00000933B1E18BF01236246FFF763FFB0B909
:10A80000A7B9474A13780133137000F05FFC027850
:10A810006B1E65F30302074602704470062B74D862
:10A82000DFE803F0635D57514B450A000C2003B08D
:10A83000F0BD112003B0F0BD2246AA21033006F07E
:10A840008EF8384D384600F07DFB2A78530752D5F4
:10A85000354FE3003A782B33520002F00202013206
:10A86000934003F5BC7340F27121304A03F2693022
:10A87000A2FB0020400A01FB00F0C01A2C4B18601C
:10A8800000F098FE3B782A781946104600F0AEFD9D
:10A8900000F080F9014600220331012000F096FE0D
:10A8A00001F032F801230020337003B0F0BD2246DE
:10A8B000F021033006F053F8C3E7224600210330AD
:10A8C00006F04DF8BDE72246FF21033006F047F8B9
:10A8D000B7E722461749033006F01AF8B1E72246D7
:10A8E0005521033006F03BF8ABE722460F21033039
:10A8F00006F035F8A5E702F0030323440933DB0033
:10A90000C2F34002084FD340ADE722460A49033064
:10A9100005F0FEFF95E700BFB380002175A6010199
:10A92000B2800021B5800021B48000215917B7D131
:10A93000847B0021881202018813020170B54A1E2F
:10A94000022A82B02ED8194E1D46337833BB184BDD
:10A950007F2200932B1E18BF0123FFF7B3FE04468E
:10A96000C8B9DDB900F0B2FB00F0E6FA962000F0BD
:10A9700021FE104A104B12781B781046194600F041
:10A980004BFD00F007F9014622462046033100F056
:10A990001DFE01233370204602B070BD0C242046FA
:10A9A00002B070BD1124204602B070BDB3800021FA
:10A9B00079A70101B5800021B4800021F8B51A4FB4
:10A9C0003B7853B300261949194C0B88194D22784E
:10A9D00003802878D3B290420E8020D022780233B0
:10A9E000DBB293422B700CD02026EFF3118086F35C
:10A9F0001288BFF36F8F04F0F9FE23782A789A4209
:10AA0000F3D100F0FFFEFDF737F900280ADB00F074
:10AA1000ADF800233B701846F8BD0C20F8BD00F0DF
:10AA2000CBFAEEE700DEF2E7B38000218C80002154
:10AA3000B1800021B2800021264B0246D3F8A41237
:10AA4000013106D02349D1F8A00210F0010009D14C
:10AA500070474FF6FF71D3F8A8329BB28B42F1D109
:10AA600000207047D1F8A4321360D1F8A802C0F3D7
:10AA7000072363F03F0310715371D1F89032013313
:10AA80001CD0D1F89432013318D0D1F89832013368
:10AA900014D0D1F89C32013310D0D1F89032C2F8E2
:10AAA0000630D1F89432C2F80A30D1F89832C2F8A0
:10AAB0000E30D1F89C32C2F8123008E00023C2F800
:10AAC0000630C2F80A30C2F80E30C2F81230012047
:10AAD000704700BF0000FF010023144A0360436079
:10AAE0008360C360D2F88032013318D0D2F8843248
:10AAF000013314D0D2F88832013310D0D2F88C321E
:10AB000001330CD0D2F880320B60D2F884324B6023
:10AB1000D2F888328B60D2F88C32CB607047002339
:10AB20000B604B608B60CB60704700BF0000FF0183
:10AB30004FF480320021044BC3F80815C3F84423B6
:10AB4000C3F80423704700BF00100141054B18787B
:10AB5000421C1A7018B90122034B1A607047012079
:10AB6000704700BFB680002100100141074B1878E4
:10AB700048B10138C0B2187018B90122044B5A60AC
:10AB800070470120704700DE1878F2E7B680002198
:10AB900000100141014BD3F804057047001001413A
:10ABA000024B00F5A87043F82010704700100141D7
:10ABB0002DE9F04300243E4DC5F800450224A14292
:10ABC000C5F800454AD0042955D04FF400663949EC
:10ABD000394CC4F88411C5F884103849384CC1F890
:10ABE00004653349022AC1F804452FD0032A31D025
:10ABF000E322C1F82025304AD2F81825D2B21F2A04
:10AC000003D9FF2A52D0111F00E01B210024012587
:10AC1000274AC2F81815C2F808052A48C2F80C05D8
:10AC2000C2F81035284BC2F81435C2F80042C2F8F9
:10AC30000041D2F80031C2F80441D2F80431C2F820
:10AC40000841D2F808311560BDE8F083C322C1F88D
:10AC50002025D0E7A322C1F82025CCE74FF40066D9
:10AC60001449154CC4F88411C5F884101349174CC5
:10AC7000C1F80465B5E74FF003094FF008084FF439
:10AC8000006E0D4FDFF848C00C490A4EC5F81C9500
:10AC9000104CC7F8D0C1C5F88CC0C1F80485C7F8FE
:10ACA0008461C5F88460C1F804E59AE7FB21ADE74B
:10ACB00000E000410B0000800080004100F00041F6
:10ACC000010000019C7C00218C7B0021010001011E
:10ACD0000300008001000201044BD3F8103123B1BE
:10ACE000034A044B10681B681847704700800041F6
:10ACF000A07E0021A47E0021024B034A196010604F
:10AD0000704700BFA07E0021A47E0021704700BFD5
:10AD100000220120114B1249C1F81825C3F8A020C8
:10AD2000C3F8A420C3F8A820C3F8AC205862D862A6
:10AD3000C3F81028D3F8100840F48040C3F8100876
:10AD4000C3F81428D3F8140840F40040C3F81408DA
:10AD5000C1F88020C1F88420704700BF00F0004196
:10AD6000008000410022024BC3F80025704700BF5D
:10AD70000040004102280F4A0F4B0ED00428D2F8A1
:10AD8000802010D00321C3F8882540F201220A4B0D
:10AD9000C3F81015C3F850267047D2F88420042158
:10ADA000C3F88825F1E701F00101C1F10601C3F8FC
:10ADB0008825EAE70000FF0100800041002817DA3B
:10ADC00000F10803DBB2072B0CD910F10C0F1BDAD2
:10ADD00010F1100F22DA14301BDAD822124BC3F80C
:10ADE0000C257047104B00F58070C3F80C057047B8
:10ADF00000220D4B0228C3F80C2504DD0122A3F527
:10AE00008043C3F800257047F422074BC3F80C2594
:10AE10007047EC22044BC3F80C257047F022024B1C
:10AE2000C3F80C25704700BF008000416FF0270079
:10AE3000704700BF03207047022816DC002812DA92
:10AE400000F10803DBB2072B10D910F10C0F0EDA5A
:10AE500010F1100F0EDA10F1150FCCBF6FF01300C8
:10AE60006FF02700704700207047032070476FF095
:10AE70000B0070476FF00F00704700BF014BC3F825
:10AE80000805704700800041084B00F07F00C3F8C0
:10AE90005405D3F8182522F00072C3F81825D3F80A
:10AEA000182542F00072C3F8182570470080004151
:10AEB00000210123074AC2F82C15C2F83035C378A7
:10AEC000C2F824358178038843EA01431B02C2F8A3
:10AED0001C35704700800041C2F38203022B02F050
:10AEE000030221D0042B0CBF4FF0C74C4FF0000CD5
:10AEF000013A022A98BF4CF4801C00F00F000C4B62
:10AF000040EA0C0040F48070C3F81405D3F818052B
:10AF1000084A0240C3F81825D3F81825114341F414
:10AF20004031C3F8181570474FF0807CE0E700BF50
:10AF3000008000410000F8FE014BC3F80405704793
:10AF400000800041014BC3F80405704700800041B8
:10AF5000022804D004280CBF2A202920704728206A
:10AF6000704700BF0120704729207047022809D090
:10AF7000042805D111F0010F0CBF19201E207047C5
:10AF80000A207047052070472020012110B4064A8E
:10AF9000064B074CC3F8EC21C4F88C20054AC2F8D4
:10AFA0000405596010BC7047050000800080004116
:10AFB0000080014100F000410022202070B40121F6
:10AFC0004FF4802643F628740D4B0E4DC5F88C20A7
:10AFD000C3F8A020A5F5E045C3F8A820C3F80805EC
:10AFE00009485962D962C5F84863A5F54055C5F8C6
:10AFF0008420C3F80845C0F80022016170BC704786
:10B0000000F0004100800141008000410022114B0E
:10B01000C3F80021D3F80011C3F80421D3F80411B8
:10B02000C3F80C21D3F80C11C3F86C21D3F86C11C0
:10B03000C3F87021D3F87011C3F82821D3F8281170
:10B04000C3F81021D3F81011C3F85021D3F85031B0
:10B05000704700BF00800041034BD3F80001003867
:10B0600018BF0120704700BF00800041034BD3F898
:10B070000C01003818BF0120704700BF008000415C
:10B0800001207047034BD3F85005B0FA80F0400917
:10B09000704700BF0080004140F20312034BC3F829
:10B0A0003425C3F83805C3F83C15704700800041CB
:10B0B000034BD3F80004003818BF0120704700BFCD
:10B0C0000080004100487047A07D00210048704783
:10B0D0009C7C00212DE9F04FDFF89482A54E98F872
:10B0E00000C0A54F0CF1040E4FEACE0EDFF88C9293
:10B0F0005FFA8EFE83B0764401939DF830B09DF8E0
:10B1000038A0C9F8EC71376000260CF101049C4DA1
:10B1100004F00104E3001D440CF10E03DBB201292D
:10B1200043F000432E6045D088B32D21954A0CF1A1
:10B13000700542F82530C9F8843000270CF102026E
:10B14000904E8C480EF1040ED2B25FFA8EFE703231
:10B1500046F822704FEA8C0C46F8253040F80E3045
:10B160000CF1824C0CF5C03CDCF8403520228B42BF
:10B1700092BF0123DCF840355B1ACCF84035824B96
:10B18000C3F8042588F8004003B0BDE8F08F022A18
:10B1900000F0E180042A46D036217A4E774804F147
:10B1A0000E0242F000420CF1700546F82530C0F85E
:10B1B0008420C2E7012800F0B680BBF1020F00F046
:10B1C000AF804AF23C5149F6C475BBF1040F18BF79
:10B1D00029460CF10206022AF6B27DD0042A29D0B3
:10B1E0006A4D01F51A512C31A5FB0151DFF89491FC
:10B1F000624F0CF1700549F825308909C7F8803095
:10B20000002878D1520776D5BBF1020F00F0AC8050
:10B210004AF2B8124AF23070BBF1040F08BF02467E
:10B2200042F2B84024E0019A12F0010F0CBF452110
:10B230004A21B2E7554A01F5EB411431A2FB012145
:10B24000504F4E4A0CF1700547F825308909C2F875
:10B25000803000284FD1BBF1020F7ED04AF2B810E7
:10B260004AF23072BBF1040F18BF024646F21800D2
:10B27000024446480CF5A875A0FB02024148B600FE
:10B2800050F8250006F18246B0EB921F98BF0120CE
:10B290004FEA921588BF401B06F5C036C6F8400538
:10B2A0000820344A0EF1040E4FEA8C0C5FFA8EFE31
:10B2B000C6F8C031C6F8C03142F80E30344B0CF13C
:10B2C0004002D2B213442D4D324AC5F8D0211A6043
:10B2D0002D4BC3F8040543E72C4A01F5AB511C3153
:10B2E000A2FB01212748254A0CF1700540F82530C2
:10B2F0008909C2F880305246012A04D00020214A30
:10B30000703642F826001B4A1E480EF1040E5FFA02
:10B310008EFE40F825304FEA8C0C42F80E301FE7C5
:10B3200049F6404155E7BBF1020F1BD0BBF1040FBA
:10B330000CBF2B212A21134E104804F10E020CF1F0
:10B34000700546F8253042F000420CF10206C0F8C4
:10B350008020F6B2CFE732211FE749F6346246F289
:10B36000180085E72921E6E749F6346258E700BF6F
:10B37000B780002180F0004105000080008000417E
:10B38000A0F000410080014100F00041D34D621067
:10B39000808001410300008010B500230246032491
:10B3A000064984B0C1F800420120009219461A46AD
:10B3B000CDE90133FFF78EFE04B010BD00800041DF
:10B3C00030B5844614461D4600200322064B85B046
:10B3D000C3F800220B4662460121CDE901500094DA
:10B3E000FFF778FE05B030BD0080004170B515460E
:10B3F00003221E46074B0024C3F800220B460121FE
:10B4000084B002460196084600950294FFF762FE5A
:10B4100004B070BD0080004130B58C461446002158
:10B420001D460322064B85B0C3F800220246634640
:10B430000846CDE901510094FFF74CFE05B030BD40
:10B440000080004110B4032400200A4A0A4BC2F8CD
:10B4500000421B780949013303F001030E3343F026
:10B460000043C1F8A000C1F8A800C2F8803010BCA9
:10B47000704700BF00800041B780002100F000410C
:10B4800000220320044B0549C1F80002C3F8A020A4
:10B49000C3F8A820704700BF00F0004100800041C1
:10B4A000034BD3F85001B0FA80F04009704700BF59
:10B4B00000800041034AD2F8003243F48873C2F896
:10B4C0000032704700800041014BD3F848057047B7
:10B4D000008000410022034BC3F81C21D3F81C312B
:10B4E000704700BF00800041034BD3F81C010038B7
:10B4F00018BF0120704700BF008000414FF0000CD2
:10B5000010B44FEA8C03146803F1824303F500433F
:10B51000C3F8004694880CF1010CBCF1080FC3F885
:10B52000204602F10602ECD1034B40EA0120C3F8A9
:10B53000400610BC704700BF00800041034AD2F8AB
:10B54000403623F0FF03C2F84036704700800041C8
:10B550000022034BC3F81421D3F81431704700BF05
:10B5600000800041034BD3F81401003818BF0120BC
:10B57000704700BF00800041014BD3F810047047B2
:10B580000080004130B400204FF4802543F628723B
:10B59000054C0649064BC4F84853C1F88400C3F86B
:10B5A000082530BC704700BF0010014100E0004199
:10B5B00000F00041034B044A1B7803F5A87342F8DE
:10B5C00023007047B780002100800141F0B5A2F54B
:10B5D0007423314DA3F51073AB42044606D902F132
:10B5E000E87202F5D432013902F5A5722B4B4FF007
:10B5F000010EA3FB02324FF0000C900C0427022234
:10B600004FF480264FF48075254BC3F80CE0C3F847
:10B6100004C5C3F81075C3F80825224AC3F84005CD
:10B62000C2F848152049C2F84463C2F8C811A2F50F
:10B630000052C3F88010C2F8045514B34FF40074DC
:10B640007144C3F8C011A3F58043C3F88010C2F859
:10B650000445012100244FF0040C2026134B144A0A
:10B66000144F154DD960C3F80445C3F810C5C3F88D
:10B6700008451960C7F8EC21C3F88C20C5F80465AB
:10B68000F0BD4FF400740D49C3F8C011094BC3F865
:10B690008410C2F80445DCE7BFBDF07F83DE1B43A6
:10B6A00000C00041001001410800008000800141FD
:10B6B000050000800080004100F00041090000808A
:10B6C000F0B44FF4802C01244FF48077194B1A4AC0
:10B6D0001A4E1B4D5C60DC60C3F84045C2F848154B
:10B6E000C2F844C34FF40071C2F8C861C3F8806067
:10B6F000144AC5F80475A0B11348C3F8C021C0F8B6
:10B700008020C5F804152021104B0F4C10480C4A1E
:10B71000C4F8EC31C0F88C30C2F804150120F0BC3C
:10B7200070470948C3F8C021C0F88420C5F8041543
:10B73000E9E700BF00C0004100100141080000809F
:10B7400000F00041090000800080004105000080F9
:10B750000080014170B44FF400721C4B1C4C60B36C
:10B760001C48C4F8C031C0F880301B4BC3F8042516
:10B7700020201A4B174C0A46C4F8EC3104F58034EB
:10B78000C4F88C30144B0026C3F804050125A3F53A
:10B79000405302E0D3F840416CB9C1EB4201C3F819
:10B7A0004061481CD3F84021C3F84005DD64D3F85C
:10B7B0004C259142EED370BC70470648C4F8C031A6
:10B7C000C0F88430044BC3F80425D1E70900008099
:10B7D00000C000410080004100F0004105000080F1
:10B7E0000122034BDA64D3F84C15FFF7B3BF00BF57
:10B7F00000C00041014BD3F84805704700100141DB
:10B800000020704701230349034A4B600B615360DA
:10B810001361704700C000410080014170B44FF4D3
:10B82000C056094B094C0A4A0A490B4DC3F8440556
:10B83000C2F88441C3F8C440C3F8C411C2F89010E0
:10B84000C5F8046570BC704700C000410B00008063
:10B85000008000410C00008000F0004170B44FF403
:10B86000C056094B094C0A4A0A490B4DC3F8440516
:10B87000C2F88441C3F8C440C3F8C411C2F89010A0
:10B88000C5F8046570BC704700C000410B00008023
:10B89000008000410C00008000F0004109490A4886
:10B8A0000A4B0B4A10B4C1F88001C3F8C000C1F8BC
:10B8B00084214FF44061074CC3F8C420C4F8041538
:10B8C00010BC7047008000410A00008000C00041A9
:10B8D0000B00008000F00041014BD3F84405704795
:10B8E00000C00041014B1860704700BF987C0021E8
:10B8F000014B1868704700BF987C0021014BD3F8BA
:10B900004005704700C000414FF4005110B4064B91
:10B91000064C0748074AC4F88C31C0F8C830C2F852
:10B92000041510BC704700BF0D000080008000416E
:10B9300000C0004100F00041014BD3F848057047BA
:10B9400000C00041014BD3F84805704700C00041DA
:10B9500013460122FFF72CB930B402220025E3245C
:10B960001B4BC3F80055C3F800251A4AC3F8042539
:10B97000194AC3F82045D2F81835DBB21F2B03D97A
:10B98000FF2B22D01A1F00E01B2200240125104BA0
:10B99000C3F81825C3F80805104A1148C3F80C1558
:10B9A000C3F81005C3F81425C3F80052C3F80041CA
:10B9B000D3F80021C3F80441D3F80421C3F80841A7
:10B9C000D3F808211D6030BC7047FB22DDE700BFC3
:10B9D00000E0004100000101008000418C7B00215B
:10B9E0009C7C002138B50223104CC4F80433D4F8F1
:10B9F000043163B92025EFF3118085F31288BFF37A
:10BA00006F8F03F0F3FED4F80431002BF3D0022043
:10BA10004FF48041054B064AC3F80803C2F8801171
:10BA2000D3F80801B0FA80F0400938BD00E00041C9
:10BA300000E100E0034BD3F80004003818BF0120F8
:10BA4000704700BF00E0004101210022024B9960D5
:10BA5000C3F80025704700BF00E0004170B49407B0
:10BA60004FEA920303D4D2073BD4012B3FD9502590
:10BA7000224AD2F804250132042B08BF05350326DB
:10BA800000241F4BC3F80065C3F80405C3F808156C
:10BA90001C49C3F81025C3F81415C3F80041D3F8A6
:10BAA0000021C3F80441154AD3F80411C3F8084132
:10BAB000D3F80811C2F86055D2F80012124841F0CC
:10BAC0004001C2F80012C2F8284140240F49D2F8C0
:10BAD0002851C2F8A801C3F88000C1F8044570BC21
:10BAE0007047064A4025D2F80425013AC4E7034BC3
:10BAF0004025D3F80425013AC1E700BF008000418A
:10BB000000E00041887B00210600008000F0004139
:10BB1000014BD3F80004704700E0004100234020AF
:10BB200010B4064A064C0749C2F82831D2F8282139
:10BB3000C4F80035C1F8080510BC7047008000410A
:10BB400000E0004100F0004138B5164BD3F8283131
:10BB50002BB30123144CC4F80433D4F8003163B977
:10BB60002025EFF3118085F31288BFF36F8F03F068
:10BB70003DFED4F80031002BF3D001204FF480417A
:10BB8000094B0A4AC3F80803C2F88011D3F804210C
:10BB90002AB1D3F80801B0FA80F0400938BD00207E
:10BBA00038BD00BF0080004100E0004100E100E03E
:10BBB00038B50321002301224FF480451E4C033881
:10BBC000C4F80015C4F81005C4F80031D4F8001109
:10BBD000C4F804311949D4F80401C4F80831D4F880
:10BBE0000831C1F88051C4F804232260D4F8003130
:10BBF00063B92025EFF3118085F31288BFF36F8FAF
:10BC000003F0F4FDD4F80031002BF3D001204FF401
:10BC10008041094B094AC3F80803C2F88011D3F8E0
:10BC2000040120B1D3F80801B0FA80F040090022E5
:10BC3000014BC3F8002538BD00E0004100E100E001
:10BC40000139012905D811200AB1EAF735B9EAF717
:10BC500041B900DE704700BF29B10139012905D87B
:10BC60001120EAF74BB91C20EAF748B900DE0020A2
:10BC7000704700BF88420FD0012807D002280DD19D
:10BC8000A1F10100B0FA80F040097047A1F1020073
:10BC9000B0FA80F0400970470120704700207047DB
:10BCA000012904D0022902D039B100DE70474FF4D7
:10BCB0000032054BC3F8002170474FF08052024B11
:10BCC000C3F80021704700BF00E100E008B504F0B0
:10BCD00097FB08BD032803D8054B185C28B17047B3
:10BCE00000DE034B185C0028F9D100DE704700BF6E
:10BCF0008C140201013810B41C46042806D8DFE871
:10BD000000F008111A23030004292FD000DE10BC14
:10BD100070470429FAD1194B02219C60002010BC05
:10BD2000EAF782BF0329F1D10121154B08469C6037
:10BD300010BCEAF779BF0429E8D1124B02219C60BC
:10BD4000012010BCEAF770BF032908D00429DDD117
:10BD500002210D4B08469C6010BCEAF765BF0B4BF7
:10BD600001219C60022010BCEAF75EBF084B022153
:10BD70009C60032010BCEAF757BF00BFBC02002143
:10BD8000AC0200219C0200217C0200218C020021D7
:10BD90006C02002101460020FEF702BF30B40121F1
:10BDA0000024104B5960C3F80405C3F80041C3F8E0
:10BDB0000441196005E0D3F8042132B9D3F8042511
:10BDC0001AB1D3F80021002AF5D05960D3F8042124
:10BDD000002AE7D1D3F80455002DE3D0C3F8042599
:10BDE00030BC704700D0004170B50126104C0D20CA
:10BDF000D4F804556660EAF76DF8D4F8040140B150
:10BE00000021C4F804113046D5E90E32BDE8704077
:10BE10001847D4F8003143B1C4F8000105F12001FE
:10BE2000D5E90E32BDE87040184700DE70BD00BF96
:10BE300000D0004170B58CB00E4615460146102268
:10BE400068461C46EAF750FE102231460DEB020010
:10BE5000EAF74AFE6846FFF7A1FF25B110222846FF
:10BE600008A9EAF741FE2CB108AD0FCD2060616052
:10BE7000A260E3600CB070BD084B70B5C31A0D46EC
:10BE800007499B10044659434022064803F0FFFD32
:10BE90002B4601462046BDE870401847EC7E002145
:10BEA000B76DDBB6C00A0201402373B50B4C00939B
:10BEB000041B0B460D460A49A41061430646094A75
:10BEC000094803F010FE011E05DA30462B4602B089
:10BED000BDE87040184702B070BD00BFEC7E002185
:10BEE000B76DDBB651FB0101C00A020110B5EFF3DB
:10BEF0001184202383F31288BFF36F8F074A1368DE
:10BF000023F00201DB07116002D4012004F005F8E0
:10BF100084F31188BFF36F8F10BD00BF3C7F0021F9
:10BF200070B50022032104460520E9F7F5FF0F480C
:10BF300001F0C8F80E4B984215D101F0D3F82669EC
:10BF40000C49304603F034FB00280BDB0125356437
:10BF50002469084904F11C0003F02AFB002801DBD6
:10BF60000020E56470BD6FF00400FBE77DC00101B7
:10BF70000000AD0B901402017FB500220123CDE932
:10BF8000022304ABCDE90433094A6B46CDF800D057
:10BF9000CDF804D003F0D5FD002805DB4FF4804236
:10BFA0000023684601F0DEFE07B05DF804FB00BF29
:10BFB0006FFB01010C22104B014602FB00330020F5
:10BFC00030B4D3E90E529863EFF31180202484F348
:10BFD0001288BFF36F8F1C6C04F0C00444F002049D
:10BFE0001C6480F31188BFF36F8F1DB12B4630BCEA
:10BFF0000248184730BC7047EC7E0021C00A02019D
:10C0000010B4EFF31182202383F31288BFF36F8FF4
:10C010001748016841F002040460C80707D482F39E
:10C020001188BFF36F8F012010BC01F071B8114966
:10C03000D1F80C04D1F80C14C907F0D5EFF3118036
:10C0400083F31288BFF36F8F0B490B6C03F0C003AF
:10C0500043F002030B6480F31188BFF36F8F82F308
:10C060001188BFF36F8F002010BCFFF7A3BF00BF84
:10C070003C7F002100500041EC7E002110B10128DE
:10C0800004D07047034B1B6C5B0701D1FFF792BFD5
:10C09000704700BFEC7E0021C3B21C20014A03FBA5
:10C0A00000207047EC7E0021074BD3E8EF2F42F0D1
:10C0B0000101C3E8E01F0028F7D1930702D4012053
:10C0C00001F026B8704700BF3C7F002110B5EFF3A8
:10C0D0001184202383F31288BFF36F8F074A1368FC
:10C0E00023F001019B07116002D4012003F015FF2A
:10C0F00084F31188BFF36F8F10BD00BF3C7F002118
:10C100002DE9F041012207463449D1E8EF3FC1E86B
:10C11000E02F0028F9D133B9314932484B60CB6068
:10C120008A6003F058FA7B1E012B28D8012F06D114
:10C130002D4BD3F81C3403F00303022B1FD004F063
:10C140005FF90546E8B9294B1B78D3B102220646B0
:10C15000254BC3F80823244CDFF89480D4F8182426
:10C16000D4F81834D20315D503F00303022B01D001
:10C17000012F0FD16DB386F31188BFF36F8FBDE828
:10C18000F081EFF31186202383F31288BFF36F8FC2
:10C190000125E0E7C5B1304603F028FBD4F8183597
:10C1A000DBB2012BDAD1D4F80421002AD6D0002248
:10C1B000C4F80421D4F804210222C4F8182520224E
:10C1C000C8F88021A360C9E70021212004F0B7F955
:10C1D000E4E70222044BC3F80423D0E7E87E002101
:10C1E000D87E0021087F002100500041DA80002124
:10C1F00000E100E0EFF31182202383F31288BFF304
:10C200006F8F0A4BD3F8001161B10021D3F80805F4
:10C21000C3F80011D3F80031C0B282F31188BFF324
:10C220006F8F70476FF00A00F7E700BF0090004182
:10C230000346F0B510469C7893F803C0EFF31182E3
:10C24000202585F31288BFF36F8F1F7893F801E0E4
:10C25000E41B04EA0C04A04288BFA0B23E180CEA1A
:10C2600006063D461E7082F31188BFF36F8F0A18D1
:10C270008A4216D177450CD1EFF31182202181F348
:10C280001288BFF36F8F1978597082F31188BFF34A
:10C290006F8F1B79241AA34222BF0122054B1A601B
:10C2A000F0BD5E197679013501F8016B05EA0C05E0
:10C2B000DEE700BF00900041DB432DE9F04713F0BB
:10C2C00001050E46144604D02248FFF7B1FFBDE831
:10C2D000F0879AB3EFF31188202383F31288BFF31A
:10C2E0006F8F0920E9F70AFE07460920E9F7F2FDFA
:10C2F00088F31188BFF36F8FDFF85CA04FF40079EB
:10C30000CAF80051DAF8003101232546DFF84C80E5
:10C31000CAF80030C8F88091DAF8003183B1FFF72D
:10C3200069FF031EC8F88091F6DB013DADB273557D
:10C33000002DF1D117B10920E9F7BEFD2046C6E76F
:10C34000EFF31180202383F31288BFF36F8F03F084
:10C350004DFAE1E7707F00210090004100E100E02C
:10C360002DE9F0410D461446114F07F1450814B967
:10C370002046BDE8F0814FF0FF334FF0FF323846E2
:10C3800001F0F0FC224629464046FFF751FF0646E1
:10C39000384601F0ADFC3EB94FF0FF324FF0FF33AD
:10C3A000044801F0DFFCE6E7A41BA4B23544DEE755
:10C3B000407F0021587F002138B50122194C1146D9
:10C3C000204603F069FF0122002104F1180003F068
:10C3D00063FF40F20743A4F848304FF070632363D3
:10C3E0000C23002584F834300F4B84F84550A4F812
:10C3F0004650D3F80425032142F00102C3F8042576
:10C40000C3F80051D3F8002101220920C3F8042306
:10C410001A602A46E9F780FD0920E9F74DFD284614
:10C4200038BD00BF407F00210090004110B5FFF7EC
:10C43000E1FE002820DB174BC0B293F8322093F8BE
:10C44000314093F83310141B31EA04040DD193F8F2
:10C45000472093F8464093F84810141B31EA04042F
:10C460000BD101220C4B5A600EE09C180132114096
:10C4700084F8350083F8321010BD9C180132114049
:10C4800084F84A0083F847100448BDE8104001F0E2
:10C490002FBC00BF407F002100900041587F002149
:10C4A000F0B51646426801F01F04107B87B044EADD
:10C4B00040141069002871D0B6F5001F02F1100574
:10C4C00006D12146284603F0A7FD002007B0F0BDA5
:10C4D0000027B6F5800F01A80197476039D1B3F165
:10C4E000007F14BF052304238DF804300023CDE919
:10C4F0000403039393680DF1030723FA01F111F08C
:10C5000001013DD1B6F1A07F3AD104F01F036209C9
:10C5100003F1800328D0012A46D1254A52F823305E
:10C52000DB072DD43A462146284601F0F1F8214B8D
:10C5300098421BD002972146284603AA00F0A0FF8C
:10C540001D4B98422DD101222146284601F038F991
:10C55000BBE7B3F1C06F05D0B3F1007F14BF012377
:10C560000223C1E70323BFE7144AD7E73946284629
:10C5700001F01EF9104B9842DCD06FF00B00A5E7DC
:10C580003A462146284601F0C3F80B4B9842D2D1D7
:10C5900028469DF8031001F003F9CCE76FF0850001
:10C5A00094E76FF0150091E751F82330FFDE00BFEC
:10C5B00000088C410400AD0B0000AD0B00058C4160
:10C5C0004209034670B502D0012A17D070BD0D4E46
:10C5D000326951680029F9D0012503F01F030C6866
:10C5E0009D400029F2D08A682A4002D030464B682C
:10C5F00098472CB1236821461C46F2E7024EE7E734
:10C600002346F8E7000B0201E00A020138B545684D
:10C610002B69B3B11035284601F0B8F8044680B94B
:10C620000146284601F08EF8084B98420BD122466D
:10C630002846074901F066F8224605210A20E9F755
:10C640006BFC002038BD6FF00400FBE70000AD0B71
:10C65000C1C501012DE9F04340F206354668D00618
:10C6600048BF0320337B02EA050558BFC2F34010E0
:10C6700087B001F01F07B5F5837F144647EA4317DB
:10C680008DF8030044D00FD8062D18D007D8B5B1C7
:10C69000022D3FD06FF0150007B0BDE8F083B5F56F
:10C6A000807FF7D101250AE040F20222954233D083
:10C6B000B5F5407F32D0B5F5007FEBD102250123DF
:10C6C000220303FA01F12BD573689960326972BBBA
:10C6D00007F01F037F0928D0012F75D13C4A02EBD8
:10C6E000830284F48033D2F80012C3F30043C4F30E
:10C6F000404444EA430421F4706144EA800421F098
:10C700000F0144EA05230B43C2F800320020C3E7BF
:10C710000725D4E70425D2E70525D0E70325CEE792
:10C72000630344BF7368D960D0E72A4AD7E710365D
:10C73000394630460DF1020200F0EAFF14F4403FA2
:10C7400080460CD13946304603F064FC224B9845B4
:10C75000DCD130469DF8021001F022F8D6E74FF008
:10C76000000901AB3946304603AACDE90439CDE9C9
:10C770000199CDF80C9000F083FE174B984289D1B7
:10C7800014F4003315D09DF8033084F48034C4F3DE
:10C7900000448DF80E3039464B46304603AA8DF8DA
:10C7A0000C508DF80D4000F02BFF0B4B9842CDD074
:10C7B00070E7CDE9043339460DF10303304603AA8F
:10C7C000039300F05DFEF0E7803352F82330FFDE84
:10C7D00000088C4100058C410000AD0B2DE9F04FA5
:10C7E0008C46002640F2FF1EDFF8E480DFF8E4907C
:10C7F000DFF8E4A0F3B29C4502D80020BDE8F08F3A
:10C8000050F82610C1F3C324082CC1F3080350D8F4
:10C81000090E734508BF4FF0FF3318F80440032991
:10C820004AD8DFE801F002083033C2F80C35591C51
:10C830002FD10136DEE7C2F814355D1CF9D0002592
:10C8400050F8261001F40047002F0EBFAB464FF002
:10C85000010B002503F01F075B0928D0012B31D104
:10C86000534603EB8707C1F341212402D7F8003276
:10C8700044EA81042C4303EA090344EA4B042343BA
:10C88000C7F80032D5E7C2F80835D0E7C2F810354E
:10C89000D3E7590909D0012911D10F4F012503F020
:10C8A0001F0105FA01F1B960CAE70C4FF6E70B4B1F
:10C8B000D7E76FF01500A1E76FF085009EE7002332
:10C8C0009B60FFDE0023803753F82730F9E700BF75
:10C8D000441A0201F0F0FCFF00088C4100058C4175
:10C8E0002DE9F04104460D46476803F089FD88B103
:10C8F0004FF02008EFF31186314688F31288BFF31A
:10C900006F8F606803F03AFA50BB86F31188BFF36B
:10C910006F8FEFE71F4B1B78002BE9D04FF02008FB
:10C920006426606803F02AFA70B9012003F0E2FA85
:10C93000013EF6D10021212003F001FEF0E786F34D
:10C940001188BFF36F8FF5E7EFF31186314688F357
:10C950001288BFF36F8F606803F010FA0028EED0E2
:10C96000FB6900201D706368FA691B68C3F84425E1
:10C970000122C3F84825C3F82001D3F82041C3F8A9
:10C980005801D3F858019A6081F31188BFF36F8F73
:10C99000BDE8F081DA800021F8B5054600220321C8
:10C9A0001320E9F7B9FA1320E9F786FA6C68012138
:10C9B000E06803F037FA6B6819682369C1F8243519
:10C9C000A27D637D207D1343228B02431343C1F874
:10C9D0006C356E68D6E9004313F001033CD02F6933
:10C9E00007F10C0000F00AFB2A4B98424ED1387B2D
:10C9F00004F10C0204F5907103F088FA387B0127EA
:10CA000007FA00F000F0F4FA0823C4F80035F369DF
:10CA1000C4F844350023C4F84835A760D4F8583129
:10CA2000002BFBD00021C4F800156D68E8682C6865
:10CA300003F0F8F90823C4F800352A7A52B92B6AB2
:10CA4000C4F834350123C4F83835C4F81021D4F8BB
:10CA5000102123600020F8BD0822C4F80025F269E7
:10CA6000C4F84425C4F848350123A360D4F8203124
:10CA7000002BFBD00023C4F82031D4F8203101234F
:10CA8000E3604FF48073C4F80433C7E76FF0040029
:10CA9000E1E700BF0000AD0B0123834070B5DC432C
:10CAA0000B4AD2E8EF1F01EA0405C2E8E65F002E58
:10CAB000F7D14FF4803282400648C0F80823BFF314
:10CAC0005F8FBFF36F8F0B4214BF0120002070BD3A
:10CAD000B07F00210060014170B40E4922F07F4612
:10CAE000D1E90034D01AC31844F10004C1E900347C
:10CAF000A6F50013B3F5400F09D2074B1B681A0ABD
:10CB00001B069C19054B42F10005C3E9004570BCAA
:10CB100001F088BF501E0021B47F0021581E002163
:10CB2000D9B101230D4A8340D2E8EFCF4CEA030C80
:10CB3000C2E8E1CF0029F7D14FF48033084A83409F
:10CB4000C2F80433074BD3E8AF3FC340DB0742BF13
:10CB50004FF48002044BC3F800217047B07F0021DE
:10CB600000600141AC7F002100E100E00D4B18683E
:10CB7000010A0006BFF35F8F0B4BD3F8043518187A
:10CB800041F10001B3F5801F0AD2084BD3E900231D
:10CB9000904271EB030303D210F1807041F1000168
:10CBA000704700BFB47F002100600141581E002182
:10CBB0002DE9F04F85B016461F4604469DF840A06B
:10CBC000FFF76AFF0190FFF7D1FFB04271EB070357
:10CBD00052D23B4B301A67EB0101984271F10001D0
:10CBE0004DD2384B03EB0413D3E902239F4208BF15
:10CBF000964258D04FF48038334908FA04F820465A
:10CC000026F07F4BC1F8488303F063F94FF0030926
:10CC1000584604F15005AD00ADB205F1824504F56A
:10CC2000A87305F5B0350293029A20F07F4341F8CE
:10CC30002230C1F84483D1F80435244AC01A03389D
:10CC400020F07F4090422ED9286868B1D1F8043591
:10CC5000A3EB0B0020F07F40B0F5000F039322D927
:10CC6000204603F036F9039BBAF1000F07D109EB18
:10CC7000030009F10109D7E7BAF1000F09D06FF0FD
:10CC8000150520460199FFF74BFF284605B0BDE882
:10CC9000F08F01230E4AA340D2E8EF0F1843C2E8F9
:10CCA000E10F0029F8D107490E982301C8500F9BC6
:10CCB00001EB04120025C2E902675360E1E700BFFF
:10CCC00001008000401E002100600141FDFF7F0047
:10CCD000AC7F00217FB500254FF0FF304FF0FF31D2
:10CCE000194C1A4B0226C4F80833C4F84833184BC1
:10CCF000C4F80855C3E902014FF480334FF48002B1
:10CD0000C4F80433134B0321C4F804631620C3F89A
:10CD100080212A46E9F700F91620E9F7CDF801232A
:10CD20000D4AA360236013600C4B0D4A0093284604
:10CD30000023CDE90155FFF73BFF3046FFF7E0F94F
:10CD4000284604B070BD00BF0060014103000F0021
:10CD5000401E002100E100E0B07F0021D9CA01019E
:10CD6000FFFF7F002DE9F74302F017FE2E4BD3F8AB
:10CD7000042390070BD5D3F8042142B10022C3F855
:10CD800004212A4AD3F80431136801331360264A78
:10CD9000D2F80433D90326D5254BD3E8EF1F21F071
:10CDA0000100C3E8E40F002CF7D1CB0702D4D2F87E
:10CDB0004031C3B100251C4CC4F84051D4F8403177
:10CDC000FFF7D4FEEFF31182202383F31288BFF321
:10CDD0006F8F184BD3E90267B042B94106D282F394
:10CDE0001188BFF36F8F03B0BDE8F0834FF0FF38B9
:10CDF000D3E900104FF0FF391D60C3E902894FF4F9
:10CE00008033C4F84833C4F84051D4F8403182F339
:10CE10001188BFF36F8F0029E5D0009032463B4662
:10CE200028468847DFE700BF00600141B47F00214A
:10CE3000AC7F0021401E002130B5431C124C85B050
:10CE400005D08442A8BF0446012CB8BF0124FFF7D7
:10CE50008DFE0E4B0C4DD3E90013401AB0F5000FB8
:10CE60000FD22218AA4228BF2A4600205218084989
:10CE7000CDE90100009143F10003FFF799FE05B0F1
:10CE800030BD2A46F1E700BFFFFF7F00501E0021A2
:10CE9000D9CA010108B5FFF769FE024B1B68C01A29
:10CEA00008BD00BF501E00210022D30003F1FF7314
:10CEB00003F58033D3F80013013107D0D3F8001302
:10CEC0000132D3F80433202A0B60EED1224BD3E990
:10CED0004C32072B26D1023A032A204B28D9D3F80B
:10CEE0000024D10732D41C4BD3F83021072A19D1A2
:10CEF000D3F83431023B032B02D8194AD35C8BB1EF
:10CF00007F23184A1849C2F818310023C1F8043E9B
:10CF1000C1F8083EC2F82431C2F82C3102F57F2254
:10CF2000C2F81031114B1A68114BC3F844257047F1
:10CF300010498A5C002AD2D0D3F80024D207CED57B
:10CF40000022C3F81421C3F81821C8E76FF00102CA
:10CF5000C3F80024C7E700BF0000FF0100500041F4
:10CF60005B1A020100200041000008410080FF011F
:10CF7000006000415F1A020130B50468ACB1B4FA38
:10CF800084F30122C3F11F03DBB29A4024EA0202B8
:10CF9000D0E8EF5FA54204D1C0E8EC2FBCF1000F50
:10CFA000F6D1EAD102480B7030BD0248FCE700BF61
:10CFB0000000AD0B0200AD0B10B50368CB40DB07E2
:10CFC00010D401238B40026843EA0201D0E8EF4FFE
:10CFD000944204D1C0E8EC1FBCF1000FF6D1F2D1AD
:10CFE000014810BD0148FCE70000AD0B0400AD0B8B
:10CFF000014BC3F80405704700F0004101460148A9
:10D0000000F01CB9F0020021F7B5064618B301285C
:10D010001FD104224FF48073014629480025C0F82F
:10D020000813012142F2107402F1824203F182439B
:10D0300003F5A04302F5A04211601D608E421B68FB
:10D040001F4F8DF8071008BF0DF1070546B1012EDF
:10D0500023D003B0F0BD0C224FF482730221DCE731
:10D06000D7F8183403F480333DB9002BF1D00120F8
:10D0700002F040FF013CF3D1EBE7D7F8182402F0AF
:10D0800003022A70002BE4D09DF807000128E0D1AC
:10D0900002F030FF013CD9D1DBE7D7F80C3403F4C0
:10D0A00080333DB9002BD4D0012002F023FF013C96
:10D0B000F3D1CEE7D7F80C2402F00102E1E700BF7C
:10D0C00000500041044B1A7922B9012218601A71EC
:10D0D0000248704702487047B87F00210000AD0B3E
:10D0E0000C00AD0B08B5084B1B6833B10520E8F701
:10D0F00005FF10B90520E8F7DFFE0122034BC3F856
:10D100001825C3F8142508BDB87F00210050004140
:10D1100010B510B1012848D010BD294BD3F8181410
:10D12000D3F81824C90324D502F00303022B05D039
:10D13000012B02D00020FFF767FF0123204A0220C5
:10D14000C2F8183508224FF48273002103F182439C
:10D1500003F5A04319601C68012402F1824202F524
:10D16000A0421460174A12681AB3154BC3F804039F
:10D17000D2E7D3F81424D207DFD5D3F81C2402F069
:10D180000302013A012AD5D80E4A12681AB10222C6
:10D19000C3F80423C0E7D3F80421002AFBD00022FF
:10D1A000C3F80421D3F80431B6E700224FF48073AA
:10D1B000CBE71A68002AFCD019601B68ACE700BFF7
:10D1C00000500041B87F0021F8B50126194C1A4FD4
:10D1D000D4F8045305B9F8BDB5FA85F0C0F11F00C5
:10D1E000830003F580739BB203F1824303F5A043F0
:10D1F00006FA00F21968D2B225EA02050029E9D040
:10D200000021022A19601B68C4F808230DD1D4F844
:10D210001834D4F8183403F00303012B05D1C4F8F3
:10D220001825C4F80423A360D4E73B68C0B298472C
:10D23000D0E700BF00500041B87F00210079024BC9
:10D2400003EB0010FFF798BEF8020021036803F01B
:10D250001F025B09026004D0012B034818BF0020A5
:10D2600070470248704700BF00088C4100058C41A0
:10D27000034A4309D35C00F01F001844C0B2704752
:10D28000631A020170B50546FFF7F2FF0C4C083037
:10D2900034F810300E46DA0508D5C3F3432304EB07
:10D2A000C302284654F8333052689847A3682BB11C
:10D2B00031462846E268BDE87040184770BD00BF9F
:10D2C000C07F002108B5FFF7D3FF034B083033F8C8
:10D2D0001000400B08BD00BFC07F002108B5FFF75C
:10D2E000C7FF034B083033F81000C0F3400008BDFF
:10D2F000C07F002108B5FFF7BBFF034B083033F8B0
:10D300001000C0F3401008BDC07F0021034611F09B
:10D31000010010B5CCB20BD1A207C4F340000DD56B
:10D32000074A106A58601062003818BF012005E0F3
:10D3300004490A6A1A600A62002AEDD010BD00BFD3
:10D3400000088C4100058C4110B5FFF791FF124A8F
:10D35000083032F81030D9051CD5C3F3432123F42B
:10D36000F85322F81030002002F10E0434F8023F86
:10D3700013F4807F03D0C3F3432399420AD00130D2
:10D380003028F3D1002342F831300448BDE8104082
:10D39000FFF712BE10BD00BFC07F00213880002102
:10D3A000F0B5044600200125064601F1825101F541
:10D3B0002151104A89008A420BD10F4BD3F87C21AE
:10D3C00032B10022C3F87C21D3F87C3140F0004018
:10D3D000F0BD02F13F43A3F521439B0805FA03F397
:10D3E0001C4204D0176817B116601768184304323E
:10D3F000E1E700BF00A1004100A00041F7B50646EB
:10D400000846FFF735FF1A4F00F1080537F81530C9
:10D410000C46DB0729D5304602F0D9FD2046FFF740
:10D4200069FF50B12046FFF74DFF0023316801EB43
:10D430008000C0F81035C0F810352046FFF784FF93
:10D44000002301A827F815300194FFF7FFFE019B88
:10D4500000EB8300D0F80022064B134043F0020398
:10D46000C0F80032044803B0F0BD0448FBE700BF39
:10D47000C07F0021F0F0FCFF0000AD0B0400AD0BFD
:10D480002DE9F0431646804685B00846FFF7F0FECA
:10D490000C463168054609B32046FFF71FFF18B157
:10D4A0002046FFF727FF10BB00230DF10F02CDE947
:10D4B00000338DF80E308DF80F3020460B460DF1FD
:10D4C0000E0102F02CFD4A4A05F1080132F8113034
:10D4D00023F0020343F0010322F8113073687BB399
:10D4E00020461F785968FFF7F9FE10B1E9B14148AD
:10D4F00029E03F4A05F1080032F8103023F02003FC
:10D50000DB04DB0C22F8103079B1032FEFD87168FF
:10D51000496891F800C0D8F800104FEA8C094944D6
:10D52000A7B9C1F81075C1F81075314A05F10801A5
:10D5300032F8113023F01C0343EA870322F811303C
:10D54000B3685BBB2C4805B0BDE8F083D1F810E5AB
:10D5500043EA4C332EF0030EC1F810E5D8F8001062
:10D5600043F0200301EB090EDEF8101522F810300D
:10D5700021F44F3121F44071CEF810152102DEF86C
:10D58000108501F47C5141EA074141EA0801CEF8D7
:10D59000101502EB4C01A1F87C40C6E72046D3E908
:10D5A0000067FFF7D1FE002ECCD0114CD4E9002348
:10D5B000964203D19F4201D1002209E00F480DF1AC
:10D5C0000F01FFF7D9FC0C4B9842BCD19DF80F20FE
:10D5D00004EBC20308355F6034F8153044F832605C
:10D5E00043EA422343F4807324F81530AAE700BFCE
:10D5F000C07F00210400AD0B0000AD0B388000217E
:10D600002DE9F0430C46804685B0204611461E4663
:10D61000FFF72EFE054629B32046FFF75FFE18B937
:10D620002046FFF767FE18BB334F05F1080937F8AE
:10D63000193013F01C0F02D04B78012B18D00123A6
:10D640008DF80F3000234A1CCDE9001320468B1CB7
:10D650000DF10F0102F063FC37F8193043F00303BA
:10D6600027F81930002E44D02046FFF737FE18B9AE
:10D67000224805B0BDE8F083002296F800C0D8F833
:10D6800000301D4F03EB8C03C3F81025C3F81025A1
:10D6900005F1080237F812104FEA8C0E21F0200134
:10D6A000C904C90C27F81210757815B3D8F8000012
:10D6B000B6787044D0F810352D0423F4991323F470
:10D6C000F853C0F81035230203F47C5305F44035B9
:10D6D0003605D0F810E52B4306F48016334341EAB3
:10D6E0004C3143EA0E0341F02001C0F8103527F811
:10D6F00012100348BDE700BFC07F00210400AD0B3E
:10D700000000AD0B014BC3E902127047C07F00213E
:10D7100010B508461446FFF7EDFD50B10846FFF777
:10D72000A7FD054B083033F8103004485B0B23701D
:10D7300010BD0348FCE700BFC07F00210000AD0B17
:10D740000400AD0B70B50E4C064694F88C50A5B98C
:10D750006022294604F1100003F001F93068C0F896
:10D760007C51D0F87C3140F30730E8F7A5FB01236A
:10D77000044884F88C30A36770BD0348FCE700BF01
:10D78000C07F00210000AD0B0C00AD0B034B93F8E4
:10D790008C00003818BF0120704700BFC07F0021F7
:10D7A0000079024B03EB8000FFF706BC0803002161
:10D7B0000079024B03EB8000FFF7DEBB080300217A
:10D7C000F7B5054608461746FFF794FD0C4629684D
:10D7D000E0B12046FFF782FD0646B8B92046FFF7C4
:10D7E00071FD820002F58073CE50CB582B68134434
:10D7F000D3F8102542F00102C3F8102527B1012308
:10D800002A688340C2F8043303B0F0BDD1F8043372
:10D810002046002BA4BF4FF00043C1F80433FFF7AC
:10D8200027FD0F4B083033F81030C3F38203042B6D
:10D8300011D0052B11D001A80194FFF707FD019A23
:10D840000369D34003F00103991C204603B0BDE8EF
:10D85000F04002F0ADBB0321F7E70221F5E700BF7E
:10D86000C07F00212DE9F04F634B0821D3F804035A
:10D8700087B0C0B240F00040FFF792FD051E2BDAE2
:10D880000023032104A8CDE90433FFF73FFD4FF047
:10D8900000094FF0010BDFF864A10DF110081AF830
:10D8A000013B5749DA088A5C03F0070322FA03F3C5
:10D8B000DA071CD408F10408B9F1000F14D00021D4
:10D8C0004FF00040FFF76CFD032104A8FFF71EFD99
:10D8D0000028DCD125F000450124474E494F002D9A
:10D8E00075D107B0BDE8F08F4FF00109D7E7464B7F
:10D8F0004B440093D8F800100029DBD091FAA1F135
:10D90000B1FA81F1009B1C7841EA44142046FFF7EC
:10D91000AFFC3C4B083033F81070C80818F80020F2
:10D9200001F007010BFA01F122EA0102BB0808F835
:10D93000002003A801930394FFF788FC039A019B3E
:10D94000803250F82220C7F382065B073746C2F3C5
:10D95000014221D520463946D6B2FFF793FC03A8F1
:10D960000394FFF773FC039B803350F82330C3F319
:10D9700001439E4207D10021204602F019FB3146A7
:10D98000204602F015FB03A80394FFF75FFC039BFE
:10D990000BFA03F30362ADE7022A0CD10321204600
:10D9A00002F006FB06F00503012BECD139462046B8
:10D9B000FFF768FCE7E702212046019202F0F8FA3F
:10D9C000032EF3D0019A032ADDD1022EEDE795FA5A
:10D9D000A5F3B3FA83F304FA03F225EA020503F58B
:10D9E000A27256F8221007EB4303B3F87C00C1F390
:10D9F0000141FFF747FC72E700A00041731A0201E2
:10DA000040150201C07F0021731A020138B5EFF3FF
:10DA10001185202383F31288BFF36F8F064B9C6818
:10DA200002F02BFB85F31188BFF36F8F2046BDE812
:10DA30003840E8F7E9B900BF5080002138B50A4BFB
:10DA400053F82040013053F82050A54200D838BD8B
:10DA5000606830B1037FDB0701D402F0E3FA0834D9
:10DA6000F3E723689847FAE744150201012270B5ED
:10DA70002A4B032086B01A70FFF7E0FFE8F7B4FEE8
:10DA800001F024F90420FFF7D9FF254C254D264647
:10DA9000AE4204F1300410D300F0D4FC204C224EEE
:10DAA000AC4226D300F0E2FCE7F79CFD1F4A137B53
:10DAB00023F00103137306B070BD54F80C3C0593BA
:10DAC00054F8103C049354F8143C039354F8183C55
:10DAD000029354F81C3C019354F8203C009354E901
:10DAE0000A2354E90C0100F015FB54F8303C5E6544
:10DAF000CDE7D4E90A23B3F1FF3F08BFB2F1FF3FFE
:10DB000005D052EA0301206803D100F06BFD3034E8
:10DB1000C6E73146183000F0F5FEF8E7DA8000215C
:10DB2000700C0201700C020101050201E01E0021CF
:10DB30000023012270B586B0CDE904230F220193A2
:10DB4000CDE9023214230F4D0F4E03FB00550F4950
:10DB500006EBC016044601EB00214FF480723046FC
:10DB60000B4B009500F0D6FA737B2C7423F0040362
:10DB70007373084B013403EBC423EE606B6006B093
:10DB800070BD00BF50800021601E00216090002108
:10DB9000C900020160880021BFB50020FFF74EFFD9
:10DBA000294B03F5006282F3088883F30A88002476
:10DBB000E023264D264F85F82230EC772C766C76C4
:10DBC000AC7685F820406B6A43F4E0236B6285F8FD
:10DBD0002340E8F7E3F8E8F7FFF94FF0FF33AB62D3
:10DBE000EB62E8F785FBE8F71BFA1A4800F0FCFA4D
:10DBF000E8F7F2FD0120FFF721FF0220164DFFF7A5
:10DC00001DFF00F067FC154B15495D61154B4FF486
:10DC10008062059301232846CDE90343CDE9014401
:10DC20003B46009400F076FA06466A7B284622F0CE
:10DC300004026A7302F027FC2046FFF779FF3A4698
:10DC400031462846E8F7A8F96088002100ED00E099
:10DC50006DDA0101601F0021E01E002150800021CB
:10DC600060910021751A020138B5064C064DAC4290
:10DC700001D3002038BD2046D4E9011202F000FA99
:10DC80001434F4E72C0300212C03002137B511468E
:10DC9000EFF31185202282F31288BFF36F8F04689F
:10DCA0009CB12368426823F003039442036008BFD9
:10DCB00043600121204602F090FA044685F3118862
:10DCC000BFF36F8F204603B030BD51EA0302F5D099
:10DCD00000F10802CDE900131046294600F06AFB66
:10DCE0000028EFD1014B9B681C69EBE750800021B5
:10DCF00070B5EFF31186202383F31288BFF36F8F83
:10DD00000468A0421AD0CCB1D4E9003200251360D7
:10DD10005A60637BC4E9005523F002036373A56076
:10DD200004F1180002F065FC2046E56702F0ABFB49
:10DD30003146BDE870400A4800F05EBBD0E90232CF
:10DD40009A4218BF013302218360103002F0B5FD02
:10DD50000028EDD186F31188BFF36F8F70BD00BF2F
:10DD6000DB80002113B5EFF31181202484F31288A6
:10DD7000BFF36F8F846844B1013C846081F31188E4
:10DD8000BFF36F8F002002B010BD52EA030406D12A
:10DD900081F31188BFF36F8F6FF00F00F3E7CDE9C8
:10DDA00000230246014800F005FBECE7DB80002180
:10DDB0002DE9F8430546EFF31188202383F31288F9
:10DDC000BFF36F8F00266FF00A0937462C68A54213
:10DDD00016D0ACB1D4E9003213605A60637BC4E959
:10DDE000007723F002036373A76004F1180002F0C8
:10DDF00000FC2046C4F87C9002F045FB0126E5E7D4
:10DE000000230221AB6005F1100002F056FD30B98D
:10DE10002EB988F31188BFF36F8FBDE8F8834146B0
:10DE2000BDE8F843014800F0E7BA00BFDB800021FD
:10DE30002DE9FF41044620274E4EEFF3118887F36A
:10DE40001288BFF36F8FD4F88450F5B9022104F122
:10DE50009C0002F031FA002868D004F194050022F9
:10DE60000121284602F08CFB0028F8D100234FF056
:10DE7000FF3202934FF0FF334146CDE900233E4885
:10DE800004F18C0200F078FCD7E7D4F888202B68E6
:10DE90009542C4F8843008BFC4F88830D4F89C3068
:10DEA00043F00203C4F89C30EB6823F0040343F012
:10DEB0000103EB606B6888F31188BFF36F8F28460E
:10DEC0009847EFF3118887F31288BFF36F8FEB68E1
:10DED000D80623F0010236D4EA60EB689A0716D51B
:10DEE000306823F00203EB6088B10021036870B151
:10DEF0004268954235D1036869BB726833608242DB
:10DF000000D17360002340F8083BFFF7F1FED4F81E
:10DF10009C3023F00203C4F89C3088F31188BFF3CF
:10DF20006F8FDB0589D400F0DDFA86E7D4F89C30EA
:10DF3000D9069BD5C4F89C0088F31188BFF36F8F76
:10DF400004B0BDE8F08123F01103EB6005F110008F
:10DF5000FFF7CEFEC1E70B607368834208BF7160B4
:10DF6000D0E723B11A68014618461346BFE71A46A0
:10DF7000F9E700BF70800021DB800021F8B5C3689D
:10DF800004469A070F46C3F340062ED45B071CD401
:10DF90000B680BB983680B60E368DD0742BFA368B9
:10DFA00002263B603D6858BF0126002D3CD0204B27
:10DFB0009A68D5F880309A420AD0D5F89C30D807B4
:10DFC000C3F3800214D46FF0120600233B6025E0F7
:10DFD00002F016FAD5F89C300028F0D1D907C3F327
:10DFE000C002F0D552B15B0708D46FF00F06ECE722
:10DFF000002AFAD1C3F3C003002BF6D1002323601B
:10E00000D5F8883063B9C5E92144284602F06EF995
:10E01000E36843F00403E3603B68A3603046F8BD67
:10E020001C60C5F88840F0E76FF01506CDE700BF2B
:10E0300050800021F0B50446002089B0C4E92100D9
:10E040000E9D04F18C00C4E9230004F19400C4E99E
:10E05000250055B32879002840F2011008BF01209F
:10E06000C4F89C0000204FF0FF364FF0FF37CDE999
:10E070000330CDE90100CDE9066720460C4B009442
:10E0800000F086F855B1296811B1204602F0BEF9BA
:10E090006B791BB1237B43F001032373204600F00F
:10E0A000A1FAC4F8804009B0F0BD0120D8E700BF54
:10E0B00031DE010137B501900846EFF311842021CC
:10E0C00081F31288BFF36F8FC16811F01E0F16D154
:10E0D00053EA020508D101A9FFF750FF84F3118824
:10E0E000BFF36F8F03B030BD41F00801C1600199EB
:10E0F00010308161034900F005FC0120EEE70020AB
:10E10000ECE700BF6103020101460148FFF7D2BFFF
:10E11000002000212DE9F043984685B000F1580316
:10E12000C0E91633109B002603730423073222F044
:10E13000070543730F9B01EB05090F46837349469F
:10E14000C0E906668660C6730446E7F733FC0E9B9B
:10E15000073020F00700E066C4E9197502930D9BB3
:10E16000A9EB000901930C9B4A46009339464346AC
:10E170002046E7F7F5FE054B66659B6803B11B6F0C
:10E180004846236705B0BDE8F08300BF50800021FA
:10E19000F0B5002587B00595109DDDE91276049550
:10E1A0000F9D044603950E9D02950D9D01950C9DB6
:10E1B0000095FFF7AFFFB6F1FF3F08BFB7F1FF3F94
:10E1C00005D056EA070305D1204600F00BFA204699
:10E1D00007B0F0BD3A46334604F11800014900F09B
:10E1E00091FBF4E70105020140F201138381002352
:10E1F000C0E919330367014B9860704750800021D4
:10E200006FF00A01084A9368D967084998674B6814
:10E2100043F080534B60002383F31188BFF36F8F6B
:10E220009368D86F704700BF5080002100ED00E078
:10E2300070B590F90D20437B002A36DBD90634D126
:10E240001B4C63F07F032246437352F8183FE16989
:10E25000934207D1C0E900210860E06111E09942D2
:10E26000F8D01B68002BF5D090F90E5093F90E6092
:10E27000B542F4D0AE42F2DD5968C0E90031086021
:10E280005860A569954200D005B9E568A3685A7B36
:10E29000D20604D1DA897F2A01D9AA6932B1AB4208
:10E2A00002D0284600F0A8FA656170BD6361FCE702
:10E2B0005080002138B590F90D200146002A437B9B
:10E2C00004DA03F07F03437302F0A3F80D4D2A46EE
:10E2D00052F8184FAB68944200D004B9EC688B42F6
:10E2E00007D05A7BD20604D1DA897F2A01D9A269E4
:10E2F0002AB1A34202D0204600F07EFA23466B6189
:10E3000038BD00BF50800021B3F1FF3F08BFB2F11C
:10E31000FF3F03D00249183000F0F4BA704700BF45
:10E320000105020170B590F90D200146002A437BDA
:10E3300004DA03F07F03437302F06BF81C4C4B7B51
:10E34000224663F07F034B7352F8183FE069934213
:10E3500007D1C1E900200160E16111E09842F8D0E5
:10E360001B68002BF5D091F90E5093F90E60B54261
:10E37000F4D0AE42F2DD5868C1E900300160596066
:10E38000A569A368954200D005B9E5688B4207D01E
:10E390005A7BD20604D1DA897F2A01D9AA692AB127
:10E3A000AB4202D0284600F027FA2B46636170BDCD
:10E3B00050800021F8B5DDE906670D4B0C469868E2
:10E3C00011460C4A1060EFF31182202282F312886A
:10E3D000BFF36F8F9D68284602F02DF8284632461D
:10E3E0003B46FFF791FF2046BDE8F840FFF708BF26
:10E3F000508000217880002149B9EFF3058030B9C1
:10E40000054B5A699B689A4201D0FFF7F9BE81F328
:10E410001188BFF36F8F704750800021034648B9C1
:10E42000EFF3058232B9064A51699268914201D0F0
:10E43000FFF7E6BE83F31188BFF36F8F704700BF0D
:10E4400050800021EFF31181202383F31288BFF362
:10E450006F8F054B9A68D37B013BD37381F311888F
:10E46000BFF36F8F704700BF5080002170B5EFF38E
:10E470001186202383F31288BFF36F8F144DAB688E
:10E48000DA7B0132DA732A4652F8184F944200D0F0
:10E4900004B9EC685A7BD20604D1DA897F2A01D903
:10E4A000A2692AB1A34202D0204600F0A5F9234672
:10E4B0006B6186F31188BFF36F8FEFF31180202318
:10E4C00083F31288BFF36F8FBDE87040FFF7A6BFDC
:10E4D00050800021024B03F11802C3E90622704765
:10E4E0005080002170B5EFF31186202383F312884A
:10E4F000BFF36F8F1B4CA168E0690B68814214BFAA
:10E500001A46002249680B605960A368E1692AB97C
:10E51000154AC3E900210B60E3610CE093F90E009A
:10E5200092F90E50A84218D0854216DD5168C3E911
:10E5300000210B605360A5690B4B9D4200D005B9CB
:10E54000E568A3689D4202D0284600F055F9656150
:10E550003046BDE87040FFF753BE8A42D8D01268FB
:10E56000D5E700BF5080002168800021F8B550EA4F
:10E57000010306460C4603D1FFF7B4FF0020F8BDA7
:10E58000EFF31187202383F31288BFF36F8F124DAF
:10E59000124BA8681860FFF78DFEA8682346324624
:10E5A0000F49183000F0AEF9AA680446537B38468C
:10E5B00043F004035373FFF723FEAB68D3E90A2348
:10E5C000B3F1004F08BF002AD8D102F03AF8201A60
:10E5D00020EAE070D3E700BF50800021788000215E
:10E5E0000105020138B50446EFF31185202383F3BA
:10E5F0001288BFF36F8F437B5B070FD5183001F094
:10E60000F8FF637B204623F004036373FFF710FEDB
:10E610002946BDE838400448FFF7EEBE85F311886F
:10E62000BFF36F8F38BD00BFDB800021014B9868BE
:10E63000704700BF508000212DE9F8430446077B56
:10E64000EFF31185202383F31288BFF36F8F437B91
:10E65000190705D585F31188BFF36F8FBDE8F883DF
:10E66000D90943F008025DD14273A36813B1204673
:10E6700001F0D7FE04F1180001F0BBFFA66D04F114
:10E680005808B04511D04FF0000976B1304601F07E
:10E69000C8FE06F1180001F0ACFF3046C6F87C90C9
:10E6A000FFF7C6FDA66DB045EFD1DFF8C080D8F802
:10E6B00008309C423ED1EFF30589B9F1000918BF3B
:10E6C0004FF00109D8F81860294A964200D00EB9D7
:10E6D000D8F80C60B34202D0304600F08DF82046E6
:10E6E000C8F8146001F05DF8B9F1000F02D02148BC
:10E6F000FFF77AFDD8F808309C4231D1EFF305835B
:10E7000073BB227BD20718D42846FFF779FDFB079D
:10E71000A4D5002383F31188BFF36F8F0423184619
:10E7200002DF9BE703F07F0343F00803437301F02C
:10E7300070FE9AE74FF00009C4E785F31188BFF334
:10E740006F8F83F31188BFF36F8F0423184602DFA6
:10E75000EFF31180202383F31288BFF36F8FD4E788
:10E7600085F31188BFF36F8FD1E700BF5080002180
:10E7700068800021601F0021D3B5DDE90667089C91
:10E78000CDE90067FFF716FE1CB1034B9B681B69C0
:10E79000236002B0D0BD00BF508000210122044B95
:10E7A000C01A044BC0105843034B1A54704700BFA3
:10E7B000E01F0021ABAAAAAADB800021C3897F2B1E
:10E7C00012D80A4B1B6863B1094B90F90E201B68E5
:10E7D0009A4209DB437BDB0606D1064BC31A18BFFE
:10E7E000012303F0010070470023FAE70C03002126
:10E7F0007C800021601E002170B50E4B0E4C1E7CEB
:10E80000182303FB06440546204601F0F2FE0022D1
:10E810000A4B28469A55FFF7D1FF48B1084B2046CE
:10E82000BDE870401A680749013AD31700F06AB88A
:10E8300070BD00BF50800021E01F0021DB8000215F
:10E840000C0300219DE7010138B5EFF3118520236A
:10E8500083F31288BFF36F8F104B114A9C681068C6
:10E86000A04206D1FFF7C8FF85F31188BFF36F8F71
:10E8700038BD00211B7C11600A4AD35C002BF3D009
:10E880002046FFF79BFF0028EED0637BDB0602D11A
:10E890002046FFF747FD2046E4E700BF50800021F7
:10E8A00078800021DB800021024B1868984208BF65
:10E8B0000020704710030021034B1B680BB9FEF7C3
:10E8C000E9BA0020704700BF8080002130B570B1E8
:10E8D0000B4B5B6898420AD0036843B1D3E904212B
:10E8E000D0E90445121941EB0501C3E90421D0E93F
:10E8F000003213605A600023C0E9003330BD00BF0E
:10E9000010030021B3F1FF3F08BFB2F1FF3F2DE933
:10E91000F84F0446994615461F467AD08160EFF3BA
:10E920001188202383F31288BFF36F8FB9F1000F92
:10E93000DFF8E4A020DBFFF7BFFFDAE900270135AD
:10E9400049F100092D1849EBE07306464FF0010923
:10E95000C4E90453AD1843EB0707FFF7A5FF0346CF
:10E96000DFF8B8E0DEF804A0EBB9C4E900EACAF8C1
:10E970000040CEF8044028E06FF00103DAE900120D
:10E980005B1A4FF0FF3161EB02025B1B62EB090285
:10E99000012B72F10001BCBF012300224FF00009DE
:10E9A000C0E90432D9E7D3E9041CD4E904208A423F
:10E9B00070EB0C0B24DA891A5A686CEB0000C3E97F
:10E9C0000410C4E9003214605C60FFF76DFF8442FC
:10E9D0000ED1134B1B685BB9B9F1000F02D1FFF7E1
:10E9E0006BFF0646304601F0EDFD0021FEF724FAEC
:10E9F00088F31188BFF36F8F28463946BDE8F88F3A
:10EA0000521A60EB0C009A45C4E90420ADD01B6893
:10EA1000AAE700252F46EFE7F81F00211003002189
:10EA2000808000212DE9F047EFF31185202383F347
:10EA30001288BFF36F8FDFF8A0900026C9F800009E
:10EA40000027FFF731FFDFF89480D9F80030D8E9CC
:10EA500000ECD91750B1D0E90442A34271EB020A8D
:10EA60001BDAE41A62EB0102C0E90442002413EB52
:10EA70000E034CEB01012046C8E90031C9F8004003
:10EA800001F0A0FD2146FEF7D7F985F31188BFF309
:10EA90006F8FBDE8F047FFF7D7BE14EB0E024CEBCB
:10EAA000E473C0E90467C8E90023FFF70FFF85F3AB
:10EAB0001188BFF36F8F83689847EFF31185202388
:10EAC00083F31288BFF36F8FD9F800301B1BC9F88E
:10EAD0000030FFF7E9FEB8E780800021F81F002131
:10EAE00010B5EFF31184202383F31288BFF36F8FE7
:10EAF000FFF7E2FE0346054AD2E90001181841EB90
:10EB0000E37184F31188BFF36F8F10BDF81F0021EC
:10EB10001423F0B50024202703FB0100134E01B994
:10EB2000F0BD10F8073CA0F1140C03F03F03102BCC
:10EB300040F80C4C0CD826FA03F3DB0708D550F844
:10EB4000143C2BB150F8105C2B605D6040E905442B
:10EB500082F31188BFF36F8FEFF3118287F312886E
:10EB6000BFF36F8F60460139D9E700BF160101007E
:10EB70002DE9F74F1D46274B16469F68012387F85E
:10EB8000603087F8613052EA05030CBF012300238F
:10EB900007F16002804601F0CAFD8146EFF3118B58
:10EBA0004FF0200A8AF31288BFF36F8F97F8604006
:10EBB0004CB901465A464046FFF7AAFF8BF311882D
:10EBC000BFF36F8F0BE0002387F8603056EA050330
:10EBD00009D18BF31188BFF36F8F6FF00A042046C1
:10EBE00003B0BDE8F08F5946CDE900650A4A0B48ED
:10EBF000FFF7E0FB0446EFF311858AF31288BFF3B9
:10EC00006F8F2A4649464046FFF782FF85F31188F9
:10EC1000D6E700BF5080002118030021DC800021CE
:10EC200038B50346EFF31185202282F31288BFF333
:10EC30006F8FC160012181600068834206D185F336
:10EC40001188BFF36F8F0024204638BDD0E9003211
:10EC500013605A600023C0E9003301F0EBFD294640
:10EC600004460248FFF7C8FBEEE700BFDC80002146
:10EC7000F8B507460C46164601F0C2FB08B1002065
:10EC8000F8BD0D4B9B681D6F002DF8D0221DF6D2EC
:10EC9000EFF31184202383F31288BFF36F8F28468C
:10ECA00047F00401B04784F31188BFF36F8F002849
:10ECB000E5D040F8045BE3E7508000210146024ABA
:10ECC0000020FFF7D5BF00BF25F40101014800F087
:10ECD000EBBB00BF7A1A020107B5074B4FF4007275
:10ECE000009306494FF0FF330548FFF7A3F90020D2
:10ECF00003B05DF804FB00BF5C15020160950021C4
:10ED0000002000212DE9F04F43688DB01546804664
:10ED1000029383789A0740F10D8100240E78002E2B
:10ED200000F00A81252E0BD04B1C03930134414681
:10ED30003046029B98470028C0F2F6800399EDE721
:10ED40004E788B1C252E0393F0D00027B946BB4686
:10ED5000BBF11F0F38D8A6F12003102B0AD8DFE82B
:10ED600003F02A0909300909092109090928092D8F
:10ED700009091F00A6F13003092B33D92A2E37D1F8
:10ED80001BF0400F55F8043B40F08280002BA7BFDA
:10ED90004BF0200B9946C3F100094BF0280B01E022
:10EDA0004BF0010B039B13F8016B0393002ECFD1A3
:10EDB00030E04BF0020B4BF0040BF3E74BF0080B89
:10EDC000F0E74BF0100BEDE7BBF17F0F19D8A6F180
:10EDD0003003092BD2D81BF0400F03D00A2101FBCE
:10EDE0000737DFE70A214BF0200B01FB0939D9E790
:10EDF0002E2E06D11BF0400F40F09E804BF0400BB2
:10EE0000D0E76C2E31D02BD8682E36D06A2E3CD06D
:10EE10004C2E3AD0002F46F02003B8BF2BF0400212
:10EE2000A3F16501BCBF00271FFA82FB022901D9AB
:10EE3000612B2FD107350727DFF8ACA225F0070596
:10EE400008351BF0080F66D00AEB070B56465E45E7
:10EE500063D1A4EB0A0AA9EB070906EB0A026FE1EA
:10EE6000742E9FD07A2E9DD0D4E71BF0800F18BF50
:10EE70004BF4007B4BF0800B94E71BF4807F18BFB2
:10EE80004BF4007B4BF4807B8CE74BF4207B89E7D1
:10EE90001F4687E7A6F16301122900F2F080DFE840
:10EEA00011F013004F00EE00EE00EE00EE004F00F8
:10EEB000EE00EE00EE00EE00EE00FE00E900EE00D7
:10EEC000EE001B00EE00AF0055F8043B01270DF1EA
:10EED000180A8DF81830B4E755F804AB834BBAF133
:10EEE000000F08BF9A461BF0400F504614BF39462A
:10EEF0004FF0FF3101F04BFD0746A2E741462020CD
:10EF0000029B984700280FDB013EB742F6D34C44E2
:10EF1000B146A41B98E74E46F7E7414616F8010BA9
:10EF2000029B9847002892DA98F8023043F00403D5
:10EF300088F802304FF0FF3420460DB0BDE8F08F66
:10EF40001BF0800F34D01BF4007F2CD0073525F048
:10EF50000705AA4669685AF8080B2BF01005002926
:10EF6000ADB237DA404245F4806561EB41010DF105
:10EF7000180B0A235A4601F016FDA0EB0B03019370
:10EF80006B0662D5019B25F001019F4289B240F3D7
:10EF9000A180002E00F0998015F0100240F09C80B6
:10EFA000BB460D4623E0AA465AF8040BC117D4E726
:10EFB000AA461BF4807F5AF8041B01D10846F5E7E6
:10EFC0001BF4007F19BF48B241F3C01108B241F3EE
:10EFD000C031C2E750EA0103C9D11BF0400FC6D0CF
:10EFE000002FC4D12BF01102BB46019795B240F21D
:10EFF000064115EA01021CBF0BF1010B00222CE0B7
:10F000002BF010020A231FFA82FB1BF0800C49D060
:10F010001BF4007115BF0735AA4625F007055AF8FD
:10F02000040B1EBFAA4669685AF8080B50EA01058E
:10F0300045D12BF016051BF0400FADB242D0002F8A
:10F0400040D12BF01702019795B215F0100248D06D
:10F05000019B002E42D103F1010B29075AD4EB0783
:10F0600006D5D9456FDDA9EB0B030199CB465F1897
:10F070005B4649E04BF0100B10237826C5E7782B50
:10F0800004D1C6F1780343F01003BEE741462520C2
:10F09000029B98470028FFF647AF023447E6082353
:10F0A0000026B2E7AA461BF480715AF8040BBDD0C3
:10F0B0001BF400711ABFC0B2614680B2B6E72BF0F4
:10F0C000060295B20DF1180B54E725F01105BB4669
:10F0D000ADB28CE70D46B8E73B460D4603F1020B97
:10F0E000BBE7DDF804B082E7B21A0201AB1A0201F5
:10F0F000CDE9043241462020029B98470028FFF6C4
:10F1000013AF049B059A01339945F1DCA4EB0B0185
:10F110009B46CC180AB341463020029B98470028F2
:10F12000FFF602AF8EB901342744391B019B994287
:10F1300024DC1D4655BB019AA9EB0B095546224418
:10F140001446914433E0019F92E702344146304631
:10F15000029B98470028E7DAE6E640F206410D42B6
:10F16000E2D015F0020F04F10104414614BF2B2038
:10F17000202015F4806F18BF2D20E9E7414630208C
:10F18000029B013498470028CFDACDE606AB013D5B
:10F190004146585D029B98470028CBDAC4E64146B9
:10F1A0002020029B013498470028FFF6BDAEA9EB52
:10F1B0000403002BF3DCC1E57047022806D00528C4
:10F1C00004D001280CBF03200020704704207047A2
:10F1D00000EBC100408840087047F8B50346FFF7D0
:10F1E000F7FFB0FA80F0C0F11F0003EB800CDCF8F1
:10F1F0001060CA00171D0C4606328DB256B90121A7
:10F2000001FA00F0D9680143D960CCF81040DD5311
:10F210009D52F8BDF1000431585AD85303EBC00099
:10F220009E52C5805D52F4E710B500EBC104E3883F
:10F23000994202F104010AD1012303FA02F2C368E0
:10F2400023EA0203C360002340F8213010BDA288E6
:10F2500040F8213000EBC20100EBC300CB8082807C
:10F26000F4E708B50346FFF7B3FFB0FA80F218469B
:10F27000BDE80840C2F11F02FFF7D6BF2DE9F843F1
:10F28000B1FA81F5C5F11F0900EB8908D8F8102003
:10F2900003460E46C2B10327D8F81040184621464F
:10F2A000FFF796FFB04206D34A461846FFF7BCFF69
:10F2B0002046BDE8F88303EBC404E088013FC8F8AA
:10F2C000100001D08242E7D14FF0FF34C5F1200297
:10F2D0009440DA681440EBD094FAA4F2B2FA82F2C5
:10F2E000111D53F821402146DFE738B50346FFF7EB
:10F2F0006FFF0D46044611461846FFF769FF0444A8
:10F30000600003EBC50568801846FFF761FF014404
:10F3100023F8314038BD38B50C460346FFF758FF97
:10F32000A51A511A054403EBC4044800608003EB9E
:10F33000C2006C00448023F8321018461146FFF7D3
:10F3400047FF014423F8315038BD38B50546FFF773
:10F350003FFF0C46014405EBC1035B88DA070AD482
:10F360002846FFF77EFF21462846FFF731FF221887
:10F370002846FFF7BAFF35F83410611A05EBC103D0
:10F380005B88DB070CD42846FFF76BFF35F8341099
:10F390002246611A2846FFF7A8FF35F83430E41AF0
:10F3A00021462846BDE83840FFF717BF61B1006825
:10F3B0000439091A21F0070303445A88C90822F0C6
:10F3C00001025A80FFF7C1BF704770B5056809B9DF
:10F3D000002070BD01F007030B33CC0804EBD3040D
:10F3E000AB6828469C4228BF1C462146FFF746FFD3
:10F3F00006460028ECD001462846FFF7E9FEA04269
:10F4000007D928463219FFF786FF11462846FFF72D
:10F41000E4FE05EBC60210465388043043F00103B6
:10F420005380D6E71146FFF7D0BF043A2DE9F041EB
:10F43000CC1D114424F0070421F007010E1BF7082E
:10F44000B7FA87F24FF00008C2F12405AD00073586
:10F45000C2F12002ED0804604146A760C4F80C80A8
:10F46000920004F1100001F07AFA6B0043F00103FE
:10F4700063807B1B04EBC5025900A4F80080518017
:10F48000A21924F83550A2F80280A35304EBC70355
:10F490005A88294642F001025A802046BDE8F041D0
:10F4A000FFF79BBE002070470FB407B504A951F8C1
:10F4B000040B0191E6F7DCF803B05DF804EB04B04F
:10F4C00070470FB407B504A951F8040B0191E6F792
:10F4D000CFF803B05DF804EB04B070470022036876
:10F4E0000BB9184670478B4210D10B6842B942687D
:10F4F0000360914200D14360002301200B607047FC
:10F5000013604368994208BF4260F5E71A461B68DA
:10F51000E6E7038B13F0070305D10368002B0CBF4C
:10F52000002003207047022B05D1408BB0FA80F0F9
:10F53000400980007047012B05D10368002B0CBFE8
:10F540000020052070470020704710B50C4600B120
:10F5500011B96FF0150010BD081D00F0D2F8002899
:10F56000F9D1A368032BF6D9F3E72DE9F0410D4655
:10F5700007461946281D90461E4600F0D6F8044658
:10F5800038B13346424629463846A446BDE8F041E4
:10F590006047BDE8F08110B4EFF31182202484F3BA
:10F5A0001288BFF36F8F416110BC0121E6F792B85A
:10F5B00038B50C46054658B151B10B6843B14B689C
:10F5C00033B11C22002101F0CAF900202C6138BDA2
:10F5D0006FF01500FBE770B505460E46FFF7B5FF67
:10F5E000041E14DBEFF31182202383F31288BFF390
:10F5F0006F8F4FF6FF716B8B2C8B8B4204F00704DF
:10F6000007D182F31188BFF36F8F6FF00A04204691
:10F6100070BD022C0CD101336B8382F31188BFF3D0
:10F620006F8F0023224631462846FFF79EFFEEE704
:10F63000062C14D8DFE804F004131313041A040092
:10F64000002333606B683BB9C5E90066ACB90221A1
:10F650002846E6F73FF8DAE71E606E60F6E782F3C9
:10F660001188BFF36F8F6FF00404D0E782F3118825
:10F67000BFF36F8F6FF08504C9E782F31188BFF382
:10F680006F8FC4E710B5EFF31182202383F3128844
:10F69000BFF36F8F048B04F00704022C0AD0012CF7
:10F6A0000CBF6FF004006FF0850082F31188BFF388
:10F6B0006F8F08E0438B013B9BB2438323B9214604
:10F6C000E6F708F8204610BD2046EEE738B5A8B1A9
:10F6D000A1B1EFF31185202282F31288BFF36F8F5F
:10F6E000048BFFF7FBFE30B104F0070085F31188AF
:10F6F000BFF36F8F38BD6FF07700F7E76FF015003D
:10F70000F8E7034640B1426802F00302022A06D03D
:10F71000032A04D0012A05D06FF0150070471A683B
:10F72000002AF9D000209860704710B5426803465F
:10F7300002F00302022A4FF00004816007D0032A7E
:10F7400002D05C60002001E018685C6010BD1868A1
:10F750005C600028F6D0FFF763FAF3E7704701F02A
:10F76000FEB801F0D5B801460068E6F7EFB808B575
:10F77000E6F71CF9BDE80840E6F73CB90021012096
:10F78000E6F7E4B808B5E6F7DDFBE6F7B7F8E6F725
:10F79000C1F8E6F727FCFEF7FFF9436E83F30B8809
:10F7A00070476FF08500704761B662B680F31188CC
:10F7B000BFF36F8F704708B5E6F742FF72B60023BC
:10F7C00083F31188BFF36F8FE6F7B8FF50B1BFF333
:10F7D0004F8F30BF00BF00BF00BF00BF00BF00BFE2
:10F7E00000BF00BF62B6BFF36F8F08BD10B50446FF
:10F7F000E6F726FF72B6002383F31188BFF36F8FFD
:10F80000E6F79CFF50B1BFF34F8F20BF00BF00BF92
:10F8100000BF00BF00BF00BF00BF00BF84F311885E
:10F82000BFF36F8F62B610BD40E800F313F4803F62
:10F83000D8B208BF6FF01500704730B50C684B6840
:10F8400085B00A894D890094013B24F01F042344AC
:10F8500002F01F0242EA451223F01F0369468DF8A9
:10F8600008200393E6F712FC05B030BD7047416AEB
:10F870008968E6F737BE027A013202727047426841
:10F8800010B52AB10B461C465B68002BFBD16260A9
:10F89000416010BD10B5044620B908460B7A01330B
:10F8A0000B7210BD034618465B68002BFBD1FFF7B7
:10F8B000E6FF2046F5E710B508B14B68436000232A
:10F8C0004C6808464B60E6F78BFE204610BD8388E7
:10F8D000026819448180D018704730B48488056864
:10F8E000A3188380281930BC01F012B810B58388A2
:10F8F00002685C1C8480D154D01810BD03468288F5
:10F90000521A8280006808441860704703460068F5
:10F910009A88521A01449A801960704710B503689A
:10F9200001211C78FFF7EAFF204610BD8388C288BA
:10F930008168D21A03685B1AD01A7047F0B5D0F804
:10F940000473064617F002001CBFC2F180701860F5
:10F950004FF0000518BF01204FF0010C4FF4803E1E
:10F960000CFA05F40C4214D00EFA05F43C4210D007
:10F9700005F5A87456F82440A41A34F07F4408BF53
:10F980004FF0807408B91C6002E01868A042FAD8F1
:10F9900001200135042DE3D1F0BDE6F73FBE30B5BF
:10F9A000054614460A8885B08B78ADF80020002102
:10F9B0000D220DF103008DF8023000F0D0FF6A46F1
:10F9C00069462846F7F71CFC28B9BDF800209DF8C9
:10F9D00002302280A37005B030BD13B50C4601AAD9
:10F9E0000331FFF7DCFF48B90322204601A900F0EC
:10F9F000BEFFB0FA80F0400902B010BD0020FBE766
:10FA000070B5CE1C05460C4630460321F7F7F6FBD1
:10FA100060B96379224603F03F0343F0400363710A
:10FA200031462846BDE87040FFF7B9BF70BD0220DF
:10FA3000E6F75EBF033138B5C9B205460E20E6F7DA
:10FA4000D5FF032104460C30FFF741FF0123A0F846
:10FA500001500370204638BD70B505460E460F2094
:10FA60000421E6F7C3FF042104460C30FFF72FFF03
:10FA70000122067042704580204670BD0C22036949
:10FA8000C9B201FB0233186C00F00700704770B573
:10FA9000C9B20369EFF31185202484F31288BFF300
:10FAA0006F8F0C2606FB0134246C14F0C00408D0C0
:10FAB000A24206D085F31188BFF36F8F4FF0FF305D
:10FAC00070BD012206FB01331A6485F31188BFF370
:10FAD0006F8F436803EBC1035B6898470020EFE733
:10FAE0008022FFF7D4BFF8B5069F0469C9B2EFF3CF
:10FAF0001186202585F31288BFF36F8F0C2505FB37
:10FB00000144256C05F0070CBCF1010F0CD12764F2
:10FB100086F31188BFF36F8FC4E90E23436853F84F
:10FB2000313098470020F8BD05F0C005AF4286F39C
:10FB30001188BFF36F8F0CBF6FF077004FF0FF306D
:10FB4000F1E713B580240094FFF7CDFF02B010BD9C
:10FB500010B41C240069CBB203FB0400002110BCCC
:10FB600010470020FDF7D4BA002000F0D6B91046A7
:10FB7000FEF7BEB8436800205B681B690B607047E6
:10FB8000436802EA01005B6821EA020198600020F4
:10FB9000D9607047436800205B689960704743688C
:10FBA00000205B68D960704743685A68536821EA4F
:10FBB00003000B4090600020D360704710B50369CC
:10FBC0005868F8B1884219D19C680868A142586009
:10FBD00000D19860002008602AB15A680A609A68CB
:10FBE000596002B99960002010E0814206D108688E
:10FBF000206098688142EDD19C60EBE70446006884
:10FC00000028F2D1002AE8D16FF0150010BD30B500
:10FC100043681360057A446804EBC504A34202D329
:10FC20006FF0010030BD5C798C4201D00833F0E701
:10FC30000020F7E743681B68D3F88004C3F880040A
:10FC4000704742681368D3F8100150B10020126A5F
:10FC500012780A70C3F81001D3F8102101221A603B
:10FC600070474FF0FF307047002A0FDD426813687D
:10FC7000D3F8100158B10020C3F81001D3F81001D7
:10FC80000120126A12780A701860704700207047CD
:10FC900010B5436819680369EFF31182202080F3DF
:10FCA0001288BFF36F8F00241868847301201B68CB
:10FCB000D8734FF48003C1F8043382F31188BFF383
:10FCC0006F8F10BD012103691A68917300221B68B0
:10FCD000DA737047026903461168C87B40B15B68FC
:10FCE0001B68D3F8580118B100230B611368988979
:10FCF000704743681B68D3F81001003818BF012013
:10FD00007047102243681B68C3F804237047102211
:10FD100043681B68C3F8082370474FF400724368B8
:10FD20001B68C3F8042370474FF4007243681B68D4
:10FD3000C3F80823704738B5436804461D68D5F8F2
:10FD400004335B0205D4D5F8040310F0100006D18B
:10FD500038BDFFF7BFFF0028F5D00120F8E72046A7
:10FD6000FFF7C7FF003818BF0120F1E701207047F7
:10FD70000369186801601B685A607047026803468F
:10FD8000D2F8580140B95B68DB0706D4D2F82001ED
:10FD9000003818BF012070470120704710B4436835
:10FDA00002691B68D3F80413C90517D5D3F82011CD
:10FDB000A1B1EFF31181202484F31288BFF36F8F78
:10FDC000D3F8204134B10024C3F82041D3F82041B6
:10FDD0000124DC6081F31188BFF36F8F1168D3F8C1
:10FDE000584171B17CB100240C611168C97B19B90B
:10FDF0004FF48001C3F8081311688C7B1CB10023F9
:10FE00008B7310BC7047D3F8241121B10021C3F8C3
:10FE10002411D3F8243112681368002BF1D05168F3
:10FE200010BC184713B501AA0446FFF7F0FE0028DE
:10FE300005DB019B226819791868FCF7CFFC02B03A
:10FE400010BD6FF0850070472DE9F0410669054649
:10FE5000336801279C8910339442A8BF1446D3E825
:10FE6000EF2F002A03D1C3E8E07F0028F7D10CBFB1
:10FE70003B4600232BD133682246986800F048FDAA
:10FE8000EFF31188202383F31288BFF36F8F696823
:10FE90000846FFF773FF326840B90446106188F3E3
:10FEA0001188BFF36F8F2046BDE8F0810B68926820
:10FEB000C3F844250022C3F84845C3F82021D3F8ED
:10FEC0002011C3F85821D3F858219F60E7E71C465A
:10FED000E9E7002200F150039B009BB203F182434B
:10FEE00003F5B0331A601B68704708B5FCF73EFE97
:10FEF00008BD004700F092B840F00040C1F8800013
:10FF0000704740F00040C1F88000704740F000406A
:10FF1000C1F88000C2F880007047FDF775B8F7B5EA
:10FF20001646DDE90847019001A81D46FDF78EF948
:10FF3000019BB6F1000C18BF4FF0010C00EB8300E1
:10FF40000B1E18BF0123002D43EA4C0314BF4FF0D2
:10FF50000C0C4FF0000C002C43EA0C0314BF4FF4C0
:10FF6000706C4FF0000C002F43EA0C0314BF4FF4E9
:10FF7000403C4FF0000CD0F8002243EA0C0322EA88
:10FF8000030301B109780EB13678760019430DB13B
:10FF90002D78AD0031430CB12478240229430FB1F0
:10FFA0003F783F040C433C43C0F8004203B0F0BD2F
:10FFB0001FB50DF10F03019300238DF80F101A46A2
:10FFC00019460093FFF7ABFF05B05DF804FB38B5A9
:10FFD000054608460C46FDF78DF9A8B10846FDF721
:10FFE0007DF988B90846FDF76DF901232A68834039
:10FFF000C2F808332B6803EB8000D0F8103523F0EB
:020000040102F7
:100000000303C0F8103538BD2046BDE83840002154
:10001000FFF7CEBFFDF7F2B9FFF7D9BF08B1E6F79A
:1000200033BC704710B5436904463BB90020E26811
:100030004042537843F00103537010BD98470028A5
:10004000F4D00028B8BF4042FF28A8BFFF20E368D3
:100050001870ECE740B1C368587810F001001EBF7B
:100060001878B0FA80F040097047EFF3118320232D
:1000700083F31288BFF36F8FFEE708B5FFF7F5FF34
:1000800010B400F10C04C0E9034410BCFFF7CDB973
:1000900038B50446EFF31185202383F31288BFF3AC
:1000A0006F8FFFF783F904F10C0000F035FA30B1DF
:1000B000294604F11400BDE83840FEF79DB985F3E8
:1000C0001188BFF36F8F38BD202408B5EFF311837B
:1000D00084F31288BFF36F8FFFF76DFBF6E7D0E96B
:1000E000003213605A600023427BC0E9003322F0E3
:1000F00002024273836070472DE9F843914604463B
:100100000D469DF8202000F10807EFF3118620210D
:1001100081F31288BFF36F8F02B14568D4F808806D
:10012000474518D0B8F1000F15D04046FFF7D7FF6C
:1001300008F1180000F05DFA00234046C8F87C3052
:10014000C8F8109000F09FF938463146FEF754F990
:100150000020BDE8F883A3B10820FEF7AFFD00281A
:1001600038D00122C0F804900260016801F0030158
:100170005DB922680A430260626820606AB9606003
:100180000BE04846C9F80030EFE72A68032A16D882
:100190000160616869B9C4E90000042104F110003C
:1001A00000F08BFB0028CFD186F31188BFF36F8F4F
:1001B000CFE70A6802F0030202430A60DFE722F099
:1001C00003020A4302602A6802F0030240EA0203C3
:1001D0002B60E2E76FF00B00E6E710B5044630B1A4
:1001E0000268930703D0446809B100F08AFB2046F7
:1001F00010BD0023C0E9003300F10803C0E9023359
:1002000000F11003C0E904337047F8B500F10806A7
:10021000EFF31187202383F31288BFF36F8F856874
:1002200000F11004AE4217D0B5B12846FFF757FFD2
:1002300005F1180000F0DDF900232846EB672B617B
:1002400000F021F90821204600F037FB39463046FE
:10025000BDE8F840FEF7D0B80821204600F02DFB9D
:100260000028F3D187F31188BFF36F8FF8BD012306
:1002700007B5009300230A461946FFF73DFF03B078
:100280005DF804FB002307B50A4600931946FFF703
:1002900033FF03B05DF804FB5AB18A4209D300F181
:1002A0001003C0E90212C0E90000C0E904330020D5
:1002B00070476FF015007047012302688B4022EAF7
:1002C0000303036022FA01F000F00100704710B54B
:1002D000032104460C30FFF7EFFF30B104F11000AA
:1002E00000F087F9B0FA80F0400910BD20B100227B
:1002F0008C30114600F044B9704770B5C3680446AD
:10030000C3F340069B0716D4856802210C30FFF723
:10031000D3FF80B1D5F884206AB194421DD1226800
:100320009EB9D5F88830C5F884209C4201D1C5F823
:10033000882000232360E36813F01F001EBF43F0F2
:100340000203E36040F0020070BD3260D5F88820FF
:10035000944208BFC5F88860EBE716461268DBE7F1
:1003600073B50446EFF31185202383F31288BFF39E
:100370006F8F0023A0F11006032104380193FFF7CB
:100380009BFF28B1A369304601A90193FDF7F6FD53
:1003900085F31188BFF36F8F02B070BD13B5019064
:1003A0000846EFF31184202383F31288BFF36F8F85
:1003B00001A9FDF7E3FD84F31188BFF36F8F02B04D
:1003C00010BD38B530220D460021044600F0C7FAB2
:1003D0004FF480736560E36038BD38B50446EFF3D1
:1003E0001185202383F31288BFF36F8FFFF76FFF10
:1003F0002046FFF782FF85F31188BFF36F8F38BD6A
:10040000EFF30580003818BF012070476FF05700E8
:100410007047D0E9003213605A600023C0E900330E
:10042000704708B5FFF7F5FF437B23F002034373E2
:100430000023836008BD38B504460D46FDF73AFF3A
:10044000637B43F002036373E5B1A5602B689D42B3
:1004500009D16B68C4E900531C606C6012E06A68E3
:100460009A42F6D01B68002BF3D094F90E2093F932
:100470000E108A42F3D09142F1DD5A68C4E900328D
:1004800014605C6038BD10B5EFF31184202383F352
:100490001288BFF36F8FFDF7CBFE84F31188BFF393
:1004A0006F8F10BD08B5EFF31181202282F31288FF
:1004B000BFF36F8F83680BB1FFF7B3FF81F3118830
:1004C000BFF36F8F08BD014610B5EFF311842023F1
:1004D00083F31288BFF36F8F437B13F0280F0AD189
:1004E00083680BB1FFF79DFF4B7B084623F00403A5
:1004F0004B73FDF79DFE84F31188BFF36F8F10BD22
:1005000001211838FFF7DFBF10B5FFF7CBFFBDE8BB
:100510001040183000F06DB838B50546046800206A
:10052000AC4200D138BD002CFCD02046FFF7ECFFD8
:100530002046FFF7A8FF2C680120A542F1E770B51F
:1005400005460E46FEF712F8B6F1FF3F08BFB5F1BB
:10055000FF3F0446284612D04FF47A7147F6FF73E6
:100560000022C4FB0132D80B40EA4240B0F1004FF8
:100570004FEAD23272F1000228BF6FF0004070BD26
:1005800038B5EFF31185202383F31288BFF36F8F03
:100590000468A04212D09CB1E16722612046FFF7B7
:1005A00040FF04F1180000F024F82046FDF740FE5B
:1005B000012085F31188BFF36F8F38BD0020F8E765
:1005C0002046F6E708B50246FEF76EF970B1D0E9AD
:1005D00004319B1A61EBE272B3F1004F72F100013A
:1005E00004DA002AACBF1846002008BD6FF00040B6
:1005F000FBE7024638B5EFF31185202383F3128819
:10060000BFF36F8F0368CBB1FEF74EF90446104677
:10061000FEF75CF900224FF000438442C0E9042356
:1006200006D1FEF749F9FFF7CDFF0021FCF704FCE6
:10063000002085F31188BFF36F8F38BD6FF0150070
:10064000F7E708B5FEF74CFA08BDFEF749BAB3F173
:10065000FF3F08BFB2F1FF3F70B506461D46144686
:1006600014D01A4316D0002B08DBFEF739FA041910
:1006700041EB0501C6E90041304670BD6FF0010352
:100680001C1B4FF0FF3363EB0501F3E74FF0FF3422
:100690002146EFE70024FBE7B3F1FF3F08BFB2F1CB
:1006A000FF3FF8B5074616461C4610D054EA020331
:1006B00011D0FEF715FAB0420A46A14103460AD20C
:1006C000F31A64EB0204C7E900343846F8BD4FF072
:1006D000FF331C46F7E70023FBE770B5D0E9003491
:1006E000984209D044B1A568EDB115F9526C12F9E0
:1006F000525CB54208D007DDC1E9000421604160C9
:1007000010E0A342F8D01B68002BF5D09A6862B1C4
:1007100012F9522CAA42F4D0F3DD5A68C1E9003232
:100720001160596070BDAB7BFFDE937BFCE72DE968
:10073000F84F00250F461446984601462E464FF0C6
:10074000200AA946BD4202DB3046BDE8F88FEFF330
:10075000118B8AF31288BFF36F8F4B7B03F03F033B
:10076000082B09D853B1013B072B07D8DFE803F06A
:10077000281C06220606062E102B2DD0B8F1000FDD
:100780003BD12378002B38D04B7B03F03F03082B61
:100790003AD8002B3AD0013B072B37D8DFE803F0DB
:1007A0003F393639363636420B699B68002BE5D027
:1007B000022317E00B691B68002BDFD0042311E034
:1007C0000B699B68002BD9D001230BE00B691B6AD6
:1007D000002BD3D0102305E00B69DA895B899A429C
:1007E000CCD02023CA68C1F80890C2F386300343F6
:1007F00063F39432CA6084F800908BF31188BFF3DE
:100800006F8F013514319DE7102B0FD08C600136AE
:10081000F3E7224608691030FFF75FFFF6E722464C
:100820000869F9E7086922462430F5E70869224695
:100830002C30F1E72DE9F041846805460E46D4B12D
:100840006378012B22D114F8533C9A0711D5A4F1F7
:1008500060073846FFF758FE082E0CBF6FF0030301
:100860000023E36114F8533CDB0602D13846FFF75E
:100870000AFE002323700020EB68A860C3F38632D1
:10088000164366F39433EB60BDE8F081022BF0D1A0
:100890002378002BEDD054F8048CB8F1000FE8D089
:1008A00004F11400FFF7A5FE0023A4F11407394654
:1008B0004046E362FFF772FDDBE738B5EFF31185E1
:1008C000202383F31288BFF36F8F0468A04211D0F6
:1008D000D4E9003213605A6000232046C4E9003393
:1008E000FFF7A8FF85F31188BFF36F8F201E18BF95
:1008F000012038BD0024F5E70023C0E90000836033
:10090000704720B1011F50F8040CFFF7C1BB7047BE
:100910000A44431E914200D1704710B511F8014BB3
:10092000914203F8014FF9D110BD884210B501EB97
:10093000020402D98442234607D8431EA14208D0AC
:1009400011F8012B03F8012FF8E7024401468A420F
:1009500000D110BD13F8014D02F8014DF7E7024434
:100960000346934200D1704703F8011BF9E70139B0
:10097000024410B5904201D1002005E0037811F83F
:10098000014FA34201D0181B10BD0130F2E702460F
:10099000014410B58A42134603D01C780132002C62
:1009A000F8D1181A10BDF0B5C3F13707044603F0AB
:1009B0001F031046FFB2082BE6B232D0102B3DD0F9
:1009C0006508A40845EAC17544EA81748A082D19AE
:1009D00042EB5102290941EA02716D1842EB1212F1
:1009E000290A41EA02616D1842EB1222290C41EA00
:1009F00002416D1842EB1242AD1842F10002EC08C0
:100A000044EA4274D10804EB8402A6EB4205EDB23D
:100A1000092D0CD90134A5F10A0541F10001EDB20F
:100A200012E0E40806F0070544EA4174C9083035CD
:100A300054EA010200F8015BBDD1F0BD240906F0C3
:100A40000F0544EA01740909092D84BFED19EDB2BF
:100A5000EDE700000148006870470000AC2000216D
:080A60008CF6FD7F010000008F
:100A680000000000C00A020169DC0101000000006A
:100A780000000000000B020100000000E00A020173
:100A880000000000200B020100000000400B0201E2
:100A9800D5CC010100000000356400010000000011
:100AA800D9EC01010000000000000000600B020109
:080AB80045530001000000009D
:100AC000091A02019C140201A80C02012203002150
:100AD000EC7E002121BF01010000000000000000A9
:100AE000281A0201AC140201780C0201260300212D
:100AF000947F00210DC601010000000000000000ED
:100B0000361A0201C4140201780C020128030021E4
:100B1000A07F00210DC601010000000000000000C0
:100B2000181A020100000000700C020124030021C9
:100B3000407F0021B9C30101000000000000000057
:100B40004D1A0201DC140201C40C02012A03002127
:100B5000CC02002199C9010143FE010100000000FF
:100B6000C00D0201000000009C0C020120030021C6
:100B7000885200210000000000000000000000007A
:100B8000000000007DF70101000000007DF7010179
:100B9000000000007DF70101000000007DF7010169
:100BA000000000007DF70101C9D10101F3FE010140
:100BB000000000007DF70101000000007DF7010149
:100BC000000000007DF70101407F00212DC40101DC
:100BD00065D80101F3FE0101000000007DF701016D
:100BE000000000007DF7010100000000E9BD0101E7
:100BF000000000007DF70101000000007DF7010109
:100C0000000000007DF701010000000029720101D1
:100C1000000000007DF70101400B02019DFD010174
:100C2000000000007DF70101000000007DF70101D8
:100C30000000000065CD0101000000007DF701010A
:100C4000000000007DF70101000000007DF70101B8
:100C5000000000007DF70101000000007DF70101A8
:100C60000000000059720101000000007DF7010141
:080C700061C30101B9C20101D9
:100C780055C6010175FB010181FB010195FB0101CD
:100C88009FFB0101A9FB0101A1C40101BDFB0101F9
:040C98000000000058
:0C0C9C00119C0001F19B0001659B000110
:100CA80079BF0101E1FA010143FB010100000000E5
:0C0CB8007DFA01010000000000000000B7
:100CC40043FC0101E1C8010135FC010149FE0101B8
:100CD40069FC010191FC0101C5FC0101D5FC010184
:100CE40003FD01010FFD0101D5FC0101F3FC01012C
:100CF4001BFD010129FD010137FD01016DFD01010C
:040D040071FD01017B
:100D1000000103FF04FF02000001060201070000BA
:100D200000010201040404040000000000000000AF
:100D30000338FDD8704700000000002100000000CB
:100D400006000100020000004C0D0201000000013D
:100D50007C19020106000000E0FF030100000021F1
:100D60008419020121000000E0FF0021C16400019C
:100D7000000000006DF801016C0D0201880D0201F8
:100D80002000000000000000609700216C0D0201AF
:100D90009C0D02014500000000000000E8980021C1
:100DA0006C0D0201B00D02014700000000000000C0
:100DB000E89C002142542043544C522052580000D9
:100DC00062745F6863695F636F6E74726F6C6C6589
:100DD00072000000131510FF1A1B12005A6570688C
:100DE0007972204F532076342E332E3000000000CD
:100DF00002010101000001000000000000010000EC
:100E0000000201030303030303000000574553548A
:100E10005F544F504449522F7A65706879722F732E
:100E200075627379732F626C7565746F6F74682F58
:100E3000636F6E74726F6C6C65722F6C6C5F73771E
:100E40002F756C6C5F6164765F6175782E6300004E
:100E5000657272203D3D2030207C7C2065727220BE
:100E60003D3D202D31323000415353455254494FBE
:100E70004E204641494C205B25735D204020257360
:100E80003A25640A0000000009706172616D313A10
:100E900020257520706172616D323A2025750A0037
:100EA000574553545F544F504449522F7A657068E8
:100EB00079722F7375627379732F626C7565746FB5
:100EC0006F74682F636F6E74726F6C6C65722F6CC9
:100ED0006C5F73772F756C6C5F7363616E2E63004C
:100EE000574553545F544F504449522F7A657068A8
:100EF00079722F7375627379732F626C7565746F75
:100F00006F74682F636F6E74726F6C6C65722F6C88
:100F10006C5F73772F756C6C5F636F6E6E2E630002
:100F2000752901018529010195290101A5290101E1
:100F3000B5290101C52901016D2A01017D2A01019F
:100F4000D52901018D2A01019D2A0101AD2A010146
:100F5000E5290101BD2A0101CD2A0101F52901017F
:100F6000DD2A0101052A0101ED2A0101FD2A010105
:100F7000000000000D2B01011D2B01012D2B010193
:100F8000152A01013D2B01010000000000000000B6
:100F900000000000000000005D2A010108020B02B1
:100FA0000A03050200000000000000000202000029
:100FB0000602000004030000020109030000000013
:100FC000010300000000000007030000000003010F
:100FD00000000000F401FA00960064004B003200AB
:100FE0001E001400574553545F544F504449522F2C
:100FF0007A65706879722F7375627379732F626C7A
:101000007565746F6F74682F636F6E74726F6C6C3C
:1010100065722F6C6C5F73772F6E6F726469632FCC
:101020006C6C6C2F6C6C6C5F6164762E63000000DE
:10103000300000000925733A2041637475616C200B
:101040004556454E545F4F564552484541445F53BF
:10105000544152545F5553203D2025750A0000002D
:10106000707265706172655F63620000574553542A
:101070005F544F504449522F7A65706879722F73CC
:1010800075627379732F626C7565746F6F74682FF6
:10109000636F6E74726F6C6C65722F6C6C5F7377BC
:1010A0002F6E6F726469632F6C6C6C2F6C6C6C5F4D
:1010B0006164765F6175782E630000007072657000
:1010C0006172655F63620000574553545F544F502F
:1010D0004449522F7A65706879722F7375627379FB
:1010E000732F626C7565746F6F74682F636F6E74A5
:1010F000726F6C6C65722F6C6C5F73772F6E6F7292
:101100006469632F6C6C6C2F6C6C6C5F7363616EC5
:101110002E630000636F6D6D6F6E5F70726570613E
:1011200072655F6362000000574553545F544F502F
:101130004449522F7A65706879722F73756273799A
:10114000732F626C7565746F6F74682F636F6E7444
:10115000726F6C6C65722F6C6C5F73772F6E6F7231
:101160006469632F6C6C6C2F6C6C6C5F7363616E65
:101170005F6175782E63000073746172745F7573BC
:10118000203D3D20286175785F73746172745F75CE
:1011900073202B2031552900096175785F6F6666D1
:1011A0007365742025752075732C207374617274B7
:1011B0005F757320257520213D2025750A000000EC
:1011C000707265706172655F6362000057455354C9
:1011D0005F544F504449522F7A65706879722F736B
:1011E00075627379732F626C7565746F6F74682F95
:1011F000636F6E74726F6C6C65722F6C6C5F73775B
:101200002F6E6F726469632F6C6C6C2F6C6C6C5FEB
:101210007065726970686572616C2E630000000011
:10122000707265706172655F636200005745535468
:101230005F544F504449522F7A65706879722F730A
:1012400075627379732F626C7565746F6F74682F34
:10125000636F6E74726F6C6C65722F6C6C5F7377FA
:101260002F6E6F726469632F6C6C6C2F6C6C6C5F8B
:1012700063656E7472616C2E63000000707265703D
:101280006172655F63620000000000000000000002
:10129000000000000000000000000000000000004E
:1012A000000000000000000000000000000000003E
:1012B000000000000000000000000000000000002E
:1012C000000000000000000000000000000000001E
:1012D000000000000000000000000000000000000E
:1012E00000000000000000000000000000000000FE
:1012F00000000000000000000000000000000000EE
:1013000000000000000000000000000000000000DD
:1013100000000000000000000000000000000000CD
:1013200000000000000000000000000000000000BD
:1013300000000000000000000000000000000000AD
:10134000000000000000000000000000000000009D
:10135000000000000000000000000000000000008D
:10136000000000000000000000000000000000007D
:10137000000000000000000000000000000000006D
:101380000000000000000000FFC1FBE84C90728BE1
:10139000E7B3518963AB232302841872AA612F3B00
:1013A00051A8E53749FBC9CA0C18532CFD45E39AEF
:1013B000E6F15DB0B61BB4BE2A50EAE90E9C4B5E66
:1013C0005724CCA1B759B887FFE07D742648B9C52A
:1013D000F3D9A8C4B1D5911101420C39D5B0979D6C
:1013E00028D4F29BA4FD6465068C2996FEA2714D5B
:1013F000F3F82E58DB0D5A5F1528F57407CE25AF8C
:101400002B12E6D0DB2CDCC37FF03E3A13A4DCE2E7
:10141000F96C54E2D8EAC8880021869C6AD8CB4E81
:10142000146AF94DD27EB23203C6144B7FD1B8A6EE
:10143000797C17ACED06ADAF0A947ABA03E792D780
:10144000150973E86D16EEE13F781F9D09526EF1A4
:101450007C362A716C7564448010434E35EC6527E8
:101460000AB5FC26693F599901638AA5BF685CD318
:101470003CBE0BD67683D657054A3DDD8173C9EB5A
:101480008A8439F4360BF70029417671010304058B
:10149000A9BE010179BE01010000000001C00101E7
:1014A000EDBE010163FB010169FB0101FFFF0000CB
:1014B00000088C41000000000100000000A0004175
:1014C00000000000FFFFFFFF00058C41000000004E
:1014D0000000000000A000410000000000300141B9
:1014E00001000000000000000015020100000010D3
:1014F0000100000000000000B9800021B880002138
:10150000003001410C150201020000002C150201FF
:10151000040000001C1502010401000021800000ED
:10152000208000010B8000020A80000321000000DF
:101530000B000002200600010A060003080000005C
:1015400003000000680A0201680A0201980A020109
:10155000A00A0201B80A0201C00A0201A21A02018D
:1015600000010000000000004843492075617274CA
:101570002054580072302F61313A202030782530C5
:101580003878202072312F61323A2020307825308F
:101590003878202072322F61333A2020307825307D
:1015A00038780A0072332F61343A202030782530A1
:1015B0003878207231322F69703A20203078253007
:1015C0003878207231342F6C723A202030782530F0
:1015D00038780A0020787073723A202030782530ED
:1015E00038780A004661756C74696E6720696E739D
:1015F0007472756374696F6E20616464726573736D
:1016000020287231352F7063293A20307825303800
:10161000780A00556E68616E646C656420495251A9
:101620006E3A2025640A002A2A2A2A2A2055534184
:101630004745204641554C54202A2A2A2A2A0A0086
:1016400020204469766973696F6E206279207A651B
:10165000726F0A002020556E616C69676E656420A8
:101660006D656D6F7279206163636573730A002025
:1016700020537461636B206F766572666C6F7720A0
:1016800028636F6E746578742061726561206E6F77
:10169000742076616C6964290A0020204E6F2063F3
:1016A0006F70726F636573736F7220696E7374729B
:1016B000756374696F6E730A002020496C6C6567EE
:1016C000616C206C6F6164206F66204558435F52E7
:1016D000455455524E20696E746F2050430A0020C5
:1016E00020496C6C6567616C20757365206F66209E
:1016F00074686520455053520A0020204174746577
:101700006D707420746F20657865637574652075DD
:101710006E646566696E656420696E737472756364
:1017200074696F6E0A002A2A2A2A2A2042555320F9
:101730004641554C54202A2A2A2A2A0A002020539E
:101740007461636B696E67206572726F720A002044
:1017500020556E737461636B696E67206572726F7A
:10176000720A002020507265636973652064617499
:101770006120627573206572726F720A00202042C8
:1017800046415220416464726573733A2030782573
:10179000780A002020496D70726563697365206462
:1017A00061746120627573206572726F720A002025
:1017B00020496E737472756374696F6E20627573FD
:1017C000206572726F720A002A2A2A2A2A204D5036
:1017D00055204641554C54202A2A2A2A2A0A0020FC
:1017E00020537461636B696E67206572726F72203B
:1017F00028636F6E746578742061726561206D690D
:10180000676874206265206E6F742076616C69640D
:10181000290A002020446174612041636365737369
:101820002056696F6C6174696F6E0A0020204D4DFF
:1018300046415220416464726573733A20307825C2
:10184000780A002020496E737472756374696F6E34
:10185000204163636573732056696F6C6174696FAF
:101860006E0A00526573657276656420457863651B
:101870007074696F6E20280053707572696F75738C
:1018800020696E74657272757074202849525120F7
:1018900000535053454C20696E2074687265616432
:1018A000206D6F646520646F6573206E6F742069AE
:1018B0006E646963617465205053500A002A2A2AB5
:1018C0002A2A2048415244204641554C54202A2A75
:1018D0002A2A2A0A002020427573206661756C74DA
:1018E000206F6E20766563746F72207461626C6520
:1018F00020726561640A0020204465627567206576
:1019000076656E740A0020204661756C74206573DC
:1019100063616C6174696F6E202873656520626510
:101920006C6F77290A00415243485F455843455040
:1019300054207769746820726561736F6E20257812
:101940000A0A002A2A2A2A2A204465627567206D1D
:101950006F6E69746F7220657863657074696F6EFD
:10196000202A2A2A2A2A0A002A2A2A2A2A202573F1
:1019700020256429202A2A2A2A2A0A00464C415373
:10198000485F30005352414D5F300000FFFFFFFFC2
:10199000FFFF010400020000000200000000000040
:1019A0000005000000000000000000000000000032
:1019B0000005574553545F544F504449522F7A65A0
:1019C000706879722F7375627379732F626C7565A5
:1019D000746F6F74682F686F73742F6863695F63C7
:1019E0006F6D6D6F6E2E63006275660041535345D7
:1019F0005254494F4E204641494C205B25735D208F
:101A0000402025733A25640A00636C6F636B403491
:101A1000313030353030300072616E646F6D40347B
:101A200031303039303030006770696F40343138D0
:101A30006330383030006770696F4034313863305C
:101A40003530300000010203040506070B75617292
:101A50007440343130313330303000000000010147
:101A60000000000020303030303030303030303046
:101A700030303000016D61696E002A2A2A20426FE1
:101A80006F74696E67205A6570687972204F5320B1
:101A90006275696C642076342E332E30202A2A2A0F
:101AA0000A00737973776F726B7100286E756C6CB6
:0C1AB00029002A666C6F61742A00000097
:101ABC001F00000000000000FFFFFFFFFF1F0000E1
:101ACC00A5F40101600B0201000000006C22002152
:101ADC00000000003D9B000100000000742200216A
:101AEC0000000000958C0001000000007C22002109
:101AFC00000000000D77010100000000842200218D
:101B0C0000000000998900010000000000000000A6
:101B1C0000000000000100009052002100000000B5
:101B2C00000000000000000000020000B85200217C
:101B3C000000000000000000000000000004000095
:101B4C00A0520021000000001055002100000000F0
:101B5C00DDD9000100000000185500210000000034
:101B6C000D7701010000000020550021000000004D
:101B7C0095D900010000000028550021000000004C
:101B8C0039820101000000004055002100000000D6
:101B9C000D770101000000004855002100000000F5
:101BAC009DD7000100000000F0550021000000004E
:101BBC00790E000100000000F85500210000000023
:101BCC008D8B0101000000007C56002100000000FC
:101BDC000D77010100000000845600210000000078
:101BEC000DFE0001000000008C56002100000000DA
:101BFC00C590010100000000845700210000000086
:101C0C0000000000000000008C57002100000000C4
:101C1C00299A010100000000A457002100000000D7
:101C2C000000000000000000E05700210000000050
:101C3C00C506010100000000E8570021000000006B
:101C4C000D77010100000000F0570021000000009A
:101C5C005908010100000000F857002100000000A5
:101C6C00A512010100000000DC5D00210000000055
:101C7C00DC62002100000000DC6700210000000095
:101C8C00DC72002100000000FDA501010000000035
:101C9C00F47200210000000039A6010100000000D0
:101CAC000C730021000000000D7701010000000002
:101CBC00C0750021000000001D740101000000002F
:101CCC00EC750021000000000D7701010000000000
:101CDC005C7B0021000000000D770101000000007A
:101CEC00647B0021000000000D7701010000000062
:101CFC006C7B002100000000413700010000000057
:101D0C00747B0021000000000D7701010000000031
:101D1C007C7B002100000000413700010000000026
:101D2C00D07E002100000000E178000100000000DE
:101D3C00C87E002100000000E178000100000000D6
:101D4C00C07E002100000000517500010000000061
:101D5C00B87E002100000000E178000100000000C6
:101D6C00B07E002100000000517500010000000051
:101D7C00A87E002100000000E1780001DC020021B7
:101D8C000000000000000000000000000000000047
:101D9C0000000000BA8000212000000000000000BC
:101DAC0000F00041000000009700FFFF0F00000052
:101DBC009700FFFF0F000000FF00000090020000E2
:101DCC001003002110030021180300211803002127
:0C1DDC00000000000000000000000000FB
:101DE800000000000000000034030021340300213B
:101DF8003C0300213C03002100000000000000001B
:101E08004C0300214C0300215403002154030021FA
:101E180000000000000000006403002164030021AA
:081E28006C0300216C03002192
:101E300000000000000000007C0300217C03002162
:101E40008403002184030021070007000000000034
:101E500000000000780D0201409800210000000001
:101E600000000000A8030021A8030021B003002106
:101E7000B00300210B000B00000000000000000078
:101E80008C0D0201E09B002100000000000000001A
:101E9000D4030021D4030021DC030021DC03002152
:101EA0000A000A00000000009D680001A00D020168
:041EB000B09F0021BE
:041EB40015E015E040
:0400000501005DD1C8
:00000001FF
