:1010000040A600207D6E0000C72E0200696E000021
:10101000696E0000696E0000696E0000000000004B
:10102000000000000000000000000000456F00000C
:10103000696E000000000000E16E0000696E0000B3
:1010400015710000B58D01001571000015710000CB
:101050001571000015710000157100001571000078
:101060001571000015710000157100001571000068
:101070001571000015710000157100001571000058
:101080001571000015710000157100001571000048
:101090001571000015710000157100001571000038
:1010A0001571000015710000157100001571000028
:1010B0001571000015710000157100001571000018
:1010C0001571000015710000157100001571000008
:1010D00015710000157100001571000015710000F8
:1010E00015710000157100001571000015710000E8
:1010F00015710000157100001571000015710000D8
:1011000053B94AB9002908BF00281CBF4FF0FF316E
:101110004FF0FF3000F00CB8ADF1080C6DE904CED3
:1011200000F012F8DDF804E0DDE9022304B07047B6
:10113000704700BF10F8012B11F8013B012A28BFAE
:101140009A42F7D0D01A70472DE9F04786468C4670
:101150000846089E154674461946002B40F0C2808A
:101160008542B2FA82F245D94AB1C2F1200300FAAF
:1011700002FC2EFA03F3954043EA0C0C94404FEA2C
:10118000154EA8B2BCFBFEF8230C0EFB18CC08FBD6
:1011900000F943EA0C43994528D9EB1808F1FF37C9
:1011A00004D2994502D9A8F102072B44A3EB090305
:1011B000A4B2B3FBFEFC0EFB1C330CFB00F044EAB4
:1011C0000344A04214D92C190CF1FF3304D2A042DD
:1011D00002D9ACF102032C44241A43EA07401EB1A1
:1011E000D440002334607360BDE8F0874746DDE7F4
:1011F0006346F1E792BB431B01214FEA154EAFB2A4
:10120000B3FBFEFC200C0EFB1C330CFB07F840EA82
:101210000343984562D9EB180CF1FF3004D298458E
:1012200002D9ACF102002B44A3EB0803A4B2B3FB38
:10123000FEFC0EFB1C330CFB07F744EA0344A742F9
:101240004ED92C190CF1FF3304D2A74202D9ACF1CC
:1012500002032C44E41B43EA0040C0E7C2F1200330
:1012600020FA03F1954090402EFA03F303434FEA2E
:10127000154EAFB2B1FBFEFC0EFB1C10190C0CFBA3
:1012800007F841EA0041884504FA02F422D96918B6
:101290000CF1FF3004D2884502D9ACF10200294498
:1012A000A1EB08019BB2B1FBFEFC0EFB1C110CFB79
:1012B00007F743EA01439F420ED9EB180CF1FF31C7
:1012C00004D29F4202D9ACF102012B44DB1B41EA5C
:1012D000004192E76046E3E76146F7E76046A3E72F
:1012E0006346B7E7834206D916B9002108467BE773
:1012F000C6E900E0F9E7B3FA83F78FB9834201D377
:10130000724508D8BEEB020460EB030301209C4643
:101310001EB9002168E73846FAE7C6E9004CF8E74D
:10132000C7F1200CBB4022FA0CF41C432EFA0CF13E
:1013300020FA0CF3B84001434FEA14490EFA07F5BE
:10134000B3FBF9F81FFA84FE09FB18300B0C08FBFD
:101350000EFA43EA00439A4502FA07F240D9E3182D
:1013600008F1FF3004D29A4502D9A8F102002344C3
:10137000A3EB0A0389B2B3FBF9F809FB183308FBA6
:101380000EFE41EA03418E452CD9611808F1FF3366
:1013900004D28E4502D9A8F10203214443EA004059
:1013A000A0FB0298A1EB0E014145CE46434602D375
:1013B00006D14D4504D2B9EB020E68EB04030138A7
:1013C000002EA6D0B5EB0E0261EB030101FA0CFC76
:1013D00022FA07F34CEA0303F940C6E9003198E723
:1013E0004046C5E74346D9E72DE9F843D0E9073839
:1013F000856903EB08042F34A5420F46164619D819
:10140000DFF86C80A3FB080117A3D3E90023FFF7E3
:1014100077FE0346601BA0FB080123F07F4412A364
:10142000D3E90023FFF76CFE20F07F403C60306082
:10143000BDE8F883DFF838900BA3D3E90023A5FBC0
:101440000901FFF75DFE20F07F440A480A2106A348
:10145000D3E90023E8FB0901FFF752FE20F07F40AB
:101460003C603060BDE8F8838D49FD1A070000003C
:1014700000CA9A3B00166BF12DE9F04F8DB09A46E9
:10148000179C9DF85870A36B05460E464BB1B4F8F7
:1014900078301BB1B4F87610994276D2E06F00280C
:1014A00076D14FF6FF739A4521D023780133DBB212
:1014B0002370002B77D058498B7AA1F808A067F3E6
:1014C00000038B72554BC1E9005204F11000002259
:1014D000C86099600120114607F0E6F9002864D140
:1014E000A36BC4F8905013B120460FF043FB257E48
:1014F00015F0010549D14A4A4A4B11781B788B42B5
:1015000055D04FF6FF739A45D4F87C80B4F87690A6
:1015100015BF0AF101074FF0000ABFB25746B8F1F4
:10152000000F2FD0B9F1000F2CD0A26E0AF1010AE2
:1015300040F271211FFA8AF301FB02FA3A4A4FF096
:10154000070BA6FB02010AFB03F309930BFB061131
:101550002FA3D3E90023FFF7D3FD099B324A1E18BE
:10156000A5FB02010BFB051129A3D3E90023FFF71B
:10157000C7FD50443044804586BFA8EB0606E667A9
:10158000C4F87CA04F44A4F876700DB0BDE8F08F8D
:10159000A16E40F27123A1FB0313814273F100039A
:1015A000FFF47FAFF1E700DE85E700DE98E7013367
:1015B00004210BA8137017F069FE0B9B1B490095C3
:1015C000A1FB03211A4A0694CDE90355CDE9015543
:1015D00028465D1A01EB5501A21A164D9208A5FB8B
:1015E0000252090A920840F2471505FB11330232F4
:1015F000114905910133D2B201210B9308F02EFE5F
:1016000010F0FD0F01D10B9D7BE700DEFBE700BF73
:1016100000CA9A3B00000000E05A0020C4020020EB
:10162000908900208F8900208D49FD1A21F1D490E6
:101630000C5B002015F9AC1B3DF30000000000001E
:10164000002900F0B6812DE9F04F8FB0002840F05E
:10165000B2818C4C164694F8802012F001071D468A
:1016600040F0B181607EFF2300F00300E37616F0C6
:10167000DBFF94F88000430700F1F48094F8292000
:10168000637F04EB820204EB8303D76AD3F82080E4
:10169000002F00F0CF80394640460EF0AFFC002806
:1016A00040F0848198F8003013F00E0F40F0F08085
:1016B0006369002B40F0798109F09CFD8146002888
:1016C00000F0AC8109F0A2FD0A90002800F0A3818F
:1016D00010F014FF8346002800F09A81C06E4FF688
:1016E000FF720BF11003ABF824200B93002800F0DD
:1016F00011820BF160020BF15C0107F051F89BF8CD
:10170000722022F007028BF872200022CBF86C20A6
:10171000ABF8702098F8002002F00F02072A00F0C2
:10172000EB819BF8582022F0770242F011028BF8EF
:101730005820012211465448D0F801C0CBF881C18D
:10174000D200CBF887C110F801CB42EA01219BF807
:1017500080210CF0010C6CF386126CF3C7128BF82D
:1017600080218288ABF88521ABF88B21BBF858200B
:1017700022F4E16211439BF83720ABF8581002F0D5
:101780003F0262F07F028BF837209BF83C2040F646
:101790007F014FF0000A22F00F02ABF8B6104FF4B1
:1017A000C0218BF83C20CBF872115846CBE912AA25
:1017B0008BF839A0ABF82AA0CBF82EA0CBF850A01C
:1017C000ABF840A1ABF878A1ABF86EA113F05EF8CE
:1017D0008BF844A1CBF8489111F0F4F99BF88011F3
:1017E00060F302018BF8801111F0F2F99BF880117F
:1017F00060F3C5018BF880119BF842116AF3410137
:101800008BF842110BF1C40012F04AFE0A9B63668A
:101810000BF11003C4F860906361CBE902AA8BF866
:1018200000A0CBF810B017F0B5FFB0B30DF028FE54
:101830000320BBE098F8003003F00F03072B00F003
:10184000B480124818F00EF9C0B2002840F0E680CB
:1018500094F8293004EB8303DF6A04233B700623EA
:101860007B7018E7C0F3C0003A4604F1810117F01D
:1018700073F8FF28E0763FF401AF384616F01AFF00
:10188000FCE600BF0C5B00200D720200345B002000
:1018900003F00F03072B00F04281B14B1B78022BA2
:1018A00000F043810023636300252E46637E227E81
:1018B000E667C3F38206A37EA4F87850C2F342021F
:1018C000012100250DF133008DF8332003EA0109D1
:1018D000A4F8765007F000F90246002861D033469C
:1018E0003946CDF8009040460DF018FC9D499E4BBE
:1018F0002570A0FB0101C01841F1070196A3D3E9AF
:101900000023C4E90255FFF7FBFBB4F86860606090
:1019100008F0EAFD00F1180746B998F8005005F004
:101920000F05A5F10105B5FA85F56D09237E65F36F
:1019300000032376DB07656800F12081D4F8388046
:10194000B8F1000F6CD1894B8948049505F2471511
:101950000694CDF8088091211D600993A6FB000331
:1019600001FB0631834B0793834B05934FF6FF73BF
:1019700002260DAD039378A3D3E900230D960895B5
:10198000FFF7BEFB032101903B463246CDF80080B5
:10199000404608F003FC294609F0BAFC002800F094
:1019A0009B8063690BB10DF06BFD0C200FB0BDE89F
:1019B000F08F0DF08FBD6A4B1B78022BF5D0002005
:1019C0000FB0BDE8F08F664B1B78022BF7D194F86F
:1019D0002920637F04EB820204EB8303D16A186A37
:1019E0000EF00CFB0028E1D1636B002BDDD01A79DF
:1019F00002F0FF0142B942F2107206FB02F2A4F8B3
:101A00007610A4F87850E2671B79002BD7D0CCE78A
:101A10000A9809F001FC484609F0F2FB0720C5E7E7
:101A2000D8F80080AB1C3B440DA940460D9300F054
:101A30006BF9A36E94F8742040F271218146A3FBE8
:101A40000131002A40F0D18042F6DC32981841F191
:101A5000000140F2E2420023FFF752FB80B2A8F8F7
:101A600034004A460D99404600F08EF98146002820
:101A700097D10DAB089302903C4B3D48049505F27D
:101A80004715069491211D600993A6FB000301FBF5
:101A90000631384B0793384B05934FF6FF730225F9
:101AA00003932DA3D3E900230D95FFF729FB032111
:101AB00001903B462A46CDF80090484608F06EFB60
:101AC0000DA909F025FC00287FF46BAF98F846308B
:101AD00043F0010388F8463094F88030002043F04A
:101AE000010384F8803010F025FA00287FF467AFF6
:101AF000012016F07BFD62E7617E9BF858204909C2
:101B000061F3020261F306128BF85820A27E02F004
:101B1000010210E60BF16400CBF86C00E9E598F8DF
:101B2000023059067FF5B9AEC2E509F063FB814684
:101B3000002867D009F06AFB00286AD00023C0F8AB
:101B400000900371237E6063DA073FF5ADAE42F289
:101B5000107303FB06F6A9E68D49FD1A0700000085
:101B60008E89002000CA9A3B8C49FD1A005B002038
:101B7000002AE784ADA6000079140000284B0993E1
:101B800000200DAA18600226049501950892254DA3
:101B9000254A05920321CDE9020006943B460090B8
:101BA000079532460D9608F0F9FA0DA909F0B0FB39
:101BB00000287FF4F6AE0DAA1C4908924AF2D832EA
:101BC00000920591CDE903000321CDE901000795BD
:101BD0003B46069401220D9608F0ACFA0DA909F0D7
:101BE00097FB00283FF478AFDBE602FB01110132DE
:101BF000A2FB0303194440F2E2420023FFF780FAFC
:101C000080B22CE76369002B3FF408AF0DF038FC7D
:101C100004E76369002B3FF4FEAE0DF031FCFAE6F9
:101C2000005B0020ADA6000079140000E1F1000087
:101C30002DE9F041037E477E90F81A808AB00D4668
:101C4000C3F34203044601210DF1230016468DF82B
:101C5000233006F041FFC7F3820708F0010802466F
:101C60003B4631462846CDF800800DF057FA204912
:101C7000204AA0FB0131981841F107011AA3D3E9CA
:101C80000023FFF73DFA63689842054623D21B1AEA
:101C900000220192184A02930221184B0991A21ABC
:101CA000CA40A3FB0232CA4000230A4409AE1449C9
:101CB0000591CDE903330321D2B20696009318466D
:101CC00008F0CCFA314609F023FB40B965600020EA
:101CD0000AB0BDE8F081FAD9C21A0023D9E70C2076
:101CE0000AB0BDE8F08100BF8D49FD1A0700000071
:101CF00000CA9A3B8C49FD1A0C5B002015F9AC1BFD
:101D0000ADA60000000000002DE9F04182B00446BD
:101D10001B4E1C4F88460EF009FB0725334629460B
:101D2000E0FB0731184614A3D3E90023FFF7E8F9D5
:101D300094F8253020F07F4004EB83036060996ABB
:101D4000FF231A4620460EF08FFA2946E0FB076172
:101D500009A3D3E900233046FFF7D2F901A920F007
:101D60007F4015F089FE18B9019B0233C8F8003096
:101D7000002002B0BDE8F0818D49FD1A0700000087
:101D80008C49FD1A00CA9A3B2DE9F04700268CB019
:101D90008846C0E902662049067017464822044674
:101DA00006F0DEFC0546A08E1C4940F2E24202FB32
:101DB00000F002230B93A0FB010115A3D3E900233C
:101DC000FFF79EF90DF12C0ACDF820A006941946D4
:101DD00063681F44124B0793124B059381460023FF
:101DE00010464FF47A72CDE90367FFF789F903359E
:101DF000EDB2CDE9019043462A46009630460321D4
:101E000008F098F9514609F083FA0CB0BDE8F08764
:101E10008D49FD1A07000000E45B002000CA9A3BD0
:101E2000ADA600006903010070B590F803C01CF076
:101E3000010F14BF00F10A04041D1B481CF0020F1F
:101E400015461E464FF00702A1FB000318BF0634DB
:101E500002FB01311CF0080F11A3D3E9002318BFC6
:101E60000234FFF74DF9AD1B10492844A1FB0031A6
:101E70000D09490C04D00E4BA3FB0030012145098C
:101E8000A2782078657022F01F02C5F3042361F365
:101E9000C71013432070A370204670BDAFF30080BD
:101EA00000CA9A3B000000008D49FD1A8988888885
:101EB000B5814E1B000000002DE9F04F93B0D0F823
:101EC00038B00A9000241094DBF80030944909934C
:101ED0004822184606F044FC0A9BCDF82CB0D3F8F3
:101EE00090A0CDF83CA0FF22C51C8DF83720012220
:101EF000EDB20A9252460E94AA460DF144090DF134
:101F000040080EAF02269B4615460BE0119B4BBBCB
:101F10000F9BAB422AD19DF83730FF2B31D09A4529
:101F200034D00F9D7F4BCDF81890CDE90443CDE917
:101F30000244CDE900780FAB0DF1370202210020F9
:101F4000119608F06DFA0228E0D1119B022BDDD129
:101F50000221002008F0B0FA119B022BF8D0119B4F
:101F6000002BD5D000DE0F9BAB42D4D00A9A531E73
:101F7000DBB2002A00F0C6800A939DF83730FF2BB1
:101F8000CDD100DE9DF837309A45CAD1109C664904
:101F90000E9DA4F57422A2F510728A425B46DDF80C
:101FA0002CB007D904F1E874013D04F5D4340E9542
:101FB00004F5A5745D4ACBF80C50A2FB0424A40CD4
:101FC000CBF81040197F587F10948142CAB204D0D8
:101FD0000132D2B2022A08BF002203EB8202597EEC
:101FE000D2F82080BBF8087098F80120C1F3820174
:101FF00003297BD9997ED30001F0010252002B33D3
:102000000132934003F5BC731FFA83FA484E4FF038
:102010000709A5FB06013EA3D3E9002309FB05112F
:10202000FFF76EF8434A04EB000CA2FB0C120AF512
:10203000967A22F00F011FFA8AF3A1EB1212B3EB8A
:10204000420F1FD9099B3C489B8E40F2E24202FBA3
:1020500003C4A4FB000130A3D3E90023FFF750F829
:1020600020F07F45A5FB060129A3D3E90023CBF887
:102070000C5009FB0511FFF743F80137241ACBF880
:102080001040BFB22246294600234046FFF7CCFE4F
:10209000DBF80C300999099D0133CBF80C3091F82D
:1020A000452091F84430934202EB420305EB430391
:1020B00018BF81F8442093F83D30062101FB0252FD
:1020C0000446E98E383203F03F03384615F07CFDB4
:1020D000237860F30503237008F006FA0F9908F0DF
:1020E00005FA2C280AD813B0BDE8F08F8B180933F5
:1020F000DB004910CB401FFA83FA87E700DE13B0FC
:10210000BDE8F08F00DEFF230A9304E7AFF3008001
:1021100000CA9A3B000000008D49FD1A070000002C
:10212000E45B002065030100BFBDF07F83DE1B433D
:102130008D49FD1A8988888800CA9A3B00000000F2
:102140002DE9F04FA5B00D461E4640F201232E9911
:102150000F92AB432F9A0C9104460D9200F0F78139
:10216000637F04EB830305F4007BD3F820A09AF887
:10217000007007F00F07072F10D0BBF1000F04D13C
:102180000C27384625B0BDE8F08FD6F8012031780D
:10219000204625B0BDE8F04F0DF08CBF9AF8023014
:1021A00013F03F0218BF9AF803208DF880200AF13F
:1021B00004020A92BBF1000F02D07F2B00F27D8156
:1021C0000C9904F11C0017F0E9FC9AF80020037840
:1021D00002F00F0223F03F03134302464FF00008C2
:1021E00002F8023B9AF80230139282788DF87C80D4
:1021F0009B0963F387128270A26B814604F1100081
:10220000002A00F0D882537D02EB8303996913689A
:102210001493CB780B910231129103F001018DF8E8
:10222000883011910D99099302F1140017F0B6FC52
:1022300099F8001002780B9B01F00F0122F03F0289
:102240000A4302701A780178C2F3801262F3861191
:1022500001701A78C9B2D20962F3C711017099F8F6
:1022600002208178920962F3871181709DF88020A5
:10227000012115EA010380460E938DF88410099B15
:1022800002EA010040F00781002800F048819AF836
:10229000000098F800C00E99C0F3801060F3861C0F
:1022A00088F800C099F8000061F3861089F80000F2
:1022B0000AF10A010A911198002840F044810B9814
:1022C0000430099003F0020190071D9140F105814F
:1022D0000A9906310A919DF8841041F002018DF8A7
:1022E00084109AF8001098F800C0C909404661F3BC
:1022F000C71C00F810CB99F800106FF3C71189F8CC
:10230000001003F0020111B109990631099112F090
:102310000801189102D00A9902310A919DF87C10A7
:1023200041F008018DF87C10811C0E9115F0080118
:1023300000F0D18002213170D6F801101791C6F853
:10234000010005369DF8841041F008018DF88410D5
:1023500013F00801199102D009990231099112F084
:1023600010011A9102D00A9903310A919DF87C104C
:1023700041F010018DF87C1009F10901109103F072
:1023800010011B91E90640F19A80811CC6F80110EA
:102390009DF8841041F010018DF8841003213170F4
:1023A000053603F01001002900F0918000211691FC
:1023B0000999033109919DF88410C90644BF411D54
:1023C0000E91520611D50A9A01320A92627E02F0EB
:1023D0001C02102A00F00E829DF87C2042F0400280
:1023E0008DF87C2009F10A0210925B0608D5099B42
:1023F000013309939DF8843043F040038DF8843015
:102400009DF88430159313F040031C9302D00E9B6B
:1024100001330E93109B139A981AC0B2022803D866
:1024200009F1030310930120099B129A9B1ADBB256
:10243000022B03D80B9B0333099301230B9A527889
:102440009A42C0F0AA800E9908F1020CA1EB0C0C84
:102450005FFA8CFCBCF1020F04D808F103010E9165
:102460004FF0010CBBF1000F73D096F800B0D6F816
:102470000110D51AEDB2099B3570C6F8013005364A
:10248000BBF1000F40F09580002940F08081099950
:102490005A465B4668E016F801EB98F800C06EF308
:1024A000861C88F800C099F800C06FF3861C89F874
:1024B00000C000283FF4FFAEFAE6122761E60F994C
:1024C000C9063FF56EAF03F0100100297FD103F07C
:1024D000100116916FE7179134E70E9908F10A0081
:1024E00000297FF408AF03F00201002967D09DF8AE
:1024F00084000B9940F002008DF88400087898F869
:1025000000C00E99C00960F3C71C404600F810CB0C
:1025100099F800C061F3C71C89F800C0F4E611986F
:1025200000283AD00B9998F800C008780E99C0F3AB
:10253000801060F3861C88F800C099F8000061F3F1
:10254000861089F800000B990A310991BAE600DE7D
:1025500006E66D0523D40F99890500F11881D31A79
:102560000999DDB25A465B4605EB020EBEF1FB0F40
:102570003FF707AE0CEB05071744FF2F30DD0CF1DA
:1025800001035B442B44CA45337000F0A1810B9BCF
:10259000984500F098814527F3E51F27F1E596F867
:1025A00000B00999D51AEDB2D6F801305A46053671
:1025B000DAE75D464FF0000B5A465B46D4E799F8E0
:1025C00000C00E9961F3C71C89F800C09FE69DF812
:1025D000841041F010018DF8841009991691E7E6F6
:1025E00099F8022089F80100013860F3050289F8A2
:1025F000022098F802200E9E0C930CF1FF3060F33D
:10260000050288F802200BEB0502624488F80120DD
:1026100030462A4623F0A4FC0C9B23B15A461946A7
:10262000701923F08FFC98F802309A0600F0AD8004
:102630009DF87C305B0640F1F4800A9A109912F8FC
:10264000013C01F8013C531E0A934B1E10931A9B48
:1026500013B10A9B033B0A93109E637E16F8032C6A
:102660006FF3050206F8032C5D0917F001F9322813
:102670008CBF0020012095FAA5F3002DB3FA83F357
:1026800008BF4FF0FF335B0106F8013C16F8033C2E
:1026900060F386136FF3C71306F8033C002306F8B4
:1026A000023C1B9B13B1099B033B0993159BDF065F
:1026B00002D50E9B033B0E93169B23B10E9803226B
:1026C000194623F04DFC189B13B10A9B023B0A9359
:1026D000199B13B1099B023B0993179B002B00F038
:1026E000E580179A537812781B0203F470631A433B
:1026F0001098D1B200F8051C94F87230C3F30303AC
:102700001B0103EB122300F8043C0E9800F8021C96
:1027100094F87230C3F303031B0103EB122300F898
:10272000013C159B9E076CD40238159BDD0709D52B
:10273000119B002B00F0D080099B991F06380622C0
:1027400023F00EFC99F802300B9899061CBF9DF8F7
:102750007C3089F8033098F802309A061CBF9DF847
:10276000843088F80330A57E637E169A05F0010553
:102770004FF496745B094146009501940EF00EFAF1
:10278000149B93F84630DB075AD40027F9E499F8F4
:10279000023089F80100013860F3050389F802303E
:1027A00098F8023088F801C00CF1FF3C6CF3050387
:1027B00088F8023037E70EF073F91490002800F023
:1027C0009780DDF850C0CDF844809CF825300CEBA4
:1027D00083030122996A0B91084610F8023B12907C
:1027E00003F03F034A700B7081F803800CF1100274
:1027F000434617E59DF8842042F040028DF884207E
:10280000F3E51D9B002B6AD0099B063B09930E99AB
:102810001A6841F8082C9B8821F8043CA1F10800B3
:1028200083E71C9B002B3FF412AF099A0E9912F814
:10283000013C01F8013C531E09934B1E0E9306E721
:10284000149C20460DF072FD2F4A304B0721E0FB0F
:10285000023118462AA3D3E90023FEF751FC65682C
:1028600020F07F44AC423ED22E1B0025149F284905
:10287000022348223846239305F072FF002325499E
:102880000195C21C23AD0591CDE9033303210296C6
:10289000D2B200931846069507F0E0FC294608F0EE
:1028A00037FD00287FF46CAC7C606EE794F87230E2
:1028B000194903F00F0331F81320501C21F81300BD
:1028C000C2F30B0214E70D9AA36B12785A7562E6F5
:1028D0000C9B1B7863775AE60A9B991F2EE70A9B8D
:1028E000063B0A9393E77FF650AF651B0026BDE7D2
:1028F000CA457FF446AC00DE43E400BFAFF300807E
:102900008D49FD1A0700000000CA9A3B8C49FD1A48
:10291000E45B0020ADA60000C05B002000000000CA
:1029200070B5294C9DF810E094F8625015F002053E
:1029300042D110F0080F4FEA500605D094F8C6C0F7
:102940001CF0020F38D1643471B3A4F84C104FEA74
:10295000401C94F838101D484FEACE0E0EF0180EA9
:102960000CF0200C4CEA0E0C21F038014CEA010C62
:1029700094F8441084F838C066F3020184F84410D7
:1029800094F8621063F3830184F86210A2FB0003E1
:10299000912101FB02310AA3D3E90023FEF7B0FB2A
:1029A0002065A065284670BD94F8443061F30203A9
:1029B00084F84430284670BD0C25284670BD00BF01
:1029C0008D49FD1A070000006C5C0020002AE78496
:1029D00010B504469DF80800A2874FEA411CC000CC
:1029E00094F8281000F018000CF0200C4CEA000CB1
:1029F0000B4821F038014CEA010CA3FB00029121A5
:102A000084F828C001FB032103A3D3E90023FEF7C8
:102A100077FB206410BD00BF8D49FD1A0700000040
:102A2000002AE784000000002DE9F04F90F86230A2
:102A300090F83820DFF83092DFF830826FF300032F
:102A4000044600F14601C3F3800060F386128DB0A6
:102A500084F8623084F8382007F0ECFD94F83820D0
:102A6000B4F84C308248246102F07902002684F8E0
:102A700038209121A3FB000201FB0321C4E9026677
:102A800077A3D3E900232670FEF73AFB794AA36DBA
:102A90002365A4EB0905A2FB05251833C5F34715EB
:102AA000984205EB450296BF0346636060600746A7
:102AB00048F8223098BF26654FEA450A002D5AD1C2
:102AC00099F8A83003F00703032B72D84FF0000BDE
:102AD00007F00AFD636900F11806002B00F08380FF
:102AE0000DF12C09AA4408EB8A030993CDF8209034
:102AF0000694B4F84C305E484FF00008A3FB000287
:102B0000CDF80C80912101FB0321636804935A4B9B
:102B100007935A4B05934FF0020A51A3D3E90023C0
:102B2000CDF82CA0FEF7ECFA104619464FF47A7255
:102B30000023FEF7E5FA05355E44EDB2CDE90170FC
:102B4000032133462A46CDF80080404607F026FB95
:102B5000494608F0DDFB002841D194F8623043EA91
:102B60000A0384F862300DF027F9002856D00020BF
:102B70000DB0BDE8F08F012DA8D199F84430DB07E6
:102B8000A4D5266D002EA1D0B9F84C30384891213B
:102B9000A3FB000201FB032131A3D3E90023FEF7CD
:102BA000AFFA87424FF0000B47D00023C8F80C3033
:102BB0008EE7266D002E89D0B9F8B0302C489121CF
:102BC000A3FB000201FB032125A3D3E90023FEF7A9
:102BD00097FA874226D00023C8F8003076E70C2009
:102BE0000DB0BDE8F08F0DF12C09CDE90A33616815
:102BF0004B460AAA032001F043FD00287FF472AF80
:102C00000B991F4816A3D3E90023A1FB0001FEF78F
:102C100077FA0A9B20F07F461E4463E7504615F082
:102C2000E5FCA4E7D9F8B43033449F42D3D3023350
:102C30009F429CBF193E6660CDE7D9F850303344BF
:102C40009F42B2D302339F42AFD8193E6660D9F893
:102C50005030C4F850B0C9F850B003F1020BA4E7EB
:102C60008D49FD1A070000006C5C0020545C0020B8
:102C7000002AE7841F85EB51ADA60000E91801008A
:102C800000CA9A3B000000002DE9F04F0B79082B99
:102C900093B00C46074609D0092B00F07981062B2A
:102CA00000F0CC8100DE13B0BDE8F08FD1F80890C1
:102CB000D9F82C30002B40F03B82D9F800804046F8
:102CC0000FF004F90530C3B20B930420A37E2760F4
:102CD000002666F38613A37694F82130E660002B75
:102CE00000F04C8104F1220A3546B64694F82220C1
:102CF000910600F03F8194F823C01CF0010F14BF2F
:102D000004F12A0104F124011CF0020F18BF06315E
:102D10001CF0040F18BF01311CF0080F18BF02315E
:102D20001CF0100B1CBF8B4603311CF0200F18BF8A
:102D300012311CF0400F18BF0131C2F30502A1EBA4
:102D40000A010132D2B2C9B28A4238BF0A469A4257
:102D50003ABF9A1A5FFA82FA4FF0000ABBF1000FED
:102D600000F08E819BF802109BF801C00A0202F469
:102D7000F85252EA0C0200F08381BEF1000F40F0DD
:102D8000A9815F294FEA511C00F2D6819BF80010FF
:102D90000C9101F03F0EBEF1240F00F2CD810C9991
:102DA00011F0800F14BF4FF496711E210D9101FB9D
:102DB00002F2410740F1D781D800A37EC3F380031C
:102DC0005B002B30013300FA03F303F5BC730D995C
:102DD00003F5967E50187045C0F08F810C99B64867
:102DE00049064CBF32214FF4FA7102FB01F1A0FBFE
:102DF0000101890C0C910121CDE90E3201FA0CF38D
:102E0000D8B2109316F030FB61690F9A0E9B1190A7
:102E10002F390A44D31A0C9A1B1AA8489B1AA3FBF1
:102E20000001A3A3D3E90023FEF76AF920F07F4352
:102E30000E9394F91A30002B80F25481002D00F08B
:102E40009E81AB8D53449BB21E2BAB8504D994F964
:102E50001A30002B80F2D380AB6A002B00F0A581E2
:102E6000DC60AB8DAC62A3839BF80010109BB28832
:102E700001F03F0141EA032122F4E76240F23F738F
:102E800022F007020B401343B38094F91A30002B51
:102E9000C0F28D81B8F1000F00F0978198F8623090
:102EA00013F0010340F02F81D9F82C20B24208BF63
:102EB000C9F82C30737903F00703032B00F25C810F
:102EC00003F10902D2005B10DA40119B7B4803F248
:102ED000053313447A4A0721E3FB0021104674A30B
:102EE000D3E90023FEF70CF90C9B0D9A2F3302EB6C
:102EF000430320F07F4068600022B360022101207C
:102F000005F09EFC0B9AFF2A0DD023690E99002034
:102F1000453B0B44CDE90000012107F0B7F910F063
:102F2000FD0F40F0698167493022284605F018FC02
:102F300065492369CDE907156449CDE90515696837
:102F400002460020CDE9030107320E990091CDE938
:102F50000100453BD2B2012107F0ECF810F0FD0F63
:102F600040F0488101220221104613B0BDE8F04F25
:102F700005F066BC013BDBB2002D3BD1A3832146AB
:102F8000384608F04FF913B0BDE8F04F08F056B9D5
:102F90008E684C4B35689D4260D1D5F82090B9F1D0
:102FA000000F00F0D08047493022084605F0D8FBDA
:102FB0000730C3B20B93D9F800000EF0A1FF804692
:102FC000707900F0070002286ED004286AD001282A
:102FD0007FF468AE062394F81AE02371002273464A
:102FE00062F38613A37694F821302760E260002B09
:102FF00040F0FB80AA8D13449BB2AB85A383B8F14C
:10300000000F7ED098F86230AA6ADB077BD4D460C8
:103010002B6AAC62002B7AD02B6A002B79D02B78EC
:1030200003F0FF0233B3012A7ED1AB68002B7DD1C0
:10303000274BC5E9023513B0BDE8F08FD1F80890F1
:10304000D9F82C30002B75D1D9F8008040460EF00D
:103050003DFF0530C3B20B93012037E6CB68002B50
:103060007CD01D682A6A964272D1B1461E46FF2363
:103070000B93A0E7284613B0BDE8F04F0EF0E2BF77
:10308000002D48D0AB8D53449BB2AB85A383BEF1DA
:10309000000FB4D0AB6A002B43D0DC60AC6213B03D
:1030A000BDE8F08F082396E7072394E7AFF300808D
:1030B0008D49FD1A0700000083DE1B4300CA9A3BBE
:1030C0008C49FD1A605D0020A5200100FD1F010054
:1030D00095200100002D38D0AB8D53449BB2AB85B9
:1030E000A383D7E707F000FA23690E9A383B9918B3
:1030F00007F0FCF902023FF5A1AE002D7FF47FAF8F
:103100003DE700DE7EE7AB6AA342C6D1CBE500DE39
:1031100082E700DE83E7A4F81CA0BEF1000F3FF4B5
:103120002EAF00DEAB6AB8E700DE7EE700DE7FE7A9
:1031300000DEC2E500DE87E795B1AB8D53449BB25C
:10314000AB85A3835BE700DE2DE7A4F81CA0E8E7CE
:1031500000DEB1461E46FF230B932CE700DE80E71E
:10316000A4F81CA00BE700F0030E73440933DB0046
:10317000C0F34000C3402AE64FF43472A5E61F486E
:1031800005F0C0FA054610B30023027D0370C0E9C4
:10319000023363F3C712A0F82CA0006102754362EA
:1031A0008362C0F8209000F110066C6259E6D9F8ED
:1031B0002C30B3B9C9F82C60A37E43F04003A3764A
:1031C00033796FF3861333716DE500DE66E694F9AB
:1031D0001A30002BBFF6D3AEA37E43F04003A37694
:1031E000CDE6B342E6D000DEE4E7CEF3C00E04F154
:1031F000220A7BE500DEB5E600DE94E65C5D002099
:103200002DE9F04F05468BB08B46012002219946EF
:1032100014461AF041FA002202218246012005F0EC
:103220000FFB33494FF4C872284605F099FA00F1B4
:103230000806304B0093F6B201954B463246012109
:10324000002007F0A9F810F0FD0F48D12A4BA4FB8D
:103250000348204624A3D3E900234146FDF750FF4D
:10326000264B20F07F47A7FB03310722E01A02FB21
:10327000071168EB01014FF47A720023FDF740FF5C
:10328000CDE90170CDF800B008950695696895F90B
:1032900037401B4804911B4931EA240128BF0146ED
:1032A0000591194C07944FF6FE7103914B46324637
:1032B0000121002006F03EFF10F0FD0F0DD1BAF104
:1032C000000F02D10BB0BDE8F08F012202211046A1
:1032D0000BB0BDE8F04F05F0B3BA00DEEFE700DE5B
:1032E000B4E700BFAFF300808D49FD1A070000006E
:1032F000F8090020D123010000CA9A3B8D49FD1A2C
:10330000A97401001D760100B9230100000000002E
:103310002DE9F0418468A28C4FF6FF739A428CB07D
:1033200044D00546204611F07FFD2B7D012B00F097
:103330003181022B00F02481002B00F0038194F8EE
:103340004461002E40F01F812B8AE78D94F93720CD
:10335000CDE90A666BB3002AC0F27B810023A4F892
:103360007431AB7CA28D03F00303551C012BADB26D
:103370003AD0B4F87831002B00F01581AB4240F21E
:103380007B815B1B9BB20022062BA4F87831E2857F
:1033900040F2068194F937309342C0F272810023E3
:1033A00025E09DF8271020460FF02CFD0CB0BDE85D
:1033B000F081002AB8BF84F8B960AB7CA28D03F01D
:1033C0000303551C012BADB20ED0B4F87431002BA1
:1033D000CFD0AB4240F25F815B1BA4F87431B4F8EC
:1033E0007831002BCAD102E00023A4F8783194F898
:1033F0003C2063F3820284F83C2029460DF1270229
:10340000204611F07FFA7430CBD0B4F872312BB172
:10341000AB4240F20F815B1BA4F87231B4F86E31FD
:103420002BB1AB4240F2FD805B1BA4F86E31E58D01
:1034300016B9AF4200F0EC800135ADB294F8B5306A
:1034400013F0010723D1DDE90A130A46002B40F0EF
:10345000EF80002900F0DE801F461846A28C246908
:103460000694CDE903560832AB4D0290CDE9001722
:10347000D2B201210020059506F0F0FE10F0FD0FFC
:1034800094D007F06FFF844290D000DE8EE794F96D
:1034900037206FF30003002A84F8B530C0F29E8015
:1034A00094F85800C0F3C00100F0070015F0DAFFEF
:1034B00094F8583003F00703032B00F29D8003F1CA
:1034C0002801C9005B10D94094F85930B1F5A07FAC
:1034D00003F0070338BF4FF4A071032B00F295806F
:1034E00003F12802D2005B10DA40B2F5A07F38BFAA
:1034F0004FF4A072E38B03F2093303440B441344EB
:103500008648874A0721E3FB0021104680A3D3E9C0
:103510000023FDF7F5FDDDE90A1320F07F42606826
:103520006260904235BF171A801A002000270A46B1
:10353000002B93D151EA070C90D100286AD019468C
:103540001F468BE794F8723003F01803182B7FF4B2
:10355000F6AE218DB4F870218B1D9A42C4BF931F23
:103560005B1AB4F86C11CCBF9BB21346994200F0C1
:10357000AE80A4F86C31A4F86E31A4F87221DEE6B6
:103580003D2684F84461314620460CB0BDE8F04148
:103590000FF038BC0023A4F87231A4F86E31CEE6E7
:1035A0000126334623E7E28C052A97BF013240F219
:1035B000E2434FF4FA7392B203FB02F2B4F87631AD
:1035C00042F2107101FB0323013BB3FBF2F39BB208
:1035D000A4F87831002B7FF4D1AE08E794F85900B5
:1035E000012100F0070015F03FFF94F8583003F078
:1035F0000703032B7FF663AF94F8593003F00703FA
:10360000032B4FF429617FF66BAF4FF4296271E70A
:10361000354613E7002D43D00027114638463B4678
:103620001CE70023A4F86E31204611F0FDF9FEE6F8
:10363000384613E707F038FE0146A0B30023A4F88C
:103640007231A38CC3801B230371006807F0FCFD5B
:10365000E4E694F8B9306BB3013B84F8B93004F177
:10366000C408404610F05EFFB8B3404610F05AFF61
:10367000B8B30023E38571E6082120460FF0C2FBB2
:1036800094E6A7B9D4F8BC305A0813F0010336D138
:10369000C4F8BC2083E63E2120460FF0B3FB85E64C
:1036A000002EB9D182E60123A4F87231B6E61346A2
:1036B00001269CE60AAA0BA92846FDF795FEDDE93E
:1036C0000A231343CBD0237884F8B930C7E7B4F882
:1036D000721100297FF433AE4DE7FF200FF02AFB73
:1036E000C3E70246D4E9170105F072F80028C0D1FB
:1036F00094F83C301B0744BF238DE3852EE642F04F
:1037000000421E46C4F8BC203B4670E6AFF3008082
:103710008D49FD1A070000001124010000CA9A3BE0
:103720008C49FD1A000000002DE9F04F87B0B0F879
:103730004071BDF84C900091CDE90432B0F80431ED
:10374000BDF840A01F44BFB20446A7EB090390F8A0
:103750005800D4F8FC809EB2BDF844300193C0F309
:10376000C001BDF84830039600F00700029315F041
:1037700079FEE58C052D40F21D8115FB06F5ADB2F5
:1037800040F2E24BBAF1050F40F2088194F858205C
:103790004FF0961302F00702E361032A4FF09603FD
:1037A000238440F2D98094F8592002F00702032ABA
:1037B0004FF4296300F2E18002F12801C9005210A0
:1037C00021FA02F2B2F5A47F38BF4FF4A472134479
:1037D00000F29F300344844A84480721E3FB002120
:1037E00010467FA3D3E90023FDF78AFC564620F05C
:1037F0007F4040F2E2430BFB05F203FB06F6531E4B
:103800003344B3FBF6F31FFA83FB606006FB0BF057
:1038100082425D4680F0B4807449801AA0FB0101A9
:103820006FA3D3E90023FDF76BFC20F07F408044B9
:10383000B4F80421B4F84031A9EB07094D44ADB206
:1038400013442B44A4F84031638D13441D4494F871
:1038500037306585DB0900F0B580216CA36C634FC0
:1038600001FB0233039A01FB1233A3640023C4F863
:10387000C03015F0FDFF054694F8B800C0F34200D3
:1038800015F0F8FF054406FB05F5594B564805F5BC
:10389000742505F23F25A3FB0535AD0CA36C25640B
:1038A0000BFB05FB72085B44963A934228BF134614
:1038B000C4E91123059B40F2E24909FB03F3072108
:1038C0002365EBFB070146A3D3E90023FDF718FCB2
:1038D000049BA8EB00084748A0FB0330800A09FBC3
:1038E00000F0A0FB07013EA3D3E90023FDF708FC8D
:1038F000751B20F07F47019B2385029BA4F876313E
:1039000031462046A4F826A011F028F83A4B218D24
:103910003344881DB3FBF6F39AB29042A4F87021A9
:1039200004D2C1F57F41FA310A4492B2009BA4F857
:103930006C2113B10023A4F8783143462A46394656
:103940002046FFF75DFC94F8423143F0010384F810
:10395000423107B0BDE8F08F02F12803DB005210BE
:10396000D34094F85920B3F5A47F02F0070238BF82
:103970004FF4A473032A7FF61FAF4FF4296226E7A2
:10398000121A1A48A2FB000115A3D3E90023FDF780
:10399000B7FB20F07F40A8EB000849E74FF09613F3
:1039A0000AF10106E36196232384B6B219204FF48D
:1039B000FA7320E7039B013515FB03F5ADB24FF415
:1039C000FA7BDFE6049B0948A3FB000104A3D3E9CB
:1039D0000023FDF795FB20F07F47354601378AE746
:1039E0008D49FD1A070000008C49FD1A00CA9A3B58
:1039F00083DE1B435917B7D17FC3C9010000000004
:103A00002DE9F04F04460B6890F820701668D3F843
:103A100000A0E38CD0F8220095B015464A7CADF8A2
:103A20004C30FF2AC7F3801388460C9212908DF811
:103A30003F3040F0208299461A4612AB93E80300CB
:103A40000DF1400B1090ADF84410FF090AF1870109
:103A5000D4F800C00A915B463846CDF82CC00FF070
:103A6000BDF80A99002840F0EE8196F880310A905E
:103A700069F3C71367F3861386F880311098BBF893
:103A80000430C6F88701A6F88B31DAF88730C6F81B
:103A900081318B88A6F88531638E94F83410A97231
:103AA0002B81D4F82E306B60D4F83E30C5F822302C
:103AB00005F1220094F842300371052105F00CF85D
:103AC00095F8273000F03F0060F3050385F82730B4
:103AD00094F84330C3F3040185F82810218FE9825C
:103AE000012803F01F0389B240F2AD811B3303F0BC
:103AF0001F030B2B00F2A781063989B240F67A43E7
:103B000099420A9A00F29F81D8F800305A60638F78
:103B10002B83E98ADAF8382040F2E24303FB01F70D
:103B2000E18E0A91002A00F013829AF8191040F6EB
:103B3000C41240F6A6637F2988BF1A460D92002161
:103B4000304610F01FFF94F8433096F8B8205B0918
:103B500063F3430286F8B82015F08AFE814696F892
:103B6000B800C0F3420015F085FE09EB000307FB27
:103B700003F3D34A03F5742303F23F23A2FB032389
:103B80009B0C2B637B08963B6B6394F8353040F2BB
:103B9000E24202FB03F36B64A38FA6F87631394649
:103BA000304610F0DBFEC74BC74AC6F87C213B44C9
:103BB000B3FBF7F39AB2A6F87021298B881D8242D5
:103BC00004DDC1F57F41FA310A4492B2A6F86C21B6
:103BD0006B68C6F8BC30DAF83830002B00F0B381DF
:103BE0004FF00109E20700F1BB814FF48073238499
:103BF0009AF81B0014F0C8FF04F12F03002800F00E
:103C00005581A26AC4F82F20A28D9A800C9BFF2BAD
:103C100000F0A081BDF84C301298A4F82D30C4F803
:103C20002900BBF80430A4F8273010989DF83F30E5
:103C3000C4F8230084F82230EB8AE3862B8B238799
:103C4000B6F87631638796F8B830C3F3420384F848
:103C50003C3030460EF05EFC0823A882E08085F8F8
:103C6000A730D8F804B00B98214607F0DBFAAB8AEE
:103C7000ABF806301C23DBF800408BF80430B9F1B8
:103C8000000F40F02F818BF820900BF017FD0028DB
:103C900040F03B815946204607F0D6FA95F8483067
:103CA00003F00703032B00F2FE8003F1280B4FEA19
:103CB000CB0B5B102BFA03FBBBF5A47F38BF4FF493
:103CC000A47B95F8490000F00700032800F2E88083
:103CD00000F12804E4004310DC40B4F5A47F38BFB1
:103CE0004FF4A474012115F0BFFB8146774A784850
:103CF0005C4409F29F3323440721E3FB02014FF0A8
:103D00009613C5E903336CA3D3E90023FDF7F8F953
:103D100020F07F407060D8F80C300A982A6B40F28F
:103D2000E24101FB00342F3C0D9BA41ABD1A022175
:103D3000002201201C4404F083FDDAF83830A4EBA3
:103D40000904A3B11F6838460CF05AFEC21C614B2F
:103D50000097D2B20121002006F0DCFA012800F021
:103D6000088197F846306FF3000387F846305046D5
:103D70000CF006F8074655484FA3D3E90023A4FBEF
:103D80000001FDF7BDF9CDF804A0D8F8083051497D
:103D9000009120F07F4BBA1C453BD2B25B4401211D
:103DA000002006F0F9FA012800F0DC809AF81830BB
:103DB000DB0700F1A28030460EF0ACFB434BA5FBC5
:103DC000035904463CA3D3E9002328464946FDF79E
:103DD00097F9D8F80830404A0792A3F145083F4BBD
:103DE000069620F07F47A7FB0331E81A3C4B05936A
:103DF0004FF4F873089373684FF0000ACDE903A3FA
:103E00004FF0070303FB071169EB01014FF47A72CE
:103E10000023FDF775F90834E4B2CDE90170CDF85F
:103E200000B0434622460121504606F083F910F0C7
:103E3000FD0F40F0A58001220221104604F000FD94
:103E400015B0BDE8F08F0022CAF8082095F82C3094
:103E50000B9862F3000385F82C30E56801262146B3
:103E6000267107F0DFF928682E71294607F0ECF972
:103E700015B0BDE8F08F0DF1400B10460DF13F017C
:103E80005A4614F0A5F89DF83F9094F8207009F177
:103E900002095FFA89F98DF83F9009F00102D4E533
:103EA0004FF429641EE74FF4296B0AE7C4F82F008A
:103EB0009880ABE6AFF300808D49FD1A0700000043
:103EC00083DE1B437FC3C901404B4C0000CA9A3BB1
:103ED0008C49FD1A31750100817401008D49FD1A6C
:103EE000A974010095F8273043F0400385F8273086
:103EF000281D13F065FE2885C5E6002301220093E6
:103F00001846114606F006FA55E75946204607F0CE
:103F100089F9DAF834B05046DBF800400BF030FF96
:103F200010F0FF000DD100231222ABF806008BF831
:103F300008308BF80420AA8AABF80A208BF80930E5
:103F4000A8E600DEEFE794F82030C3F3401949E615
:103F50000D93F4E50022C4F82920A4F82D2060E692
:103F600000DE42E607F0FEF982453FF41FAF00DEB7
:103F70001CE707F0F7F987423FF4F3AE00DEF0E606
:103F800000DE58E7000000002DE9F04F8DB09B46A1
:103F9000BDF864300893CDE90601BDF868309DF89E
:103FA0005C80BDF860A09DF86C90039200200593A2
:103FB0000DF0D8FF002800F09C8008F001070546AE
:103FC000384606F027FB04902FB1062104F0DCFBF5
:103FD000002800F09880169B04995A4638460EF047
:103FE000FDFD002840F0818001200DF0BBFF06465A
:103FF00000287ED019F0040F7FD04369002B00F019
:10400000848006F1100494F8343069F3020384F8D4
:1040100034306368002B00F08D80D4F804900BF0EE
:104020000103D9F80050089399F84800C0F3C00183
:1040300000F0070015F016FA94F8342002F0070299
:10404000032A68D802F12801C900521021FA02F2AD
:10405000B2F5A47F38BF4FF4A4725200B9F80E1025
:1040600000F209330B441344B348B44A0721E3FB7D
:1040700000211046AEA3D3E90023FDF741F820F05C
:104080007F406860039D284614F0F0FAA38E03F089
:10409000BF0363F0FF03A386002D3FD0A8F1020306
:1040A000012B40F22D8196F86210089868F3830185
:1040B00086F8621094F8341060F3451184F83410D7
:1040C00016990968A16016998988A1810599A1822C
:1040D00003990091DDE9062320460021FEF778FCD4
:1040E000B06500200DB0BDE8F08F0B200DB0BDE82D
:1040F000F08F0C200DB0BDE8F08F6B6943B105F176
:1041000010042E467FE71220F0E76B69436178E7E1
:1041100043696B61F3E74FF4A9529FE714F03AFE4D
:104120000028BBD0039A1699584614F015FC84F861
:104130003500B3E707F05EF80990002800F0F28040
:104140000EF0DCF90546002800F0E980143004F098
:10415000D7FC05F11009002840F0E680032105F1A5
:10416000180015F06DF8E86E089B2B854FF6FF726E
:10417000A5F826A0AA84002800F0CD8005F15C01F6
:1041800005F1600204F00CFBB5F8582022F4EF6250
:1041900022F0070242F48C7242F00102A5F8582086
:1041A00095F8722022F00702002385F8722040F66D
:1041B0007F02EB66A5F870306B85C5F82E30A5F848
:1041C000B62005F1320013F0A5FC95F8372060F316
:1041D000050285F8372001210DF12F0015F030F888
:1041E000059A9DF82F10A5F87621554AA2FB0102E9
:1041F000D20802EB4202A1EB820195F8372002F0CF
:104200003F0285F8372095F83C20053122F007025F
:1042100040F2E24085F8381085F83C20298D494A63
:1042200000FB0AFA06205244A5F8740101F1060CBD
:10423000B2FBFAF290B20023604585F83930A5F858
:104240004031A5F87831A5F87231A5F86E31A5F89E
:10425000700102DD0638401A80B2A5F86C012846CC
:1042600010F014FB5146284610F078FB4FF0000A7E
:10427000099BC5F8483185F844A10EF0A3FC95F8D8
:10428000802160F3020285F880210EF0A1FC95F8F0
:10429000802160F3C50285F8802195F842216AF3F8
:1042A000410285F8422105F1C40010F0F9F895F8B3
:1042B00080210BF0010363F3C71285F880214FF0D2
:1042C0009612C5E907220893169B1A68C5F887213C
:1042D00095F880219988049BA5F88B1168F38612C4
:1042E00085F880211A68C5F881219A88A5F885216A
:1042F000C4F80490C5E902AA85F800A02D6193E6F0
:10430000002014F0D7F994F8343043F04003B84655
:1043100084F83430C7E605F16400E8662EE70998B2
:1043200006F06EFF0720E1E600DE17E7AFF300803E
:104330008D49FD1A0700000000CA9A3B8C49FD1AFE
:10434000ABAAAAAA7FC3C9012DE9F04F04468DB0DC
:1043500090F82070A38D806AADF82C30E3070E46EC
:104360001546C7F3C0110A90C7F3401700F11C812E
:1043700000232384B37C707C13F001031CBFD4F8AA
:104380002230C4F82F3004F12F0214BFE38CC4F89C
:104390002F30FF28938004F1290804F1230200F054
:1043A000E18004F1220113F013FE94F82230BDF8ED
:1043B0002C200A98C4F82900023384F82230A8F887
:1043C00004203368D3F800A0EB8AE3862B8B238785
:1043D000BAF82430638715F049FA84F83C00D5F820
:1043E000009048460EF096F80021A882E0804846EA
:1043F00010F0C8FA082385F8A730D6F804802068A2
:10440000214606F00FFFAB8AA8F806301C23D8F827
:10441000004088F80430002F40F0B38088F8207006
:104420004146204606F010FF95F84800B5F816B052
:10443000F46840F2E243C0F3C00100F0070003FB60
:104440000BFB15F00FF80022A4EB0008022101205D
:1044500004F0F6F950460DF039FD594CA8FB04481C
:1044600055A3D3E90023054641462046FCF748FE04
:10447000CDF804A0B3685349009120F07F476A1D2E
:10448000453BD2B23B440121002005F085FF10F0EE
:10449000FD0F40F08D8001200DF04CFD054678B1F8
:1044A00082457AD028460DF011FD421D464B0095FD
:1044B000D2B20121002005F02DFF10F0FD0F75D1C3
:1044C0004FF0000A534604220121CDF800A05046C7
:1044D00005F020FF48460EF01DF80546384836A383
:1044E000D3E90023ABFB0001FCF70AFE1946374B6A
:1044F000B6680893364B069340F27233CDF81C90A1
:104500000993D9F804308346CDE904A3104600236B
:104510004FF47A72FCF7F4FD2E4B0722A7FB033110
:10452000CDE902B002FB0711E01A68EB01014FF47C
:104530007A720023FCF7E4FD0835453EEDB2CDE983
:10454000007033462A460121504605F00FFE10F058
:10455000FD0F2FD10122022110460DB0BDE8F04F12
:1045600004F06EB90023BDF82CC00A98C4F82930B5
:10457000A8F8043084F82210C4F82300A2F804C07C
:104580001FE795F8273043F0400385F82730281DB2
:1045900013F016FB0127288540E700200DF0CAFC28
:1045A000054600288CD07DE700DEE1E600DE87E7E7
:1045B00000DE70E700DECDE78D49FD1A0700000040
:1045C00000CA9A3BE9750100F5750100ED7501001F
:1045D0001D7601008D49FD1A032838B50D4610D00F
:1045E0000838C3B20F2B11D880B20DF09BFF0446E0
:1045F00060B190F93730002B0BDA40682860204614
:1046000038BD00200CF0A4FA0446D8B90024204696
:1046100038BD90F85800C0F3C00100F0070014F056
:1046200021FF154A00F5C55314481F330721E3FB4A
:10463000002110460EA3D3E90023FCF761FD20F012
:104640007F40DBE7FF2211460CF08AFA0B4A0A4B47
:104650000721E0FB0231184605A3D3E90023FCF74C
:104660004FFD20F07F402860204638BDAFF300802A
:104670008D49FD1A070000008C49FD1A00CA9A3BBB
:1046800070B588B01E46134606AA029207AA019288
:1046900005AA00920024224A079413F05BF9FF2830
:1046A00034D0069B1F480721A3FB000201FB032116
:1046B00019A3D3E90023FCF723FD044600B13E34DF
:1046C000079D1949059BA5F57422A2F510728A422F
:1046D00014D814480721A3FB000201FB03210EA3F9
:1046E000D3E90023FCF70CFD104BA3FB053504EBCD
:1046F000954404443460002008B070BD05F1E875AD
:1047000005F5D435013B05F5A575E2E76FF0090025
:10471000F2E700BFAFF3008000CA9A3B0000000040
:10472000497901008D49FD1ABFBDF07F83DE1B432F
:104730002DE9F043C668476873683D491A68D0F8A8
:104740000090A7F57423A3F510738B4283B08046C5
:1047500007D907F1E87707F5D43709F1FF3907F5ED
:10476000A57773685168DD8ACDF8049006F11003CF
:1047700001AA0220FFF784FF00284ED10199A1EB86
:1047800009031B0237D40846494605F0AFFE03462D
:1047900028480721A3FB000201FB032122A3D3E940
:1047A0000023FCF7ADFC34690444002C346109DBC0
:1047B00040F2E24305FB03F3A3422FD2E41AA342E3
:1047C000FCD33461D8F800301A48A3EB0903A3FBEB
:1047D0000002072101FB032113A3D3E90023FCF707
:1047E0008FFC154BA3FB0737A0EB974020443061AB
:1047F00003B0BDE8F083484605F078FE03460D4857
:104800000721A3FB000201FB032107A3D3E9002337
:10481000FCF776FC3469241AC7E73469002CD1D13F
:1048200003B0BDE8F08300BF00CA9A3B000000005F
:10483000BFBDF07F8D49FD1A83DE1B4300000000E1
:10484000F0B5C468636883B00546002B5CD118F0EE
:104850001BF894F92C0018F081F8A17A607A01F025
:104860000101C0F3820018F027F8627A252102F0D6
:104870001C02082018F0D8F8414B019301A818F049
:10488000BFF8404940F25B6018F086F9237AC3F321
:10489000420262F306132372204615F0F3F914F076
:1048A00079FA58BB637A9B071FD127682E68384670
:1048B00014F090FD06446A6806F11801012018F012
:1048C00017FC18F059FD20460BF068FA811C32469F
:1048D000C9B2384614F080FD054610BB204614F0DE
:1048E0002BFDE0B9002003B0F0BD012013F03EFE27
:1048F0004178821C007818F09BFBD6E7607A10F0B4
:10490000030018BF0120F1E793F82C309A079ED0DE
:104910001D48214617F08CFF18F0E4F8E2E700DEAE
:10492000E0E71A4A1A491B4840F211431EF0E4F826
:10493000194B0721A5FB030301FB05310EA3D3E9A6
:104940000023FCF7DDFB1549024615481EF0D4F89C
:10495000002585F31188BFF36F8F0323184602DF0C
:104960001048214617F064FF18F0BCF86FF08B0078
:10497000B9E700BFAFF3008000CA9A3B0000000017
:10498000D6BE898E555555005195010070670200BD
:10499000BC670200F46502008D49FD1AEC67020055
:1049A000C0670200819801002DE9F047C46884B017
:1049B000002307460DF1070104F1140066688DF825
:1049C000073015F021F90546002800F0DD80337B23
:1049D00006EB8303D3F8108098F8003003F00F0340
:1049E000072B40F0C78003A9404615F0E3FB0028E1
:1049F00040F0C880039A002A00F09F809378517895
:104A00001B0203F4F8530B4300F09780238992F8BC
:104A100000A00133238117F037FF96F92C0017F01F
:104A20009DFF96F80990B17A4FEA591901F00101FA
:104A3000484617F041FF4FEA8902FF21082017F08E
:104A4000F3FF6B4B029302A817F0DAFF0AF03F0A5C
:104A5000684940F25B6018F09FF8504614F0CEFCB5
:104A600098F802303F2B36D8AB789A0602D0EB7814
:104A7000DB0669D4002360482362214617F0D8FE84
:104A800018F09AFA284618F005F826683D6830466E
:104A900014F0A0FC054405F118017A68012018F013
:104AA00027FB18F069FC20460BF0B4FFC11C2A4616
:104AB000C9B2304614F090FC054600286AD1204661
:104AC00015F08AFC204614F037FC00285ED1002047
:104AD00004B0BDE8F0870DF1070106F1180015F0EC
:104AE00093F88046002853D02146444817F0A0FE92
:104AF000962018F0F1FA484618F0FAF99DF80730B8
:104B0000A3B914F047F958B9737A9907BAD00120BC
:104B100013F02CFD4178821C007818F089FAB1E777
:104B2000707A10F0030018BF0120F1E76B68C8F835
:104B300004302B89A8F80830E3E73148214617F004
:104B400077FE17F0CFFFC2E720462946256215F011
:104B500019FC21462B4817F06BFE4FF4967018F0A5
:104B6000BBFAB37A03F0010319464A46484618F0E7
:104B7000E9F987E700DE03A9404615F01BFB002892
:104B80003FF438AF00DE35E700DE20E700DE9EE7C9
:104B900000DEA9E71C4A1D491D484FF4A4731DF00F
:104BA000ABFF1C4B0721A5FB030301FB05310EA343
:104BB000D3E90023FCF7A4FA1749024617481DF071
:104BC0009BFF002585F31188BFF36F8F03231846E1
:104BD00002DF0948214617F02BFE17F083FF6FF024
:104BE0008B0075E7AFF3008000CA9A3B000000001D
:104BF000D6BE898E55555500F1A1010019A20100BC
:104C000035A30100F5A30100F8670200BC670200AC
:104C1000F46502008D49FD1A48680200C067020071
:104C20002DE9F041C46894F92830002B8CB0C0F213
:104C3000E680636805460E46002B40F0D58094F868
:104C400028306FF3000384F8283017F01DFE94F924
:104C5000440017F083FE94F83400012100F00700AF
:104C600017F02AFE94F8342092000820252102F043
:104C70001C0217F0D9FE94F8343023F018030120F9
:104C800084F8343006F00EFC002800F0BF8020309D
:104C900017F0FAFE764B0B930BA817F0B1FE75498F
:104CA00040F25B6017F078FF94F82800C0F34100F1
:104CB000253014F0A3FB7048214617F0B9FD94F895
:104CC00028309B0603D46368002B00F08A8096206E
:104CD00018F002FA00231A461946184618F01CF973
:104CE00014F058F8002840D194F8283013F0180F29
:104CF00057D1D4F800802F68404614F06BFB07446E
:104D00006A6807F11801002018F0F2F918F034FB76
:104D100018F06AF920460DF0E5F8411DC9B2404689
:104D20003A4614F059FB8046002875D116B9236C19
:104D3000002B3FD163687BB12A68504BA2616A683F
:104D4000E26104F1180199606462012202210020ED
:104D500003F0AAFD00285DD1204614F0EDFA0028EA
:104D600056D100200CB0BDE8F08194F82800C0F3C3
:104D7000C00013F0FBFB07460DF12B0013F02CFFD6
:104D800079788046BA1C387818F052F994F83420B3
:104D90009DF82B009200414602F01C0218F082FBA5
:104DA000A7E7012013F0E2FB4178821C007818F09D
:104DB0003FF99EE7324A0792324A059240F2F312D7
:104DC00000930892CDE90366CDE9016606943B465F
:104DD0003146042205F0AEF910F0FD0FAAD000DE36
:104DE000A8E718F0E9F87BE7636893F82C30D90757
:104DF00005D4636893F82C309A077FF520AF2248DA
:104E0000214617F015FD17F06DFEAAE700DE3EE71C
:104E100000DEA6E700DE9FE71C4A1D491D4840F260
:104E2000E5131DF069FE1C4B0721A8FB030301FBE2
:104E300008310DA3D3E90023FCF762F917490246B4
:104E400017481DF059FE002585F31188BFF36F8FB9
:104E50000323184602DF1348214617F0E9FC17F038
:104E600041FE6FF08B007DE700CA9A3B0000000016
:104E7000D6BE898E55555500494F00003C04002090
:104E800081A7010001A801005195010054680200AA
:104E9000BC670200F46502008D49FD1AA06802009B
:104EA000C0670200C1A8010038B5044615F0BCFC7B
:104EB00094F8283094F82820C3F34103013303F019
:104EC0000303032B08BF002363F3420214BF03F163
:104ED0002500252084F8282014F090FA63680BB18F
:104EE00023694BB905F000FBC11C002018F062F9E2
:104EF000BDE8384018F040BA18F0E2F9054605F070
:104F0000F3FAC11C002018F055F918F035FA18F022
:104F1000D7F9294605F0EAFA094A03460721A0FB1A
:104F2000020201FB032104A3D3E90023FCF7E8F804
:104F300023691B1A236138BD00CA9A3B0000000098
:104F40008D49FD1A000000002DE9F04F8DB0044698
:104F500017F00CFE10F0FF0013D1FF238DF829008D
:104F60008DF827008DF82A308DF8283014F096FA45
:104F7000A348214617F05CFC17F0B4FD0DB0BDE866
:104F8000F08F17F015FE054618F086F88DF827000B
:104F900018F08CF88DF8280018F0F6FA8DF8290032
:104FA00018F0D4FA8DF82A0018F038F8064618F0F0
:104FB00011F8EDB2074614F071FA002DD8D0012097
:104FC00006F070FA0546002800F0F88195F82030C8
:104FD00003F00F03072B05F1200900F0E5809DF891
:104FE0002730002B3FD19DF82980B8F1000F40F009
:104FF000FD8042464FF0FF0A41465346204615F0D9
:1050000071FE0028B4D09DF8298095F820206168B1
:1050100000238DF82B30F6B202F00F0300294AD09E
:10502000616891F82C10880745D4072B40F0EA807E
:1050300094F834305A079BD094F8282012F00102DB
:1050400096D10DF12B010191CDF800A04B46012125
:10505000204615F08FFE002840F0A18095F8203002
:1050600003F00F0379E094F828009DF82810C0F3AE
:10507000C00013F0BBFD9DF829809DF827208246D3
:10508000BAE7012B46D195F821200C2AE6D195F8F4
:105090002020CDF800A0194600230193D20905F184
:1050A0002803204615F0F2FC002840F0B88095F85F
:1050B000203003F00F036BBB95F821309A1F1F2A95
:1050C00044D894F8282002F02102202A08D1D4F8EC
:1050D00004B0BBF1000F00F09D81063B1F2B35D8BB
:1050E000636833B195F8203003F00F03072B7FF48A
:1050F0003FAF9DF82B50009733465246414620461D
:10510000019515F019FD00283FF432AF10307FF4FF
:105110002FAF33E7062BCFD04521D94011F0010145
:1051200040F05681012B11D195F821300C2B95D1EF
:1051300095F82020CDF800A00DF12B030193D209A2
:1051400005F12803204615F0A1FC40BB95F820305E
:1051500003F00F03072B3FF46BAF042B7FF408AF72
:1051600095F82130063B1F2B3FF602AF94F828300C
:10517000DB077FF5FDAE17F029FD95F820300278AA
:10518000C3F38013B3EBD21F7FF4F2AE08300622D4
:1051900005F1220120F006FF00287FF4E9AE95F822
:1051A0002130002B9CD1E3E60DF12A0301930DF190
:1051B000290300930DF127020AAB4946204616F059
:1051C000BFFA9DF827308346002B40F0DE809DF823
:1051D0002980B8F1000F40F0F3804FF0FF0ABBF1D7
:1051E000000F3FF412AF9DF8272005E79DF82A0035
:1051F00013F020FD9DF829809DF827208246FBE6CC
:10520000EDA8010094F82810090740F1CA80002B8E
:105210007FF437AF95F82130063B1F2B96D804203A
:1052200006F040F900283FF4A3AE18F0ADF8236C67
:10523000074643B9A38F40F2712202FB03F3B0FB90
:10524000F3F203FB120723685A68B14B0721A2FB54
:10525000030301FB0231ACA3D3E90023FBF750FFAA
:10526000A0F2D3431F3B62EB0202BB4272F1000289
:10527000FFF47EAE17F0A0FE63680793504613F06C
:1052800091FC94F834305B06814640F11B81002884
:1052900000F018818346012717F098FCCDE9027BC6
:1052A0000BAB049305F12203019395F82030C3F36F
:1052B000801301460746009300220123204615F083
:1052C000C9FD384617F0E6FB17F046FC002840F011
:1052D00017819048214617F0ABFA002E40F0F98074
:1052E000626892F82C3043F0010382F82C3094F875
:1052F000283043F0800384F8283006F0EFF81722B6
:1053000002714FF6FF72C28095F820E006463B46D8
:10531000CEF3401E00F1200207F1200C1D685868F2
:105320009968DF68D76010336345156050609160FD
:1053300002F11002F2D11B68136096F82030B460BD
:105340006EF3451386F8203017F0BAFFB8F1000F5E
:1053500030610B9B736108BF4FF0FF0A86F819A0FC
:1053600094F8343013F0400303D0B9F1000318BFB0
:105370000123B27E63F30002B27606F0AFF8314645
:10538000F060306806F0D8F8F8E594F828009DF849
:105390002810C0F3C00013F029FC9DF82980824634
:1053A0001DE7BAF1FF0F8DF82CA0C2F3801B12D0BD
:1053B00094F8352052453FF42AAF7CE600DE05E63E
:1053C0009DF82A0013F036FC9DF82980824606E7F6
:1053D00095F8213081E605F122010BAA5846079184
:1053E00013F07CFC079900283FF461AE94F8343048
:1053F000C3F340135B457FF45AAE062204F1080064
:1054000020F0D0FD00287FF452AE95F8203003F054
:105410000F03FCE6962017F05FFE584617F068FD74
:10542000CDE9007B334641465246204615F084FBC9
:1054300000287FF49DAD17F0C9FB064603223378A0
:1054400062F30303337095F820303278C3F380138E
:1054500063F3C7120C2332705046737013F0A2FB33
:1054600094F8342057063AD5C8B33178324641F023
:10547000400102F8021B0168C6F80210838893807D
:10548000D5F82230B360EB8CB381304617F002FBC5
:1054900017F062FBB0BB17F06FFF94F8283043F0B1
:1054A000010384F8283095F82030190705D194F8C5
:1054B000343043F0080384F834301748214617F09D
:1054C000B7F95BE594F8287004F1360BC7F3801741
:1054D000E2E617F093FD079B83F8A60000E794F837
:1054E00028303278C3F3801363F38612334603F80F
:1054F000022BD4F83620C6F80220628F9A80BFE7CC
:1055000000DEE6E600DEC6E700CA9A3B00000000C7
:105510008D49FD1A89A9010001A9010000000000C0
:105520002DE9F047C46882B007460DF1020120461C
:105530000CF036FE90F92830002BC0F2D88043687A
:105540000546002B40F0C8802379854A6FF3861307
:1055500023710023138017F097F995F9440017F091
:10556000FDF96079012100F0070017F0A5F96279D3
:1055700092000820FF2102F01C0217F055FA0120CA
:1055800005F090FF002800F0B980203017F07CFA79
:10559000744B019301A817F033FA734940F25B6032
:1055A00017F0FAFA207900F03F0013F027FF2146A8
:1055B0006E4817F03DF9962017F08EFD627902F0E3
:1055C000070201231046002117F0A6FC13F0E2FBAE
:1055D000002859D195F8283013F0180F73D1D4F85A
:1055E00000903E68484613F0F5FE06EB00087A6826
:1055F00008F11801002017F07BFD06466079D4F809
:1056000008A000F00700012117F056FA064460795F
:1056100000F007000228564434D004280CBF4FF491
:10562000BC73282301211E4417F048FA304417F0B8
:105630005BFE17F0A1FE17F0D7FC20460CF0A6FD8C
:10564000C11D4246C9B2484613F0C6FE06460028B0
:105650005AD16B686BB13B68AB617A68444BEA61C5
:105660006D620122183502219D6003F01DF90028AA
:1056700048D1204613F060FE002841D1002002B03E
:10568000BDE8F0871823CDE795F82800C0F3C000E7
:1056900012F06CFF06460DF1030013F09DFA7178CD
:1056A0008046B21C307817F0C3FC62799DF8030085
:1056B000C2F30202920042F00202414602F01E02D0
:1056C00017F0F0FE8BE7012012F050FF4178821CAA
:1056D000007817F0ADFC82E7436893F82C30DA07C6
:1056E00005D4436893F82C309B077FF52DAF2148F4
:1056F000214617F09DF817F0F5F9BFE700DE44E703
:1057000000DEBBE700DEB4E71B4A1C491C4840F240
:1057100051231DF0F1F91B4B0721A6FB030301FBED
:1057200006310DA3D3E90023FBF7EAFC1649024634
:1057300016481DF0E1F9002585F31188BFF36F8F3E
:105740000323184602DF1248214617F071F817F0BC
:10575000C9F96FF08B0092E700CA9A3B0000000085
:105760007E890020D6BE898E55555500D5B70100DB
:105770005C0400203DB30100B4680200BC67020075
:10578000F46502008D49FD1A4C690200C0670200F1
:10579000A1AF0100000000002DE9F04F8FB00546D9
:1057A0000E46174617F0E2F910F0FF0015D1FF235F
:1057B0008DF831008DF82F008DF832308DF83030B3
:1057C00013F062FE002E5CD07E48314617F030F8B0
:1057D00017F088F90FB0BDE8F08F17F0E9F904462B
:1057E00017F05AFC8DF82F0017F060FC8DF8300090
:1057F00017F0CAFE8DF8310017F0A8FE8DF83200C0
:1058000017F00CFCC3B2079317F0E4FBE4B2069068
:1058100013F03AFE9CB3032005F044FE044670B337
:1058200090F8203003F00F03072B00F1200A26D157
:1058300090F821301BB30DF1320301930DF13103C8
:1058400000930DF12F020CAB5146284615F078FF5E
:105850009DF82F208346002A40F0A6819DF83190C4
:10586000B9F1000F40F0C6814FF0FF08BBF1000F07
:1058700028D043464946284615F034FA10BB002E7E
:10588000A2D195F83430D90640F1898105F026FE81
:105890000146002800F0C3820A230B718D60EB6A79
:1058A0000868CB6005F048FE95F83430DA0640F120
:1058B00076816FF30413444885F83430294616F096
:1058C000B7FF85E76B6800228DF833202BB16B683A
:1058D00093F82C1011F002017CD06B68002B00F0C3
:1058E00075816B68002BCAD1002E00F0AA81337934
:1058F0001B0612D4EB6A1BB193F90430002B0CDBAE
:105900000DF1330300220193CDF800805346114678
:10591000284615F02FFA0028B1D0A6603379A27E70
:10592000C3F3801363F30412A276337943F0800348
:1059300033710023EB6205F0D1FD17F0C1FC20614B
:1059400017F022FD06998346384617F0B7F8A37E74
:10595000069A62F38203A376079BABEB00006061BB
:10596000002B40F02F817F20A37E9DF833202076EE
:10597000B9F1000F03F0F70308BF4FF0FF0862F31F
:10598000410384F81980A376002E00F03B81069A2B
:105990000E4B00963946504615F030FEA37E092284
:1059A00060F3C713A37620682271214605F0C4FD79
:1059B00094F91A30002BFFF60DAF054A1388013316
:1059C000138001E7A1AF0100B1AC01007DB301007C
:1059D0007E89002094F822305B067FF57EAFCDE90A
:1059E000008153460122284615F0C4F900283FF4EF
:1059F00074AF002E00F00682042005F053FD00284D
:105A00003FF4E2AEB34617F0BFFC2B6C824643B9BD
:105A1000AB8F40F2712202FB03F3B0FBF3F203FB06
:105A2000120A2B68A0485B680721A3FB000201FB58
:105A300003219BA3D3E90023FBF762FB034678070E
:105A400000F1EF8107F0030202F12B01C7F34000E0
:105A5000C9001732D200C1405B1AC2406FF48161A5
:105A60000B449B1A1F3B62EB0202534572F100028A
:105A7000FFF405AF404613F095F895F834300990DF
:105A80005A0640F1D881002800F0D58108904FF0E7
:105A9000010A17F09BF8089B0DAACDE902A3049216
:105AA00004F12402019294F82020069BC2F3801294
:105AB00001468246009228463A4615F0CBF95046F8
:105AC00016F0E8FF17F048F8002840F0EC8117F0D6
:105AD00053FC962017F000FB384617F009FA73487C
:105AE000594616F0A5FE079B002B40F0C3816A685B
:105AF00092F82C3043F0010382F82C3095F82830CE
:105B000043F0800385F8283005F0E8FC1722027185
:105B10004FF6FF72C2800446534600F120020AF19C
:105B2000200E1F6858689968D3F80CC0C2F80CC0E2
:105B30001033734517605060916002F11002F0D18C
:105B40001B68136094F82030A56043F0200384F8AC
:105B5000203017F0B5FBB9F1000F0D9B206108BF95
:105B60004FF0FF0884F81980636195F8343013F022
:105B7000400303D0099B003B18BF0123A27E63F3BF
:105B80000002A27605F0AAFCE060CBF80C40002EE3
:105B90007FF420AE464A1388013313801AE6E96A7F
:105BA000444816F045FE13E695F828009DF830109D
:105BB0000892C0F3C00013F019F89DF83190089ACC
:105BC000804653E617F01AFAC0B2CDE695F82830B1
:105BD0009B067FF586AE002E70D03379580600F113
:105BE000058194F822207F2A75D86A68002A3FF43C
:105BF0007FAEE9E59DF83200089213F01BF8089A91
:105C0000804633E6069A2C4B00953946504615F0EF
:105C1000F5FCA37E092260F3C713A37620682271E6
:105C2000214605F089FC94F91A30002B80F20B8193
:105C300095F8343043F0100385F834300FB0BDE8E8
:105C4000F08FEB6A1BB193F90430002B16DB0DF1DA
:105C5000330300220193CDF80080534611462846B5
:105C600015F088F800283FF40CAEEB6A33B995F8CC
:105C70003430D8063FF50AAE002191E7A560EB6A03
:105C8000E3601B79A27EC3F3801363F30412A27650
:105C9000EA6A137943F0800313714CE6AFF3008096
:105CA00000CA9A3B000000008D49FD1A15B10100A1
:105CB0007E890020A1AF01007DB30100EA6A002ABD
:105CC00000F0B480137959063FF50BAE94F82230FA
:105CD0007F2B7FF606AE0DF1330300220193CDF842
:105CE000008053461146284615F044F800283FF43A
:105CF000F8AD042005F0D6FB00283FF4C0AD962097
:105D000017F0EAF9384617F0F3F816F05FFF03785A
:105D1000032262F30303037094F820300278C3F384
:105D2000801363F3C7120C2302704370824640460F
:105D300012F038FF95F834305A0640F18980002877
:105D400000F086809AF80020534642F0400203F8A3
:105D5000022B0268CAF8022082889A80636ACAF815
:105D60000830238DAAF80C30504616F093FE16F03A
:105D7000F3FE002840F0958017F0FEFA05F0AEFB28
:105D800009232371002E7FD04848A660314616F0C3
:105D90004FFD337943F04003337117F091FA2061DE
:105DA00017F0F2FA06990546384616F087FE079B6B
:105DB0002D1A6561002B63D17F21A27E9DF83330BF
:105DC000217602F065025B00B9F1000F42F0080293
:105DD00023F07D0308BF4FF0FF081343206884F8C9
:105DE0001980A376214605F0A7FBF3E4EA6A002AAE
:105DF0007FF468AF6A68002A7FF4E6AC1B067FF583
:105E00007FAD8AE5D5F82CB0BBF1000F3FF42FAF82
:105E1000042005F047FB00287FF4F5AD31E500DEF6
:105E20003AE5A3F535634FF4CA6217E66B68002BB9
:105E30003FF40DAF25E595F828A005F13603CAF328
:105E4000801A089325E61A4A1388013313802BE53C
:105E500095F828309AF80020C3F3801363F3861274
:105E6000534603F8022BD5F83620CAF802206A8F71
:105E70009A8073E717F0C2F86B6883F8A60036E6DD
:105E800017F0BCF8C1B298E7A560EB6AE360094877
:105E9000214616F0CDFCEA6A137943F040031371F2
:105EA0007BE700DE68E700DE11E600BFEDB0010031
:105EB0007E890020C5B001002DE9F043C468A28AA4
:105EC0004FF6FF739A4283B000F00281064615F048
:105ED00005FD3389628B208CA3831A4492B210444F
:105EE00094F82730E28380B2411C21845D064FF094
:105EF0000001618304F1220100F1AA8003F03F0058
:105F00000B4694F82810009004F1290011F010FEBF
:105F10000546D4E90C31A26BA08BA36303FB0022DE
:105F2000E36B8A4294BF9B185B188B4228BF0B46D9
:105F3000626C216CE3630A4494F849306264002285
:105F400094F82C10226494F86220C3F3020363F3E4
:105F5000061112F0040284F82C1000F08A8016F06A
:105F600093FC94F9A70016F0F9FC201D16F048FDEB
:105F70002389A17A40F25B6043EA014116F00CFEEE
:105F8000284613F03BFA2146594816F051FCA089E7
:105F900017F0A2F894F8482094F84900C2F3C0031F
:105FA000002102F0070200F0070016F0B5FF2046BE
:105FB00015F054FDD4F800803768404613F00AFA13
:105FC0000744726807F11801002017F091F8814624
:105FD00017F0A6F9002017F0BDF9E36B94F849001B
:105FE00003F12F02636C00F00700012103EB42056F
:105FF00016F062FD4D44054494F8490000F0070096
:10600000022834D004280CBF4FF4BC73282301218C
:106010001D4416F053FD284417F066F916F0E4FF0E
:10602000A18A08313A46C9B2404613F0D5F905466F
:10603000B0B1B37A13F0020629D000252D482146CD
:1060400016F0F6FB16F04EFD284603B0BDE8F083CF
:106050000A4603F03F03218D11F0B6FD054658E7CF
:10606000204613F069F9002839D10025ECE7182300
:10607000CDE7D4E9130102F0ABFB00287FF46FAF4A
:1060800094F8623043F0040384F8623067E71A4AF8
:106090001A491B4840F259131CF02EFD19480721DC
:1060A000A5FB000301FB05310FA3D3E90023FBF798
:1060B00027F81549024615481CF01EFD86F3118885
:1060C000BFF36F8F0323184602DF6FF08B05B5E730
:1060D0000F48214616F0ACFB16F004FDC5E700DEC4
:1060E000C3E700BFAFF3008000CA9A3B0000000086
:1060F000ADBC01000995010058690200BC670200AF
:10610000F46502008D49FD1AAC690200C067020007
:106110005195010000000000F0B5C468A28A4FF656
:10612000FF739A4285B000F0AF80054615F0D6FBAC
:106130002B89628B208CA3831A4492B2104494F86A
:106140002730E28380B2411C21845E064FF00001BB
:10615000618304F1220168D403F03F000B4694F8F8
:106160002810009004F1290011F0E2FC06462046B8
:1061700003A915F033FD039B94F862101A7861F3BC
:10618000C3021A70039A94F862301178C3F3400383
:1061900063F38201117016F077FB94F9A70016F0F3
:1061A000DDFB201D16F02CFC2389A17A40F25B60F8
:1061B00043EA014116F0F0FC304613F01FF9039951
:1061C000204615F0E1FC2146374816F031FBE08906
:1061D00016F082FF94F8490000F0070016F088FEE0
:1061E00027682E68384613F0F5F8064406F11801C2
:1061F0006A68012016F07CFF17F0BEF8A18A08310A
:106200003246C9B2384613F0E7F80646A8B1AB7A71
:1062100013F0020517D000252448214616F008FB8C
:1062200016F060FC284605B0F0BD0A4603F03F03B7
:10623000218D11F0C9FC064699E7204613F07CF841
:1062400048BB0025EEE71A4A1A491B484FF48073F1
:106250001CF052FC19480721A6FB000301FB063184
:106260000FA3D3E90023FAF74BFF1549024615485F
:106270001CF042FC85F31188BFF36F8F032318468F
:1062800002DF6FF08B05C7E70F48214616F0D0FA02
:1062900016F028FCD5E700DED3E700BFAFF300809F
:1062A00000CA9A3B00000000C1BA01000995010034
:1062B000B8690200BC670200F46502008D49FD1A4E
:1062C000086A0200C0670200519501000348836814
:1062D000DB6903B118476FF057007047886102000F
:1062E000024883689B6903B11847704788610200C0
:1062F00010B4034606480A4681680C691CB1194669
:10630000234610BC18476FF0570010BC704700BF01
:106310008861020010B50F4C20461FF04BF8A8B161
:10632000A3685B6A0BB120469847FFF7D9FFA368C3
:106330002BB11B6C1BB10849064800229847A36883
:106340001B6A0BB103489847002010BD6FF0150081
:10635000FBE700BF886102005D6300002DE9F04F9C
:10636000804E814FB3688FB00393039BDB6B002B90
:1063700040F0EA80B468A36B002B40F0ED80E36A44
:1063800023B13046984708B9FFF7A0FFFFF79EFFFB
:1063900050B13B68B3B97548002200231AF024FEBF
:1063A000386078B9FFF79CFFB368DB6A13BBDFF88E
:1063B000C081704D98F80030032BD6D8DFE803F089
:1063C0001F3395B63B68D9681A8AB368DB6873B126
:1063D00030469847014638680C301CF00EFE38688D
:1063E000048A002CE0D101F0D3F83C60DCE76FF0C8
:1063F0005701F0E7304698470028B6D0D7E75E4C03
:1064000001212046FFF774FF0028AED02078431EFC
:10641000012B01D90528CDD11CF07BF9012328607F
:1064200088F80030C6E7DFF850A1DFF850919AF8FD
:1064300000001CF06EF92968401A4844FFF758FF25
:106440002B681B1A04462B60002B6BD19AF80000B6
:10645000421E042A16D8DFE802F0041715031300C1
:106460000220CDE900330022002302F0A3F8DFF878
:1064700010B10346CBF8000040B988F8000074E77B
:106480001020EEE70020ECE70420EAE79AF800008D
:10649000022823D005281CD0012822D199F80220F7
:1064A0002A601CF036F93549024603F10C001CF055
:1064B00082FDDBF800000C301CF0B7FD2B68984221
:1064C00011D2DBF8000001F063F8032388F80030F4
:1064D00028E0B9F80220C2F30D02E1E7B9F8022082
:1064E000DEE70022DCE70223F0E7DFF8949029687A
:1064F000D9F800301A8AD8681044FFF7F9FED9F8A5
:1065000000100B8A03440B822B68A3EB000904469E
:10651000C5F80090B9F1000F04D11A481FF00FF927
:1065200088F80090002C7FF445AF1EE729682129E8
:1065300028BF212105A8FFF7DBFE2B681B1A0446A4
:106540002B60002BEED1C1E73046984700287FF43E
:1065500011AF0FB0BDE8F08F3046984700287FF4A8
:106560000EAFF6E78861020068260020E0060020F2
:106570008B890020642600208A89002086890020DB
:1065800060260020C806002038B5094D4FF0FF32C4
:106590004FF0FF3328461AF027FD044602F042F878
:1065A00010B1204600F0F4FF1BF00CFAEEE700BF3C
:1065B000C806002070B5184888B002F03FF80022E5
:1065C0000023CDE9062300236FF00802CDE9032361
:1065D000CDE9013300931149114B12484FF4806209
:1065E0001AF0D0FF10490F480B4D104E104C1FF001
:1065F00092F94FF0FF324FF0FF3328461AF0F4FCC7
:10660000014630461FF09BF8A3685B69002BF0D071
:1066100020469847EDE700BFB0060020008A002022
:106620008965000038080020666D0200E006002041
:1066300088610200014B1B68184700BFE80000207A
:1066400030B585B004460D461022002168461FF083
:10665000A1FC02238DF802302A46044B0193214607
:1066600068461BF0F9FD05B030BD00BF356600007F
:1066700080B505460E46174698461BF047FA034676
:106680001FF004FDDFF81890044649F80030424638
:1066900030463946A84754F8090000F00BFC00BF0B
:1066A000080000002DE9F047058B044628079046B6
:1066B00011D4022905F0070540F0CC8020461CF0DB
:1066C00043FA78B10138218B042811D8DFE800F0B3
:1066D000C2106D85950001290CBF45F0100545F0ED
:1066E0002005258388F31188BFF36F8FBDE8F087FD
:1066F00001F0070AAA4500F0A5800027B9463E46EA
:10670000A368002B00F0BC8041F00801218388F3CE
:106710001188BFF36F8FA168002900F0BA800D685F
:10672000002900F0B680D1F8048033465246204656
:10673000C047002D76D02B6829461D46F0E701F0B2
:1067400007035A1F012A1BD8002221F00701062B3C
:10675000276889B2C4E9002209D13B4603E0628B75
:10676000013262831B68002BF9D141F002012183C1
:1067700020461CF0E9F900287AD041F0200176E0AB
:10678000042B0AD121F0070189B2218320461CF095
:10679000DBF910B141F020012183218B01F0070AC0
:1067A000AA454FD00027B946AAE7236921F007017F
:1067B00041F00601062DD3F8009021832DD1B9F1C7
:1067C000000F3FD041F00801218388F31188BFF307
:1067D0006F8F3A492046C84729E021F00701236915
:1067E00041F0040189B2042DD3F804902183E6D04E
:1067F00000273E464FF0040A82E721F00701236993
:1068000041F0050189B2052DD3F808902183D6D037
:1068100000273E464FF0050A72E700273E464FF03C
:10682000060A6DE72B4687E7B9F1000FD1D1EFF3E8
:106830001188202383F31288BFF36F8F238B23F0FB
:1068400008032383258BEA062ED525F01003238326
:1068500005F007056669218B002EBFF670AF002397
:106860002768C4E9003321F0070141F001012183C9
:10687000218B01F0070AAA454FF000097FF440AFD1
:10688000002F9CD041F00801218388F31188BFF3C9
:106890006F8F002FC8D03D68394633465246204698
:1068A0001CF07EF92F46F4E7AB067FF51BAF25F011
:1068B0002003238305F0070500E700BFCD2B02006E
:1068C000014B036000207047B864020007B51B4904
:1068D0001B481CF0A0FC70BB1A4919481CF09BFC1B
:1068E00048BB194916481CF096FC20BB17491448B0
:1068F0001CF091FCF8B90146154A11481CF054FFF0
:10690000C8B9024613490E4801231DF028F890B972
:1069100001230093014602230948EF221CF09BFB50
:1069200048B907481CF0C0FB28B9054803B05DF81A
:1069300004EB1CF0E9BB03B05DF804FB6001002030
:10694000A807002048010020300100201801002085
:10695000EC000020726D020008B50348034A0021D4
:10696000121A1CF0A8FA08BD38080020D8890020A7
:106970000748084A084908B5121A1CF09EFA074849
:10698000074A0849BDE80840121A1CF096BA00BF31
:106990000000002034080020647302000000002082
:1069A000000000206473020038B505460C4699B11A
:1069B000D1E901230F4809681CF091F8D4E90423B8
:1069C000E1680D481CF08BF8E1690C481CF087F871
:1069D000A1690B481CF083F8012D05D1EFF3058167
:1069E000084810391CF07BF821462846BDE838409D
:1069F00019F0CEBFC26D0200F26D0200226E0200DD
:106A0000326E0200616E020030BFFFF7FDBF00BFB3
:106A10002DE9F0410B4EDFF8308006EB0807CC1B68
:106A200005463246094920461FF08CFAA019424615
:106A30000021083C1FF0AEFAC5F8844007F10800B9
:106A4000BDE8F0810000000008000000846402003E
:106A5000054B5A699B689A421FBF044A536843F02A
:106A600080535360704700BF4889002000ED00E06C
:106A70002DE9F843324D80463248894617461CF0CE
:106A80002EF8AB6ADE0622D52F481CF028F8112418
:106A9000AB6A1D0703D52D481CF021F81224284DA0
:106AA000AB6A980715D52A481CF019F86E6BAB6ACB
:106AB000190642D5274831461CF011F8B9F1000FEC
:106AC00003D0AB6A23F08003AB62132403E01024ED
:106AD000DEE76FF015061A4DAB6ADA0703D51E48DC
:106AE0001BF0FDFF1424AB6A9B0603D51B481BF06B
:106AF000F6FF1524124B9A6AD50602D49A6A9007BB
:106B00000AD55B68190507D54146304600F0BAFA48
:106B100010B180F309880224094B9A6A920642BF99
:106B20005A6A22F400525A629A6A42F0FF029A624A
:106B300000233B702046BDE8F8836FF01506C4E7DC
:106B400000ED00E0756E02008C6E0200C06E020067
:106B5000D46E0200ED6E0200046F0200246F02008A
:106B600010B51D4C1D481BF0BAFFA36A990130D522
:106B70001B481BF0B4FF1E20A36ADA0103D5194895
:106B80001BF0ADFF1F20144CA36A1B0303D516484E
:106B90001BF0A5FF2120A36A590303D513481BF05E
:106BA0009EFF22200C4CA36A9A0303D510481BF0C9
:106BB00096FF2320A36ADB0303D50E481BF08FFF4B
:106BC0002420054A936A6FEA03436FEA13439362F2
:106BD00010BD1D20D0E700BF00ED00E0546F0200A3
:106BE0006D6F0200816F02009C6F0200BB6F02009C
:106BF000E16F0200FC6F020070B5244C0646244889
:106C00000D461BF06CFFA36AD90435D521481BF053
:106C100066FF1720A36A1A0503D51F481BF05FFF04
:106C200018201A4CA36A9B050FD51C481BF057FF70
:106C3000A16BA36A180407D519481BF050FF1EB1B9
:106C4000A36A23F40043A3621920104CA36A5905D8
:106C500003D514481BF043FF1A20A36ADA050DD5AB
:106C600011481BF03CFF1B20084A936A43F47F4302
:106C7000936200232B7070BD1620CBE7A36A9B04A0
:106C8000F2D50A481BF02BFF1C20EDE700ED00E0D9
:106C9000287002003F700200C06E020051700200B6
:106CA0006B700200817002009D700200246F020070
:106CB0002DE9F0415B4B5F688AB00446C7F30806D4
:106CC000002585F31188BFF36F8F02F07F43B3F186
:106CD0007F4F06D102F00C03082B13D152481BF052
:106CE000FEFE00252C464FF00008F31E8DF80780AD
:106CF000092B00F28680DFE803F00A7A7E7684842E
:106D00008484848210074CBF0C460125EBE747487A
:106D1000444E1BF0E4FE8DF80780F36A9A0704D511
:106D200043481BF0DCFE002330E0F36A002B01DA5D
:106D30004048F6E7F36A5B00F5D53F481BF0CFFE0D
:106D40007369A26943F480737361BFF34F8FBFF31C
:106D50006F8F736932F8022C23F480737361BFF371
:106D60004F8FBFF36F8F4DF602739A4209D0B36A0B
:106D7000DBB253B30DF1070201212046FFF778FE85
:106D800033E021682D481BF0AAFE23689DF80720F8
:106D9000C2B902AE04F1200720686168324603C21E
:106DA0000834BC421646F7D1099AB5B3C2F30801BC
:106DB00021B96FEA52226FEA4222099202A91846CB
:106DC000FFF7F2FD0AB0BDE8F081B36A13F47F4F1C
:106DD00005D00DF107010120FFF70EFF05E0B36AB2
:106DE000B3F5803F9FD3FFF7BBFE0346CEE70DF11F
:106DF00007020021C1E70DF107010020ECE7104870
:106E00008FE7104B1049114817F4F87FA6F11002D4
:106E100018BF19461BF063FE85E722F4FF7222F0CB
:106E20000102CAE700ED00E0E47002001071020008
:106E3000287102004A710200597102007971020042
:106E400096710200CB700200B6700200BB710200A6
:106E5000044B5A6942F010025A615A6922F0080242
:106E60005A61704700ED00E0EFF30880EFF309810D
:106E700001B57246FFF71CFF01BD00BF0B4880F350
:106E8000088818F0B9FE202080F3118808484FF4D4
:106E90000461401880F30988EFF31480022108434D
:106EA00080F31488BFF36F8F00F0B4F840A6002081
:106EB00080980020084B9B6883420BD1EFF3058339
:106EC00043B1064B5A6842F080525A605A6A22F423
:106ED00000425A621AF020BE4889002000ED00E00E
:106EE00015498A684FF030001044EFF3098C80E8B0
:106EF000F01F202080F31288BFF36F8F0F4F4FF0E9
:106F000000664A698A603E60D2F884000C4C2060BA
:106F1000D2F888000023C2F8883080F3118804B5C5
:106F2000104600F015F9BDE8044002F1300090E889
:106F3000F01F8CF3098870474889002004ED00E0B9
:106F40006C2600201EF0040F0CBFEFF30880EFF357
:106F50000980816911F8021C0229FFD001B572462F
:106F60001BF0ADFF01BD00BF40B2002807DB044AA3
:106F70004109012300F01F00834042F8213070478F
:106F800000E100E040B200280CDB4309064900F0B4
:106F90001F0020330122824041F82320BFF34F8F8E
:106FA000BFF36F8F704700BF00E100E0054B42095F
:106FB00000F01F0053F82220012303FA00F01040D4
:106FC000704700BF00E100E040B20028A8BF00F118
:106FD000604001F10101B8BF064B4FEA4111ACBF5F
:106FE00000F5614000F00F00C9B2B4BF195480F839
:106FF0000013704714ED00E0044B054A23F07F03B3
:107000009360BFF34F8FBFF36F8F70470010000086
:1070100000ED00E008B5FFF7EFFF0B4AD2F888302B
:1070200023F47003C2F88830EFF3148323F00403D1
:1070300083F31488BFF36F8FFFF78EFCFFF798FC84
:1070400000F05CF819F06CFD00ED00E042F8203C27
:10705000009B42F81C3C0A49019B42F8183C029BE9
:1070600042F8143C21F001014FF0807342F8043CD7
:1070700042F8081C0023203A0265C0F888307047A7
:1070800071660000094A0346906870B113F1160F4B
:10709000406F05D0A0F140029A4205D8834203D246
:1070A000814228BF00207047002070474889002097
:1070B00008B515460C4A0D4B9060D0F884201A6034
:1070C0000E4600F045F82C4686F309880020044B54
:1070D00098472046002100220023024C2047000050
:1070E000E32E020071660000488900206C26002013
:1070F000014B10221A61704700ED00E004480023A4
:107100002021C2180133302B82F80013F9D17047C7
:1071100000E100E008B5EFF30583064A103B02EBFF
:10712000C30152F8330049688847BDE80840FFF7BB
:107130008FBC00BF28620200024B034A03480121B2
:1071400000F076B80000042000000020B8640200BF
:10715000426F054B403A1A60044A4021C3E90112CC
:107160001846012100F06EB87026002000000B15B3
:10717000084AC2F898000B6823F01F03034343F04A
:107180001003C2F89C308B6843F00103C2F8A030B2
:10719000704700BF00ED00E02DE9F043DFF86080AC
:1071A00085B00E461F4604464FF00009B14523DA6C
:1071B0006068D8B13FB1411E08421BD11F2819D9C0
:1071C0002368194216D1236801931BF0ADFEA36812
:1071D00003430393D8F89050C5F30725D0B2013D7F
:1071E000A84207D801A9FFF7C3FF421C09F1010912
:1071F0000C34DBE76FF01502104605B0BDE8F083F4
:1072000000ED00E0044B0522C3F89420BFF34F8F3C
:10721000BFF36F8F704700BF00ED00E0BFF35F8FDB
:10722000024B0022C3F89420704700BF00ED00E03D
:1072300010B5034C01232278FFF7AEFF207010BD7C
:107240008C89002008B50B4A00231278FFF7A4FFB1
:1072500010F1160F07D0084A0021D2F89030C3F37E
:107260000723984200DB08BDC2F89800C2F8A010BE
:107270000130F2E78C89002000ED00E02DE9F043B9
:10728000534B544CD3F890302568C3F307239D42E9
:1072900085B000F29A80FFF7C1FF00200C268542DE
:1072A0001AD14D4C4D4F25706846FFF709FBDFF8AA
:1072B0002081DFF82C9106460025AE4213D12378B9
:1072C00043490020D1F89020C2F30722934276DB95
:1072D000FFF798FF002042E0616806FB0011FFF70E
:1072E00047FF0130DBE7009800EB05114FEA051C72
:1072F000CB683B40B3F5000F48D00AD8B3F5001F68
:1073000030D0B3F5800F36D0B3F5801F10D00135E3
:10731000D3E7B3F1807F42D0B3F1007FF7D150F8CB
:107320000C3088684A681BF0FFFD40F4802009E0BB
:1073300050F80C3088684A681BF0F6FD40F0885021
:1073400040F43020CDE901230390D8F89030207824
:10735000C3F30723013B98422AD96FF0150005B00B
:10736000BDE8F08350F80C3088684A681BF0DCFDFB
:1073700040EA0900E6E750F80C3088684A681BF0DC
:10738000D3FD40F0C06040F40030DBE750F80C3033
:1073900088684A681BF0C8FD40F08270D2E750F858
:1073A0000C3088684A681BF0BFFD40F08870C9E760
:1073B00001A9FFF7DDFE237801332370A7E7C1F8A9
:1073C0009830C1F8A00001337CE74FF0FF30C6E7EA
:1073D00000ED00E0C46402008C8900200000F0FF92
:1073E0000000081108B50649064821F00701C1F15F
:1073F000005202F580221BF033FB002008BD00BFC5
:107400003FC100207C26002070B54169867A0B4D73
:10741000044659B1437ADB0706D42C2303FB0653F9
:107420005B6A1B689B689847002363612C20214698
:1074300006FB0050BDE870401EF08CB9F806002035
:10744000024B2C2202FB0030704700BFF8060020E0
:10745000827A064B2C2101FB02339A6A1B7F1B3375
:10746000801A23F00303B0FBF3F07047F806002006
:1074700038B5074B827A2C2404FB02335B6AD3E9CC
:1074800001240C601568FFF7E3FF04FB005038BDD2
:10749000F80600202DE9F04385B0054668460391C3
:1074A00090461C461EF082FBDDE90067EFF3118970
:1074B000202383F31288BFF36F8F6B8B002B41D097
:1074C0002A8B9A4225D900220023284619F08CFDE8
:1074D0000446F0B189F31188BFF36F8F039B002B33
:1074E00041D032463B4668461EF085FBA27A264BC9
:1074F0002C2101FB023320465B6A1B6803A91D682F
:10750000DDE90023A847606170BB2046FFF77CFFE0
:1075100024E0698B4B1E6B8389F31188BFF36F8F57
:107520002B7F2A8BAC6A1B3323F00303521A02FB16
:107530000344154B154AEB1A9B105343A3722B7F40
:10754000E372CBE789F31188BFF36F8F234642467E
:10755000284619F049FD04460028BFD100242046E2
:1075600005B0BDE8F0836361012300252381039BFF
:107570006382E27A6560294604F118001EF00AFD74
:1075800063692582E360EAE7F8060020A38B2EBA40
:1075900070B50D4C2C2500B970BD037A4668002BE0
:1075A000FAD0013BDBB20372002BF5D1C36043601C
:1075B000837A05FB03431B6A13B198473046EAE719
:1075C000FFF722FFFAE700BFF80600200E4A01236A
:1075D000C2F840354FF080424FF08051C2F8783504
:1075E000D1F83001082808D1D1F83411052904D880
:1075F0000648415C09B1C2F838364FF08043012299
:10760000C3F880250020704700E00140DE710200D1
:1076100020B1034B800143F001031847704700BFBE
:10762000B06402004FF08043D3F84036DB072ED51C
:107630004FF01023D3F8043303F00703072B26D1B0
:10764000134A0123C2F80435D2F80034002BFBD0D2
:107650004FF01021D1F8043323F0070343F0040363
:10766000C1F804330023C2F80435094AD2F80034C3
:10767000002BFBD0BFF34F8F0649074BCA6802F4BB
:10768000E0621343CB60BFF34F8F00BFFDE770474D
:1076900000E0014000ED00E00400FA052DE9F041B2
:1076A00090F8203003F01F03012B04460F4600F131
:1076B00020061BD0022B05D043BB90F821101CF0F4
:1076C00037F903E0818CC9B21CF00FF90546E8B127
:1076D00030461BF028FE024668688368A2B99B68A2
:1076E0004BB13A463146BDE8F0411847818CC9B2EA
:1076F0001CF0E2F8EAE76FF085031EF0C7FC0F4AC2
:1077000013500020BDE8F081DB68E9E794F8211010
:1077100020461BF027FD02460028ECD030461BF027
:1077200002FE40B91369002BE5D03A4631462046A7
:1077300098470346E1E7D368F5E700BF0C00000077
:107740002DE9F04F0B7E33F0800893B004461746C6
:1077500000F1200940F071844A7E02F0010097B1E7
:1077600017F10C0F0FD088B917F1710F03D108462C
:10777000FFF70EFF03E00846FFF70AFFB846404652
:1077800013B0BDE8F08F002800F04084002B40F0DB
:107790000E840B8A072B0DD80846FFF7F9FE4846E2
:1077A0001BF0C1FD0346A069002B00F03684802148
:1077B00000F03CBCCA68136823625368C9F80430FF
:1077C0004A68E58C002AE7D048461BF0ACFD08BBB0
:1077D000537E15B113F0020F01E013F0040FDBD05C
:1077E00000201BF0D6FB05460028D8D01EF04EFC2A
:1077F00094F82020B84E002312F0600F8351C2F39A
:1078000041130BD0032B40F0B3811EF03FFC6FF00F
:10781000850340E0002DBFD0537EDBE748461BF0D8
:1078200082FD94F82130002840F03981013B0A2B79
:10783000EBD801A151F823F0857900000B78000006
:10784000077A00000B780000657800000B780000D4
:107850000B7800000B780000D77800000B78000050
:1078600039790000A069618C03697F29D3F88030E1
:10787000CBD8A28C002AC8D1E28C002AC5D194F8BA
:107880002020D206C1D194F82C20022A05D11EF066
:10789000FDFB4FF0FF33335013E01B0706D5C9B291
:1078A0001BF07AFD804620B1284661E7012384F869
:1078B000353094F82C30012B0BD1638C4BB984F804
:1078C0002C301EF0E3FB3358002B00F05683284683
:1078D00063E70123F3E720461BF0B8FB628CFF2A25
:1078E000014692D8E38C002B8FD194F82030D80633
:1078F0008BD194F82C30002BC9D02AB1D2B22046BB
:107900001BF0FFFE0028C2D0618C94F834308B420B
:10791000D7D0C9B220461BF0FBFE80460028C3D159
:10792000628C002A14BF0223012384F82C30052125
:1079300020461CF00BFAC4E794F8203003F01F0334
:10794000012B7FF462AFE38C002B7FF45EAF628C7F
:10795000FF2A3FF65AAFA18CFF293FF656AF94F8A5
:107960002C30022B93D1D2B2C9B220461CF0E2F8DF
:1079700010F1020F804640F000811EF087FB46F8B0
:1079800000809EE7E38CA18C002B7FF43EAF94F83F
:107990002C30002B3FF47BAF012B0FD100297FF45B
:1079A00076AF12F01F020CD1638C012B89D194F8B1
:1079B00068306FF3C30384F8683082E712F01F0267
:1079C00017D0022A7FF47DAFB4F822A0BAF1000FDD
:1079D0007FF477AF5FFA81F8414620461CF09CF9AE
:1079E00003461EF053FB3350013306D14FF0FF38EE
:1079F0005AE700297FF44BAFD6E75246414620466E
:107A00001BF097FC5DE7E38CA18C002B7FF4FDAEAF
:107A1000638C022B5FFA81F813D194F8203003F0C5
:107A20001F0358EA03037FF4F0AEA0690122090A9C
:107A30001BF08FFC00287FF4E8AE012384F835307A
:107A40003FE794F82C0000283FF421AF01280DD126
:107A500000297FF41CAF12F01F020AD1012B7FF422
:107A600030AF94F8683043F00803A4E712F01F0227
:107A700011D0022A7FF425AF002B7FF422AF4146BC
:107A800020461CF034F903461EF000FB335001334E
:107A9000ACD00122B2E700297FF4F9AEDEE70A2B71
:107AA0003FF6B3AE01A151F823F000BFDD7A00002C
:107AB0000B7800000B7800000B7800000B780000BA
:107AC0000B7800005D7B00000B780000137F000046
:107AD0000B780000417F00000C000000E38CA18CBB
:107AE000022B7FF492AE94F82C30002B3FF4CFAEF3
:107AF000012B10D100297FF4CAAE12F01F020DD164
:107B000094F868304FEA930808F00208C3F30013B2
:107B100048EA030806E012F01F0210D0022A12D031
:107B20004FF0000805F10C0A50461BF07EFAE38C7A
:107B300098420ED21EF0AAFA6FF00B03ABE60029B2
:107B40007FF4A5AEDCE7C9B220461CF0F4F880460D
:107B5000E8E7414650461BF03FFAB2E694F8202091
:107B6000B4F822A0D2064FEA1A235FFA8AFA09D0A3
:107B700029462046FFF792FD8046B8F1000F7FF4BA
:107B800093AE9EE6013B0E2B3FF63FAE01A252F8AC
:107B900023F000BFD17B00001B7C0000D37C0000E1
:107BA0000B7800000B780000CB7C0000CB7C000041
:107BB0000B7800000B7800000B7800000B780000B9
:107BC0000B7800000B7800000B7800001B7E000093
:107BD00005F10C0A5046B4F826801BF026FA8045C1
:107BE0000AD2B4F8268020461BF030FA48B10128AA
:107BF0007FF40BAE216F05E050461BF016FA80466D
:107C0000F1E7E16E002900F013810A78424528BFB0
:107C1000424650461BF0CFF953E620461BF016FAB9
:107C20000AF1010201900146D2B220461BF043FD49
:107C3000824600283FF4E9AD05F10C08D0F804B005
:107C400040461BF0F2F99BF80020904203D24046D8
:107C50001BF0EBF90246594640461BF0ACF9DAF846
:107C60000CA0BAF1000F09D1298AE38C99427FF662
:107C700028AEC91A40461BF0B9F922E6DAF804002A
:107C800083681B6B13B9DAF800A0EAE701999847FB
:107C90000028F8D0A0F1040B5BF8043F002BF2D0D1
:107CA0001B78002BEFD040461BF0BFF9DBF800300B
:107CB0001A78904203D240461BF0B7F982B2DBF843
:107CC000001040461BF077F9E6E720461BF0BEF9AE
:107CD0009BE55246032120461BF083FA824600288A
:107CE0003FF493AD1BF01AFBB4F826B0E0B9BAF834
:107CF0001430ADF82830DAF8103005F10C081B8884
:107D0000ADF82A3040461BF090F9834508D2E08C4C
:107D10009DF82820824228BF02460AA9404679E7FA
:107D200040461BF082F9F3E700238DF814309AF8EF
:107D30001530DAF808208DF81530C24B1340C24ACE
:107D4000934258D1102106A81DF0DCF80028FFF658
:107D50005CAD0AAA1028DFF8F4E20DF1180C114608
:107D600028BF1020404502F1020233D880000230C3
:107D70008DF81400019105F10C0A50461BF055F9DD
:107D80009DF81480D84528BFD846404503D25046B8
:107D90001BF04BF98046B8F1020FC34628BF4FF0E5
:107DA000020B5A4605A950461BF005F9A8EB0B0833
:107DB000DDF804B04FEA58030BEB58025A4522D1C4
:107DC00018F0010F3FF47DAD019AD15C50461BF0D5
:107DD000FBF876E51CF8013B4FEA131A03F00F039A
:107DE0001EF80AA01EF8033002F802AC02F8013CAB
:107DF00008F10108B6E79AF814308DF81430DAF873
:107E000010300193B7E71BF8011B5046CDE9023251
:107E10001BF0E2F8DDE90232D0E720461BF016F94C
:107E200020B101287FF4F1AC236F00E0E36E13B9B9
:107E30006FF0150838E55B88B3F5007F7FF6E5AC99
:107E4000834B0A9300238DF82C30A36C04F1480A6D
:107E50009A455BD105F10C0B58461BF0E6F8BDF8CE
:107E60002A80E38C984528BF9846404503D258465F
:107E70001BF0DBF880469DF82820424528BF42468B
:107E80000AA958461BF097F8B8F1050F94BFA8EB64
:107E90000808A8F10508B8F1000F3FF412ADA36C73
:107EA00053453FF40EAD002B3FF40BAD5A7D0F2A26
:107EB00014D11A7D19690193424528BF424658469C
:107EC0001BF079F8019B1A7D424594BFA8EB02088C
:107ED000A8EB0808B8F1000F3FF4F3ACE26C9A424B
:107EE0003FF4EFAC1B68DEE75A7D0F2A0AD11A7DFA
:107EF000BDF82A100A44ADF82A209DF82C20013242
:107F00008DF82C20E26C9342A4D01B68002BEBD19F
:107F1000A0E794F82C3094F834A0002B3FF4B7ACD1
:107F2000E38C012B7FF471AC05F10C0840461BF08B
:107F30007CF8E38C9842FFF4FDAD5146404646E79D
:107F400094F8203003F01F03012B7FF4A0AC2046EF
:107F50001BF0C5FB00283FF49AACA38C4268FF2BB2
:107F60003FF653AC12799A42FFF44FAC0F2B3FF619
:107F70004CAC234493F836A0D2E70123A3624846D1
:107F80001BF0D1F960B9E38C53B1294600201BF0F6
:107F900000F8054600283FF402AC6B7E5E07F4D57E
:107FA0002946204613B0BDE8F04F1BF040BE5007F5
:107FB0007FF5F5AB802B7FF4F2AB0846FFF7E8FACC
:107FC000A36A012B7FF4DBAB94F83530002B3FF430
:107FD000D6AB94F82130052B05D1618CA069C9B2CC
:107FE0001BF0DAF9804694F82130032B09D1638C19
:107FF000022B06D1A18CA0690022090A1BF0A9F965
:108000008046002384F83530FFF7B9BB52077FF56F
:10801000C6AB002B3FF4ABABCCE7E38C002B3FF4BB
:10802000C6AB17F10C0118BF0121C9011CF0F5FB0B
:1080300000238046A362FFF7A2BB6FF00408FFF79E
:108040009EBB00BF00FF020000030200E4710200BB
:10805000050F05000248002200231DF091BA00BF61
:108060005C0600202DE9FF41514F4FF0FF334FF0E8
:10807000FF3201A9384618F08BFE039B1B69D3F829
:108080009C409DF80430072BEFD8DFE803F00A048A
:108090001A0D2C277B8D0022012120461BF056FE55
:1080A000E3E700221146F8E794F8683043F0040350
:1080B00001A984F8683020461BF090F900220321C2
:1080C000EBE794F868306FF3820301A984F8683015
:1080D00020461BF083F900220221DEE701A9204699
:1080E0001BF07CF9C1E794F86830A6696FF382034E
:1080F00084F868303369D6F80880BFF35B8FD3F813
:10810000A030BFF35B8F9907C3F3400208D404216A
:1081100020461BF01BFE4FF0FF352A460721BCE727
:10812000D8F83C3030469847D8F824300021304603
:108130009847D8F84030054630469847E5B9294673
:1081400020461BF0E5FA0546B0B9802120461BF019
:10815000CBFDA0691CF016FC831E5842584194F8D0
:10816000683084F82C5023F0680343EA401384F805
:1081700068302A46042190E70022042120461BF0A3
:10818000E5FDCAE702990B7ED1F81E2013F07F0FA0
:10819000204606D1FFF7D4FA054600283FF465AF24
:1081A000BBE71BF099FBF7E7029A062175E700BFD2
:1081B0005C06002030B589B000220023CDE90623FB
:1081C00000246FF00703CDE90334CDE901441A4BD5
:1081D0001A4900944FF48062194819F0D3F91949EB
:1081E00017481DF098FB184B18498B4207D3184BC2
:1081F000184900208B4210D3002009B030BD03F194
:108200001402BFF35B8F52E8000F42E80045002DD7
:10821000F9D1BFF35B8F1833E7E703F11402BFF323
:108220005B8F52E8004F42E80005002DF9D1BFF303
:108230005B8F1833DEE700BF65800000408E0020B2
:10824000C8080020F57102001C0800203408002036
:10825000340800203408002038B502460949054694
:1082600080691CF0F6FB044648B985F834002846BE
:108270001BF025F9044610B1A8691CF01DFC20462E
:1082800038BD00BF5580000070B5084C084E05464B
:10829000B44202D30024204670BD636828461968A2
:1082A000F8F748FF0028F6D01834F1E71C08002042
:1082B0003408002070B50646EFF31181202282F3C6
:1082C0001288BFF36F8F1D4C236881F31188BFF3B1
:1082D0006F8F5B6893F86830DB0705D4BDE87040AA
:1082E0002122002319F0F8B8EFF3118382F31288EA
:1082F000BFF36F8F256865B983F31188BFF36F8F64
:108300002368D3B130460022BDE87040002319F045
:10831000AFB861682A6822608D4208BF626083F34B
:108320001188BFF36F8F686805F10801C36998472A
:10833000034829461DF0D4F8E2E770BD88260020E6
:108340002C06002030B585B06C4684E80600054652
:1083500000221548002303A918F07CFC0246E8B966
:10836000039B94E803005D60083383E80300EFF3A8
:108370001180202383F31288BFF36F8F039B1A6051
:108380000A4A516861B9C2E9003380F31188BFF32A
:108390006F8F07480022002319F06AF805B030BD3E
:1083A0000B605360F1E700BF2C06002088260020F8
:1083B0000000002038B54B78046945682069202BFF
:1083C00008D0222B19D01DF061FE114B6FF08502F1
:1083D0001A5010E0CB88072BF5D1D3681A68426099
:1083E0009A8802819B7983721BF0D1FC2246082176
:1083F00028461BF0B9FC002038BD4B888381C3F3AD
:10840000400203F001030276437622460921EFE79A
:108410000C00000008B51346026910694A78212A49
:1084200013D133B91DF032FE0B4B6FF00B021A5013
:1084300009E0CA88072A00F1040128BF072203F1D6
:108440000C001AF0B8FD002008BD1DF01FFE024B05
:108450006FF08502EBE700BF0C00000073B5046904
:108460008DF807102025EFF3118685F31288BFF3EE
:108470006F8F0122E06B0DF107011AF0D9FC86F332
:108480001188BFF36F8F012812D01DF03EFA08B992
:10849000A37EABB90D4BBFF35B8F012253E8001FE6
:1084A000002903D143E800200028F7D1BFF35B8FF8
:1084B0002122002304F1480018F0DAFF02B070BD59
:1084C000002121201DF0C7FACDE700BF9026002033
:1084D00038B505690E49EB6B0024C3E90144DC6043
:1084E0006B6B05F14800C3E90144DC601DF0EEF957
:1084F00005F1780007491DF0BDF9074905F1240091
:108500001DF0B8F928461BF042FC204638BD00BFDC
:10851000633F02000B4102009741020070B5044620
:10852000807AFEF78DFF6169054649B1637ADB0702
:1085300004D4436A1B6820469B6898470023636104
:10854000214628461DF006F9034B1B681BB1BDE808
:1085500070402A20184770BD9426002008B5034BB0
:1085600018681DF0ECF8002008BD00BF9826002018
:10857000811EC9B21E2938B5044609D80A4820FA16
:1085800001F1C90704D509481AF0DFFC054610B906
:108590000025284638BD013C054BE4B20C30195D7E
:1085A0001AF012FDF5E700BF41000040500700201F
:1085B00014720200F8B50128DDE90676044609D0F8
:1085C000042804D114481AF0C0FC054620B900253F
:1085D0002846F8BD1148F6E7013CE4B21F2C9CBFC9
:1085E0000F4B195D00F10C0488BF002120461AF0E2
:1085F000EBFC002FECD0002EEAD020461AF015FD3F
:10860000864203D92846FEF7C3FFE0E732463946E3
:1086100020461AF0D0FCDBE7F806002024070020F3
:1086200014720200038A014623B1034B1868836861
:108630009B681847122070471402002010B5084BA1
:10864000084C186020681CF0B5FE30B1206806495F
:108650008368BDE810401B6818476FF0120010BD1A
:1086600098260020140200205D85000070B54FF0B0
:10867000FF320D464FF0FF33002106461BF0ADFEE2
:10868000044660B90A4A0B490B481A231AF034FA17
:1086900084F31188BFF36F8F0323184602DF022192
:1086A00004F10C001AF081FC06704570204670BD84
:1086B000347202006A7202006E72020000F1070C4E
:1086C0002CF0030C10B4541E1860A4B2ACF80020B7
:1086D000023A93B201FB04F24FF0000C40F802C0E2
:1086E00074B103FB011403FB01F22044121B4FF68B
:1086F000FF7C013B9BB263458050A0EB0100F8D1A9
:1087000010BC70470346006810B102680AB91A60CD
:10871000704700F1070C2CF0030CD11DBCF800C011
:1087200021F003010CF1FF3CA1F800C0EFE700BF0E
:108730000B687BB1073323F003031A88013292B22E
:108740000346D1F800C043F807CB23F003031A8097
:10875000086070470122F3E702FB0100704700BF89
:10876000401A90FBF2F080B2704700BF531E1144D4
:108770009BB242B1DB430138CA1811F8013D00F841
:10878000013F9142F9D17047014402E010F8013BEA
:108790001BB98842FAD1002070470120704700BF02
:1087A00010600860704700BF0A6803460068904286
:1087B00005BF00220A6000201A607047D2F800C08E
:1087C000CCF80000D2F800C0CCF80410106070475C
:1087D000884203D01AB14368136070470020704785
:1087E0000B68834209D02AB1586810601A680A6081
:1087F00018467047002BF9D1FAE70023F8E700BFCD
:108800002DE9F041DFF830800C4E0C2706F13004E2
:108810004546221D214628460C3CFFF7C1FFA642D3
:10882000A5F10805F5D1043F3B1DA8F12008A6F1EC
:108830003006EBD1BDE8F08118270020A4270020E6
:1088400010B403468C469AB101EB4101144803EB86
:108850004304090101EB84010144487A0C7AA042E7
:1088600004BF0130087210BC6146184614F008BFFE
:1088700001EB41020A4C120100EB400302EB8303BF
:1088800023449C7ADA7AA24201D010BC70470132AC
:108890009A72044B01225A5410BC14F021BF00BF3D
:1088A000202700209C260020F8B506461C460D46D1
:1088B00002B322786378D21A12F003023AD1274F1A
:1088C00071004FEA450C3144AC44890001EB0C11B6
:1088D00001330431DBB27A18606823702146FFF758
:1088E0006DFF1F4B0122294630465A5514F0F8FE01
:1088F0000020F8BD14F0DEFE0028DAD0294630460C
:1089000014F0CAFE0028D4D005EB450206EB460160
:10891000124F6378120102EB81023A447100907A9F
:10892000D27A90424FEA450C0CD02078C01A10F051
:108930000302C8D0012A03D00133DBB22370D0E791
:108940001046F8BD2278D21A920702D00233DBB269
:108950002370D4E902039847CAE700BF202700200C
:108960009C2600202DE9F04FDFF8649119F80030C3
:1089700089B0002B5AD0DFF85CA13C2204234FF0D1
:10898000000B00EB400712FB00330324CDE904BBCE
:1089900009F800B00AEB0717039302948346B84620
:1089A0000023B96A58F8240F079307AAFFF710FFAE
:1089B000044607AAB4B1079D2E786978761A06F0A6
:1089C0000306012E35D02B78591A01F00301012935
:1089D000DBB23DD1D7E90901FFF7FAFE044607AA49
:1089E000002CE8D197F82E3097F82F209A4203D028
:1089F00087F82F300123049397F82C3097F82D2017
:108A00009A4203D087F82D3001230593029B5D1E07
:108A1000EBB2FF2B0293A7F10C07C0D1049AD84602
:108A2000DDF814B012B1BBF1000F45D009B0BDE8BC
:108A3000F08F01396970079BD3E902039847079DBE
:108A40002A786978D3B2521A02F00302012A21D09F
:108A5000B86A019300224146FFF7C2FE6C60019B99
:108A60006A786B702B789B1A03F00303012B08D0F4
:108A7000D7E9090107AAFFF7ABFE012E044698D1FA
:108A80000EE0039B6A70294620460AEB0302FFF7BB
:108A900095FEEDE7D7E9090107AAFFF799FE04461D
:108AA000029B8BB101235946584609F80B3014F04C
:108AB00017FE09B0BDE8F08F5A464146404609B05E
:108AC000BDE8F04F14F0DCBD002C8BD0EAE700BF0E
:108AD0009C260020202700204B1EDBB271B1411ED6
:108AE00000EB030C002011F8013F23B15A1E0130A6
:108AF0001340C0B2FAD16145F5D1704708467047BE
:108B00002DE9F04F074683B003260125042138469E
:108B100010F096FBD7F800C000204FEADC741F234A
:108B20004FF0010E8346824608E01C2B40F2808104
:108B300019294BD04FF0010E08461446013BDBB219
:108B4000FF2B4AD02CFA03F202F0010294420CD01F
:108B5000411C0E2BC9B271D9002AE6D01C2B40F261
:108B60006481192932D09646E6E70EF10108072BF9
:108B70005FFA88F810D9B8F1060F00F24B81002A8D
:108B800040F03981B8F1060F00F006811C2B40F24D
:108B9000FB800146C646CFE7002A40F00281B8F1CB
:108BA000060F40F2EC804FF0010E0EFA03F20BF1CB
:108BB000010B01304CEA020C5FFA8BFBC1B2D146CB
:108BC0007246CA4500F091801929B5D1013305FAE2
:108BD00003F34AB35B420CEA030CA14B8CEA030398
:108BE000019301A802AC002210F8013B23B1591EE9
:108BF00001320B40D2B2FAD1A042F5D1012A09D9F3
:108C00001FFA8CF3B3EB1C4F12D15FFA8CF3B3EB6A
:108C10001C6F0DD1013E16F0FF067FF477AF6FF0A9
:108C20000D0003B0BDE8F08F013B4CEA030CD4E724
:108C30000020C7F800C003B0BDE8F08F0AF10109B9
:108C4000072B5FFA89F900F29180002A73D1052B76
:108C50005FD914464FF00108012902D02246C646CA
:108C60000DE0CCB105FA03F2072B2CEA020C88BF09
:108C7000002221D9A0421AD001460E2BA1D91929D0
:108C8000A4D0B9F10C0FA1D0CA4655E7B8F1060F30
:108C90004ED009B101294BD105FA03F2072B4CEA5A
:108CA000020C1AD90C46A0424FF00102E4D1611C1B
:108CB000C9B24FF0010EE0E70BF1FF3BA0425FFAB3
:108CC0008BFB20D00022CA4517D0014634E74FF075
:108CD000010801292CD14CF0200C0BF1010B88422A
:108CE0005FFA8BFB06D00122EDE709F101095FFA7B
:108CF00089F9C4E704460122D9E709F101095FFABD
:108D000089F90146BDE70130C1B200224FF0010EE2
:108D100057E7BBF1000F19D0052BD8D0BBF1010FDD
:108D20001AD0042B4FF001080DD1E1B101291AD05E
:108D3000C6460022A3E70BF1010B5FFA8BFB01246F
:108D4000A04689E7D146BBF1020F9FD101229A408C
:108D50004CEA020CC1E7D1464FF0010B0BFA03F2CB
:108D60004CEA020CB9E74CF0100CB6E7002AE6D149
:108D70004FF001081C2B3FF472AF14466CE7052B33
:108D80001FD9B8F1060F07D00146D146002883D07D
:108D90000022EFE78B4634D1014622464FF0060E03
:108DA000CAE60BF10101B8F1060FC9B2F2D9964635
:108DB00001229A4001302CEA020CC1B2D1460022B5
:108DC000FFE6BBF1000F09D14FF0010B0BFA03F2E4
:108DD0004CEA020C0446D1465A4668E7052B31D0CE
:108DE000BBF1010F0146B6D0042BABD1B8F1060F91
:108DF0000CD0D14699E7B8F1060FCDD01C2B3FF629
:108E0000C8AE30B30146D1460122B3E72246C6467A
:108E1000D14634E74FF0010E0EFA03F162B94CEA85
:108E2000010C04467246D14641E79046D146A1E77F
:108E3000D1464FF001089DE72CEA010C0446D146CB
:108E4000002234E7B8F1060FA6D028B10146D1467A
:108E50003FE70446D14605E7D14600213BE700BF86
:108E6000D6BE898E30B5037E0568FF2B14D003EB88
:108E700043028B4205EB021227D04FF0000C01E0B9
:108E800099420BD09E4613789468FF2B03EB430264
:108E9000A44405EB0212F3D1002030BD714517D078
:108EA0000FFA8EFE137890680EEB4E0E4FEA0E1EF0
:108EB000FF2B05F80E3006D003EB430305EB03133D
:108EC0009A6802449A60604430BD9E464FF0000CA0
:108ED00013780376E4E700BFA2EB010C1CF4000F4B
:108EE00010B4836844690AD12CF07F4C6344A342D8
:108EF0000DD8E41A00234461836010BC7047891ABE
:108F000021F07F418B4208D95B1AA342F1D91B1B88
:108F100000244461836010BC70470C44E41AE9E704
:108F20002DE9F843284DBDF82C7004464FF02C0E67
:108F30000EFB045E084604EB840104EB4104DEF8FA
:108F4000041001EBC00605EB8405F47811F83080BD
:108F5000717804F1010C5FFA8CFCE04598BF4FF08A
:108F6000000C61452DD0716804EB44044FEA0419EC
:108F700001EB04144FF0040801F809806360089BBA
:108F8000A360099BE3600A9B23610C9BA361119B77
:108F900063620D9BE3610E9B23620F9BA362109B98
:108FA000E36202236270A782A37086F803C0DEE941
:108FB000083698472B4641460022B047A078BDE8C6
:108FC000F8830120BDE8F883E02700202DE9F04F69
:108FD0000346407AD3E9004587B0002800F0FD80C1
:108FE000421ED2B205EBC2029A468B460392059509
:108FF0002346039A516856780491BBF1FF0F66D05F
:109000000BEB4B044FEA0418CDF804B013F808B08A
:1090100003EB041400254FF0FF0C84F800C0DAF8CD
:1090200000709AF8182007EB08096245D9F8081073
:1090300018BF02960ED1CAE0091A06D1B9F81E80EF
:10904000BEF81EE0F04500F2B680B85DFF289446F9
:109050006DD0024602EB420607EB061E3601DEF833
:1090600008008842E8D9029EC9F80810BCF1FF0F39
:1090700089F8002064D00FFA8CFC0CEB4C0C4FEA02
:109080000C1C019807F80C00FF2A06D002EB4202E4
:1090900007EB0217BA68521ABA60A27801326270FE
:1090A000002DAAD0AA6A4FF000012970A97022B140
:1090B000E96A019300209047019B6268002A9CD1D5
:1090C000AA6A2262EA6A6262BBF1FF0F98D1039A30
:1090D000049F9278994606EB4601701CB2424FEA13
:1090E000011CC6B207EB011568D0039B17F80C10E2
:1090F0001878B04208BF00260429ECD16A7802EB48
:10910000420809EB0814012094F801E0A1788E458B
:109110004FEA081818D04FF0000307F80C30AA6A7D
:10912000A8700AB1E96A9047039B9A78D3E7024690
:10913000BCF1FF0F029EC9F8081089F800209AD1EF
:1091400001988AF818009FE70192AA8ADAF81410A9
:109150004FF6FE7082424B4607D04FF6FF70121A50
:10916000B2FA82F2520984F82C206A6AA262EA6892
:1091700062602A690293002363622262AA8A4FF620
:10918000FD70824288BF1A46A283AA69A261EA6979
:10919000E2602A6A2261AA68A26063616A68204666
:1091A000FFF79AFEE2784FF0000342F00102E383FA
:1091B000E270029B2FE7029E014655E7039905984E
:1091C00081424B46A1F1080207D0039211E707F84C
:1091D0000820019A8AF818205FE707B0BDE8F08FF1
:1091E0002DE9F04F447E01238FB08376002C40F0B0
:1091F000B880037EFF2B814600F0B28013F086FA20
:10920000D9F81420D9F81C3099F81880D9F800A0A2
:10921000801A20F07F45AB4294BF00230123B8F1B0
:10922000FF0F0493A3467AD0059408EB48080AEB95
:1092300008144FEA0818A368AB426FD8A0781AF850
:109240000880ED1A9B4463781B1ADBB2012B62D1B4
:10925000A26AA3690393002A00F0F2801668002E28
:1092600000F08280002B40F09280049B002B00F0E5
:109270000C8104230393137A590700F0FB80137ABF
:109280006FF302031372E78BE2786FF300027B1C2B
:10929000E27094F82C209BB2E383002A73D0A28B57
:1092A0009A4270D2A26A002A00F04881137A03F031
:1092B0000703012B67D00126002051685060A36A84
:1092C0001A7A60F302021A72A078E7680138A07077
:1092D0000FB36369D9F8142094F803C0ABEB030310
:1092E000134423F07F40626A23690CF0010C002EC6
:1092F00040F0B780B4F81EE0CDE900C37346B8472C
:10930000039BE683002B049B18BF01230493E3789F
:1093100066F30003E370B8F1FF0F86D1059C99F85E
:109320000B3099F80A209A4208D10132D2B2022AAF
:109330001ABF14462346002389F80B4009EB830328
:109340000022C3F80CB0D9F8244089F81A204B4603
:10935000012204210320A4460FB0BDE8F04F60476E
:1093600084760FB0BDE8F08F039B002B66D0049B82
:10937000002B84D1D9F81C305B4580D8B8F1FF0FA1
:1093800011D1049E98E7A378013BA370C3E7049B27
:10939000002B7FF470AFD9F81C309B45FFF46BAF06
:1093A000B8F1FF0F47D0039BE78B07939C46A38B35
:1093B0006668DDF81CE0BB429CBFFB1A99B208EB63
:1093C000480388BF39460AEB031301FB0661069187
:1093D00099688E452DD3CDE90C70CDF82CC0DDF801
:1093E0001CC0CDF81C90DDF80C90CDF82880CDE99C
:1093F000085B8E46A346B0461446986A9A6910B137
:10940000006800284FD1002A4DD11B78FF2B07D0D0
:1094100003EB43030AEB031399688E44E645ECD94A
:109420002246DDE90A8C5C46DDE9085B0D98DDF833
:109430001C90CDF80CC0002A00F0978000263BE776
:10944000039BA3B1049B002B7FF41DAFD9F81C3004
:109450009B45FFF418AFB8F1FF0FA4D104990E4655
:1094600033E7CDE900C34FF6FF73B84753E7039ED8
:1094700000212AE7A08BE18B88423FF600AF012153
:1094800061F302031372E78BFEE6D9F81C305B45EB
:109490003FF6EFAEB8F1FF0F53D04FF0040CE78B5F
:1094A000CDF81CC083E7DD8B9F8B5E68BD422AD25E
:1094B000002E41D1002CA8D0304626682EB1B9F13B
:1094C000000F02D1724496423FD2BD429DD3DA785A
:1094D0009BF8031002F0010601F00105AE4204D82A
:1094E0004A40D50791D400288FD02246DDE90A8C66
:1094F0005C460C9FDDF81C90DDE9085B002A32D148
:10950000CDF80CC0C0E69EB1E81B80B2B8F1000FE8
:109510000AD000FB0660401A069981422CBF002049
:109520000120002CC9D1D0E74046002CC5D1CCE7A2
:10953000002CC1D12046CAE72846E7E7A0780126DB
:1095400096E70423049E0393B6E62246DDE90A8CDF
:109550005C46DDE9085BDDF81C90CDF80CC0002E00
:109560003FF48DAE87E61668F7E716461146ACE67F
:109570002DE9F04F8FB0837E0090002B40F0A28247
:10958000437E0C93002B7AD10098837AC27A012112
:1095900041769A424169079100F0F3830133DBB2CF
:1095A000022B00990ABF0C9A1A46134601EB82025D
:1095B0008B72D268079B0592134423F07F434B6163
:1095C0000126009C237E089313F0A0F8677A236895
:1095D00001937B1E65680490DBB2002F00F0E784E6
:1095E00005EBC30A0027FF2303930D960997DAF8CA
:1095F00004B04FF000092F469AF803009AF8028051
:109600000FFA88F404EB440408F1010340454FEAE3
:109610000416DBB20BEB041400F010819AF8002062
:109620009A4208BF00238AF802301BF806206178AE
:10963000042A3AD9019801EB410300EB0315082AEB
:109640004FEA03130293A8786B7822D81B1A13F001
:10965000FF032CD1062A1CD1009BDB7E8B4251D00C
:109660000BF80690A36A84F80290002BC4D0002067
:10967000E16A98479AF803009AF80280C0E7446AC2
:109680000421034601220420A4460FB0BDE8F04F98
:1096900060470BF806904FF00103A370A36A002BFC
:1096A000AAD0E16A01209847A6E79846A8E7052ACC
:1096B0001FD162684AB9A2683AB9E2682AB9226938
:1096C0001AB9626932F07F42E3D0012B1CD0009BB3
:1096D00004215C6A3D4601220846A0470123AA45B1
:1096E00009938AF80280AAF1080300F0AD809A4637
:1096F0007DE7012B00F09C81062AE8D1009BDB7EF0
:109700008B42ADD16168B5E1DDF800804046FFF7DE
:10971000A9FBA860D8F81410049B059A5B1A23F0E3
:109720007F431344984240F2BD81C01A6B68002BFE
:1097300052D0A38A002B4FD0013B9AB2A282D5F817
:1097400004C0EB8B604523D90CF1010806970A9100
:109750001AE06A6ADFF80CE2834996448E4584BFBA
:1097600002F1E87202F5D4324746296A94BF67468F
:1097700002F5A572013BC01B521A9BB260456A629A
:10978000EB8340F21582A28A9342E2D8069F0A999F
:10979000934220D2CDE90A710CF10102D5F820E004
:1097A00006926A6ADFF8BC816F497244904488452A
:1097B000674606D8A2F1E872A2F5D432069FA2F558
:1097C000A57201339BB26A62EB83A28A9A42384443
:1097D000E7D8DDE90A71AA8363680344AB60A26835
:1097E0006B69A86A13446B6128B103681BB1D4E9A3
:1097F00001329B1A4360049A2846FFF76DFBE2682A
:10980000AB691344AB61226993428CBF9B1A00235E
:10981000AB61A37D1BB1EA7863F30002EA70E37DDC
:1098200013B1013B85F82C30DDE90121039B535432
:109830006B786278039201336B7011E73D46AA455D
:10984000AAF108037FF453AF0D9E099F0099089B6E
:1098500091F818B0BBEB030518BF0125002E00F0EE
:10986000B081049B079AD1F800809B1ABBF1FF0FCF
:1098700023F07F495DD04FF0000A0996CDF804A08F
:109880000695C2460E46C846DDF8149005970BEBC8
:109890004B050AEB05142D01A3684B4500F25F83CD
:1098A000019AA178E08B1A4401926278521AF16908
:1098B0008B4234BFC91A0021A9EB0309A8EB0308A6
:1098C00024BF4FF0FF33F376F161A16AD2B20029D1
:1098D00000F064810B68A769002B00F04C81002F19
:1098E00040F04C81022A00F035830023A3601AF86F
:1098F000053033766168A36A002940F003812BB1FB
:109900001B7A03F00703012B00F0DF803AB1012A34
:1099100000D020B1236A13B1616A01209847A3786F
:10992000637096F818B0BBF1FF0FB0D1069D099E89
:10993000059F009C089B039920465B4518BF354650
:10994000FFF744FBD4F800B001954FF0000C384607
:10995000009B1A7EFF2A164600F0448315464FF0FE
:10996000FF0804E05A2B17FF592B177F1D462BB217
:1099700003EB43030BEB03171B01BC6A21463CB10D
:1099800094F808E00EF0070EBEF1010F00F0FD8123
:109990001BF80330FF2BA846E8D10746019D10466F
:1099A000BCF1000F00F01381089B934200F0EF829E
:1099B000002F00F021810646FF2E00F02083089B37
:1099C000FF2B00F00383DDF80080D8F8003006EBB1
:1099D000460603EB06139F68002F00F0D58212F0B5
:1099E00095FE0A260446D8F81430E21A22F07F4287
:1099F000974206F1FF3602F1030259D9BA422CBF51
:109A00009B18DB1923F07F452846D8F82830984763
:109A100012F07CFE021B2B1B22F07F42033223F04C
:109A20007F439A4246D9002E00F072810446DAE75D
:109A3000062A3FF411AEDDF800804046FFF712FA27
:109A4000AB78A8606B7098F81B2063789A427FF41B
:109A500007AE1BF80630062B3FF454AE009AFF23E6
:109A6000D3761BF80630062B3FF44CAE082B3FF4A0
:109A700049AE0499009B5A698B1A1D0209D4059AB4
:109A800023F07F4313440099CA699A4288BFCB618F
:109A9000E6E5059B521A22F07F4293428CBF9B1A47
:109AA0000023F0E76A6913441B1A6B6100203DE64E
:109AB00001230C93009A00235376937E0C9A1A4349
:109AC00040F095800FB0BDE8F08FA378C4F80890FF
:109AD0006370079B019A71699A1822F07F422046B1
:109AE000FFF7FAF9039B0AF805306378CDF80CB05C
:109AF0000133DBB2637096F818B0BBF1FF0F7FF44F
:109B0000C6AE13E723B11B7A03F00703012BDCD0A9
:109B1000B4F81EC0BCF1000F4ED1B4F81CC0E6462C
:109B2000481C0290D4E9087300220494704604E0B3
:109B300001388E46441C724412D0DFF8B4E2AD4CBA
:109B40003B449E44A645F3D8DDF808E0A3F1E87352
:109B50000138A3F5D433441CA3F5A5737244ECD1AA
:109B6000049C94F82C006362002800F0E080A2605E
:109B7000A4F81EC0ADE7002F3FF4B7AE022A7FF471
:109B8000B4AE00287FF4B1AE0B7A03F00703012BCB
:109B90003FF4ABAEF76186F81BB0A6E6A769002FCD
:109BA0003FF4A3AE022A7FF4A0AE0028F2D09CE6D8
:109BB000069F0A99A28AEBE5A37863704FF0000E26
:109BC000AEE7009C03992046FFF700FA207E089B31
:109BD00098427FF4EDAE002F00F0EC81009B002D49
:109BE00040F042825D769B7E002B3FF46BAF009B82
:109BF00001225C6A032146E5009B5A7A5C68531E89
:109C0000DBB20125002A3FF4D6AECDE9064504EBD0
:109C1000C3030193019B5E78DA785B68B24218BF98
:109C20001D466CD036B206EB4606330105EB061630
:109C3000EB5C012B4ED0022B56D1D6E901C19CF82A
:109C40000040009AF368D6F810E0D2F80090D3F8FC
:109C500000805069FF2CD6E905AB02D00A68824229
:109C60005FD0009A4FF00008147E0860FF2C2DD0C2
:109C7000CDE90256CDF810C05646CDF814E09A460C
:109C800009E0BA684244B04788B919F80540BB6892
:109C9000FF2C98443FD004EB440509EB0517204600
:109CA000B9695B462D01002EEBD10029EDD0DDF81E
:109CB00014E0DDF810C0BA68DDE902565346BEF183
:109CC000000F02D0796ACEF8001090448CF8004062
:109CD000C3F80080B36A4FF00002B27013B1F16AAA
:109CE00000209847019BDA7801994E780B7801366D
:109CF000F6B2B34208BF0026B2424E7092D1019A2A
:109D000006998A42A2F1080300F02281019381E7BB
:109D100000DE044667E6DDE90256DDF810C0534672
:109D2000D4E704EB4404220119F802409EE7904571
:109D30007FF61DAF8646481C0290029C0A9570462D
:109D400005E08E4672440130904580B212D9DFF8AA
:109D5000A0E0284D3B449E44AE45F2D8A646A3F170
:109D6000E8737244A3F5D43301309045A3F5A5738D
:109D700080B2ECD8049C0A9D636260441FFA80FCA8
:109D8000F5E60C9B05931E461BE4BA68002A40F0DA
:109D90004B81D7F818A0BAF1000F06D10A68002A43
:109DA00000F03D810C464FF0040A009A6168D269C8
:109DB0000291043205922268914280F0DA80A2EB8F
:109DC000010E1BF803200792FF2A00F0D280D6452F
:109DD000C0F0CF800022AEEB0A01CDE90310D146DE
:109DE00005989446CDE9058516469846079B3BE0C5
:109DF0005A2B17FF592B177F351F6544754528BF10
:109E000075460AEB000296450CD34D450AD3BA6954
:109E1000002A4BD0227A120748D4B5EB0A0201D0AF
:109E200082424AD28A6A22B1127A02F00702012AD9
:109E300032D08A6982B3496871B30432B44402EB08
:109E40000C00BA69002A00F08180217A0907AEEB84
:109E50000A0200F1A9801BF803300026FF2B2CD04A
:109E60000AEB0C09CE4528D303EB43030BEB03119C
:109E70001B018D682E44042EBED8BD6985B1257A9C
:109E800015F00805BDD088690399B44404306044D6
:109E9000814228BF0246DEE71BF803300022DDE7DF
:109EA0008A69B444043262441046D4E70028B9D029
:109EB000A5EB0A058542B5D3024602990498069D92
:109EC0004346114461601BF80360DDF81480FF2EE7
:109ED00000F0B2804FF0FF099C4600E00E4631B220
:109EE00001EB41010BEB011E0901DEF80830934242
:109EF00080F0BC801BF80110FF29B146A2EB0302E1
:109F0000ECD16346FF2EBA6015D0B8F1FF0F1BF8F5
:109F1000031058D00FFA88F202EB420212010BF83C
:109F2000021036B206EB460632011BF802100BF89F
:109F300003100BF80250FB8B013BFB83237A0222B8
:109F400062F3020323724FF0010C01E5024682E73F
:109F5000079D43E600287FF4C8AC042714E64A4670
:109F60009B1AA360009B069D099E059F93F818B05D
:109F7000DFE4029A62601BF80330FF2B08BF002267
:109F80005AD00023BB60D6E7009B5F762FE6002FF8
:109F90007FF419AD009B5A7A5C68531EDBB2002A2D
:109FA0003FF411AD654630E61146002270E7FF230D
:109FB00003934BE4009B5A7A5C68531EDBB2002A81
:109FC0007FF423AE0AE6009A1176AAE712F09EFB10
:109FD000044612F077FB009B1E7E00287FF4F3AC52
:109FE0005C61F0E40746019D1046BCF1000F3FF4B0
:109FF000EEAD089BFF2B21D0002F3FF4FDAD12F0FA
:10A0000071FB044628B3009A00235376937E002BFD
:10A010007FF4EDAD56E5B96A00297FF4BFAE00DEEE
:10A020004FF0040ABC6AC0E600DED7F818A0BAF107
:10A03000000FF0D0BC6AB8E6BA607CE7002FDED132
:10A04000009B5A7A5C68531EDBB2002AD7D0654663
:10A05000DBE5009DE86112F059FB6C766861AB7E30
:10A06000002B3FF42FADC2E51E7EA5E461469C4661
:10A070000B46ACEB0201CEF808104E4642E700BF9B
:10A08000F8B5069E9DF81C50089CB8B9144F3A606C
:10A090005A1E39727B727E60D2B273B106EBC20275
:10A0A0005460114612F808398E4203EB4300A5EBC9
:10A0B000030304EB0014DDB2F2D10DB10120F8BDB1
:10A0C000099B3B620A9B7B62FF240B9BBB623C7635
:10A0D00012F01CFB7D817861FC76FD612846F8BD9D
:10A0E000E027002040B9064B1A7EFF2A01D11872E2
:10A0F00070476FF00F0070476FF01500704700BF9A
:10A10000E027002010B40A4B2C2202FB0032546AD4
:10A110005CB100EB800200EB420003EB8003A4463D
:10A12000012210BC03210220604710BC704700BF11
:10A13000E027002010B58AB00C9C00940D9C01947F
:10A140000E9C0294BDF83C400394109C0494119C16
:10A150000594129C0694139C0794149C0894002464
:10A160000994FEF7DDFE0AB010BD00BF10B4039CD9
:10A170000294049C0394BDF814400494069C059436
:10A18000079C0694089C0794099C08940A9C0994CF
:10A1900000240A9410BCFEF7C3BE00BF10B4BDF883
:10A1A0001040049410BCFEF7BBBE00BF2DE9F84F71
:10A1B000294DBDF834609DF83880044608462C21AE
:10A1C00001FB045104EB840704EB470405EB840511
:10A1D0004C6804EBC00E14F830909EF803409EF8D3
:10A1E000017004F1010C5FFA8CFCE14598BF4FF05F
:10A1F000000C67459DF844902AD0DEF8047004EB0B
:10A2000044044FEA041A07EB04144FF0050B07F857
:10A210000AB063600A9BA3600B9BE3600C9B236105
:10A220000F9BA362109BE36202236270A68284F8F4
:10A23000168084F81790A3708EF803C0D1E9083611
:10A2400098472B4600220421B047A078BDE8F88F3C
:10A250000120BDE8F88F00BFE027002010B588B0CE
:10A260000A9C00940B9C01940C9C0294BDF8344011
:10A2700003949DF8384004940F9C0594109C069418
:10A2800000240794FFF792FF08B010BD2DE9F041BC
:10A290001F4D064608462C2101FB065E06EB860490
:10A2A00006EB4404DEF8046005EB840706EBC0050A
:10A2B00016F83060EC78697804F1010C5FFA8CFCD8
:10A2C000664598BF4FF0000C61451DD0696804EBEE
:10A2D0004404260101EB04144FF0060801F806803F
:10A2E0006360069BA362079BE36202236270A37014
:10A2F00085F803C0DEE9083598473B460022042173
:10A30000A847A078BDE8F0810120BDE8F08100BF3A
:10A31000E02700202DE9F0411E4D064608462C217D
:10A3200001FB065E06EB860406EB4404DEF80460DF
:10A3300005EB840706EBC00516F83060EC78697809
:10A3400004F1010C5FFA8CFC664598BF4FF0000CDD
:10A3500061451BD0696804EB4404260101EB041439
:10A360004FF0070801F80680A362069BE362022310
:10A370006270A37085F803C0DEE9083598473B4654
:10A3800000220421A847A078BDE8F0810120BDE8A3
:10A39000F08100BFE02700202DE9F0411F4D064667
:10A3A00008462C2101FB065E06EB860406EB4404FE
:10A3B000DEF8046005EB840706EBC00516F8306094
:10A3C000EC78697804F1010C5FFA8CFC664598BF63
:10A3D0004FF0000C61451DD0696804EB4404260170
:10A3E00001EB04144FF0080801F806806360069B37
:10A3F000A362079BE36202236270A37085F803C027
:10A40000DEE9083598473B4600220421A847A0789A
:10A41000BDE8F0810120BDE8F08100BFE027002009
:10A420002DE9F041234D064608462C2101FB065E2E
:10A4300006EB860406EB4404DEF8046005EB8407B3
:10A4400006EBC00516F83060EC78697804F1010C71
:10A450005FFA8CFC664598BF4FF0000C614525D033
:10A46000696804EB440426014FF6027801EB0414FA
:10A4700021F80680C4E90123069BE360079B236162
:10A48000099B63610A9BA3610B9BA3620C9BE36224
:10A490000223A37085F803C0DEE9083598473B46E0
:10A4A00000220421A847A078BDE8F0810120BDE882
:10A4B000F08100BFE027002070B50A4D2C2202FB7E
:10A4C0000052D2E9083604460846984704EB840354
:10A4D00004EB430305EB8303B4460022BDE8704060
:10A4E00004216047E027002012F010B9401A20F044
:10A4F0007F40704701480021704700BFDF590100CD
:10A50000012868B51E4604D0022812D050B101209F
:10A5100068BD002007F0CCFCB8B190F95400307051
:10A52000002068BDC8B205F023FC70B190F93C0072
:10A53000F5E70846154608F001F830B115B990F96D
:10A54000B700ECE70EF094FFE9E7022068BD00BF1A
:10A5500070B5054692F900007F2804BF08201070EE
:10A5600014460E460EF086FF012D207004D0022DF9
:10A5700015D05DB1012070BD002007F099FCB8B185
:10A5800094F9003080F85430002070BDF0B205F02E
:10A59000EFFB68B194F9003080F83C30F4E73046C6
:10A5A00007F0CCFF20B194F9003080F8B730EBE72A
:10A5B000022070BD38B50C4605460EF057FF2870D6
:10A5C0000EF056FF207038BD38B5054600200C4609
:10A5D00005F000FC10B105F071F8A0B1002007F003
:10A5E000D9FC10F0060F0ED13DB9084B44B12068DC
:10A5F0001860A2889A80002038BD054B002CF6D147
:10A600001C609C80F7E70C2038BD00BF1428002098
:10A610000C2800200128034605D8044A0448002BD2
:10A6200008BF104670470020704700BF1428002064
:10A630000C28002001280AD8064A074B002818BF1A
:10A640001346186808609A888A8018467047002365
:10A65000184670470C2800201428002010B5044626
:10A660000EF026FE68B90FF0E1F978B910F000FBA2
:10A6700088B911F02BF998B92046BDE8104016F0C2
:10A68000E5BC00DE0FF0D2F90028EFD000DE10F0BC
:10A69000EFFA0028EDD000DE11F018F90028EBD019
:10A6A00000DE2046BDE8104016F0D0BC086001482E
:10A6B00016F0CCBC1051002016F0C8BC2DE9F84FA4
:10A6C00089462A4D99F8003095F84012472B88BFEB
:10A6D0000B469A423ED05C1CE4B29246482C35F8B8
:10A6E00033200280834608BF002405EBC303002605
:10A6F00001274FF012081AE0012833D0C3F8048074
:10A7000089F8004095F84032472C98BF23469A4577
:10A7100021D01AB20133DCB235F83200BBF8001098
:10A72000482C08BF0024884205EBC20313D15868A7
:10A7300060B1FF28E0D9027902F00302013A012A50
:10A740000CD912225A6007F015FFD9E701365F6075
:10A75000F6B2D5E700263046BDE8F88F0136F6B2EE
:10A760000122EFE70136F6B2CAE700BF4028002019
:10A770002DE9F047374F3B8898425DD913F0FF052C
:10A7800028D0DFF8D4A0DFF8D4809AF82D40DFF885
:10A79000D0909AF82C300134E4B20B2C08BF00247E
:10A7A000A342404618D0FDF7ADFF064648468EB19D
:10A7B000FDF7A8FF002841D006609AF82D304AF82E
:10A7C00023003B888AF82D40013D013B15F0FF0531
:10A7D0003B80DED1BDE8F0873B88002BFAD0DFF864
:10A7E00084A01E4D9AF845401D4E4FF000080134DC
:10A7F000E4B2112C9AF8443008BF0024A342284642
:10A80000E8D0FDF77FFF81463046B9F1000FE1D077
:10A81000FDF778FFC0B1C9F80480C0F800909AF83D
:10A8200045304AF823003B888AF84540013B9BB2FB
:10A830003B80002BDBD1CDE70546A2E73046074938
:10A84000BDE8F047FDF774BF48460449BDE8F0474E
:10A85000FDF76EBFE02A0020684D0020E42A0020AA
:10A86000502C0020882A00202DE9F84F344B354F1A
:10A87000DFF8D490DFF8C8B0181D0A2224214FF069
:10A880000008A7F82C80FDF719FF2F4B0A2208219A
:10A89000181DFDF713FF97F82CA097F82D400A26F6
:10A8A0000134E4B20B2C08BF0024A245484615D061
:10A8B000FDF728FF0546584685B1FDF723FF002820
:10A8C00038D0C5F80480056097F82D3047F823008C
:10A8D000013E16F0FF0687F82D40E1D11B4B1D22EB
:10A8E000181D4FF49271FDF7E9FE194B2D22181D2A
:10A8F0000821FDF7E3FE1648FDF704FFB0B1154A45
:10A90000111FFDF74DFF1248FDF7FCFE80B1124A02
:10A91000111FFDF745FF114B1A22FF201A80FFF788
:10A9200027FF0DF0E7F80020BDE8F88F00DEE6E72E
:10A9300000DEECE704492846FDF7FAFECEE700BF4B
:10A94000EC4D0020584F0020984D0020502C002046
:10A95000E42A0020DC2A0020D42A0020E02A00205B
:10A960002DE9F041994D9A4E86B004AA02A90DF145
:10A97000070008F013FB0446D5E9000103AAFDF720
:10A9800027FF074650B3039B002B6BD0187804AA0F
:10A9900002A908F01BFB0446002841D0DDE903139F
:10A9A000BDF808200F78ADF80A20059308F020FBC9
:10A9B0002146059ABDF80A0008F04EFB204608F033
:10A9C000E1FA05AA0DF10A01384608F0FFFA04463B
:10A9D0000028EBD1306816F039FBC6E7002C3ED0DA
:10A9E000049B05939DF80770BDF80830ADF80A3058
:10A9F00008F0FEFA2146059ABDF80A0008F02CFB83
:10AA0000204608F0BFFA05AA0DF10A01384608F001
:10AA1000DDFA04460028EBD1306816F017FBA4E7F6
:10AA2000039B05931B79013B2C2B1ED8DFE803F019
:10AA30001F43601D1F321D32327C1D1D1D1D1D1D3B
:10AA40001D1D1D1D1D1F721F1D1D1D1D1D1D1D1DDD
:10AA50001D1D1D1D1D1D1D1D1D1D1D1D1F0006B0C5
:10AA6000BDE8F08100DE039B90E700DE7DE75749FB
:10AA700068680022FDF7B4FE564B059993F8413201
:10AA800038460B70544AFDF799FE514B186816F082
:10AA9000DDFA6AE74D4968680022FDF7A1FE0599D5
:10AAA00091F8203003F00F03072B71D0494B384643
:10AAB00093F84132E5E7454968680022FDF790FECA
:10AAC000059CD4F80880B8F1000F09D098F8003040
:10AAD000002B76D098F80030013BDBB288F80030CC
:10AAE000237B052B6FD8DFE803F02C5C60646829BA
:10AAF00005A9384608F0C2F8344968680022FDF715
:10AB00006FFE059900293FF430AF0B792E2B3FF4EF
:10AB10002CAFCBE72D4968680022FDF761FE05994F
:10AB2000384608F099F820E7284968680022FDF7C0
:10AB300057FE0599384607F045FB16E7204607F013
:10AB4000FDFA264A0023237392F82D3092F82C1038
:10AB50000133DBB20B2B08BF002399421CD02760C6
:10AB600092F82D1042F8214082F82D30B8F1000FF4
:10AB70003FF4FBAE98F80030002B7FF4F6AED8F827
:10AB80000830002B3FF4F1AED8F80C009847ECE603
:10AB90003846F8F779F8E8E600DEB8F1000FE9D1B9
:10ABA000E3E62046F8F7B4FBCBE7204605F03CF996
:10ABB000C7E7204605F0ECFFC3E7204607F004F99D
:10ABC000BFE700DE86E700DEBBE700BFD82A002033
:10ABD0000C51002040280020D42A0020584F00208B
:10ABE00030B52F4B2F4C186087B011F05DFD2378E6
:10ABF000002B4ED02C492D4A2D4D05954FF0050CBC
:10AC000081F808C02B4C04922B4A0220CDE9022483
:10AC100004230D24CDE90014284A087408760B702B
:10AC200000201821FFF72CFA002837D1012200213B
:10AC300023481AF09DFD0EF0BDFA044610B12046DF
:10AC400007B030BDFFF710FE04460028F7D10EF024
:10AC5000D1FE04460028F2D105F054F8044600283D
:10AC6000EDD110F003F804460028E8D106F004FF07
:10AC700004460028E3D110F01DFE04460028DED172
:10AC800007F04AFF04460028D9D101200DF0F8FB57
:10AC9000D5E7FDF7B5FD01232370ABE700DEC5E77F
:10ACA0000C5100208D8900209853002035D70100D9
:10ACB000D5D7010015D7010028510020B853002036
:10ACC0001051002010B586B005F02CF800283BD1BB
:10ACD00006F050FF00283CD107F020FF00283DD1AE
:10ACE0000024254B2046A3F840420DF0C9FB234920
:10ACF000234A244BA1F880419485A3F844400122C3
:10AD0000214668461AF034FD1F4B22462146032097
:10AD1000C3F808D0FDF7C8FD10BB4FF0FF324FF06D
:10AD2000FF33684616F0CCF905F006F8D0B968464E
:10AD300011F002FCFFF798FDE0B90021012006B0F8
:10AD4000BDE81040FFF740BC00DE06F013FF00280E
:10AD5000C2D000DE07F0E2FE0028C1D000DEBFE76F
:10AD600000DEDAE700DE684611F0E6FBFFF77CFD67
:10AD70000028E2D000DEE0E740280020884F0020D5
:10AD8000684D0020882A00204802002008B5FFF7FF
:10AD900099FF0EF045FA00B108BDBDE80840FFF785
:10ADA000A1B900BF2DE9F04F2B4C2C4EDFF8B0A01D
:10ADB00083B00746884604F5107900233B6094F879
:10ADC00041B2D6E9000101AAFDF702FD054690B3A4
:10ADD000019B49461A784046FFF770FC80BB94F807
:10ADE00040328DF8013094F8412283460DF1010183
:10ADF0000DF10200FFF762FC4BEA000212F0FF02C5
:10AE0000F1D1019B1979012920D131467068FDF7F4
:10AE1000E7FC51462846FDF78BFC124A1388192B94
:10AE200011D80198104901331380FDF781FC0120EE
:10AE3000FFF79EFCC1E70D495A464046FFF73EFC2E
:10AE400003B0BDE8F08F00DE1388EAE710463B60F0
:10AE500003B0BDE8F08F00BF40280020D02A0020BA
:10AE6000E42A0020E02A0020502C0020802A002024
:10AE700070B57F4982B000234868019301AAFDF7AD
:10AE8000AFFC002800F0A6807A49FDF751FC019A3A
:10AE900013792D2B19D8DFE803F017181817181796
:10AEA0001B1B1B18183318181818181838181818DE
:10AEB00017711717171717171818181818181818C0
:10AEC000181818181818181703B900DE02B070BD4A
:10AED00092F8203003F00F03072BF7D1D568002D2F
:10AEE000F4D0644E1D242868ED68013C3146E4B27C
:10AEF000FDF71EFC002DE9D0002CF4D100DEF2E7B6
:10AF0000907906F0A3FF02B070BD907904F030FF95
:10AF10000446002800F09C80A36B33B11B6893F8B3
:10AF200046206FF3000283F846206569002D6AD041
:10AF3000EB6D002B40F0908005F1500105F14C00C5
:10AF4000FDF732FC0346002800F084800026EB6504
:10AF5000286807F0D9FA606E47496661FDF7E8FB9B
:10AF60004449206E6666FDF7E3FB94F88030266660
:10AF700066F3000384F8803002B070BD92F8203090
:10AF800095683C2B2E6827D092F82140002C48D0A1
:10AF9000706E20B1002338497366FDF7C9FBAB6AB8
:10AFA00033B11B6893F846206FF3000283F8462004
:10AFB0006B6A7BB3002006F0EDFF0446002004F02E
:10AFC00009FF40EA440010F0FF007FF47FAF0DF06E
:10AFD0000DFB7BE700DE57E76C68002C3ED00023BA
:10AFE0006B60E36D6BB904F1500104F14C00FDF7A7
:10AFF000DBFB0346002833D02068E36507F084FAC2
:10B00000CDE700DEEFE794F8803065F3000384F8C5
:10B0100080305BE796F8802063F3000286F880209A
:10B02000C8E7012006F086FF48B186421AD090F8A2
:10B030006230002262F34103426180F8623096F888
:10B040006230002262F34103726186F86230B1E738
:10B0500000DE61E700DE79E700DE6DE700DEBEE7D7
:10B0600000DEC9E7204606F065FF0028E7D0DEE7EE
:10B07000D02A0020E42A0020502C00202DE9F8439B
:10B0800004688046A4B1594F594E012520462468D2
:10B090000379122B14D805FA03F240F2E9110A429F
:10B0A00040F0998012F4812F74D100DE002CEDD194
:10B0B0000023C8F80030BDE8F843FF20FFF758BB75
:10B0C000163BDAB2172AF0D8172BEED801A252F8A5
:10B0D00023F000BF45B1000035B100005BB10000B6
:10B0E00045B1000045B1000045B1000045B1000088
:10B0F00045B10000ABB00000ABB00000ABB0000049
:10B10000ABB00000ABB00000ABB00000ABB00000D3
:10B11000ABB00000ABB00000ABB00000ABB00000C3
:10B12000ABB00000ABB00000ABB00000ABB00000B3
:10B1300045B1000090F820303C2B32D0022B3AD0A1
:10B14000002B46D13B88192B32D8013331463B8046
:10B15000FDF7EEFA002C99D1AAE7C0880F28A5D8F0
:10B1600007F0E0F9814600283BD0D9F86C30002B7D
:10B1700039D109F1600109F15C00FDF715FB0028E8
:10B180002DD0C9F86C00484607F0BEF9002C7FF4BA
:10B190007DAF8DE73146FDF7CBFA002C7FF476AF1B
:10B1A00086E71349FDF7C4FA002C7FF46FAF7FE701
:10B1B00000DE3B88C9E70CF057FB002004F0FCFDE3
:10B1C00000287FF473AF0DF011FA002C7FF45EAF0E
:10B1D0006EE700DE0379002BB4D100DEB2E700DEBB
:10B1E000CFE700DEC1E700DEC3E700BFE02A0020B2
:10B1F000502C00200148FDF785BA00BFE42A00204A
:10B200000149FDF795BA00BFE42A00200148FDF787
:10B2100079BA00BF502C00200149FDF789BA00BF60
:10B22000502C0020034B044A93F841320B70FDF779
:10B23000C5BA00BF40280020D42A0020014B18685E
:10B2400015F004BF0C51002008B5064B064A93F8D0
:10B2500041320B70FDF7B2FA044B1868BDE80840A4
:10B2600015F0F4BE40280020D42A00200C51002004
:10B270000C4991F8442091F845309A420AD8A3EB42
:10B28000020C5FFA8CFC604509D89A4207D051F84D
:10B290002200704711339B1ADBB29842F7D9002085
:10B2A000704700BF882A0020094A92F8441092F89B
:10B2B00045308B4209D04B1CDBB2112B08BF002359
:10B2C00052F8210082F8443070470020704700BFD8
:10B2D000882A002000B50D4A92F841C292F840E257
:10B2E0000CF10103DBB2482B08BF00239E4509D0B7
:10B2F00022F83C0002EBCC0CCCF8041082F841326E
:10B300005DF804FB00DE00231B80FFDE40280020E8
:10B31000022810B50C4602D00B68022B07D0044857
:10B320004FF0FF324FF0FF3315F0CAFE206810BD1A
:10B330001051002004490A680AB1104670470246BD
:10B3400008601046704700BF3C280020044A13687C
:10B3500023B1984206BF00211160002318467047B0
:10B360003C280020014B1868704700BF3C28002093
:10B3700004490A680AB11046704702460860104640
:10B38000704700BF842A0020044A136823B1984202
:10B3900006BF00211160002318467047842A002050
:10B3A000014B1868704700BF842A002030B505683B
:10B3B0002B7887B0EBB104460122002168461AF0D1
:10B3C000D7F90D4BC5F80CD0AB602B788BB10B4B7C
:10B3D0000022114603209C60FDF766FA38B94FF44D
:10B3E00000420023684615F06BFE07B030BD00DE5A
:10B3F000F5E76FF07700F8E7B9A600003802002003
:10B40000F0B5254E336885B00C461746002B36D074
:10B41000994215D10223039303AB02460093032103
:10B420001E4B0020FEF776FF022805460CD0039B3A
:10B43000022B09D195B133680BB19C4221D014B3D2
:10B440006FF02D0005B0F0BD15484FF0FF324FF002
:10B45000FF3315F035FE039D002DECD13846FFF784
:10B46000A5FF33680BB19C4211D0002CE8D1002815
:10B47000E8D010F1780F08BF002005B0F0BD3160B2
:10B48000C8E7002333606FF0770005B0F0BD35608A
:10B490000028D7D0EDE700BF3C280020ADA6000073
:10B4A000105100200C4991F82C2091F82D309A422F
:10B4B0000AD8A3EB020C5FFA8CFC604509D89A42CB
:10B4C00007D051F8220070470B339B1ADBB2984229
:10B4D000F7D90020704700BF684D0020094A92F854
:10B4E0002C1092F82D308B4209D04B1CDBB20B2B69
:10B4F00008BF002352F8210082F82C30704700204A
:10B50000704700BF684D002038B50C46054607F06F
:10B510003FFD207021462846024ABDE83840FDF72D
:10B520004DB900BFDC2A00200122024B1146002049
:10B53000FDF7BAB92802002070B50C46054607F0A1
:10B5400027FD21462070064A2846FDF737F90122DB
:10B55000BDE87040034B11460020FDF7A5B900BFC0
:10B56000DC2A0020280200202DE9F0431A4D9DF826
:10B570001C8095F881C10CF1010E5FFA8EFEBEF1C0
:10B580000C0F994695F8803108BF4FF0000E7345B7
:10B590001DD0144605EB4C1CE36807460E461068A8
:10B5A0005168926864460FC49CF81C30CCF818604F
:10B5B00008F0010823F0030343EA0803CCE90497E9
:10B5C0008CF81C3085F881E16046BDE8F0834FF0CF
:10B5D000000C6046BDE8F083884F0020054890F8D5
:10B5E000803190F881219A4214BF00EB4310002073
:10B5F000704700BF884F002001460B480A7890F83A
:10B6000081310B2A84BF90F880210A70934208D0C0
:10B61000531CDBB20C2B08BF002300EB42100B7055
:10B6200070470020704700BF884F00202DE9F04F81
:10B630003D4E96F8801196F8813187B08B42039089
:10B6400047D04FF0000906EB41110E24CDF81090C1
:10B65000CA46CB46CDF80890CDF814900D7FD1F8AE
:10B660000080CF68C5F3400205F00105002C4FD0E3
:10B67000013CE4B282B396F8811196F88031994288
:10B6800027D00133DBB20C2B08BF0023994286F888
:10B6900080311ED006EB43115B01C868002ADDD162
:10B6A00035BBBBF1000F37D0BAF1000F029A08BFCB
:10B6B0004246029208BFBA460A7F9507CED4D20707
:10B6C0001DD48345F3582BD08245C7D1029A9A42A4
:10B6D000C4D107B0BDE8F08F144B039899601146B0
:10B6E0000192FDF7E1F8019A0028C4D000DEC2E71C
:10B6F000049A7AB1B9F1000F08BFB946DCE7BAF194
:10B70000000FABD1049B8342E3D04845A6D1E0E7CC
:10B7100000DEADE70497CFE7BB46CDF81480CBE75A
:10B72000059A9A42D0D1D4E7884F00201802002011
:10B73000064B93F82C2093F82D10914204D053F827
:10B74000220010B10C30704700207047584F002085
:10B75000084A92F82C1092F82DC08C45034606D06A
:10B7600052F821201AB102F10C0013737047002027
:10B77000704700BF584F002070B5144A92F82C1043
:10B7800092F82D308B421FD04B1CDBB252F8214077
:10B790000B2B08BF002382F82C30ACB1022300250C
:10B7A000266823712560A06007F0F2FB084A20702C
:10B7B00021463046FDF702F80122064B1146284685
:10B7C000FDF772F8204670BD0024FBE7584F0020BB
:10B7D000DC2A00202802002010B582B0049B9C7A4D
:10B7E0006FF341049C720024CDE900440DF0D2FEB9
:10B7F00002B010BD10B50346007F1A699969012493
:10B8000082B02040CDE9000458690DF0C3FE08B9AC
:10B8100002B010BD7730FBD000DEF9E70B8A002BB9
:10B820003CD030B5054683B001F10C000C4617F052
:10B83000F4FB012817D0022803D06FF0150003B0E5
:10B8400030BD01A9204602F0A7FE019919B12B696C
:10B8500028461B6898470028F1D12046FBF798FE40
:10B86000002003B030BD002301A92046019301F060
:10B8700071FA01460028F0D02B6928461B689847CA
:10B880000028DCD1019D002DE7D0284603F0F0FB15
:10B8900068710199034819F052FFDEE76FF0150057
:10B8A000704700BF5058002010B50469FFF76EFACA
:10B8B00028B90448FBF7FEFA0020206010BD00DE26
:10B8C000F7E700BF60090020F0B50546076989B0B9
:10B8D0000E46174819F0F4FE4FF0FF3200211548CC
:10B8E00019F046FF1348FFF77BF90446E0B93E60C4
:10B8F00011481AF0B0FA104803F0D2FB00200021E2
:10B900006FF00702CDE90601CDE90324CDE901443A
:10B910000A4B0B4900954FF460720A4815F032FE4D
:10B920000949084819F0F7FF204609B0F0BD00BFEB
:10B930005058002068580020405800204DB90000A1
:10B940008092002060090020406502002DE9F04F40
:10B9500085B00369DFF8A882DFF8A892DFF8A8A213
:10B96000DFF8A8B2019306464FF0FF324FF0FF33E5
:10B970000321404616F06EFB002840F0A881D8F85D
:10B980000C3003F4FE13B3F5804F00F0A880D8F814
:10B99000203003F4FE13B3F5004F00F02581D8F8F2
:10B9A000343003F4FE13B3F5803F00F081810024AE
:10B9B000D8F80C3096486FF39433C8F80C30D8F8A8
:10B9C00020306FF39433C8F82030D8F834306FF358
:10B9D0009433C8F834308F4B1D68BFF35B8F50E849
:10B9E000003F23F0010240E800210029F7D1BFF316
:10B9F0005B8FD80703D500220023C9E90023002D5F
:10BA000040F34081DAF80030DBF80020EB1A1344F1
:10BA1000814A1360D9F80020002A00F06081517932
:10BA2000002C65D1042950D9052940F05581002BFF
:10BA30009AD0D9F804101368C9F800308A4200F08F
:10BA4000738103924FF0FF334FF0FF320820FCF771
:10BA50008FFD04462146039802F01CFE039B002242
:10BA60001A6003A8FFF70AFBDAF80030ED1ADBF8DA
:10BA700000301D44684B1D60D9F800302BB15B7954
:10BA8000DA1E012A1CD9052B18D0002C3FF46CAF0C
:10BA9000019F204617F05DFA05462146002017F069
:10BAA00078FA2B8A012B0446294630461CD93B687C
:10BAB000984715F087FF002CEBD155E7002DE4D017
:10BAC0000021564816F01EFBDFE7022971D800DE80
:10BAD0004B1E012B039240F2328100DEBEE7D8F804
:10BAE000103000229A6062E72846FBF751FDE0E73C
:10BAF000CA1E012A40F2E480052900F0F480591C96
:10BB0000627900F0C780511ED9F80000052900F2C3
:10BB10002181DFE801F003031D1D3403042A03948F
:10BB200000F2BE80022A1AD1012100200022002347
:10BB300018F053FC04460398E4B1214602F0F8FDE6
:10BB4000039B00221A6003A8FFF798FA019FA0E761
:10BB5000314A01231360002840F0DD800394022065
:10BB60004FF0FF324FF0FF33FCF702FD044603981D
:10BB7000002CE2D1046003A8FFF780FAF4E6002865
:10BB800040F0C980002B00F0C68003944FF0FF32D4
:10BB90004FF0FF330820FCF7EBFC044621460398E6
:10BBA00002F078FD039B00221A6003A8FFF766FAF3
:10BBB0006BE7D9F804301168C9F80010934212BF3E
:10BBC0000392C9F8041003934FF0FF324FF0FF3394
:10BBD0000220FCF7CDFC0446002C3FF43FAF039855
:10BBE000214602F0A5FD39E7D8F824000022002301
:10BBF00015F066FA002840F09D80376925E000BF07
:10BC00005802002058090020B0580020AC580020ED
:10BC100088580020B45800203C580020405800208C
:10BC200073BB4FF0FF334FF0FF320021132018F0A9
:10BC3000D4FBBDF80A100546224603F001FA3B6822
:10BC400029463046984715F0BDFE0DF10A0103A8BC
:10BC5000FFF7A8F8039B04460028E1D1002B3FF42E
:10BC6000A6AEFFF705F9039C204603F001FA6071C8
:10BC700003993A4819F063FD039B002BE5D196E642
:10BC800000DECEE7364A4FF0FF331360002C3FF45E
:10BC90006BAE62790394042A49D9052A3FF476AF42
:10BCA00000DE039B00221A6003A8FFF7E7F95BE6BA
:10BCB000D8F838000022002315F096F9044677E6FC
:10BCC0002848002116F01EFA254B1B6817E70430A0
:10BCD0003FF455AE00DE52E600DE0392FDE6002C96
:10BCE0007FF40DAF40E6002BEAD16279531E052B9D
:10BCF00030D801A151F823F01DBB00001DBB00008E
:10BD000011BD000011BD000017BD00001DBB0000EB
:10BD1000134A01231360D9F80430002222605BB17A
:10BD20001C60C9F804401FE6C9F8043089E6002AFF
:10BD3000B6D0F7E600DE60E7C9E9004414E6022960
:10BD40007FF442AF204601210022002318F045FB7A
:10BD5000044641E700DE0394A2E700BF50580020EC
:10BD60003C5800204058002010B515F0DBFD054C74
:10BD7000204619F0B1FC204619F0A2FCBDE81040A5
:10BD800015F0E4BD50580020038800B5C3F34413F8
:10BD900003EB430C8444B2FA82F29CF802E05209AD
:10BDA000013362F3000E03EB43038CF802E0F1B1C0
:10BDB0000A88C2520278D30612D1531C03F01F0323
:10BDC00063F304020270028863F3491202F4787389
:10BDD000202B028004BF6FF3491202805DF804FB40
:10BDE0000388C3F34413013303F01F03EBE7C1528D
:10BDF000E0E700BF2DE9F04FDFF8B89183B0D9F844
:10BE000000609DF834400194002E5EDB07460D462D
:10BE10001446984661D0DFF8A0A14FF0000B05E072
:10BE20000BF1010B5E450AF1200A56D0514606225D
:10BE300020461AF0B7F80028F2D11AF8013CAB42BC
:10BE4000EED15E4C4FEA4B1104EB4B1B9BF80730D5
:10BE500023FA07F2D50778D5072F3AD108EB480324
:10BE600001EB430323444FEA48071A7AD20603F151
:10BE7000080600F085800C9A5AB352781D7B4FEA71
:10BE8000121CBCEB151F40F08A80DDF830C093F81F
:10BE90000BE09CF800C02D02120205F4706502F45C
:10BEA000706242EA0C0245EA0E0595425CD1B37815
:10BEB000DB070ED4019B43B907EB080301EB4303F7
:10BEC00023449A7A42F001029A72002003B0BDE83E
:10BED000F08F012003B0BDE8F08FDFF8E4A0374910
:10BEE000DAF800B0D4F800C0019A4FEA4B13581C9E
:10BEF00041F800C00844A4888480CC180120CD54A7
:10BF0000B8400833E071C85A2E4D2840C8525C181A
:10BF1000062010FB0830E3882B40E380A3892B40E8
:10BF2000A381638A2B40638208440C99FFF72CFF9E
:10BF30000F2ED6BF731C0BF10103C9F80030102B74
:10BF400008BF0023CAF80030BFE7062000FB081036
:10BF50000121B94008300B43019A0C998BF8073046
:10BF60002044FFF711FFB0E70C9A83F80BC052781A
:10BF70001A73019B73B9B37843F00103B370A4E75C
:10BF8000062000FB08100830019A0C992044FFF7A6
:10BF9000FBFE9AE7B37860F30003B37095E70623DE
:10BFA00003FB081101F10800019A0C992044FFF7E6
:10BFB000EBFE8AE7BC580020C1580020C058002082
:10BFC000B858002000FCFFFF2DE9F04F89B005466E
:10BFD00007939DF84C300593149B1C9C06939DF889
:10BFE000543004939DF9583001930C349DF95C3022
:10BFF000029320461B9B03930E4602219DF8687016
:10C00000DDF84890BDF860A0DDF864B0904616F009
:10C01000CCFF3E22027007F11A0242700121204635
:10C0200016F0C3FF02460D21117007F119012046D9
:10C03000C9B216F0BAFF0122A0F8015002700446FE
:10C040000BF0EAFF049B984243D8231DB9F1000F7F
:10C0500033D0079AE270D9F800206260B9F8042062
:10C060009A8096FAA6F6B6FA86F6013684F80B8020
:10C07000A672BBF1000F35D09BF801301B0923736A
:10C08000019B637315F00405029BA373A4F80FA032
:10C0900004F1120318D0059A069962740A68C4F86C
:10C0A00012208A889A80039927763A4604F119006B
:10C0B00009B0BDE8F04F19F045BF84F80390C4F80B
:10C0C0000490A3F80490CCE76574C4F812509D80E6
:10C0D000E9E71846221DE11C0BF07AFFE3780233F2
:10C0E000E370BEE7FF23CAE72DE9F0411A4C64680C
:10C0F000A40004D51646194A1268120701D4BDE8F7
:10C10000F08103F10C0405460F462046022116F08B
:10C110004CFF40F63E4303800121204616F045FFC8
:10C120000346042220461A700B2116F03EFF0570CC
:10C13000A0F801603DB97B68BA68C0F80720C0F874
:10C140000330BDE8F0814FF00008C0F80380C0F86C
:10C150000780BDE8F08100BFE0000020D80000208B
:10C160002DE9F04F594D04460B4695E8030087B082
:10C170000490ADF81410080C55498DF81600496864
:10C1800089007DD51546534A1268D20478D52746D2
:10C1900093F8189017F8020B93F819B0430679D466
:10C1A0000023C0F38011CDE900333A4600F00F00C0
:10C1B000FFF720FE002863D1237803F00F03012B43
:10C1C00061D094F80180A8F1060A08F114035FFA1F
:10C1D0008AFA08F11308DBB203935FFA88F856462F
:10C1E0000C350221284616F0E0FE039B43703E23E7
:10C1F00003700121284616F0D8FE03460D221A705E
:10C200004146284616F0D1FE01230370237803F03F
:10C210000F0318336B44054613F8083CA0F80130AF
:10C220000BF0FAFE58453DD958462A1DE91C0BF083
:10C23000CFFEEB780233EB7001226A81FF220023EC
:10C240002A73C9F100097F22214685F80E90EB730D
:10C250002B746A7311F8082B02F00F00012805F106
:10C26000120729D06B74C5F81230BB80324605F135
:10C27000190085F818A007B0BDE8F04F19F062BEAC
:10C2800007B0BDE8F08F1A2306464FF01908039354
:10C290008246A5E7002108463B465A460BF0B4FF0C
:10C2A00020787DE72378C3F38013EB70D4F8023055
:10C2B0006B60BB882B81BFE7C2F3C0126A74A368AE
:10C2C000C5F812308B88BB80D0E700BF60650200E4
:10C2D000E0000020D80000202DE9F04F95B09046F6
:10C2E000139341F020030C939DF88030289D0D930B
:10C2F0009DF888300E939DF990300F939DF87890BB
:10C30000BDF89430BDF89CB0299E2B9F95F800C0D5
:10C3100010930246139B12921B781193239B644641
:10C320002A2C93F900A028BF2A24269B0793109B50
:10C3300006930F9B0894CDE904A30E9B0393219BC6
:10C3400002930D9B01931F9B00933B680A933368F4
:10C35000119A0C98099341464B46FFF735FE336816
:10C36000234433602B781B1B2B7002204FF4A02238
:10C370000023FCF7FDF8ABEB040B1FFA8BFB014627
:10C380003860002858D02A9816F0F2FD95F800C0C1
:10C39000BCF12A0FC9D8129AD2686146002A45D04A
:10C3A000E34546D9BCF1000F64D1239B7F2119706E
:10C3B00092F822108C0659D092F82310C8074CBF6F
:10C3C00002F12A0002F124008B0748BF06300C0757
:10C3D00048BF0230CB0607D58178139B490901314C
:10C3E000197092F8231003308C0648BF12304B06A8
:10C3F00003D5239B10F9011B197092F82210C1F389
:10C4000005010131CCB202F12201411AC9B2A142A7
:10C4100003D2611A50FA81F0214692F821408C42F1
:10C420000DD84FF0000300212B708C468B453FF652
:10C4300071AF15B0BDE8F08F00DE3968A3E730605A
:10C4400092F821C0ACEB010C5FFA8CFCDC45614634
:10C4500084BF59465FFA8BFC594585F800C0FFF44C
:10C4600059AFBCF12A0F3FF655AFE2E702F12300C6
:10C470000121D2E7139B129293F800A0239BCDF8E1
:10C4800044A093F90040A2466446269B0793109B64
:10C4900006930F9B0894CDE904A30E9B0393219B65
:10C4A00002930D9B01931F9B00933B680A93336893
:10C4B000119A0C98099341464B46FFF785FD336866
:10C4C000234433602B781B1B2B7002204FF4A022D7
:10C4D0000023FCF74DF8ABEB040B1FFA8BFB014676
:10C4E000386038B12A9816F043FD2B782A2BCCD827
:10C4F000129A5AE700DE3968F4E700BF2DE9F04FE1
:10C50000A9B07F241F937B4B8DF88A405B688DF820
:10C510008B409D004FF00004CDE924448DF88C4001
:10C520008DF88D408DF88E408DF88F408A4603D56A
:10C53000714B1B68D90410D4DAF80C4054B127AD04
:10C54000002627942346E4681E602846FEF796FDE1
:10C55000002CF6D129B0BDE8F08F164680461C9419
:10C560000BF05AFDDAF80C901490CDE91544CDE9A2
:10C570001D44D346119413941A94129417941B9447
:10C580004F46209698F802509BF819309BF81A9065
:10C590000F939BF81830199315F03F064FEA951347
:10C5A000C9F34000C9F34012189300F0708198F865
:10C5B000033013F0010608F1040400F08281DA452B
:10C5C00000F0F081DAF80C10594500F0EB81002101
:10C5D00010910E4613F0020108F10A0400F0768172
:10C5E000DA4500F0BB81DAF80C10594500F0B6814D
:10C5F0004FF0000C614606345A0748BF013413F06F
:10C6000008021CBF2246023413F010000E9013D013
:10C61000DAF80C000E90584500F0CA81DA4500F0B7
:10C62000CE8194F802E0BEF15F0F4FEA5E1000F297
:10C63000C98101300E900334980602D560881A90A3
:10C6400012345B0648BF14F9010BC5F3050508F168
:10C65000020305F10105A4EB0303EDB2DBB258BF01
:10C660007F20AB4206D8A5EB030E1EF0FF0E1CBFC9
:10C6700074442B4698F80150AB423FD2EB1ADDF8D8
:10C6800058E0DBB21D4675441F2D3FDCDA4500F053
:10C690001F8119F0100F40F00481DDF890E0119A2D
:10C6A000139D002A08BF35461395109D18BF1546E7
:10C6B000129A1195002A159D04BF62460D461595E4
:10C6C0001292BEF1000F00F03F81179A1A4493B204
:10C6D00017930BF0A1FC149A0F991346824228BFBE
:10C6E0000B461493002F00F0108107F12008BB4681
:10C6F000FF6847E7E0000020D80000200024DDF8B4
:10C7000058E0254675441F2D2346BFDD249F209EFB
:10C71000002F00F0AE810227119B002B00F09681C4
:10C7200000241B9B0093119A1C9B139901940720D2
:10C73000FFF760FB002840F0A2816401E4B2129B85
:10C740001BB11C9B43F004031C93199B169A26965D
:10C750005B425DB29DF88E309342C0F050812A2B2F
:10C7600000F24D81324608931B9B07931A9B1C993C
:10C770000A92CDE90553149B0393129B0293159BD8
:10C780000193119B00932143259B09930C469DF92E
:10C790008B3004939DF88F20139B1F992046FFF741
:10C7A00013FCDDF89080B8F1000F00F051810220F9
:10C7B0004FF4A0220023FBF7DBFE04F09F0444F0BB
:10C7C000080480462690002800F06A8141463046E1
:10C7D00016F0CEFB9DF88C30179A934201D32A2B8A
:10C7E00025D9179B09931B9B08931A9B1E981F9A88
:10C7F0000C96CDE90653149B0493129B0393159B4F
:10C800000293119B0193139B009326AB0D9324ABD2
:10C810000B9323AB0A930DF18A03059321460DF187
:10C820008D03FFF759FD9DF88C30DDF89880089353
:10C830001B9B07931A9B249A0992CDE90553149BDD
:10C840000393129B0293159B9DF98A200193119BE0
:10C85000009344EA47100492139B1F999DF88D2082
:10C86000CDF82880FFF7B0FBDAF80C40002C3FF43D
:10C8700071AE27AD002627942346E4681E60284643
:10C88000FEF7FCFB002CF6D129B0BDE8F08F08F1D3
:10C8900003040E96314601231096B44632467F209B
:10C8A000E8E60E9A002A57D19DF88F508DF88D50EA
:10C8B0008DF88C3024948DF88A00A646CDF878B097
:10C8C000EDE613F0020110967FF48AAE8C4693E6F3
:10C8D0000E9B8DF88F304FF000038DF88E300023C3
:10C8E00025930F9B1493189B1C93109B119300236B
:10C8F000CDE912C68DF88B0015911B921693CDF8D9
:10C9000074A01793002F7FF4F0AE0E9B209E003B87
:10C9100018BF0123B9465F00249B002B7FF4FCAEB7
:10C92000119B002B40F0D580002F00F0D5801B9B81
:10C93000002B00F0BD809DF98B307F2B00F0B48080
:10C94000002740241197FAE6259900294BD0169A22
:10C950001A4493B21693BCE60E9DA7E700284BD16C
:10C96000DAF80800016891F86210C1F381010E91B4
:10C9700082B190F8282098F80010C2F38012B2EB30
:10C98000D11F0AD1363006222146219319F00AFB25
:10C99000219B10B90E99A4462DE60E9AA44642F0AA
:10C9A000020128E698F800601094C6F3801611E69C
:10C9B000A80900283FF432AE00200E903BE6002F7D
:10C9C0007FF42FAE0E9800283FF4C4AD27AD0024AD
:10C9D000064627963346F6681C602846FEF74EFB4F
:10C9E000002EF6D1B6E525948DF88B008DF88E30AB
:10C9F0001693CDF874B06CE6A446FE21FBE5169BB9
:10CA000009931B9B08931A9B1F9A1D981C990C96BF
:10CA1000CDE90653149B0493129B0393159B029339
:10CA2000119B0193139B009326AB0D9325AB0B93A6
:10CA30000DF18E030A930DF18B0305930DF18F0316
:10CA4000FFF74AFC9DF88E30269A8CE61C4676E667
:10CA5000DAF80C40002C3FF47DAD27AD4646279414
:10CA60002346E4681E602846FEF708FB002CF6D13A
:10CA700070E5119B002B3FF45AAF022451E6DAF81F
:10CA80000C40002C3FF466AD27AD002627942346CA
:10CA9000E4681E602846FEF7F1FA002CF6D159E54D
:10CAA00000DEDDF8988091E6259B002B7FF448AFEF
:10CAB000DAF80C40002C3FF44DAD27AD002627944A
:10CAC0002346E4681E602846FEF7D8FA002CF6D10B
:10CAD00040E53C464F4624E6119C30E670B50546DD
:10CAE000022002F0CFFD044660B1074B01211888F7
:10CAF00017F076FC012106460C3016F056FA0C238E
:10CB000003702E60204670BD7C89002070B50546FC
:10CB1000012002F0B7FD044660B1074B01211888DF
:10CB200017F05EFC012106460C3016F03EFA0C238D
:10CB300003702E60204670BD7C8900202DE9F041F5
:10CB4000013886B01446112813D8DFE810F02C0005
:10CB500048005E0012001200700012008200A10066
:10CB6000B400120012001200C600E500120012000C
:10CB700017006FF0150006B0BDE8F081CB68DA78D9
:10CB8000997818880AF01CFD704B06460121188818
:10CB900017F026FC012105460C3016F006FA067047
:10CBA00025600020E7E7694B0D21188817F018FC75
:10CBB0000D2120600C3016F0F8F94FF0021400231C
:10CBC0004FF4806103220370C0F80140A0F8051003
:10CBD000C271037243728372C3720373E1E75B4BEA
:10CBE0004121188817F0FCFB412120600C3016F021
:10CBF000DCF9002104463E2200F8031B19F0CAF9B3
:10CC000046F2A733A4F80130CBE7504B092118882E
:10CC100017F0E6FB092120600C3016F0C6F9034638
:10CC2000002203F8012BC0F801205A60B9E7C96857
:10CC30000020FDF7C9FC454B0121188817F0D0FBF7
:10CC4000012105460C3016F0B0F900230370256071
:10CC5000A7E73F4E3D4F0FCE01AD0FC53368388873
:10CC60002B70122117F0BCFB122120600C3016F043
:10CC70009CF90446002301AE04F8013B84460FCE24
:10CC80002D78CCF801006160A260E360257488E72C
:10CC90002E4B1821188817F0A3FB182120600C30A8
:10CCA00016F083F900230446012100F8023B0FF03F
:10CCB00081FC607075E7254B2121188817F090FBE7
:10CCC000212120600C3016F070F90146002301F894
:10CCD000113B01300FF0BEFC63E71C4BD1F80C8018
:10CCE000188898F80060B8F80150052117F078FB13
:10CCF000052120600C3016F058F9024698F90330EF
:10CD000002F8043FAFB2044639463046FDF720FC36
:10CD100066702070658044E7CB681E78B3F80150D8
:10CD20000A4B0521188817F05BFB052120600C30A9
:10CD300016F03BF9AFB20446031D394600223046D7
:10CD4000FDF7DEFB6670207065802AE77C89002095
:10CD5000686502002DE9F04F038A97B00022022B8C
:10CD6000119235D905460E460C30032116F04DF9C7
:10CD70002A8A83789A422BD30088D14CC0F385232A
:10CD8000082B1FFA80FC2080C0F309070DD8C3B11F
:10CD9000013B072B15D8DFE813F0200014002C000E
:10CDA0007901AB01140014007D003F2B09D111AAB9
:10CDB00029463846FFF7C2FE163041F05C81B4F8D0
:10CDC00000C00121604617B0BDE8F04F17F01ABB54
:10CDD0000024204617B0BDE8F08F062F01F0258112
:10CDE0001D2FEED1EB68188805F07CFD01462088E8
:10CDF000E9E7352F00F2B4812C2F00F29681012F44
:10CE000000F0DF81032FDCD1AE48AF49AF4AB04B11
:10CE10004FF0FF354FF0FF3641F6FF77C1E900676D
:10CE2000056000210020C2E900011F200021C3E9A4
:10CE30000001FDF747FF2088A64D012117F0D0FA29
:10CE4000012104460C3016F0B0F800260670A24A04
:10CE5000A248A34B166006602022A2481E603146FD
:10CE600011942E6019F096F8BFF35B8F9E4B53E838
:10CE7000001F41F0010143E80012002AF7D1BFF37F
:10CE80005B8F9A4B1868314615F03CF9FEF76CFF42
:10CE9000119C9EE7781E7A2893D801A353F820F0BE
:10CEA00081DA0000F9D9000033DA0000C3CD0000B8
:10CEB00091D90000C7D90000B3D900001FDA0000E3
:10CEC0007DD9000067D9000053D9000029D900009E
:10CED00091D8000071D800004FD8000031D8000070
:10CEE00011D80000F1D70000CDD70000ADD7000069
:10CEF00083D7000073D7000037D7000015D7000094
:10CF0000FBD60000CFD60000A3D600007FD60000DD
:10CF10004FD6000019D60000F1D50000B5D50000AD
:10CF200081D50000C3CD0000C3CD0000C3CD0000FB
:10CF3000C3CD0000C3CD000005E00000E5DF000028
:10CF4000ADDE00008BDE0000A5DC000071DC00001F
:10CF50004FDC00002DDC0000C3CD000037DF0000F7
:10CF600001DF00008FDF00003FDD0000CBDE0000AE
:10CF700019DB0000F1DA0000A7DA000041DE000052
:10CF8000CDDD00002BDD000017DD00008DDD000091
:10CF90006FDD0000C3CD0000C3CD0000C3CD000095
:10CFA000ABDB00005BDB000065D40000C3CD0000FC
:10CFB000C3CD0000C3CD0000C3CD0000C3CD000031
:10CFC000C3CD0000C3CD00001DD40000C3CD0000C0
:10CFD000C3CD0000FDD30000C5D30000D9DC0000A4
:10CFE000C3CD0000C3CD0000C3CD0000C3CD000001
:10CFF000C3CD0000C3CD0000C3CD0000C3CD0000F1
:10D00000C3CD0000C3CD0000C3CD0000C3CD0000E0
:10D01000C3CD0000C3CD0000C3CD0000C3CD0000D0
:10D02000C3CD0000C3CD0000C3CD0000C3CD0000C0
:10D03000C3CD0000C3CD0000C3CD0000C3CD0000B0
:10D04000C3CD0000C3CD0000C3CD0000C3CD0000A0
:10D05000C3CD0000C3CD0000C3CD0000C3CD000090
:10D06000C3CD0000C3CD0000C3CD0000C3CD000080
:10D07000C3CD0000C3CD0000C3CD0000C3CD000070
:10D08000C3CD0000C3CD000043D50000781E0828A2
:10D090003FF697AE01A353F820F000BF83D2000003
:10D0A0002DD2000007D20000C3CD0000C3CD000088
:10D0B000C3CD0000C3CD0000C3CD0000E7D1000008
:10D0C0007C890020BC580020E0000020F0090020EE
:10D0D000D800002080580020B4580020B05800200C
:10D0E000AC5800208C58002088580020845800201C
:10D0F000052F7FF466AEEB68604604211E8817F0AA
:10D100006FF9042104460C3015F04FFF0546E91C69
:10D11000B0B205F079FCA5F80160287000284DD167
:10D12000EB785B425BB2EB7053E6A7F12D00082869
:10D130003FF647AE01A353F820F000BFEDD2000048
:10D14000C3CD0000C3CD0000C3CD0000ADD20000B0
:10D15000C3CD00008DD30000C3CD00001FD300005D
:10D160007B2F00F06B877C2F13D1EB681E885988CA
:10D17000B0B205F09BFC03210546208817F030F97A
:10D18000032104460C3015F010FF0570A0F8016073
:10D190001FE6632F7FF415AEEA68A94B116819608A
:10D1A00052685A606046012117F01AF901210446BD
:10D1B0000C3015F0FAFE002303700AE67F23EB70B3
:10D1C00007E6EA689F4B1168196052685A60394651
:10D1D000604617F005F9394604460C3015F0E5FEB7
:10D1E00000230370F5E56046072117F0F9F80721E1
:10D1F00004460C3015F0D9FE0146002001F8010B61
:10D20000FDF718FAE5E50921604617F0E9F809216C
:10D2100004460C3015F0C9FE0346002203F8012B2A
:10D220006021C0F801205A604171D2E56046412179
:10D2300017F0D6F8412104460C3015F0B6FE002157
:10D2400005463F2200F8021B18F0A4FE7E497F4AE3
:10D250007F4BC5F81A10C5F821200121C022C5F85E
:10D260002530E423802085F82E10AA7142F228216F
:10D27000EB7204222023E870A5F80F10EA756B709A
:10D28000A7E50921604617F0ABF8092104460C30E8
:10D2900015F08BFE4FF4506100236E4A01800D2182
:10D2A0008370C3700171C0F8052092E5EB686A4D88
:10D2B0001E780121604617F093F8012104460C30D6
:10D2C000119415F072FE2B68002B00F0D086634B92
:10D2D0001B68002B40F0CB860370002E00F0FC860C
:10D2E000012E00F00B871223037072E5EB68604695
:10D2F00004211E8893F8028017F072F80421044676
:10D300000C3015F052FEB7B20546C31C42463946F2
:10D310000220FDF7F5F8A5F80160287059E54E4B9D
:10D32000ED681B68002B40F3CA864C4B1B68002B32
:10D3300000F0B8862C78002C00F0A8860020484E1B
:10D34000044603460CE036F811309A42A3EB020380
:10D3500010D826F811302A78C3B29A4240F2968645
:10D3600005EB83030130B3F80110B3F803200F2954
:10D370001444E8D90121604617F032F8012104462F
:10D380000C3015F012FE1223037022E5EB68012128
:10D390006046B3F803501E8817F022F801210446B6
:10D3A0000C30119415F001FE2B4A1368002B40F04D
:10D3B00065861A2E40F266860A2D28BF0A256D4220
:10D3C000156006E5ED682E46EB7816F8070BAA788F
:10D3D00069780396AE7902966E7901962D7900955B
:10D3E0000FF06AF801210546208816F0F9FF0121A7
:10D3F00004460C3015F0D9FD0570EAE4E868C179FF
:10D400000AF0F4FF01210546208816F0E9FF01210A
:10D4100004460C3015F0C9FD0570DAE460460321BE
:10D4200016F0DEFF032104460C3015F0BEFD014668
:10D43000002301F8023B0130FDF7BCF8C9E400BF4E
:10D44000F0090020E0000020F7FFFF7F3030F8F700
:10D45000FFE3801CF105FFFFB45800208058002036
:10D460008C5800200220ED6802F00CF9002840F0F2
:10D47000F6876F7A17F0050F07F0FD0800F0EB87CD
:10D4800018F0F80F40F0E7872B780C936B780D932A
:10D49000AB780E93EB1C0F930A354FF0020905266B
:10D4A00096FAA6F30122B3FA83F302FA03F3DAB28F
:10D4B00013EA080301F0078028886988B5F806C0D8
:10D4C000B5F808E0B5F80AA0032840F2CC87032994
:10D4D00040F2C987ACF106039BB240F67A4B5B453C
:10D4E00000F2C187BEF5FA7F80F0BD87AAF10A037A
:10D4F0009BB240F6764B5B4500F2B5870EF1010317
:10D500009BB20CFB03F3B3EB8A0F80F2AC870D9B4D
:10D5100001930F9B0093CDE904A2CDE902CE0E9BAF
:10D520000C9A1035F6F730FD002840F0F981731E93
:10D53000B9F1010F06EA030640F07C8707F004000A
:10D54000ECE1ED68AE79EB78AA782878A919EF1D9F
:10D5500091F907C069780296CDE9037C6E7901964E
:10D560002D7900950EF0F2FE01210546208816F077
:10D5700037FF012104460C3015F017FD057028E433
:10D58000EA68168892780023CDE90233CDE90033AA
:10D590000221B0B205F0D6F803210546208816F026
:10D5A0001FFF032104460C3015F0FFFC0570A0F8A6
:10D5B00001600EE4E96800220E884B880392088916
:10D5C0000290C888019089880091B0B2022105F0CC
:10D5D000B9F803210546208816F002FF032104460E
:10D5E0000C3015F0E2FC0570A0F80160FFF7F1BB0C
:10D5F00012A80EF0A1FF03210546208816F0F0FEC8
:10D60000032104460C3015F0D0FC0570BDF848200D
:10D61000A0F80120FFF7DDBBEB687F259A785978E9
:10D62000187804950023CDE90233CDE900330123B6
:10D630000EF08CFE01210546208816F0D1FE012156
:10D6400004460C3015F0B1FC0570FFF7C2BBEA6868
:10D65000002310780121CDE90233CDE900331A46C9
:10D660000EF02AFF01210546208816F0B9FE01219F
:10D6700004460C3015F099FC0570FFF7AABB092190
:10D68000604616F0ADFE092104460C3015F08DFC05
:10D690000346D749D7481860002259601A72FFF72D
:10D6A00098BBEB681E8800220621B0B209F076FF15
:10D6B00003210546208816F093FE032104460C3012
:10D6C00015F073FC0570A0F80160FFF782BBEA68F3
:10D6D00032F8026B0021B0B209F060FF0321054669
:10D6E000208816F07DFE032104460C3015F05DFC09
:10D6F0000570A0F80160FFF76CBBEA68114602F103
:10D700000C0331F8020B0A320AF05CF8014620885B
:10D71000FFF759BB6046092116F062FE0921044655
:10D720000C3015F042FC002300F8013B08210BF0FF
:10D7300087FDFFF74EBBE868002312AA00F1100135
:10D7400010F09AF82088112116F04AFE11210446A3
:10D750000C3015F02AFC0646002306F8013B12ADFA
:10D7600007460FCDC7F801007160B260F360FFF7A4
:10D7700030BBEB68188805F08FF801462088FFF76A
:10D7800022BBEB68604608211E8816F029FE08219E
:10D7900004460C3015F009FC0546E91CB0B205F052
:10D7A0001BF8A5F801602870FFF713BBE8680AF0C2
:10D7B00089F901210546208816F012FE0121044650
:10D7C0000C3015F0F2FB0570FFF703BBE96800228F
:10D7D0004B88088803920D890295CD880195898828
:10D7E0000091114604F0AEFF01462088FFF7EBBA26
:10D7F000E8680AF09DFB01210546208816F0F0FD3F
:10D80000012104460C3015F0D0FB0570FFF7E1BA9A
:10D81000E8680AF0F9FA01210546208816F0E0FDD3
:10D82000012104460C3015F0C0FB0570FFF7D1BA9A
:10D830000AF0C0FA01210546208816F0D1FD012129
:10D8400004460C3015F0B1FB0570FFF7C2BA604614
:10D85000022116F0C5FD022104460C3015F0A5FB8F
:10D860000023037005460AF0A3FA6870FFF7B1BA07
:10D87000304609F05BFF01210546208816F0B0FD17
:10D88000012104460C3015F090FB0570FFF7A1BA9A
:10D890000120ED6801F0F6FE0646002840F0DF8525
:10D8A00028886988B5F80F70B5F811C0B5F813E08D
:10D8B000031F9BB243F6FC72934200F2D4850B1F08
:10D8C0009BB2934200F2CF85BB1F9BB240F67A42D7
:10D8D000934200F2C885BCF5FA7F80F0C485AEF1B2
:10D8E0000A039BB240F67642934200F2BC850CF1EB
:10D8F00001039BB207FB03F3B3EB8E0F80F2B385FA
:10D900006B792A79CDE904E6CDE9027C0635AE795A
:10D9100001960095F6F738FB014610B909F0C8FEEC
:10D9200001462088FFF74FBA0120ED6801F0AAFEFA
:10D930000346002800F0B6842088012116F050FD2F
:10D94000012104460C3015F030FB0C230370FFF767
:10D9500040BA11A8ED68FFF7D9F8002800F0BE849E
:10D96000119CFFF736BA11A8ED68FFF7CFF8034610
:10D97000002800F0CD84119CFFF72BBA11A8ED68A8
:10D98000FFF7C4F8002800F0E584119CFFF721BAE6
:10D99000E9680120FCF718FE01210546208816F0F1
:10D9A0001FFD012104460C3015F0FFFA0570FFF74A
:10D9B00010BA11A8FFF7AAF80546002800F0FE8467
:10D9C000119CFFF706BA0120ED6801F05BFE00280C
:10D9D00000F038842088012116F002FD0121044660
:10D9E0000C3015F0E2FA0C230370FFF7F2B900BF18
:10D9F000FFFF030000FFFF3F0421604616F0F0FC2C
:10DA0000042104460C3015F0D0FA034600221B20F6
:10DA100007211A7058709A70D970FFF7DAB911A8F7
:10DA2000ED68FFF773F8002800F0A684119CFFF75B
:10DA3000D0B96046092116F0D3FC092104460C3008
:10DA400015F0B3FA0346002503F8015BC0F8015056
:10DA50005D600646FCF74EFD2B460A4661F3070360
:10DA6000C1F30721120C61F30F2362F31743120A6B
:10DA700062F31F63C6F80100C6F80530FFF7A9B9C5
:10DA8000EA68BF4B1168196052685A60604601210C
:10DA900016F0A6FC012104460C3015F086FA00228F
:10DAA0000270FFF796B911A8ED68FFF717F8002884
:10DAB00040F05083287812A901F00AFE064600289B
:10DAC00040F03D83EB78AA7869789DF848000435EA
:10DAD000009503F051F901210546208816F080FCDD
:10DAE000012104460C3015F060FA0570FFF771B99A
:10DAF0000220ED6801F0C6FD002800F02E8320888A
:10DB0000012116F06DFC012104460C3015F04DFA90
:10DB10000C230370FFF75DB911A8EE68FEF7DEFF76
:10DB2000002840F0FB82307812A901F0D1FD0546B3
:10DB3000002840F0E882711C9DF8480002F03AFC91
:10DB400001210546208816F04BFC012104460C30CB
:10DB500015F02BFA0570FFF73CB911A8ED68FEF738
:10DB6000BDFF0346002840F0AB842878002800F071
:10DB700015846A78002A00F01184824A1360824A70
:10DB80001360AA88698804F00FF801210C28054663
:10DB9000208808BF002516F023FC012104460C3024
:10DBA00015F003FA0570FFF714B911A8ED68FEF738
:10DBB00095FF002840F07E84AF7817F0050F00F045
:10DBC0006C8417F0FA0F40F068846B7895F800B019
:10DBD0000C9303354FF0020805264FF0010996FA21
:10DBE000A6F2B2FA82F209FA02F2D2B250003A4038
:10DBF000C0B200F03C842B78B5F80110B5F80320D2
:10DC000003F00103184305350C9B00935B46F4F7C2
:10DC100087FE731E1E408246002840F0FB83B8F149
:10DC2000010F00F0F7834FF00108D8E7EB68188880
:10DC30000AF0D2FB2088012116F0D2FB0121044614
:10DC40000C3015F0B2F900220270FFF7C2B8EB6891
:10DC500018780AF0A9FB01210546208816F0C0FBC0
:10DC6000012104460C3015F0A0F90570FFF7B1B89A
:10DC7000EB68186812909A889B798DF84E30604650
:10DC80000721ADF84C2016F0ABFB072104460C3001
:10DC900015F08BF90546411C12A80AF051FB2870BB
:10DCA000FFF797B8EB68186812909A889B798DF8FF
:10DCB0004E3060460721ADF84C2016F091FB07214D
:10DCC00004460C3015F071F90546411C12A80AF003
:10DCD000FDFA2870FFF77DB8ED682E467F2716F80D
:10DCE000070BEB78AA786978CDE90367AE790296DD
:10DCF0006E7901962D7900950EF028FB01210546DD
:10DD0000208816F06DFB012104460C3015F04DF90A
:10DD10000570FFF75EB811A8FEF7E0FE0646002882
:10DD200000F06883119CFFF754B811A8FEF7D6FEE7
:10DD30000646002800F0FD82119CFFF74AB8EB6808
:10DD40009A78597818780023CDE90233CDE9003369
:10DD50000EF0B2FB01210546208816F041FB01219F
:10DD600004460C3015F021F90570FFF732B811A800
:10DD7000FEF7B4FE002800F02E83119CFFF729B8AF
:10DD8000D8000020B8580020BC58002011A8ED6829
:10DD9000FEF7A4FE002840F0CF81287812A901F0F8
:10DDA00097FC0546002840F0BC819DF8480002F031
:10DDB00013FB01210546208816F012FB01210446C1
:10DDC0000C3015F0F2F80570FFF703B811A8EE68F3
:10DDD000FEF784FE88BB7778002F00F04B83354632
:10DDE00007F1FF38A7F1020E06F1040C804540F35D
:10DDF000AA83C3B25A1CD2B2974240F25E83AEEB02
:10DE0000030250FA82F295F802900CEB82022B4644
:10DE100002E09A4200F051839979494503F10403E5
:10DE2000F7D12088012116F0DBFA012104460C30DD
:10DE300015F0BBF8122303701194119CFEF7C9BFB3
:10DE400011A8ED68FEF74AFE002840F0F881287816
:10DE500012A901F03DFC0646002840F0E581EB7870
:10DE6000AA7869789DF848000435009503F050FAC7
:10DE700001210546208816F0B3FA012104460C3032
:10DE800015F093F80570FEF7A4BF6046022116F066
:10DE9000A7FA022104460C3015F087F805460AF06F
:10DEA000BBF8002368702B70FEF793BF0AF0B6F83A
:10DEB00001210546208816F093FA012104460C3012
:10DEC00015F073F80570FEF784BFE8680025C37885
:10DED000827841780078CDE90255CDE900557F255B
:10DEE00004950EF033FA01210546208816F078FAE1
:10DEF000012104460C3015F058F80570FEF769BF93
:10DF0000EB681A78D00744BF07215970910744BFC6
:10DF100007229A709978587804F02CFD0121054663
:10DF2000208816F05DFA012104460C3015F03DF80A
:10DF30000570FEF74EBFEB68604605211E8816F09F
:10DF40004FFA052104460C3015F02FF805462A1D1E
:10DF5000B0B2E91C04F0EAFCEB782A792870002BB7
:10DF600093FAA3F3B3FA83F308BF4FF0FF330133FF
:10DF7000EB70002A92FAA2F3B3FA83F308BF4FF0D2
:10DF8000FF330133A5F801602B71FEF722BFEB6868
:10DF900099781888B3F80550CA0703D5DA7842F0A3
:10DFA0000702DA708F0703D51A7942F007021A7157
:10DFB000D9781B7941EA0302072A00F28E824E07C4
:10DFC00000F035825A0700F0328215F003021CBFC0
:10DFD00005F1FF3505F0010204F0D6FC014620886A
:10DFE000FEF7F1BEE8680AF05DF8012105462088D9
:10DFF00016F0F6F9012104460C3014F0D6FF057036
:10E00000FEF7E7BEE86800F11702C11D0AF0D8FC70
:10E0100001210546208816F0E3F9012104460C3061
:10E0200014F0C3FF0570FEF7D4BEEB68997818882A
:10E0300004F0F8FB01462088FEF7C5BEEB681E8899
:10E0400012A9B0B204F0FAFC05210546208816F0AA
:10E05000C7F9052104460C3014F0A7FF0570A0F89D
:10E060000160BDF84830A0F80330FEF7B2BE0C23C3
:10E070000370FEF7AEBE119CFEF7ABBE0C2303701F
:10E08000FEF7A7BE12230370FEF7A3BEC54AC6491A
:10E090001368086823441360002114F033F8119CBE
:10E0A000FEF797BE0121604616F09AF90121044659
:10E0B0000C3014F07AFF12230370FEF78ABE0121A0
:10E0C000604616F08DF9012104460C3014F06DFF06
:10E0D0000C230370FEF77DBE2B68002BFEF679AE95
:10E0E000B24AB04BB248002111602022196017F0EB
:10E0F00051FF2B685B422B60FEF76BBE2B68002B39
:10E10000EEDDFEF766BE2088012116F069F90121D7
:10E1100004460C3014F049FF11940570119CFEF771
:10E1200058BE2088012116F05BF9012104460C300D
:10E1300014F03BFF11940570119CFEF74ABE208835
:10E14000012116F04DF9012104460C3014F02DFF89
:10E1500011940670119CFEF73CBE2878EF2800F25F
:10E16000CC81B5F801806B79B5F803602A7A08F0A4
:10E170001801182946EA0346EB880BD043EA02430C
:10E180009E4200F2AD811F2E40F2AA81B3F5804F6E
:10E1900000F2A6812B7D032B00F2BC81AB7D032B0B
:10E1A00000F2B88112A901F0A3FA0746002840F056
:10E1B000BE81EB7C8DF843302B7E0A93EB7D099377
:10E1C000AB7D0120013B00FA03F3DBB208936B7DCA
:10E1D00007932B7D013B00FA03F3DBB206930DF1AD
:10E1E00043030593AB7C04936B7A039305F10C0313
:10E1F0000293EB7A0193A87A0090324607234146B6
:10E200009DF8480001F096FA02210546208816F094
:10E21000E7F8022104460C3014F0C7FE05709DF8A3
:10E2200043204270FEF7D5BD2088012116F0D8F8B2
:10E23000012104460C3014F0B8FE11940670119CB4
:10E24000FEF7C7BD2B792A88012B0AD069888A423C
:10E2500000F2F4801F2A40F2F180B1F5804F00F205
:10E26000ED800021CDE90911CDE90711CDE90511B6
:10E27000A87B0490687B0390E81D0290A879019028
:10E2800068790090084601F055FA0121054620887A
:10E2900016F0A6F8012104460C3014F086FE057035
:10E2A000FEF797BD287880B36A7872B3414A13604D
:10E2B000414900220B60114603F076FC01210C2835
:10E2C0000546208808BF002516F08AF8012104467B
:10E2D0000C3014F06AFE0570FEF77BBD6B79B5F863
:10E2E0000320B5F801102878AD790095F4F718FBF4
:10E2F00001210546208816F073F8012104460C30F0
:10E3000014F053FE0570FEF764BD4FF0FF33CFE706
:10E3100029780246F3F794F901210546208816F082
:10E320005FF8012104460C3014F03FFE0570FEF743
:10E3300050BD2088032116F053F8032104460C3009
:10E3400014F033FE054602F043F82E70A5F80100E4
:10E35000FEF73FBD2A4612F8011B01F07DFF0121A7
:10E360000546208816F03CF8012104460C3014F0D4
:10E370001CFE0570FEF72DBD2A4612F8011B01F0A8
:10E38000FDFE01210546208816F02AF801210446E9
:10E390000C3014F00AFE0570FEF71BBD4FF0FF3382
:10E3A000FFF7EDBBAC58002084580020B058002087
:10E3B0008C580020B8580020BC580020208802212A
:10E3C00016F00EF8022104460C3014F0EEFD057034
:10E3D0004570FEF7FEBC02F02DF8012105462088AD
:10E3E00015F0FEFF012104460C3014F0DEFD05702F
:10E3F000FEF7EFBC2088022115F0F2FF022104464F
:10E400000C3014F0D2FD054601F0E4FF2E70687068
:10E41000FEF7DFBC2088012115F0E2FF0121044650
:10E420000C3014F0C2FD80F800A0FEF7D2BC12211F
:10E43000FEF7C8BC4FF00109FFF732B82088012170
:10E4400015F0CEFF012104460C3014F0AEFD12236E
:10E450000370FEF7BEBC20881121FEF7B4BC2088F3
:10E460000C21FEF7B0BC20881221FEF7ACBC11468F
:10E47000FFF7CABB3378002B7FF4D3AC01F04CFC20
:10E4800001210546208815F0ABFF012104460C3020
:10E4900014F08BFD11940570CFE42088012115F054
:10E4A0009FFF012104460C3014F07FFD11230370FF
:10E4B000FEF78FBC119CFEF78CBC0130043595E44F
:10E4C000119CFEF786BC5200009302F0FE00194634
:10E4D0001A46F4F725FAFFF727B81121FEF772BCA8
:10E4E0002088012115F07CFF012104460C3014F036
:10E4F0005CFD11230370FEF76CBC2088012115F030
:10E500006FFF012104460C3014F04FFD12230370FD
:10E51000FEF75FBC2088012115F062FF012104464F
:10E520000C3014F042FD11230370FEF752BC20881A
:10E53000012115F055FF012104460C3014F035FD82
:10E540000770FEF746BC06F1020811E098F80330A8
:10E55000B8F8012031789DF84800F3F771F808F118
:10E5600004087B1E054658B913F0FF0508D02F4656
:10E5700098F8000012A901F0ABF805460028E5D094
:10E580002088012115F02CFF012104460C3014F0E5
:10E590000CFD0570FEF71DBC2DE9F84300230B6050
:10E5A000038A032B2ED9054688460C30042114F02B
:10E5B0002CFD2B8A4788B0F80090BB4222D31B2F3A
:10E5C00020D803F0D1FF4FEA193633460446F8B19C
:10E5D0009B0817D1D6B1012E14D12379677166F348
:10E5E00001032371E9683A46E01D17F0ABFC2146B0
:10E5F000C9F30B0003F0C4FF08B9BDE8F883204657
:10E6000003F0B8FF6FF01500BDE8F8830226E4E7D9
:10E610000F4B1B689B0117D54FF0FF324FF0FF33B4
:10E620000220F9F7A5FF0221C8F800000C3014F011
:10E63000BCFC4FF48D730380D8F8000001210C302E
:10E6400014F0B3FC012303706FF06800D5E700BF3E
:10E65000E0000020F8B50E4B1B68DB0600D4F8BDC7
:10E6600002F10C0406460D462046022114F09DFCE2
:10E67000034640F205421A802046042114F095FC1E
:10E6800000270770A0F801503278C270F8BD00BFB3
:10E69000E000002070B590F82030C68803F0030336
:10E6A000013B012B01D900DE70BD044601F10C05D0
:10E6B0002846042114F079FC94F8203003F0030379
:10E6C000022B0CBF46F4005346F48053038094F8A9
:10E6D0002130438094F82110284614F066FC94F809
:10E6E000212004F1230117F02DFC0D4B1A68002A9C
:10E6F000DADD0C480C4903680968591A91420AD2BC
:10E7000001330F2E036009D8084A32F8163001335E
:10E7100022F8163070BD00DE0368F1E700DEF3E793
:10E72000B4580020B0580020AC5800208C5800206D
:10E730002DE9F04F0379C688032B89B004460D46B6
:10E7400000F120071DD0053B182B30D8DFE813F06F
:10E7500033008402710297022F002F0052022F0013
:10E760002F002F002F002F002F00A4012F002F00BB
:10E770002F0065010301EC0023020C02F901D8010E
:10E78000B20090F82330033B0E2B10D8DFE813F0D3
:10E79000B7020F000F00DE02A9020F0034030F00C2
:10E7A0000F00F70218030F0083020F00100000DEB5
:10E7B00009B0BDE8F08FCC4B077EA67E94F8198097
:10E7C00093E803000B0C8DF81E3094F82030ADF860
:10E7D0001C107F4259067FB20690C6F3400600F136
:10E7E0002183C24B5B6803F00053002E40F053833B
:10E7F000002BDDD0BE4B1B689B07D9D5CDE9006649
:10E8000094F8200004F1220BC0F3801133465A46DD
:10E8100000F00F00FDF7EEFA0028C9D194F820307F
:10E8200003F00F03012B00F0F08394F82130A3F1E3
:10E83000060A9A1D05335FFA8AFADBB25FFA82F99B
:10E84000059356460C350221284614F0AEFB3E23B4
:10E85000037080F801900121284614F0A6FB0346BE
:10E8600002221A700599284614F09FFB01230370B9
:10E8700094F8203003F00F0320336B44054613F85F
:10E88000083C437009F0C8FB804580F0B0834046E7
:10E89000EA1CA91C09F09CFBAB780233AB7085F82D
:10E8A00009A00A3504F128013246284617F04AFB30
:10E8B000AF557DE78D4B5B6898007FF579AF8C4B4A
:10E8C0001B6819057FF574AF0C350221284614F03A
:10E8D0006CFB40F23E6303800121284614F065FB87
:10E8E0000C2303700521284614F05FFB94F82030B8
:10E8F0000370A0F8016094F82120002A92FAA2F394
:10E90000B3FA83F308BF4FF0FF330133C37094F8B9
:10E91000222092FAA2F3002AB3FA83F308BF4FF041
:10E92000FF330133037143E70A4638463146FFF7A8
:10E9300091FE0F2E3FF63CAF6E486F49046831F8E8
:10E9400016306E4A2344036013680020013B21F80F
:10E95000160013602CE7F80700F1478394F8207045
:10E96000002F00F06D82614B5B6899007FF520AF4E
:10E970005F4B1B6840F20122134203F400783FF41E
:10E9800017AF0C35002F40F065825C4A13680133E5
:10E990001360B8F1000F00F0D9820221284614F06C
:10E9A00004FB41F63E7303800121284614F0FDFA72
:10E9B00003460A221A7028461E2114F0F6FA077040
:10E9C000A0F8016094F82130C37094F822300371EC
:10E9D000D4F82330C0F80530B4F82730A0F8093057
:10E9E000D4F82F30C0F80B30B4F83330A0F80F3023
:10E9F000D4F82930C0F81130B4F82D30A0F8153013
:10EA0000E38EA0F81730238FA0F81930638FA0F899
:10EA10001B3094F83C304377CAE6344B5B689B006C
:10EA200040F1EF81324B1B685F0340F1EA810C3506
:10EA30000221284614F0B9FA40F63E130380012162
:10EA4000284614F0B2FA132303700821284614F064
:10EA5000ACFA0546A07900F05DFE287094F82030ED
:10EA6000C3F380136B70D4F82230C5F80230E38C06
:10EA7000EB80667E09F0D0FA864205F1020704F1C8
:10EA8000220880F056823A46691C304609F0A0FA06
:10EA90006B7802336B708BE6144B5B6899007FF5E3
:10EAA00087AE134B1B689A037FF582AE0C350221AB
:10EAB000284614F07AFA40F23E630380012128468A
:10EAC00014F073FA122303700521284614F06DFA2E
:10EAD000237A03700546A07900F01CFE68706389F4
:10EAE0006B80637A2B7163E690640200E000002083
:10EAF000D8000020AC5800208C58002080580020FE
:10EB0000CC4B5B689B007FF553AECB4B1B681F0360
:10EB10007FF54EAE0C350221284614F046FA40F23D
:10EB20003E4303800121284614F03FFA142303706A
:10EB30000321284614F039FA068094F820308370B7
:10EB400036E6BE4B1B681A027FF532AE0C35022149
:10EB5000284614F02AFA40F257230380022128465F
:10EB600014F023FA068023E6B24B5B6819044FF0D9
:10EB700000047FF51DAE0C350221284614F015FA6D
:10EB80004FF44C7303800321284614F00EFA0470EE
:10EB9000A0F801600CE6A74B5B689A007FF508AE11
:10EBA000A54B1B685B077FF503AE0C350221284699
:10EBB00014F0FBF940F63E2303800121284614F0AF
:10EBC000F4F90346032228461A70092114F0EDF9DE
:10EBD000FD0700F1208294F820300370A0F8016056
:10EBE000638CA0F80330A38CA0F80530E38CA0F868
:10EBF0000730DDE58F4B5B689C007FF5D9AD8E4B10
:10EC00001B68D8037FF5D4AD0C350221284614F0DB
:10EC1000CCF94FF49F7303800121284614F0C5F905
:10EC2000112303700021284609B0BDE8F04F14F00D
:10EC3000BCB990F8203003F00F03072B04D190F8F3
:10EC40002130002B40F0B5812A462146384609B0D4
:10EC5000BDE8F04FFDF784BA90F8203003F00F03C1
:10EC6000072BF1D190F82130002BEDD001232A465B
:10EC70002146384609B0BDE8F04FFDF73FBC90F89B
:10EC8000203003F00F03072BDED190F82130002B4A
:10EC9000DAD00423EBE7674B5B689A0040F1B7805A
:10ECA000654B1B689B0640F1B2800C35022128465B
:10ECB00014F07BF940F63E3303800121284614F01E
:10ECC00074F9062303700A21284614F06EF90680B1
:10ECD000A38C4380E38C8380238DC380638D038169
:10ECE00066E590F824300E2B7FF462AD0B46324679
:10ECF00000211A2009B0BDE8F04FFDF7F5B94D4BE2
:10ED00005B689A007FF554AD4B4B1B68DB067FF5C3
:10ED10004FAD0C350221284614F047F940F63E531A
:10ED200003800121284614F040F9052303700C21CB
:10ED3000284614F03AF9034623F8026B616AA26A86
:10ED4000C0F802105A60A38D438131E5394B1B682E
:10ED50001F064FF000047FF52BAD0C35022128462D
:10ED600014F023F94FF4816303800421284614F042
:10ED70001CF901230470A0F80160C37018E52D4B45
:10ED80001B6818054FF000077FF512AD0C35022106
:10ED9000284614F00AF9034640F60C021A80284669
:10EDA000082114F002F90770A0F8016094F82430EB
:10EDB000C370B4F825308380B4F82730C380F7E4FB
:10EDC0001C4B90F824401B6819067FF5F1AC0C35FC
:10EDD0000221284614F0E9F84FF4816303800421EE
:10EDE000284614F0E2F8002C08BF1F24002304700A
:10EDF000A0F80160C370DBE40B46324639460020C0
:10EE000078E7F0B209B0BDE8F04F00F083BC002312
:10EE1000CDE90233CDE900331A220221304603F056
:10EE200091FCC5E4002104F122034246084609F0A2
:10EE3000EBF9D6E4E0000020D8000020F009002023
:10EE400094F8220004F12903FF2204F1230109F0C0
:10EE5000DBF988E5B8F1000F40F0AD8002212846CB
:10EE600014F0A3F841F23E3303800121284614F048
:10EE70009CF8012303701221284614F096F8C0F87C
:10EE80000180C0F80580C0F80980C0F80D8080F8C6
:10EE9000118007708CE4002B3FF48AAC674B1B6831
:10EEA0005A057FF585AC94F8200000F00F03012B84
:10EEB00040F0C080002304F12206C0F38011CDE9A8
:10EEC0000033324600F00F00FCF794FF00287FF477
:10EED0006FAC0C350221284614F067F841F23E234E
:10EEE00003800121284614F060F803460B221A70B3
:10EEF0002846112114F059F840F201130380054609
:10EF000009F08AF8804580F08880EA1C4046A91CF8
:10EF100009F05EF8AB780233AB7094F82030C3F39D
:10EF2000C0136B72A36AC5F80A30A38DEB812F74EE
:10EF30003EE494F82030C3F380136B70D4F8223091
:10EF4000C5F80230B8F80430BB8031E4022128460D
:10EF500014F02BF841F23E3303800121284614F0CF
:10EF600024F8034601221A702846122114F01DF8D5
:10EF70000770A0F8016094F82130C37094F8223033
:10EF800003F001030371D4F82330C0F80530B4F85E
:10EF90002730A0F80930E38EA0F80B30238FA0F8BB
:10EFA0000D30638FA0F80F3094F83C304374FFF7B6
:10EFB000FFBB02235BE60221284613F0F6FF41F671
:10EFC0003E7303800121284613F0EFFF0A230370EC
:10EFD0001E21284613F0E9FF04461D2200210130BE
:10EFE00016F0D8FF2770FFF7E3BB00DEB6E494F815
:10EFF0002030C3F38013AB70D4F82230C5F803304F
:10F00000BBF80430A5F8073049E40B2305934FF013
:10F010000C09B24616E400DEDDE594F82030C3F3B7
:10F020008013AB70D4F82230C5F80330B388A5F84C
:10F03000073072E700DE94F820003BE7D80000209C
:10F0400070B500F10C040E4620460221154613F05F
:10F05000ACFF40F2135303800521204613F0A5FFB7
:10F0600001230370A0F80160A0F8035070BD00BF39
:10F070000379032B08D0053BDBB2182B01D9002004
:10F080007047064AD05C704790F8203003F00303C5
:10F09000032B14BF05200420704700BF7C650200CD
:10F0A000144B4FF0FF32D0B51A60134B134C144A77
:10F0B00020604FF0FF3641F6FF77C3E90067114B40
:10F0C0001148124C00260027C2E90067104A1F268B
:10F0D00000270021C3E900670E4B11600160202268
:10F0E0000D482160196016F055FFBDE8D040FCF7CF
:10F0F0003BBE00BFBC580020E00000208458002028
:10F10000F0090020D8000020B058002080580020CE
:10F11000B4580020AC5800208C58002010B504785A
:10F120009DF808E004F00F0402F1FF3C072C1FFAE1
:10F130008CFC24D0022C13D0012C4CD04B781033F3
:10F14000DB00002C40D140781030C00003F2E543D2
:10F1500000F5B372184412FB0CF3184480B210BDD2
:10F1600041780CEB8C03C3EB0310400001F110035A
:10F17000DB0000F2053003FB020290B210BD4178C3
:10F18000580715D403F0030008440930C000C3F346
:10F190004003D84080B20CEB8C0CCCEB0C1C4FEA3B
:10F1A0004C0C0CF2053C12FB00F0604480B210BD28
:10F1B000C8004FEA4E0E2B300EF1010E00FA0EF091
:10F1C00000F5BC7080B2E6E7062CBCD040F21D40D2
:10F1D0004FF4F372BFE740F2AD5040F21622BAE7A7
:10F1E00000B583B00E4B05990E4ACB1A9B08A2FBC3
:10F1F000032313F47F7FC3F387020DD10232009102
:10F20000094BD2B201210020FBF784F810F0FD0F6A
:10F2100004D103B05DF804FB00DEEFE700DEF8E7A1
:10F220000C5B002015F9AC1BA9F3000000B50C4ADB
:10F230000C4B821A9208A3FB023283B0920802326E
:10F240000090094BD2B201210020FBF763F810F0C7
:10F25000FD0F02D103B05DF804FB00DEFAE700BF4A
:10F260000C5B002015F9AC1BCDF3000010B50C466B
:10F2700050B9064B0022012102209C60F9F714FBD3
:10F2800000B910BD00DE10BD00DEF2E794020020E0
:10F29000416A11B10868FBF7D7BF7047F8B5056838
:10F2A0002F6E0646002F3AD06C6E00232B66002C82
:10F2B0003CD000211723696623714FF6FF73E3806A
:10F2C0001E2204F1200016F065FE3C2384F8203055
:10F2D000A6606B6BDBB121463846FBF7A3FF154BED
:10F2E000154AEB1A9B08A2FB032313F47F7FC3F399
:10F2F000870112D16C6B122323713C224FF6FF73EE
:10F30000E18022726381B5F8763027686372214606
:10F310003846BDE8F840FBF797BF00DEEAE700DEBD
:10F320006C6E2F6E00232B66002CC2D100DE6C6E3B
:10F33000BFE700BF0C5B002015F9AC1B38B54B7F55
:10F34000174A0C4604EB830392F800C01A6A154969
:10F35000137881F800C013F00E0F01D1D8B938BD71
:10F3600003F00F03072B07D00028F8D0FBF7FAFFB4
:10F370008442F4D000DE38BD9378C3F381150028B1
:10F38000EDD0FBF7EFFF8442E9D0EB07F2D56369DC
:10F39000002BEFD138BDFBF7E5FF8442F7D138BD34
:10F3A000908900208F89002000B17047064B10B56E
:10F3B00002460C46022001219C60F9F775FA00B95B
:10F3C00010BD00DE10BD00BFE402002000B1704798
:10F3D000064B10B502460C46022001219C60F9F74D
:10F3E00063FA00B910BD00DE10BD00BFB4020020FA
:10F3F000014610F8103B7BB110B50B4B98608A6842
:10F4000072B90A4C084B0022C1E9024011460120A2
:10F41000F9F74AFA10B910BDFFF740BF00DE10BD82
:10F4200000DE9868EDE700BFD40200209DF20000E6
:10F4300038B5124C20460AF015FB34F8042C6178DC
:10F44000A4F11C0322F44372002003EB810122F09B
:10F450000202C4E90300606142F00E0294F86440C5
:10F460001A83096A022262F342044FF400650622FD
:10F470009D6683F8804008704A7038BD285B002084
:10F4800038B5134C6569EB6DB3B905F1500105F161
:10F490004C00F9F789F90346C0B1EB65286803F021
:10F4A00033F80025606E6561FBF7B6FE206E656679
:10F4B000FBF7A6FE256638BD00DE05F1500105F11B
:10F4C0004C00F9F771F903460028E6D100DEE4E7C5
:10F4D0000C5B0020002878D130B53D4C94F880308A
:10F4E000D90785B057D5636953B193F82C2042F002
:10F4F000020283F82C20636993F82C30DA0752D487
:10F500003348FBF717FF844255D1237EDB0703AD59
:10F510000DD5022103912F4B0095032101220020DC
:10F52000FAF7F8FE2946FBF7F3FE002836D102224F
:10F530000321284B009500200392FAF7EBFE2946A1
:10F54000FBF7E6FE50BB2448FBF730FF002836D11E
:10F550001F48FBF7FBFE84422FD1A36B1BB1186839
:10F5600001F062FA08BB63690BB1FFF789FF656BB5
:10F570003DB1002363632868FBF742FE2846FBF792
:10F580004BFE94F8803000206FF3000384F8803045
:10F5900002F0D0FC60B1002005B030BD0C48FBF794
:10F5A000D5FE84420FD10C20F6E77830DBD0FAE7A5
:10F5B00009F01CF8EFE700DEA7E700DECDE77830C2
:10F5C000C6D000DEC4E700DEEDE70020704700BFD4
:10F5D0000C5B0020ADA600001C5B002003788BB103
:10F5E00010B50E4B00F110019960826892B90C4C75
:10F5F0000A4B0022C0E9024111460120F9F754F9F3
:10F6000030B910BD416B11B10868FBF71DBE7047E2
:10F6100000DE10BD00DE9968E9E700BFA40200200B
:10F6200091F20000836B1B681A7801462AB19A6830
:10F63000DAB9104AC3E90221704700B502F0FF00B1
:10F640000D4A0E4B8A1A9208A3FB023283B092082D
:10F65000023200910A4BD2B20121FAF75BFE10F0A0
:10F66000FD0F04D103B05DF804FB00DEE1E700DE2E
:10F67000F8E700BF2DF200000C5B002015F9AC1B71
:10F68000CDF300000B4A137823B90128107006D07F
:10F69000002070478342FBD06FF015007047064A88
:10F6A000B2F8723003F0EF0343F01003A2F87230A7
:10F6B000002070478E8900200C5B0020034B1878D7
:10F6C000A0F10200B0FA80F0400970478E89002056
:10F6D000064B93F87220D20606D593F87330834216
:10F6E00002D1002008707047422070470C5B002058
:10F6F000074B93F87220D20604D483F873000020DD
:10F700000870704793F873308342F8D00720704731
:10F710000C5B002038B9064B93F87220D20603D553
:10F7200093F873007047002300DE93F8730070476E
:10F730000C5B00202DE9F04F8846BB49BB4C0746C7
:10F7400003C98DB094F880C00A900CF0010C9DF8AC
:10F750007000049057EA0C079DF87800ADF82C1063
:10F7600003909DF85C909DF864509DF868109DF89A
:10F7700074E09DF87CA09DF8800040F05081072B3C
:10F7800000F0BB80012B03F130036B4494F819C0E7
:10F7900013F808BC84F874E094F872304FF0010E4E
:10F7A0006EF3840C84F819C023F0300C4CF0300C4C
:10F7B00008BF002284F872C003F01006238BA266F3
:10F7C00005F0070501F003016D0023F4437323F0F6
:10F7D000020345EA01251D43A37E258360F341030F
:10F7E000A376637F04EB83031D6A2A7802F00F037C
:10F7F000002E76D16BF303022A7002F00F02072A63
:10F8000000D06E704FF0010B2A7802F00E01B1FAB1
:10F8100081F1490902F0EF0261F3451282202A705A
:10F8200002F00F02D040C2077FD494F880109DF8F8
:10F83000582062F342014E0784F88010C8B20CD5FC
:10F84000014669F3C30184F8801018991898096873
:10F85000C4F88110764980888880297801F00F00EB
:10F86000012800F09381072800F0E88002F00106EB
:10F870006A78002A66D0012B00F0D481072B00F0B3
:10F88000D1812B7866F386136FF3C7132B70246135
:10F890002D7805F00F05072D61D094F8293004EB81
:10F8A0008303DA6ABBF1000F40F0A680002A00F063
:10F8B000A3801378507823F03F0343F004031370C0
:10F8C0009DF8583011789B0103F0400301F03F018F
:10F8D0000B43137008B90623537038460DB0BDE8CA
:10F8E000F08F5B4500F0668102F00F02072A76D0A8
:10F8F0002A786BF303022A7084E718F0100F49D0BE
:10F9000018F0200F40F0F4814A4B099318F0080FCB
:10F9100094F872C05FFA88F340F0D88103F00303D3
:10F9200030336B4413F80C3C2CE7012B3FF47DAFD4
:10F93000072B3FF47AAF6A78002A40F07F8184F881
:10F94000402072E766F3861162F3C711062329701F
:10F950006B7024612D7805F00F05072D9DD1BBF14B
:10F96000000FBAD034480AF0B1F833480AF08CF8E6
:10F9700031480AF077F810F0FF0040F06D8194F8FC
:10F98000293004EB8303DB6A1A78587065F30302AD
:10F990001A70A2E708F0030CBCF1030F00F0948189
:10F9A00018F0080F40F09081049E94F819C084F874
:10F9B00074E066F3840C9B4694F8723084F819C0A6
:10F9C00094F81AC023F0300E4CF0010C4EF0300EBB
:10F9D00084F81AC084F872E003F01006EEE6A26B19
:10F9E000002A00F068810021697010680593A16306
:10F9F00001F0A0F8059B7BE70F480AF067F80E4876
:10FA00000AF042F80C480AF02DF8C0B2002840F085
:10FA1000238194F8293004EB8304E26A49E70C2738
:10FA200038460DB0BDE8F08F986402000C5B0020F2
:10FA30008D5B002003040200345B0020AB7868F388
:10FA40008713AB7005F1020C2E1DBBF1000F00F007
:10FA5000BE80D9B23F294FF00003EB7040F219810C
:10FA6000CDE905339E46184633462A786EF3861252
:10FA70002A7018F0040208D095F803E04EF0020E48
:10FA800009F00102063685F803E095F800E062F31C
:10FA9000C71E059A85F800E02AB1EA7842F008020C
:10FAA00002330236EA70002800F08C800333EA78D3
:10FAB00042F010020336EA70069A02B1013318F0E0
:10FAC000400F07D0002840F0DF80EA7842F0400283
:10FAD0000136EA70A6EB0C02D2B2022A6DD902F10D
:10FAE000FF3E0EF03F0E6A70AA786EF30502AA7010
:10FAF000069A02B1013BEA7852060AD51B9A002AFF
:10FB000000F0DE8012787F2A00F0D78006F8012C02
:10FB1000013E627E039961F34712627600B1033BB6
:10FB2000EA78D00600F19A80059901B1023B1107ED
:10FB300009D51B8826F8023CC3F3032303EB0A1301
:10FB400006F8013C023E94F872306AF3030384F82D
:10FB50007230EB789A0700F18D80DB067FF597AE67
:10FB600009AB01930DF123030093644816AB002207
:10FB70000121F2F7E5FA002840F0A480A36B9DF87C
:10FB800024205A759DF82330637780E6930103F0B3
:10FB9000400301F03F012A4643EAC9130B4302F830
:10FBA000083B18990968A96018990C2389889180E5
:10FBB0006B706CE64FF0000B26E6EE1C4FF0000E6B
:10FBC000012290E718F0030F3FF476AF6FE7EB7870
:10FBD00095F802E08DF8203003F00201079103F060
:10FBE0000801059103F040010691D90703F01000C8
:10FBF0004CBF05F10A033346BEF13F0F85F803B051
:10FC000008D818F0200E05D110B10499042903D0AA
:10FC10001E4646E04FF0000E079A002A3FF425AF3B
:10FC2000063322E794F84020354905F1080016F024
:10FC300089F994F8403006336B7022E6052A59D9C9
:10FC4000063AD2B22E48059305F1080184F8402007
:10FC500016F078F9059BE8E507273EE60493039B39
:10FC6000033E03F007020021304600F095FEEA78DB
:10FC7000049B59E7189B1B6846F8063C189B9B8819
:10FC800026F8023CEB7868E7049A042A7FF41DAF5B
:10FC900020E718F020017FF4E3AECDE90511084616
:10FCA000079102F0010EEA7842F001023346EA7051
:10FCB00005F10A06B0E76A701AE61B9900220A707D
:10FCC000002223E7074608E6122706E6627E84F84C
:10FCD00074E0012363F384029B462CF0300343F06D
:10FCE0003003627684F872300CF010063A4665E50F
:10FCF0001127F2E500DE6A78A2E700BF0C5B002066
:10FD00004D5B002008B500F09DFB00B108BDBDE8CB
:10FD10000840FFF78DBB00BF08B50020FFF7DAFBF6
:10FD2000002008BD08B50020FFF7D4FB014B0020E0
:10FD3000187008BD8E89002010B500F099FBA0B99D
:10FD40000A4C94F87220034663F3041204F11C0079
:10FD500084F87220A36309F097FE04F1280009F0EB
:10FD600093FEBDE81040FFF763BB10BD0C5B0020A5
:10FD7000024B00280CBF1846002070470C5B002087
:10FD8000044A054B801A8008A3FB0030C0F38F00A3
:10FD9000704700BF0C5B002015F9AC1B044A0068DB
:10FDA000044B801A8008A3FB0030C0F38F0070471B
:10FDB0000C5B002015F9AC1B38B9054890F8803071
:10FDC00013F0010F08BF002070470020704700BFEC
:10FDD0000C5B002028B9044B93F8800000F0010070
:10FDE00070470020704700BF0C5B002048B9064BED
:10FDF00093F8800010F0010004D0587E00F003005A
:10FE000070470020704700BF0C5B002038B90548E0
:10FE100090F8723013F0100F08BF002070470020D8
:10FE2000704700BF0C5B002010B58468B4F87830D0
:10FE300082B053B1B4F876209A4206D3616B0022A7
:10FE40004323A4F878200B7210E0E16F91B3A26E07
:10FE500040F27123A2FB03238A4273F100034FF0A7
:10FE6000000027D3616BE0673C230B72184B194AE3
:10FE7000E31A9B08A2FB032313F47F7FC3F38702DB
:10FE800022D112204FF6FF730871CA804B81B4F85B
:10FE900076304B72A06B78B1006800F0B1FDC21CE7
:10FEA0000D4B0094D2B201210020FAF733FA30F062
:10FEB00002030BD102B010BD0232084B0094D2B243
:10FEC0000121FAF727FAF2E700DEDAE700DEF1E7D0
:10FED0000C5B002015F9AC1B6DF20000CDF30000A7
:10FEE0002DE9F0418B7882B013F03F0318BFCB7837
:10FEF0008DF800300546C07E0C4608F001FD3E4BF3
:10FF00001B78022B0646207801D143062BD4C0F380
:10FF10008010FAF77FFB0368C5F887308388A5F85F
:10FF20008B305EB3237843F040032370A2782378AC
:10FF3000970603F00F0323D0E2788DF80420072BF7
:10FF400044D004F10208474633683B60B388BB8065
:10FF5000237803F00F03012B1AD0072B14D0384657
:10FF600002B0BDE8F081EB6EC5F88730B5F87030AF
:10FF7000A5F88B3005F16C00002ED3D10646D5E7ED
:10FF8000072BDED100DE25E09DF800309907E6D58D
:10FF9000E87E08F0CDFC0028E1D0237843F0800310
:10FFA0002370A3789A0619D02378E2788DF804207C
:10FFB00003F00F03072B1AD00368C8F806308388B4
:10FFC000A8F80A30384602B0BDE8F0819DF8043048
:10FFD000D807D7D504F10208271DB5E7237803F029
:10FFE0000F03072BE8D100DE08F10208E4E79DF8D3
:10FFF0000430DB07F7D5F7E78E89002070B503786A
:020000021000EC
:1000000003F00F03072B82B004460E4614D1837809
:100010009A099B0627D0C3788DF80030012A07D9AA
:10002000234B93F8292003EB8203DB6A5B782BB325
:100030009DF80030DD072AD525461D482946FFF7E3
:100040004FFF2B785B061BD4237803F00F03072B9D
:1000500002D1A3787F2B03D915483146FFF740FF23
:10006000002002B070BD012AFAD9114B93F8292063
:1000700003EB8203DB6A5B78002BF1D10C20F0E705
:100080000621F8F781FB0028DED11220E9E7D80627
:10009000E6D5074B9B6B5A7D03EB82039D69AB78DA
:1000A0009906DDD0EB788DF80430DA07C5D4D7E7B0
:1000B0000C5B00201F2953D82DE9F041437F00EB52
:1000C000830390461F6A3A78822302F00F02D340DE
:1000D000DA0782B00D4604463AD40DF107011C3010
:1000E00009F05CFD3A78037802F00F0223F01F0359
:1000F000134303703B780278C3F3401363F3451254
:1001000002703B78D2B2C3F38013394663F3861290
:10011000027011F8023BD2B2DB0963F3C712064644
:1001200000F8022B062215F01BFF2A46414606F175
:100130000800063515F006FF757094F88030DB076F
:1001400010D49DF807306377002002B0BDE8F0813D
:1001500080F840100A464130414615F0F3FEF3E7BF
:100160001220704794F8293004EB83033146DA6A91
:100170002046F1F75DFD0028E3D0E6E710B902481C
:10018000FFF798BF0C2070470C5B00201F295ED83A
:100190002DE9F04190F8293000EB830382B0DE6A4C
:1001A0000F460446904600F12805002E40D0284610
:1001B0000DF1070109F0F2FC037823F03F0331460B
:1001C00043F00403037011F8022BDBB2C2F3801278
:1001D00003F03F0343EA82130370BB1D43700546DF
:1001E0000622023015F0BCFE3A46414605F10800F1
:1001F00015F0A8FE94F88030DA0707D49DF8073090
:1002000084F82930002002B0BDE8F081627F04EB61
:1002100082024123116A0A7802F00F02D340DB0701
:10022000ECD52A462046F1F703FD0028E6D0EAE7A0
:10023000284609F017FCC0B258B994F8293004EBED
:100240008303DE6A0423337006237370AFE7122042
:1002500070470720D7E700BF10B90248FFF796BFE5
:100260000C2070470C5B002030B54569687A00F0BF
:10027000E004802C08BF40228C7808BF13467F28FA
:100280004FEA941C4FEA5011C4F3801414D9A97A90
:10029000D00001F00102520001322B30904000F2F8
:1002A0007D40BCB39323934003F5BC739BB24FF4E2
:1002B00048621344184430BD8D1DA8180330C00097
:1002C0004FEA610E20FA0EF000F2053084B101F120
:1002D0002B0201F11603D200DB0022FA0EF223FA00
:1002E0000EF302F598729BB292B21344184430BDDB
:1002F000BCF1020FDFD15A1901F115030332DB0003
:10030000D20023FA0EF322FA0EF203F5987392B29A
:100310009BB2EAE7BCF1020FCDD1DB002B33934057
:1003200003F5BC739AB24FF4E063DEE7426990F8DC
:1003300025C0517E02EB810200EB8C03D269996AE1
:100340005378927891F802C0C2F305023E339B1AAB
:100350004A78CCF3050C3E32A2EB0C02DBB2D2B2EF
:10036000FFF782BF0860704738B5059D9DF810C043
:100370002C4614F8101B0131C9B2297099B10B49F0
:10038000C1E900028A7A0B816CF30002084B8A7281
:100390000022CC60996001201146F8F785FA00B977
:1003A00038BD00DE38BD00DEE9E700BFB05B0020ED
:1003B0000403002010B50C46FFF728FD30B1236878
:1003C000C366A388A0F87030002010BD422010BD85
:1003D000FB2070470120704770B5FFF717FD20B371
:1003E000044690F8800010F001051BD1A36B4BB1BF
:1003F0001E68A56306F1240009F068FB0C4930462D
:10040000F8F796F904F11C0009F044FB04F1280008
:1004100009F040FB94F872306FF3041384F87230E3
:10042000284670BD0C25284670BD4225284670BD63
:10043000E05B002008B50020FFF7CEFF0C2818BFB6
:10044000002008BD10B50748202108F015FF04461C
:1004500028B9054B054801224821F8F72FF9204615
:1004600010BD00BFC05B0020E05B0020E45B00200B
:1004700008B50448044B01224821F8F71FF9002071
:1004800008BD00BFE45B0020E05B002070B50020E9
:10049000FFF7BCFC00B3836BF3B11D6895F84520F2
:1004A00095F84430934217D10133DCB2022C15D0B9
:1004B00006203823264610FB043006EB460605EBE3
:1004C0004606284407F026FB96F83D3060F3050306
:1004D00086F83D3085F84540002070BD0026382064
:1004E0003446EAE72DE9F04F89B014464A78059082
:1004F0008E1C00208DF81800BDF848E01398029675
:100500001AB18A78970640F042818A7800276FF303
:1005100005028A70B84601970397B946BA460D7826
:10052000227805F00F0522F03F022A4322700A7854
:100530002578C2F3801262F3861525700A78EDB231
:10054000D20962F3C715224606F1020C02F8025BDB
:100550008D7894F802B00492AD0965F3871BDD072E
:1005600084F802B040F1C6809DF8185045F00105AE
:100570008DF8185004F10A05BAF1000F01D001F10D
:100580000A0C9A0740F19A809DF818A04AF0020AD6
:1005900006358DF818A0B9F1000F01D00CF1060C4A
:1005A00013F0080900F0C4809DF8189049F008097C
:1005B0008DF818904FF00209D0F801B080F8009043
:1005C000C0F8015005304D44039A0AB10CF1020CF9
:1005D000DA0640F1BF80C0F801509DF8189049F04C
:1005E00010098DF818904FF0030980F8009005303D
:1005F000019A002A00F0B5804FF000099DF818A07C
:100600001AF0100F0CF1030C18BF0335B8F1000FEE
:1006100040F0B38047B19DF8187047F040070CF1E7
:10062000010C01358DF8187091F802A04F78CAF3CB
:10063000050AACEB06060AF1010AF6B25FFA8AFA7D
:10064000564500F2B880BA4500F2E680AAEB0606ED
:10065000F7B20CEB0702029213F4807800F0B68038
:1006600090F80080C0F80150B8F1000F08BFB846FC
:10067000077045440530049AAA1AD2B2022A9CBFD8
:10068000E51C01229E0540F1A7804E78029BD0F820
:100690000110C0F80130A6EB0A0690F800A0F6B2EF
:1006A00006700530BAF1000F40F0CF80002940F00D
:1006B00033810299CDF810A0D6469BE01EF0020FC0
:1006C0007FF469AFB9F1000F3FF46AAF9DF818A04D
:1006D00091F800904AF0020A8DF818A094F800A052
:1006E0004FEAD91969F3C71A063584F800A00CF14E
:1006F000060C55E7049A1EF0010F02F102057FF483
:100700003BAFBAF1000F3FF43CAF9DF818C00D7835
:100710004CF0010C8DF818C094F800C0C5F380159A
:1007200065F3861C254605F80ACB01F10A0C28E77B
:100730001EF0080F3DD1039A002A00F08D809DF82D
:10074000189049F00809E34602358DF818900CF12D
:10075000020C3DE71EF0100F7FF44AAF019A002A09
:100760007DD19DF818A0DDF804901AF0100F18BF85
:100770000335B8F1000F3FF44DAF9DF8188048F0F5
:1007800020080CF1120C12358DF8188042E7CF7852
:100790008DF81C7007F00802039207F0100207F0B2
:1007A000010A07F0020907F02008019207F040074C
:1007B000B5E6CB4608E76FB3CA1C13F48078029203
:1007C0004FF0010A4FF000077FF44AAF1EF4807F1C
:1007D00004BFED19B8464EE75E0521D41EF4007E35
:1007E00040F09A804E780299CDF810E0A6EB0A0608
:1007F000F6B2F24606EB0E03FB2B22DC9319734490
:10080000FF2B34DD0132524432440270452009B0DE
:10081000BDE8F08FBA461FE71F2009B0BDE8F08F92
:100820004E78D0F801300493A6EB0A0690F800A0A9
:100830000299F6B2D64606EB0E03FB2B00F105003B
:10084000DCDD072009B0BDE8F08F56464FF0000A06
:10085000D646CDF810A0CDE7DDF80CB0B8E69DF88F
:10086000189049F010098DF81890E146C6E6A37873
:10087000501E60F30503A3700AEB06031344637074
:100880003246284615F06CFB049B23B152461946AC
:10089000A81915F057FBA378980639D0029BDE1BE8
:1008A000B8F1000F55D19DF81870790605D516F8E6
:1008B000013C05F8013C013E013DBA0641D4019BD3
:1008C00003B1033EFB0648BF033DB9F1000F04D05E
:1008D00049460322284615F043FB039B03B1023E21
:1008E00038070BD5BBF1000F3BD09BF8003005F863
:1008F000023C9BF8013005F8013C023DB90718D4D1
:10090000FA0710D4A3789B061CBF9DF81830E3703B
:10091000002009B0BDE8F08FA3786270013A62F35D
:100920000503A370B7E70622B11FA81F15F018FB37
:10093000E8E7063E063D06223146284615F010FB44
:10094000DEE7123E123D12223146284615F008FB22
:10095000B5E7A5EB08053A463146284615F000FBF9
:10096000A1E7DDF814C00B489CF8722002F00F02DA
:1009700030F81210C1F30B03013120F8121005F802
:10098000023C9CF872201B0A03EB021303F0FF03E6
:10099000B1E700BFC05B002070B503786FF30503BB
:1009A000037004460E46154608F062FF2278124B8B
:1009B00032288CBF0020012060F386122270A3FB36
:1009C000062319095B0C04D00C4AA2FB062601235E
:1009D000710920786170002D95FAA5F2B2FA82F2C1
:1009E00063F3C71008BF4FF0FF32C1F3042303EBDA
:1009F00042132070A37070BD89888888B5814E1B12
:100A000008B503494822F7F7ABFEC0B208BD00BFE6
:100A1000E45B002008B5034900684822F7F7A0FE10
:100A2000C0B208BDE45B002070B5184948220446F6
:100A3000F7F796FEC6B2F01C04F110022146C0B2D0
:100A4000FAF7DEFC054638B994F8463060F3000347
:100A500084F84630284670BD10F1780FFAD040F681
:100A60006D230B4A0B490C4812F046F80B482A46F6
:100A7000314612F041F8002383F31188BFF36F8FE2
:100A80000323184602DF284670BD00BFE45B002048
:100A900098650200DC650200F4650200146602003D
:100AA00070B505462248F7F72DFE00283CD00446D5
:100AB00000F1100300F12406AB623046656108F0D6
:100AC000E3FF304608F0CEFF064638BB022104F1B2
:100AD000180008F0B5FB022104F1360008F0B0FB65
:100AE00094F8445084F84550062303FB054305EB76
:100AF000450504EB450503F1380007F00BF895F8C0
:100B00003D3060F3050385F83D3094F846302461AC
:100B100066F3000384F84630204670BD0023044984
:100B2000AB622046F7F704FE0024204670BD00BFEC
:100B3000E05B002010B50446243008F0C7FF2046D3
:100B40000249BDE81040F7F7F3BD00BFE05B0020AD
:100B5000024B00280CBF184600207047E45B0020C1
:100B60008C4690F8251000EB81011346896A624695
:100B7000FFF77ABB08B5054B0122986002211046A9
:100B8000F7F792FE00B908BD00DE08BDF4020020B0
:100B90008268526912688260FFF746B92DE9F04F0A
:100BA00085B09A469DF838B00F9F4FEA4B0B0BF07B
:100BB000020B0BF101030193CAF3400C002A79D018
:100BC00083460AF00303DBF804B1DFF8A491CDF803
:100BD0000CC006330AF004080E461446029345463C
:100BE000BBF1000F66D07378002D66D0019ADB0050
:100BF0002B33934003F5BC7322786FF30502227008
:100C000003EB070808F034FE227832288CBF00205E
:100C1000012060F386122270A9FB08200209400C13
:100C200004D0544BA3FB08235A0901202378627097
:100C300060F3C7132370BAF1000F9AFAAAF3B3FA5C
:100C400083F3C2F3042208BF4FF0FF3302EB4312D9
:100C5000A270D6F80431002B65D09BF802209206D2
:100C60000BF1030426D0F0789BF8032060BB06F15B
:100C7000030C8AB1D4076BD502F0020102F004061E
:100C80000BF10A0402F0080201B10634410748BF23
:100C90000CF1010C06B10134000726D402B1023474
:100CA0009BF80320D10605D5DBF804B11E46BBF145
:100CB000000F98D105B0BDE8F08F029A13440333BA
:100CC000039ADB00D34097E706F1040C00F0010122
:100CD000A2B909B106F10A0C10F0020632D04107A0
:100CE000DED500070CF1070CD8D5002AD8D09CF827
:100CF000002022709CF801206270D0E709B106F153
:100D00000A0CD10754BF0BF104040BF10A0410F0D4
:100D1000020F02F0020102F0040618BF0CF1060CEB
:100D200002F00802B0E708F0EFFE0346D0B19BF8EE
:100D3000012018460232594615F004F90346C6F858
:100D400004018AE74207ABD50CF1010C3246A3E758
:100D500002F0020402F0040602F0080224B10BF1D2
:100D60000A0497E700DEE2E70BF1040492E700BF14
:100D700089888888B5814E1B2DE9F04F8DB08B4650
:100D80009A46FFF743F8002800F0DF8190F88030A2
:100D9000DB0706460BD490F872309D0634D51BF065
:100DA000FD0F71D10C2528460DB0BDE8F08FBBF1C9
:100DB000020FF7D990F872309F0625D5BBF1040FCA
:100DC0002BD8152323FA0BF3DB0740F1B481002263
:100DD00009ABBBF1040F8DF82420CDF82520039337
:100DE0001DD10DF11F0301930DF11E0300934FF46C
:100DF0000071039B30461746F1F7A2F9B846054645
:100E0000002D00F08C80CEE7BBF1040FCAD004D8CF
:100E1000152323FA0BF3DA073ED509AB0393B06B26
:100E2000437D00EB83030DF11F011430D3F81880CC
:100E300008F0B4FE0024039D0746A1464FF400735A
:100E4000CDE900953A46414630468DF82490CDF8DC
:100E50002590FFF747FB9DF82430002840F049819A
:100E600023449CB204EB0A03FB2B00F37381D8F8F4
:100E70000431D7F80421002B00F04081002A00F053
:100E8000FB8117469846D9E7BBF1040FC5D8152357
:100E900023FA0BF3DC079AD4169B8DF824A0BBF140
:100EA000010FCDF8253002D0BBF1030FB5D10DF104
:100EB0001F0201920DF11E0209AB00924FF4007166
:100EC000102230460393F1F73BF94528054600F020
:100ED000F880002D7FF467AFB06B002800F0EF8042
:100EE000BAF1BF0F00F1140040F27281169BCDF8E9
:100EF0002530CDF82A3008A9BF238DF824308DF88D
:100F0000293008F04BFE9DF820209DF81F300AF193
:100F100041059A42EDB2804640F0A1814746B36B4D
:100F2000002B00F0CC801BF0FD0400F0F080002DC1
:100F300000F095800023CDE90433BB7813F03F0324
:100F400018BFFB788DF8203008F0DEFD044600283D
:100F500000F099810023E3706370072323709DF8EC
:100F6000203013F0080117BF082104F10309E170D4
:100F700004F10409D8074CBF07F10A00381D9B078C
:100F800004F1020248BF063011B1038829F8023B80
:100F9000A9EB02035FFA83FAA378BAF1020F6FF3A9
:100FA0008713A3709CBF04F103094FF0010A002DC1
:100FB00040F0D580049B5344FF2B00F3FD80637009
:100FC000A3780AF1FF3262F30503A370049B002BA0
:100FD00040F04981727EDDF825807B787F2A4FEAD8
:100FE000521540F2ED80B27E02F00102DB005200A9
:100FF0002B330132934003F5297998F800306FF3D1
:10100000050388F8003008F033FCBC4BA3FB092330
:1010100098F8002032288CBF0020012002F03F0207
:1010200042EA8012002D95FAA5F5B5FA85F588F803
:10103000002008BF4FF0FF351A0B02EB45121B09C9
:1010400088F8022088F80130D7F8040120B1002385
:10105000C7F8043108F0C4FDC7F80441B36B96F833
:101060008020D10716D51C6894F8463013F0010192
:1010700000F0C38008AD294606F11C0008F08EFD83
:10108000002201463046F0F7D3FD054600287FF4E4
:101090008AAEB36B9DF81F205A75BBF1010F50D07B
:1010A000ABF10303012B4CD996F87230BBF1010F61
:1010B00094BF0022012262F3451386F872300025A6
:1010C00071E6169ACDF825209DF829200DF11F0311
:1010D0000193AAEB02020DF11E0300938DF8242068
:1010E000039B10224FF400713046F1F729F80546B2
:1010F000EFE645283FF4B4AE00DEB1E60546002A2F
:101100003FF47EAE00DE002D3FF409AF4BE6039BBB
:101110008DF824A0CDE90043169BCDF825303A4642
:101120004FF4806341463046FFF7DCF9002840F079
:10113000AE80B36B93E7169B8DF824A0CDF82530D5
:10114000B2E69DF81E307377AEE7422528460DB013
:10115000BDE8F08FB84500F09180072523E69DF8A3
:101160002430DDF825102A461944484614F0EAFEDA
:10117000039B0193002300933A464FF404734146C6
:101180003046FFF7AFF900285AD1049A0AEB05035D
:101190001344FF2B10DCA37816990AF1FF3262F397
:1011A0000503A370049BEB18A944534463702A46BB
:1011B000484614F0C7FE09E7B84545D04525F2E595
:1011C0002B440933DB006A10D34003F5967914E70A
:1011D00008A908F0E3FC9DF820109DF81F2091421B
:1011E00003463ED1D3F8040120B10022C3F8042104
:1011F00008F0F6FC0027B84691E6B26E40F2712383
:1012000042F6DC30E2FB030140F2E2420023EFF75A
:1012100077FFA086F9F768F908AD183008902946DD
:101220002046F0F771FD089902462046F0F7ACFD24
:1012300058BB94F8463043F0010384F846301AE76F
:10124000B84506D00546AEE5B36B9DF81F205A752C
:10125000B4E7B36B9DF81F205A750546A3E500DE81
:101260005CE600DEBEE705991A46169B2944194440
:10127000484614F067FEADE600DE02E6B36B9DF86B
:101280001F205A7569E700DE64E60D258BE54528C9
:101290003BD1039D169BCDF82530CDF82A303A4638
:1012A0004FF482634146CDE9004530468DF824A0D5
:1012B0008DF829A0FFF716F9169BCDF82530CDF84B
:1012C0002A309DF82E300493AAEB030A5FFA8AF3C2
:1012D00005938DF824308DF82930CDE900454FF481
:1012E00082633A4641463046FFF7FCF840B9049B1A
:1012F000002B3FF41EAF00251FE600BF89888888B9
:1013000000DE049B002BF6D113E700DEB36BA6E6EC
:101310002DE9F04F8FB00F46DDF860B01E46FEF7A6
:1013200075FD002800F0DD80437F00EB8303044659
:101330001B6A1D7805F00F05072D09D0032F02D178
:101340001F2E40F2C780122528460FB0BDE8F08F4F
:1013500090F88030D80700F1B880032F01D0002E1C
:10136000F1D0A36B002B00F0DE815A7D03EB8203EA
:101370009B6904939B787F2B40F2E58094F8803042
:10138000D90702D5002E00F0A38094F8293004EB91
:1013900083030DF1270104F12800D3F82C9008F005
:1013A000FDFB17F0FD038046039300F09F80042FA0
:1013B00000F09281012F8DF82860CDF829B040F01F
:1013C000E7800DF126030AA9002201930DF1250300
:1013D0000591009320460B461146F0F7B1FE0546F5
:1013E0000028B1D1059B01931027009740F20123FB
:1013F000424649462046FFF775F84528054600F065
:101400000081002DA0D1BF2E40F2B781BF238DF8FF
:101410002D3006F14103DBB2069340F20123CDF8F3
:101420002EB0079398F8023013F03F0318BF98F8D6
:1014300003308DF8243008F067FB8246002800F066
:10144000CD819DF8241000238AF803308AF80130FA
:1014500007238AF8003011F008030EBF0AF10302D7
:101460000AF104020823104618BF8AF80330CA079D
:101470004CBF08F10A0208F1040289070AF10207C9
:1014800048BF063223B11388024622F8023B1046B9
:101490009AF80230C71BFFB26FF38713022F8AF846
:1014A000023003D80AF1030318460127069B002BDC
:1014B00040F03C81069B3B443344FF2B40F3BD800E
:1014C000C84500F0638145253EE7032F3FF449AF4F
:1014D0000C2539E75A4631460FB0BDE8F04FFEF70C
:1014E00055BE422528460FB0BDE8F08F8DF8283054
:1014F000CDF829300AAB5A4600270695C346059316
:10150000BA461D469046CDE900A55A4649464FF4D5
:10151000047320468DF82DA0CDF82EA0FEF7E2FF33
:10152000A8B99DF82DC06744BFB2BB19FB2B7BDC6B
:10153000D9F80431DBF804116BB1002900F01B81EC
:101540008B469946DFE7002E3FF41FAFFBE64528A8
:10155000E7D000DEE5E743460A46D84661469B46AB
:1015600002B100DE452800F0CB8000238DF8253045
:101570008DF82630002840F02981039B002B40F095
:10158000A780039B06931D464FF40473079349E716
:10159000032FAFD10DF126030AA9002201930DF10B
:1015A00025030591009320460B461146F0F7C8FD30
:1015B000054600287FF4C8AE002E7FF413AF88F8EC
:1015C0000160A36B9DF826205A759DF8253063773E
:1015D00098F8003098F8012003F0400343F0070327
:1015E00088F80030002A40F0D68098F8003062F386
:1015F000861388F800309DF8273084F829300025BC
:10160000A2E6059B01939DF82D300097F31A8DF803
:101610002830424640F2012349462046CDF829B001
:10162000FEF760FF0546ECE6D945069D7FF48CAEDB
:101630009DF8273084F8293086E68AF801309AF838
:101640000230013F67F3050332468AF802305946FB
:1016500014F078FC637EDDF829607F2B4FEA531786
:101660007FD9A27E98F8013002F001025200DB001F
:1016700001322B33934003F5297533786FF305035B
:10168000337008F0F5F8584BA3FB05233278322865
:101690008CBF0020012002F03F0242EA8012002F9E
:1016A00097FAA7F7B7FA87F7327008BF4FF0FF37FE
:1016B0001A0B02EB47121B09B2707370D8F80401C1
:1016C00020B10023C8F8043108F08AFAC8F804A150
:1016D000039B012B8FD174E700200AABCDE90003F7
:1016E0008DF82800CDF829004FF400734246494692
:1016F0002046FEF7F7FE054600287FF425AE7AE780
:101700009DF832300693C91A00238DF825308DF8E4
:101710002630039B8DF82D10002B61D14FF40473FC
:10172000354607937EE600DEA36B1EE69DF82D305E
:10173000DDF82E10069A1944064614F003FC0599AC
:1017400001910799002241F0100300924946424658
:101750002046FEF7C7FEB8BB069B1E4430462E4609
:10176000A8E698F801303B440933DB007A10D340F7
:1017700003F5967581E700DEE2E6D8F8040100285B
:10178000A6D0C8F8045108F02BFAA1E7A36B9DF886
:1017900027205A7597E698F80230049898F80010B8
:1017A00002466FF3871388F8023012F8043BC3F344
:1017B000801363F38611434603F8041B4168C8F89D
:1017C000041092889A8016E7C84501D00546BBE50B
:1017D0009DF8273084F829300546B5E500DE30E66F
:1017E000069B002B9AD173E78988888870B50446D8
:1017F00011B3B0F84CC0204E42F2107001FB00F063
:101800001D46A6FB0030400AB0FBFCF080B2A4F8F5
:101810004000C2B1194B03FB02F2A6FB0263B1EB1D
:10182000533F21D200225B0AB3FBFCF31B1AA4F83E
:101830006030E265002070BDA0F84010A0F8601094
:10184000C165002070BDA4F860202B680BB1E36572
:10185000F7E7F9F7CFFC064658B1F9F7D7FC28B1FE
:101860000660E0652860ECE7122070BD3046F9F7AD
:10187000C7FC072070BD00BF5917B7D100881300FF
:1018800029B9B0F84030A0F842300020704710B5B8
:10189000124A134B1349821A8AB0A3FB023252092F
:1018A0000023A0F8423009AC059102200121053245
:1018B000CDE9031109900321CDE90133D2B2069499
:1018C00000931846F8F7CAFC2146F9F721FD10B934
:1018D00000200AB010BD0C200AB010BD6C5C0020C6
:1018E0001F85EB51ADA6000070B588B01C460D9D5C
:1018F0009DF830C02E4616F8103B0133DBB22B703A
:10190000002B66D039493A4B0C81C1E900028A7A32
:10191000CE606CF300028A720022996001201146A9
:10192000F6F7C2FF002856D1B5F8423043B1013472
:10193000A4B2A34228D91B1BA5F8423008B070BD41
:10194000B5F840000028F9D0002CF7D0294A2A4BDE
:10195000AA1AA3FB0232C2F34712012A3FD800237E
:1019600001210532A5F84200D2B2CDE90533CDE917
:101970000311CDE9013300931846F8F76FFC10F01E
:10198000FD0FDBD000DED9E7B5F86010E1B1194AF0
:101990001944194BAA1AA3FB0232C2F34712091BBE
:1019A000012A89B21FD800230532CDE90313CDE9FE
:1019B0000533CDE901330093D2B201211846F8F77F
:1019C0004DFC10F0FD0F08D10023A5F8423008B0FF
:1019D00070BD00DE96E700DEA6E700DEF4E700DE7D
:1019E000B5F84000BBE700DEDDE700BF445C002047
:1019F000340300206C5C00201F85EB510368D96D17
:101A000011B10868F9F720BC704700BF00B17047FA
:101A1000064B10B502460C46022001219C60F6F7E9
:101A200043FF00B910BD00DE10BD00BF240300203D
:101A300003788BB110B50E4B00F1100199608268EC
:101A40009AB90C4C0A4B0022C0E902411146012010
:101A5000F6F72AFF38B910BD0369D96D11B10868CE
:101A6000F9F7F2BB704700DE10BD00DE9968E8E7C9
:101A700014030020FD19010000F044BB70B591F87B
:101A8000623043F001030C46064681F862300530AF
:101A900001F11002C0B2F9F7B3FCA8B900F06EFB77
:101AA000056A064615B12B689C4201D0002070BD26
:101AB00000F0E8FB08B178301ED1336A002BF5D076
:101AC0009D42F3D100DEF1E710F1780F054613D007
:101AD00040F29123094A0A490A4811F00DF80A48D0
:101AE0002A46314611F008F8002383F31188BFF32A
:101AF0006F8F0323184602DF0C2070BD2C66020096
:101B0000DC650200F465020014660200022870B56C
:101B100009D01749642404FB001494F8622092074A
:101B200001D5626912B10C25284670BD00EB800317
:101B300003EB830301EB8301FFF7A0FF05460028B9
:101B4000F2D194F86230E66D60F3410384F86230BC
:101B500036B1E0653068F9F753FB3046F9F75CFBC6
:101B60000020FEF729F90028DED106F03FFDDBE773
:101B70006C5C002010B50B4C0020FFF7C7FF94F8F9
:101B8000443001206FF3020384F84430FFF7BEFFB6
:101B900094F8A8306FF3020384F8A830BDE8104031
:101BA00000F0BEBA6C5C00202DE9F04F85B0002338
:101BB0000393002800F09D807F4C94F8626016F03B
:101BC00002068946934640F08A8094F8C67017F062
:101BD000020740F0B58094F8A88094F8C6A018F0E9
:101BE0000408CAF3810A45D01AF0010F08D0012079
:101BF000F8F710FD0621F6F7C7FD002800F09E80DB
:101C000094F84430DD0700F1818003AB6B485A46FD
:101C10004946FFF7EBFD0546002866D194F89C0085
:101C2000C0F3C10006F022FDB4F8A83003F0BF03F2
:101C300063F0FF03A4F8A83094F89C30990600F1F3
:101C4000AE8094F84430DA0739D45C483946FFF75F
:101C500017FE0546002848D1002F52D194F8443091
:101C6000DB0705D55448F0F7DFFE054600283CD1D8
:101C700052482FE094F862305B0757D44E485A46DA
:101C8000494603ABFFF7B2FD054670BB94F8380038
:101C900094F86250C0F3C10006F0E8FCB4F8443098
:101CA00003F0BF0363F0FF03A4F8443094F8383026
:101CB0009806C5F3810502D5023D012D51D93E4854
:101CC0003146FFF7DDFD054678B9D6B9B8F1000F0A
:101CD000BBD1394805B0BDE8F04FF0F7A5BEE36DC4
:101CE000039309B1002A4BD10C25284605B0BDE865
:101CF000F08FFFF70BFF05460120FFF707FF0028D5
:101D0000F3D10025284605B0BDE8F08F03AB2A4883
:101D100001935A464946FFF769FD019B0546002895
:101D20003FF474AF284605B0BDE8F08F0120F8F706
:101D300071FC0621F6F728FD00289FD11225D4E773
:101D4000D4F8C03003930029CED0002ACCD0B4F808
:101D5000A430002BC8D0B4F8C430002BC4D0012765
:101D600039E7174D002006F0A5FC95F8343043F014
:101D7000400385F83430B8F1000F7FF462AF9EE77E
:101D8000B4F84030002BAFD0B4F86030002BABD0AB
:101D900094F8C67017F0020709D101261BE7AAF1D3
:101DA000020ABAF1010F3FF64CAF064DDAE7D4F85C
:101DB000C03003930126CAE76C5C0020D05C002091
:101DC0007C5C0020E05C00208168B1F8603003B1E9
:101DD0007047B1F84030002BFAD0B1F84230002BF8
:101DE000F6D11748DFF85CC000B50A1AACFB02C296
:101DF000C2F34712012A83B0A1F840301AD8D2B9F1
:101E000000F164030020A3F84000CB6D4FF00B0CF1
:101E100083F804C002F1050CDA8000910A4B5FFAE6
:101E20008CF20121F8F776FA10F0FD0F05D103B01E
:101E30005DF804FB00DE024BE4E700DEF7E700BFDD
:101E40006C5C00201F85EB510D1A0100012808B5BC
:101E50001CD8164A642303FB002393F862106FF327
:101E6000410183F8621030B992F8A83003F00703FB
:101E7000032B14D808BD92F84430DB07FAD50020B4
:101E8000FFF744FE0028F5D000DE08BD00DE00228A
:101E900092F8623062F3410382F86230FFDE012083
:101EA000FFF734FE0028EFD108BD00BF6C5C0020B6
:101EB000012807D8044B00EB800000EB800003EB07
:101EC00080007047002070476C5C0020034A044B80
:101ED000801AA3FB0030C0F3471070476C5C0020F1
:101EE0001F85EB51044A0068044B801AA3FB0030A5
:101EF000C0F34710704700BF6C5C00201F85EB519A
:101F0000044B984204D36433984288BF0020704742
:101F1000002070476C5C0020054B0068984204D399
:101F20006433984201D8103070470020704700BFDA
:101F30006C5C0020012810D8094B642202FB00329F
:101F400000EB800092F8622000EB800012F0020F9C
:101F500003EB800008BF002070470020704700BFDF
:101F60006C5C0020012810D8094B642202FB00326F
:101F700000EB800092F8622000EB800012F0020F6C
:101F800003EB800018BF002070470020704700BF9F
:101F90006C5C0020012819D80D4A642303FB002241
:101FA00092F8623013F0020310D092F86200536985
:101FB00092F83810003BC1F34012C0F3400000FA21
:101FC00002F018BF012340EA8300704700207047E9
:101FD0006C5C002001280DD8074A642303FB002213
:101FE00092F8623013F0020304D092F83800C0F384
:101FF000C1007047002070476C5C002010B5039C46
:102000009DF808C022780132D2B22270A2B10B49E9
:102010000860887A0B810A4B00226CF300001034B0
:1020200088724A60CC60996001201146F6F73CFC4A
:1020300000B910BD00DE10BD00DEE8E7445D002001
:102040005403002038B5036A0446EBB1616A31B12C
:10205000002363620868F9F7E5F8F9F7EFF8256AF5
:102060002868FFF74DFFEA6A04F110039A4204BFA3
:102070000023EB62236A4BB100232362204604490C
:10208000BDE83840F6F754BB00DEDFE700DEF3E7DB
:102090005C5D0020036A0BB1FFF7D4BF00DEFFF7E1
:1020A000D1BF00BF68B108B50B6A6BB10748084BD8
:1020B0000022C3E9021001210220F6F7F5FB08B95E
:1020C00008BD704700DE08BD00DEEFE7D520010047
:1020D00064030020036A6BB1037803F0FF023BB195
:1020E000012A09D183684BB9054BC0E9023070471A
:1020F000FFF7A8BF00DEEFE700DEF3E700DEF3E75F
:102100009520010008B50448044B01223021F6F760
:10211000D5FA002008BD00BF605D00205C5D002096
:1021200008B50448044B01223021F6F7C7FA002015
:1021300008BD00BF605D00205C5D002038B585688B
:102140002B6A6BB11C682046FFF7DAFE78B194F871
:102150006230DB0710D42846BDE83840FFF772BF75
:1021600000DE1C682046FFF7CBFE0028EFD100DE22
:1021700094F86230DB07EED538BD00BF024B002873
:102180000CBF184600207047605D002008B5034969
:1021900000683022F6F7E4FAC0B208BD605D0020A6
:1021A00038B5056849B12B6A0C4643B11868FFF78A
:1021B000A7FE003818BF01202070286A38BD00DE55
:1021C000F4E700BF70B58B68054618680C46FFF74A
:1021D00097FE002836D0E368A1680122227133B34C
:1021E0001E68336A002B40D01868FFF789FE00286C
:1021F0002ED090F86230DB0711D4336A002B38D030
:10220000336A002B33D0337803F0FF0213B3012A73
:1022100031D1B368002B30D1194BC6E902362146C3
:102220002846F8F7FFFFBDE87040F9F707B8CB6A1A
:10223000002BD5D121462846F8F7F4FFBDE87040C1
:10224000F8F7FCBFA36801222271002BC8D1F1E787
:1022500000DE70BD3046FFF7F5FE21462846F8F750
:10226000E1FFBDE87040F8F7E9BF00DEBCE700DE43
:10227000C9E700DEC4E700DECBE700DECCE700BF45
:102280009520010038B5134930220446F6F768FA64
:1022900004F1100507302A462146C0B2F9F7B0F81C
:1022A00050B110F1780F00D038BD2846F9F77EF80C
:1022B00010B110F1780FF7D10749084B0022C3E99C
:1022C000024103200121F6F7EFFA08B9002038BDDA
:1022D00000DEFBE7605D0020452001004403002094
:1022E00008B5054B0022986011460120F6F7DCFA8C
:1022F00000B908BD00DE08BD7403002083685A6879
:1023000092F82730DB0900F1080101D0F1F778BB22
:10231000F2F71AB82DE9F0410668254982B0044663
:102320004FF4C8723046F6F71BFA04F14C0521460B
:1023300009F0D2FA206D01AA2946F6F751FA08B33E
:10234000DFF870804FF6FF7798F8412298F8401236
:10235000531CDBB2482B08BF0023994223D008EB63
:10236000C20128F83270019A4A6012680260019A2C
:10237000106088F84132206D01AA2946F6F730FA3C
:102380000028E1D1D6F8480106F5A47138B1002340
:10239000C6F84831F9F7D0F802B0BDE8F08100DEA8
:1023A000D6F84801F3E700DE00231B80FFDE00BF04
:1023B000F80900200061002010B50C4630B9204615
:1023C000F8F7E2FF844200D000DE10BD00DEF6E741
:1023D00010B50C4630B92046F8F7CAFF844200D049
:1023E00000DE10BD00DEF6E710B50C4640B9074B25
:1023F0000246012102209C60F6F756FA20B910BD72
:10240000F8F7B0FF8442FAD000DE10BD940300203C
:1024100000B9704710B50C46F8F7C2FF844200D1EE
:1024200010BDF8F79FFF8442FAD000DE10BD00BF58
:1024300070B5164B1648164E10224FF4C871F6F7B9
:102440003DF900244FF6FF75A2B24FF4C871304633
:10245000F6F782F90134102C8584F5D10D4B0E4C22
:10246000181D07222421F6F729F90C4B4722181DC5
:102470000821F6F723F902F0EDF90949094A072383
:10248000002020600B70137070BD00BFC05D002085
:10249000F80900200060002088630020C45D00204F
:1024A000928900209189002010B5044614F8103B51
:1024B00073B10F4B9C608268B2B90E490C4B00227D
:1024C000C0E9021411460120F6F7EEF950B910BD2B
:1024D00003F0FF02084B114601209C60F6F7E4F977
:1024E0000028F4D000DE10BD00DE9C68E5E700BFE8
:1024F00084030020E1220100740300200148F6F764
:1025000001B900BFC05D00200149F6F711B900BF55
:10251000C05D002002494FF4C872F6F721B900BF30
:10252000F80900200F28024604D803484FF4C87168
:10253000F6F712B900207047F80900200F280ED8CE
:1025400010B50446224607484FF4C871F6F704F95F
:1025500018B1838CA34200D110BD002010BD002013
:10256000704700BFF80900200148F6F7CBB800BF5C
:10257000006000200149F6F7DBB800BF00600020D2
:102580000F2800F2A6802DE9F04104460E4663486C
:1025900022464FF4C871F6F7DFF8054600285AD0F6
:1025A000838CA34257D15E4A92F8411092F84000C2
:1025B0004B1CDBB2082B08BF0023984261D022F8E5
:1025C000314002EBC1014E6082F841302B7803F0BC
:1025D000FF00002B47D0534F3B68062B55D8DFF840
:1025E0004881524B0022012103209D60F6F75CF9DF
:1025F00095F93730002B3FDB4D4C4E4D12F008FE65
:102600002168411AC1F30E02A2FB0523D20BC90BAC
:1026100042EA4342DB0BE1FB052395424FF0000108
:1026200071EB03051BD344483D680168013574799B
:102630000C4404604148A4FB0001214452EA030415
:1026400004BF01220023EEF75BFD3D60C8F80000E7
:102650000020BDE8F0816FF01500BDE8F08120603A
:1026600001253548E3E709F081FD95F937302D4F15
:10267000DFF8B480002BBFDA2146284604F068FF5B
:10268000BAE76FF06800BDE8F08195F8582095F83A
:102690007230DFF894802A48D8F80010B0FBF1F0CF
:1026A00002F0070CC3F300139B00BCF1030FDBB275
:1026B000C2F3C00210D9DB00520003F2031301324F
:1026C000934003F27453834223D3002009F04EFD5C
:1026D00087E76FF0150070470CF10902D1000CF18B
:1026E000240213444FEA6C0C21FA0CF2DB0023FAAB
:1026F0000CF302F596710B449842E6D9C3EB400007
:1027000002F196035B0018440138B0FBF3F0C0B24D
:10271000DCE7C3EB400040F2CC63F4E7F8090020AB
:1027200044630020BC5D0020B85D0020A4030020AD
:10273000B45D002000CA9A3BB05D00200050D6DC9A
:1027400000E6DF0C2DE9F04F85B00F28BDF838907A
:10275000BDF83CA0BDF840B0039215D804460E4623
:102760001C4822464FF4C8711F46F5F7F5FF054691
:1027700050B1B0F82480A04506D176B1022E07D022
:10278000012005B0BDE8F08F022005B0BDE8F08F54
:10279000039BABB902F0FCFA0EE0119B0193CDF85C
:1027A00000B053464A46394602F088FA0028ECD178
:1027B00095F93730002B07DB002005B0BDE8F08F1E
:1027C000039902F0F5FAF7E74146284604F0C0FE07
:1027D000F2E700BFF80900200F281FD870B50446A3
:1027E0000D460F4822464FF4C871F5F7B5FF06466F
:1027F00058B1838CA34208D102F010FA38B10368B3
:102800002B6003792B71002070BD022070BDD6F8BB
:1028100032302B6096F836302B71F4E70220704787
:10282000F80900200F2870B502D90224204670BD97
:1028300005460C4616482A464FF4C871F5F78CFF3A
:10284000064610B3838CAB421FD11A2C04D8042C3B
:1028500016D81224204670BD292C01D03B2CF8D16B
:102860002146304602F0A4F904460028DED196F94C
:102870003730002BDADA2946304604F069FED5E716
:10288000044BE340DB07EBD4E3E70C24204670BDA8
:10289000F8090020200038040F2870B516D8044627
:1028A00022460F484FF4C871F5F756FF054668B148
:1028B000868CA6420AD1012102F0C8F8044618B954
:1028C00095F93730002B04DB204670BD02242046EA
:1028D00070BD2846314604F03BFE204670BD00BF67
:1028E000F80900200F2870B515D8044622460E4876
:1028F0004FF4C871F5F730FF054660B1868CA642EB
:1029000009D102F0BBF8044618B995F93730002B0D
:1029100004DB204670BD0224204670BD28463146A7
:1029200004F016FE204670BDF80900200F281CD8C0
:1029300070B504460E4615464FF4C87102460C4861
:10294000F5F70AFF034670B1828CA2420BD190F8D2
:102950005840C4F30204347093F85930C3F30203AF
:102960002B70002070BD022070BD0220704700BF98
:10297000F8090020024A034B1070197000207047BC
:1029800092890020918900202DE9F0430F2883B01F
:1029900025D80446884617464FF4C87102461948A0
:1029A0001E46F5F7D9FE0546C8B1B0F82490A145FA
:1029B00015D1D0F8203113F4106F1DD001240094EC
:1029C00033463A46414602F0CBF8044618B995F929
:1029D0003730002B08DB204603B0BDE8F08302242B
:1029E000204603B0BDE8F0832846494604F0B0FD18
:1029F000204603B0BDE8F0831A24204603B0BDE8AA
:102A0000F08300BFF80900200F2813D838B504461A
:102A10000D46094822464FF4C871F5F79DFE38B1BE
:102A2000838CA34204D190F8B6302B70002038BDBF
:102A3000022038BD02207047F80900200F282FD847
:102A400038B504460D46174822464FF4C871F5F7CD
:102A500083FE18B3838CA34220D1C38CB0F87021BD
:102A6000052B0FD801339BB202FB03F30E494FF441
:102A7000FA7202FB03F3A1FB0313C3F34F332B8062
:102A8000002038BD03FB02F2074940F2E24303FB9A
:102A900002F2A1FB0212C2F34F33F0E7022038BD6D
:102AA00002207047F80900205917B7D10F282FD8F6
:102AB00038B505460C4617482A464FF4C871F5F755
:102AC0004BFE844610B3838CAB421FD1C38C42F2C1
:102AD000107202FB04F1052B01F1FF310DD8013317
:102AE0009BB24FF4FA7202FB03F31944B1FBF3F10A
:102AF00089B2ACF87011002038BD40F2E24202FB0E
:102B000003F31944B1FBF3F189B2F2E7022038BDB7
:102B100002207047F8090020FFF78ABC2DE9F8432E
:102B200004F072FE204FDFF88490DFF884800025E7
:102B300025E005F1080004F110022146C0B2F8F7C3
:102B40005FFC0646B0B110F1780F13D040F24D7320
:102B50004A46414617480FF0CFFF174832462946EC
:102B60000FF0CAFF002383F31188BFF36F8F032395
:102B7000184602DF01350023102DE3660AD0AAB201
:102B80004FF4C8713846F5F7E7FD04460028D0D168
:102B900000DECEE709490A4AA1F84030A2F84032E7
:102BA000BDE8F843FFF744BCF80900206C6602005A
:102BB000DC650200F4650200146602004463002034
:102BC00000610020014B1878704700BF92890020F7
:102BD000014B1878704700BF918900202DE9F84F0C
:102BE0001C4E81468A46174698464FF0000B02E07D
:102BF000BBF1100F2AD01FFA8BF52A464FF4C8718B
:102C00003046F5F7A9FD0BF1010B04460028EFD083
:102C1000838CAB42ECD190F88051B7EBD51FE7D154
:102C20000622414600F2871013F0BCF9C5F3801567
:102C30000028DDD14D45DBD104F28110062251463A
:102C400013F0B0F90028D3D1012000E00020BDE846
:102C5000F88F00BFF80900208B6808601B681A789D
:102C60002AB19A6832B9044AC3E90221704708467A
:102C7000FFF744BB00DEF6E7FD220100F8B50B6864
:102C8000DE880F2E32D80C460746324619484FF4DC
:102C9000C871F5F761FD054638B3838CB34224D182
:102CA00002F0C2F8226892F8203003F00303032BED
:102CB00008D101231371226839462846BDE8F8403F
:102CC00002F0C6B853B995F842319B0703D53D23AE
:102CD00085F84431226801231371F8BD95F842311B
:102CE0009A07FAD53D2385F84431236801221A71E9
:102CF000F8BD00BFF809002010B5B0F824C00446A4
:102D00004FF6FF7084450CD0A4F804312046C4E986
:102D10003F1201F02DFE94F8423113F0010002D170
:102D200010BD00DEF0E76FF3000384F842316FF06E
:102D30008B0010BD2DE9F041304D314F95F8412009
:102D4000064627E042464FF4C8713846F5F704FDC1
:102D5000034650B3828C6168904527D10A7948793F
:102D600002F00302022A2AD050BB03F1C40001F092
:102D7000BBFB95F8412095F840309A4206D00133CC
:102D8000DBB2082B08BF002385F84030013E16F067
:102D9000FF0627D095F84030934223D035F8338092
:102DA000B8F10F0F05EBC304CCD961680B796FF351
:102DB00001030B714FF6FF70F8F78CFAD9E798B161
:102DC00093F88D21D007D0D56FF3000283F88D21C1
:102DD0000A7902F003000128C7D1022060F3010242
:102DE0000A71C2E7BDE8F08193F88D2142F001023B
:102DF000404683F88D21F8F76DFABAE74463002066
:102E0000F80900202DE9F041324A1468A042054635
:102E10000B4604BF00211160808CA5F84E011822DA
:102E200082B0012185F84C2185F86831284601F0EF
:102E3000A9FD05F1C406284601F0B8FD304601F0B1
:102E40003BFB304601F070FB044638B30379DFF8F2
:102E5000888003F00303032B0CBF034600230360A9
:102E6000404605F16007F5F74DFCA8B121463A460A
:102E7000F5F7A4FC304601F057FB044670B1037926
:102E800003F00303032B0CBF0346002303604046FB
:102E9000F5F738FC0028E9D100DEE7E7AA8C0F4BF4
:102EA00000950832D2B201210020F7F733FA10F072
:102EB000FD0F08D14FF6FF73FF20AB8402B0BDE8D1
:102EC000F041FFF737BFF8F74DFA8542F2D000DE48
:102ED000F0E700BF88630020C45D0020E923010003
:102EE00038B505460120FFF725FF05F1C40001F0C4
:102EF0001BFBA8B1037903F003030446032B0CBFAB
:102F00002346002307482360F5F7FCFB30B105F1A9
:102F100060022146BDE83840F5F750BC00DEF6E718
:102F200038BD00BFC45D002041B32DE9F0414D1E06
:102F3000DFF84C80EDB200F1C40700F1600612E04A
:102F4000237903F00303032B0CBF234600232360E4
:102F5000F5F7D8FB80B1013D32462146EDB2F5F7D9
:102F60002DFCFF2D06D0384601F0DEFA044640461F
:102F7000002CE5D1BDE8F08100DEECE7704700BF32
:102F8000C45D00200149F5F7D3BB00BFC45D00203C
:102F9000014B93F8410270470061002000B50A4BD5
:102FA00093F840C293F841E2F4450BD080F800E07A
:102FB00033F83C00088003EBCC035B6813601868AF
:102FC0005DF804FB0020FBE700610020074B93F84D
:102FD00040C2844508D003EBCC0033F83C300B8072
:102FE0004368136018687047002070470061002034
:102FF000094A92F8401292F841328B4209D04B1C98
:10300000DBB2482B08BF002352F8310082F840326F
:1030100070470020704700BF0061002000B50D4AD6
:1030200092F841C292F840E20CF10103DBB2482B66
:1030300008BF00239E4509D022F83C0002EBCC0CCF
:10304000CCF8041082F841325DF804FB00DE002366
:103050001B80FFDE0061002070B5537914460546E1
:103060000E46002B3BD0237903F00302032A0CD039
:103070004FF6FF72954204BF6FF30103237121469F
:103080002846BDE87040F8F725B94FF6FF739D421A
:1030900006D133689C421CD0002BF0D000DEEEE756
:1030A0000F2D1ED817482A464FF4C871F5F754FB68
:1030B000E8B1214601F09AFE33689C42ECD11148F8
:1030C0002A464FF4C871F5F747FB10B1838CAB4229
:1030D00000D000202146BDE8704001F00DBC00DEAC
:1030E000C1E700DE0020214601F080FED1E700DECE
:1030F000214601F07BFE3368A342E0D0002BBED016
:10310000CCE700BFF80900201B207047704700BFC4
:1031100090F8423143F0020380F84231704700BF1B
:1031200090F842316FF3410380F84231704700BF9D
:10313000B0F84031B0F80421981880B2704700BF51
:103140000278038E12B1581E80B27047418DB0F8DC
:1031500004215818104480B2704700BF10B50B68A6
:10316000C0F83230044632300B7903710521F5F78F
:10317000B3FC94F8373060F3050384F8373010BDA2
:1031800008B50022D0E91701F5F722FBB0FA80F06C
:10319000400908BD8A690B4600219961B2B103213B
:1031A0001171818CD18093F8201002F1200031B987
:1031B0001B7A052B08D0062B03D000DE704702F0E7
:1031C000DDBD1A231371704702F0BABD00DEE6E7D9
:1031D00070B504460D4600F17306334600223B31BC
:1031E00005F12B000AF048FBD4F87B10C4F89C10C2
:1031F000D4F88C10D4F87F20C4F8AD10D4F8901017
:10320000D4F87730C4F8A020C4F8B11094F8AC20FA
:1032100094F88B10C4F898300023D4F87300C4F8E5
:10322000940063F3000142F0010284F88B10C4E9BA
:10323000293384F8833084F8843084F8853084F826
:10324000863084F8873084F8883084F8893084F8B0
:103250008A3084F8AC202946204601F06BFA0646F5
:10326000B8B1301D02F06CFDF3796B733146204626
:1032700001F076FA204602F06BFA40F206636B81A9
:1032800094F8723023F0180343F0180384F8723076
:1032900070BD00DEE5E700BFF8B506460C4601F05C
:1032A00049FA054688B32F1D384602F027FDEB7911
:1032B00063732946304601F053FA304603F080FE2E
:1032C000AB68EA68C4F84720C4F843302B69C6F8F5
:1032D0009030A5690023A361ADB103232F792B7131
:1032E000B38CEB8005F12001204602F0EFFC2E2F7D
:1032F00002D00423A372F8BD28682946F7F7A4FF7B
:103300000423A372F8BD00DEE7E700DECBE700BFD1
:1033100070B504460D4601F005FA10B90623AB72EC
:1033200070BD04F173063346002205F13B0105F13F
:103330002B000AF0A1FAD4F87B10C4F89C10D4F842
:103340008C10D4F87F20C4F8AD10D4F89010D4F8C5
:103350007730C4F8A020C4F8B11094F88B2094F80A
:10336000AC10C4F898300023D4F8730084F883308C
:1033700063F30001C4E9293384F8843084F885308C
:1033800084F8863084F8873084F8883084F889306F
:1033900084F88A3042F00103C4F8940084F8AC1039
:1033A00084F88B302946204601F0C4F90646A8B1BE
:1033B000301D02F0BBFCF3796B733146204601F0FF
:1033C000CFF9204603F0FCFD4FF4C1636B8194F804
:1033D000723043F0080384F8723070BD00DEE7E716
:1033E00070B50C46897A82B005460A2900F23E8102
:1033F000DFE801F00A1E2326789E49576669060019
:10340000002A65D002B070BD002AFBD1237A062BBA
:103410004FF00101284648D001F0A6F92146284680
:1034200001F080F9002840F0C2800223A372E9E78E
:10343000002AE7D101212846EEE7002AE2D1EDE794
:10344000012A00F09F80042ADCD101212846009344
:1034500001F09EF9009BDA780D2A00F0ED80112A28
:1034600000F0FA8000DE1F2384F82030284603F0A5
:10347000A3FD21462846FFF78DFE284602F018FAE4
:103480000023A372BEE7032ABCD10121284601F024
:103490007FF900262846FFF743FE284684F820607F
:1034A0003AE0002AAED10121284601F05DF921461B
:1034B000284601F037F9002845D10823A372A1E777
:1034C000002A9FD1F3E7062A9CD12846FFF720FE69
:1034D0002146284601F026F9002840F091800A2371
:1034E000A3728FE7022A26D0042A8BD10121284615
:1034F000009301F04DF92846FFF712FE009BDA78A1
:103500000D2A00F0A180112A00F0A88000DE1F2300
:103510002846002684F8203003F04EFD2146284638
:103520002673FFF737FE284602F0C2F9A67269E754
:10353000002A7FF467AF2146284601F0F3F8D0B99E
:103540000523A3725EE72146284601F0F3F80646FC
:10355000002800F08780301D02F0FCFBF3796373D4
:103560003146284601F0FCF8284602F0F1F840F612
:103570000933638146E72146284602B0BDE8704022
:10358000FFF726BE2846CDE90023FFF7C1FD019BCA
:10359000009A59689868C4F84700C4F84310D9687D
:1035A000C5F8901040F20453227363812AE7214644
:1035B000284601F0BFF80646002851D0311D2046AC
:1035C00002F05EFBF37963733146284601F0C8F8D8
:1035D000284602F0BDF8D6F81230D6F81620C4F806
:1035E0003F20C4F83B30D6F81A20C5F88C2040F2B2
:1035F00003432846638102B0BDE8704003F0D8BCA5
:103600002146284601F096F8064668B3301D02F0C0
:10361000ABFBF37963733146284601F0A1F82846E5
:1036200002F096F84FF60173638195F8723023F03B
:10363000180385F87230E5E61B79062B3FF414AFCA
:103640001A2B3FF411AF0EE71B79062B3FF460AF46
:103650001A2B3FF45DAF5AE75B79EEE75B79F4E74D
:1036600000DEABE700DE76E700DECFE700DEC9E68E
:1036700070B50C46897A82B005460D2900F22E817C
:10368000DFE801F05F676A9B9F07070C1836393E39
:103690005053002A00F0A78002B070BD002AFBD171
:1036A0002146284601F03EF8002840F0F18007232B
:1036B000A372F1E7022AEFD1A0690023A3610028D9
:1036C00000F0298103230371AB8CC380237A052B7F
:1036D00000F00981062B00F0038100DE2146284618
:1036E00001F020F8002840F0AA800923A372D3E754
:1036F000002AD1D1F2E7002ACED10B23A372CBE767
:10370000072AC9D12846012101F02EF82846FFF7E3
:10371000FFFC2146284601F005F8002871D10C2352
:10372000A372B9E7002AB7D1F3E7082AB4D140F26F
:103730000233638195F872306FF3041385F87230A9
:10374000AAE7002AA8D1237A062BD6D00223A37297
:10375000A2E7002AFAD09FE7012A9DD11146284608
:10376000019301F001F82846FFF7D2FC284601F04A
:10377000E7FF019B5A689968C4F82510C4F8212016
:103780001A7B84F829205A7B84F82A20D3F80E204B
:10379000D3F81210C4F83F10C4F83B20D3F8163009
:1037A000C5F88C302146284600F0BCFF10BB2046EF
:1037B00000F0FAFF0323A3726EE7002A7FF46CAFD8
:1037C000F0E7032A0CD0042A7FF466AF062140F20A
:1037D0000362072384F82010A4F84D20A3725BE74E
:1037E0000523A37258E72146284602B0BDE8704081
:1037F000FFF78EBD2146284602B0BDE87040FFF7B6
:103800004BBD2146284600F095FF0646002800F0F3
:103810008480301D02F0A8FAF3796373314628469C
:1038200000F09EFF284603F0CBFB40F60D3363818A
:1038300095F872306FF3C30385F872302CE7214698
:10384000284600F077FF0646002868D0301D02F0B9
:1038500077FAF37963733146284600F081FF2846F2
:1038600003F0AEFB284603F035FD0023A3720121CF
:10387000284600F08DFF2846FFF752FC284601F04D
:1038800063FF95F8723043F0100385F8723003E758
:103890002146284600F04EFF0646002841D095F804
:1038A000103194F84E10301D1BB1D5F820315B0754
:1038B0001DD402F063FAF37963733146284600F0B1
:1038C0004FFF284603F07CFB284603F003FD94F8E5
:1038D0002030062B11D0242B3FF4DEAE00DEDBE6D9
:1038E0001A230371FAE6203002F02AFAF6E60A46B5
:1038F00094F84D1002F04EFADDE70121A17228463E
:1039000000F046FF2846FFF70BFC284602B0BDE852
:10391000704001F019BF00DED4E600DE79E700DE7A
:1039200094E700DEBBE700BF92F823C0ACF1040CC3
:1039300002F12003BCF10D0F08D8DFE80CF00E14E3
:10394000170707070711070B0707070B3D2380F829
:10395000443170470422FFF743BD0122FFF740BD09
:103960000622FFF73DBD0222FFF73ABD0322FFF713
:1039700037BD00BF13460022FFF732BD92F823C0C7
:10398000ACF1030C02F12003BCF1080F06D8DFE80C
:103990000CF01205050F0505050C09003D2380F804
:1039A000443170470822FFF763BE0722FFF760BE6D
:1039B0000222FFF75DBE0122FFF75ABE8B7A042B6D
:1039C00004D002D9053B082B03D8704705238B721E
:1039D000704700DEF9E700BF8B7A042B04D002D9D0
:1039E000053B082B0AD87047062040F203620723E4
:1039F00081F82000A1F84D208B72704700DEF2E7BD
:103A0000887AA0F10400B0FA80F04009704700BF46
:103A100013460022FFF72CBE70B591F8263091F8BE
:103A20002720042B0C4603D8032B01D0042A0DD9E0
:103A30001343112113F0070384F822104FF00105FE
:103A40000CD184F822300125284670BD032A0DD000
:103A5000134313F007034FF00005F2D0A68CFFF7D5
:103A60006FFB801B0304EFD42823EAE7112381F8BE
:103A700022300125F2E700BF10B50C46896900230A
:103A8000A36149B394F82130DB0720D50B792E2BA5
:103A900020D11D230B71838CCB8094F8223081F8C8
:103AA000203090F85930C3F3020381F8223090F8A7
:103AB0005830C3F3020381F821300868F7F7C4FBDC
:103AC00094F821306FF3000384F8213010BD0123F6
:103AD0000B71F2E700DEDCE700DED3E710B58A7A8F
:103AE000032A82B08E4603461CD0052A06D0022146
:103AF000184602B0BDE8104000F04ABE90F93720E9
:103B0000002A3ADBBEF826204AB39EF826202AB1C6
:103B100093F8581062F3061183F8581008228EF8B3
:103B20000A20E4E790F93720002A24DA144993F8B0
:103B300058C09EF8202003C94CEA020202F0070296
:103B400002AC04E9030008326A4412F8082C62F35C
:103B5000061C062283F858C08EF80A20C7E793F89F
:103B60005820C2F3020161F30612092183F858209C
:103B70008EF80A10BBE700DED8E700DEC2E700BF20
:103B8000A064020091F8202030B5940740D402F0E0
:103B9000070313F0010535D1032B94BF0023012344
:103BA0004FEA830E754691F8203065F3020381F8E1
:103BB0002030C3F3C202DB062DD412F0010424D15D
:103BC000032A94BF002201224FEA820C644691F836
:103BD000203064F3C50381F8203090F8583003F0AA
:103BE0000703AB4208BF4FF0000E81F826E090F8C3
:103BF000593003F00703A34208BF4FF0000C81F8CF
:103C000027C030BD4FF0010ECDE74FF0010CDEE7CD
:103C10000225AE46C7E70224A446D8E7F8B5CE6928
:103C20000C460546002E50D0637B66610022162BA1
:103C3000E26106F104070BD0182B30D000DE2846D5
:103C4000314600F08DFD2846BDE8F84001F080BD0A
:103C500094F8203095F88021C3F3C20363F3C502C2
:103C600085F8802194F8202095F8803162F30203D2
:103C700085F8803194F8203095F85820C3F38013EC
:103C800063F3C302394685F85820204602F098F8BD
:103C90000221284600F068FD0223A372CFE72146E7
:103CA0002846FFF76FFFE38C43B9A38439462046CB
:103CB00002F0CAF84FF605736381C0E7FFF740FAD8
:103CC0002B8D063303449BB2EFE700DECE69ABE7F2
:103CD00038B505460C4601F02BFD10B10123A37247
:103CE00038BD284603F052F90028F7D1214628466E
:103CF00000F018FD0028F1D0284603F045F9072808
:103D0000ECD02846012103F039F928460D2103F0B3
:103D100039F9162321466373284600F00BFDE06154
:103D200021462846BDE83840FFF778BF38B505463C
:103D30000C4601F0FDFC10B10423A37238BD2146EE
:103D4000284600F0EFFC0028F6D005F1C40000F092
:103D5000E9FB0028F0D12846FFF712FA0028EBD043
:103D6000182321466373284600F0E4FCE0612146F5
:103D70002846BDE83840FFF751BF00BF2DE9F041AC
:103D800090F9376090F8585090F859C001F0070842
:103D9000002E034605F007070CF0070E02F007049B
:103DA00040461BDB1CB162F3020C83F859C058B1CA
:103DB00093F858205FFA88F464F3020283F85820DD
:103DC000A74218BF012007D193F8590000F007005F
:103DD000B0EB0E0018BF0120BDE8F08154B164F3D0
:103DE000020583F858500028EAD061F3020C83F8EA
:103DF00059C0E5E70028EFD061F3020C83F859C001
:103E0000E2E700BFF0B50C46897A85B00646154654
:103E1000092900F2E780DFE801F00505193A659409
:103E20006EE5B00A002D00F0D78005B0F0BD042D7E
:103E3000FBD12146FFF720FE304601F039FD00217D
:103E4000304603F09FF80023A372EEE7032DECD178
:103E500090F83730DB0900F01D81AC4B90F858200A
:103E600093E8030094F82030134304AD03F00703F4
:103E700005E9030010336B44022113F8083C63F397
:103E8000061241F6060386F85820638124E0012DCE
:103E900000F0AB80062DC8D1002103F06FF8D6F8F2
:103EA000203123F41063C6F82031204600F07CFC5A
:103EB00094F821301A2243F0010384F8222084F878
:103EC000213096F85830C3F3020262F30613092238
:103ED00086F858300221A272304605B0BDE8F040A5
:103EE00000F056BC002DA0D12146304605B0BDE8FB
:103EF000F040FFF71BBF052D00F0BF80062D00F03E
:103F0000A880022D91D190F93720002A80F2FC8000
:103F100002213046019303F031F8019B20461946F7
:103F200001F088FF21463046FFF776FD0546204622
:103F300000F03AFC002D40F0CC8094F82730ABB173
:103F40000EE0032D7FF471AF90F93730002BC0F2F3
:103F5000D980E58C002D00F0A18094F826302BB19B
:103F600096F8582063F3061286F85820304601F080
:103F7000F9FB0823A3720221AEE7002D7FF455AFB1
:103F8000FFF7D6F8A38CC01A03043FF54EAF94F8A0
:103F9000272094F826103046FFF7F0FE2946074602
:103FA000304602F0EBFF84F82250002F40F0A8804A
:103FB00094F82020D20994F8213062F3000384F8A9
:103FC000213096F85830C3F3020262F30613092237
:103FD00086F85830A27228E7214605B0BDE8F040C7
:103FE000FFF776BE00DE05B0F0BD0221019302F0BE
:103FF000C5FF019B94F820201946204602F00707D0
:10400000C2F3C20501F034FF0221304600F0ACFBE0
:1040100094F82030C3F3C2022A4062F3C5031F4064
:1040200067F3020384F8203096F93730002B0CDB5D
:1040300094F8203013F0380F01D05A0705D194F8C6
:10404000203023F03F0384F82030204600F0ACFB02
:104050004AE7002102F092FFD6F820311A2223F419
:104060001063C6F8203184F82220204600F09CFB23
:1040700094F8213043F0010321E71946204601F06E
:1040800097FE94F84E3084F822300021304602F03A
:1040900075FFEAE741F203736381C6E629463046BD
:1040A00002F06CFF94F8203094F8212084F822501C
:1040B000DB0963F3000284F8212096F8582002F00F
:1040C000070296F8581062F30611092386F8581073
:1040D00050E70021304602F051FF94F822300BB136
:1040E00086F8443194F8203094F82120DB0963F3FA
:1040F000000284F8212096F8582002F00702E0E739
:10410000012258E700DE24E700DE01E7A064020098
:10411000F8B5CD690C4606468DB3637B6561002218
:10412000172BE26105F104070BD0182B11D000DE2C
:104130003046294600F014FB3046BDE8F84002F056
:104140003FBF3946304601F05FFE41F6030363810D
:10415000EEE721463046FFF715FDE38C43B9A38413
:104160003946204601F070FE4FF605736381DFE7A4
:10417000FEF7E6FF338D063303449BB2EFE700DE24
:10418000CD69CAE738B505460C4602F009FF10B103
:104190000223A37238BD2146284600F0C3FA002846
:1041A000F6D0284602F0F0FE0728F1D028460D216F
:1041B00002F0E8FE172321466373284600F0BAFA9E
:1041C000E06121462846BDE83840FFF7A1BF00BFA7
:1041D00038B505460C4602F0E3FE10B10423A37285
:1041E00038BD2146284600F09DFA0028F6D0284622
:1041F00002F0CAFE0728F1D005F1C40000F092F9E0
:104200000028EBD12846FEF7BBFF0028E6D0284661
:104210000D2102F0B7FE182321466373284600F0F3
:1042200089FAE06121462846BDE83840FFF770BFB3
:1042300070B50C46897A06461546092900F2A28017
:10424000DFE801F05D6209050D0514A02C4E022D7A
:1042500000F0938070BD002D00F0898070BD002DAE
:10426000F8D12146BDE87040FFF7B2BF032DF1D170
:104270001946204601F0DEFD21463046FFF7CCFB13
:104280000546204600F090FA002D00F0898094F851
:104290002230282B19D186F8443116E0002DD9D1CF
:1042A000FEF746FFA38CC01A0304D3D494F827204A
:1042B00094F8261084F822503046FFF75FFD94F8FA
:1042C000213060F3000384F8213096F85830C3F3AE
:1042D000020262F30613092286F85830A27270BDFA
:1042E000042DB7D12146FFF7C7FB304602F0F2FF9D
:1042F0000021304602F046FE0023A37270BD002D5F
:10430000A8D10123A37270BD1946204601F06EFDAD
:1043100094F8202096F88031C2F3C200C3F3C201A2
:104320000140C3F30203C2F30200034043EAC103A6
:1043300022F03F02134384F8203096F93730002BE7
:104340000ADB94F8203013F0380F1DD194F8203098
:1043500023F03F0384F820300221304600F004FAB5
:10436000012D7FF477AF96F83730DB090FD0214667
:104370003046BDE87040FFF705BF2146BDE87040FC
:10438000FFF7ACBB00DE70BD5A07E5D1DEE7204683
:1043900000F00AFA21463046BDE87040FFF718BF2A
:1043A000304602F013FE0823A37270BD92F823C0BA
:1043B000ACF1070C02F12003BCF1110F0AD8DFE8C1
:1043C0000CF0200909090909090909091D09090948
:1043D00009091A1700B5242383B080F844310191EC
:1043E00001F066FA019900238B7203B05DF804FBBB
:1043F0000222FFF707BD0122FFF704BD0522FFF7E8
:1044000001BD0622FFF7FEBC13460022FFF7FABCEF
:1044100013460322FFF7F6BC38B58B7A082B02D07F
:1044200002D8072B10D038BD092B0DD105460C46FC
:10443000FFF722FB284601F03BFA0021284602F054
:10444000A1FD0023A37238BD00DE38BD10B592F87F
:1044500023E0BEF1160F02F120030BD0BEF1180FBE
:104460000DD024230C4680F8443102F033FF0023A2
:10447000A37210BDBDE810400122FFF7D9BEBDE810
:1044800010400322FFF7D4BE13460022FFF7D0BE30
:1044900013460222FFF7CCBE00230422FFF7C8BE5A
:1044A0000023037043608360C3600361704700BFF3
:1044B000037801330370704703785BB9C3687BB13D
:1044C00002691AB1816861B10B6082600023C36028
:1044D00003617047013BDBB20370002BEED07047E5
:1044E00070474360F1E700BF03783BB100230C3015
:1044F0000B60436843B1196041607047002304308A
:104500000B604368002BF6D101604160704700BF2B
:1045100000230B60836813B11960816070474160AC
:1045200081607047406870470346406828B19968C9
:1045300002685A60884208BF9A6070474078A0F1CC
:104540000C00B0FA80F04009704700BF4078A0F13D
:104550000800B0FA80F04009704700BF4078A0F131
:104560000200B0FA80F04009704700BF4078A0F127
:104570001700B0FA80F04009704700BF4078A0F102
:104580000D00B0FA80F04009704700BF4078A0F1FC
:104590000100B0FA80F04009704700BF4078A0F1F8
:1045A0000900B0FA80F04009704700BF4078A0F1E0
:1045B0000600B0FA80F04009704700BF4078A0F1D3
:1045C0001800B0FA80F04009704700BF4078A0F1B1
:1045D0000300B0FA80F04009704700BF4078A0F1B6
:1045E0000500B0FA80F04009704700BFF8B50646F4
:1045F00008460D46F4F786F8044680B1002745606A
:104600000672476187612C223946203011F0C2FCC6
:104610004FF47F43FF2262726381A381A773204618
:10462000F8BD00BF4078A0F10200B0FA80F0400968
:10463000704700BF4078A0F10100B0FA80F0400957
:10464000704700BF4078A0F10200B0FA80F0400946
:10465000704700BF4078A0F10900B0FA80F040092F
:10466000704700BF4078A0F10100B0FA80F0400927
:10467000704700BF4078A0F10100B0FA80F0400917
:10468000704700BF4078A0F10200B0FA80F0400906
:10469000704700BF4078A0F10900B0FA80F04009EF
:1046A000704700BF4078A0F11800B0FA80F04009D0
:1046B000704700BF4078A0F10100B0FA80F04009D7
:1046C000704700BF4078A0F10100B0FA80F04009C7
:1046D000704700BF4078A0F10900B0FA80F04009AF
:1046E000704700BF4078A0F10300B0FA80F04009A5
:1046F000704700BF4078A0F10300B0FA80F0400995
:10470000704700BF4078A0F10300B0FA80F0400984
:10471000704700BF416809B1F4F70AB800DE41688C
:10472000F4F706B8024B1868003818BF012070472C
:10473000C403002010B50448F3F7E4FF0446043036
:10474000FEF7E4FC204610BDC403002008B501209C
:10475000F6F78EFD003818BF012008BDF6F7A4BD9E
:10476000C430FFF7D5BE00BF38B590F836310546E6
:104770000C461BB11C4385F8364138BDC430FFF7E9
:1047800097FE95F836311C4385F8364138BD00BF99
:1047900090F8363123EA010180F8361101B17047F3
:1047A000C430FFF789BE00BF836943B11A792E2A4E
:1047B00004D02E221A71836902691A60704700DEE4
:1047C0008369F3E783694BB11A792E2A00D07047C9
:1047D00001221A7181690868F6F736BD00DE836927
:1047E000F2E700BF8B6913B11A792E2A08D0CB6982
:1047F0002BB1D0F83C211A60CB69C0F83C3170472E
:104800001B68D0F838215A608B6901221A718B69B4
:10481000C0F83831EBE700BFF8B50D4F0546384614
:10482000F3F770FF044680B10026476005724661C9
:1048300086612C223146203011F0ACFB4FF47F43CF
:10484000FF2262726381A381A6732046F8BD00BF78
:10485000B403002010B50A4B102258685021F3F71A
:104860002DFF084B102258685021F3F727FF064B05
:10487000BDE81040586840222C21F3F71FBF00BF4D
:10488000BC030020B4030020C403002038B5044654
:10489000002500F0E1FF2046C4E9365584F8E450D5
:1048A00002F0FAFCC4F80851C4E93A5584F8F6500D
:1048B000A4F8F450A4F8F850C4F80B51A4F8285107
:1048C000C4F81051C4F81451C4F81851C4F81C515C
:1048D000C4F82051C4F82451F5F70CFE94F8723056
:1048E00084F83651C4E94801C4E94E5523F0180351
:1048F00084F87230258638BD08460149F3F718BFA1
:10490000C403002010B5B0F8E24082B0034624B1E1
:10491000A1420FD2641AA0F8E240B3F8F20020B12D
:1049200081420FD2401AA3F8F200002318461370F8
:1049300002B010BD019200F0A1FE019A58B1037AB5
:104940000A2B03D022236FF07300F0E790F8203099
:104950006FF07300EBE700DEF1E700BF034B0B44A1
:10496000B3FBF1F3A0F8F830704700BFFF596202C3
:1049700010B5044602F098FC2046BDE8104000F057
:1049800073BF00BF10B5044611B1012907D010BD97
:1049900002F0C0FC2046BDE8104000F0ADBF02F0C0
:1049A000CDFC2046BDE8104000F0B4BF70B5D0F893
:1049B0003841064634B1206821464468F6F732FC97
:1049C000002CF8D1D6F83C410023C6F838313CB170
:1049D000054D204624682946F3F7AAFE002CF8D19D
:1049E0000023C6F83C3170BDC403002090F9373075
:1049F000002B14DA70B504460E460320094915460B
:104A0000FFF7F4FD014640B180F8206080F82150A6
:104A1000204600F0FFFD002070BD0C2070BD0C2072
:104A2000704700BFBC03002010B5074904460120B1
:104A3000FFF7DCFD28B10146204600F0EBFD002029
:104A400010BD0C2010BD00BFBC03002038B50446CB
:104A50000D4602200849FFF7C9FD58B190F82030F3
:104A600065F30003014680F82030204600F0D2FDB7
:104A7000002038BD0C2038BDBC03002010B507490C
:104A800004460420FFF7B2FD28B10146204600F09D
:104A9000C1FD002010BD0C2010BD00BFBC030020D4
:104AA000F8B5054690F93700002825DB0F460520AC
:104AB000124916461C46FFF799FD0146E0B13B68D6
:104AC0007A68C1F82520C1F82130337881F829307F
:104AD000737881F82A306268A36828462568E468FC
:104AE000C1F83740C1F82B50C1F82F20C1F833303E
:104AF00000F090FD0020F8BD0C20F8BDBC030020A4
:104B0000F8B5054690F93700002825DB0F4606204A
:104B1000124916461C46FFF769FD0146E0B13B68A5
:104B20007A68C1F82520C1F82130337881F829301E
:104B3000737881F82A306268A36828462568E4689B
:104B4000C1F83740C1F82B50C1F82F20C1F83330DD
:104B500000F060FD0020F8BD0C20F8BDBC03002073
:104B60002DE9F04105468846072010499DF8186058
:104B700017461C46FFF73AFDA8B1E30008F0070806
:104B800003F03803BF0143EA080307F040073B4343
:104B900043EAC613014680F82030284600F03AFD6B
:104BA0000020BDE8F0810C20BDE8F081BC030020AE
:104BB00038B504460D4600F0F1FE204602F054FCE4
:104BC00007490A20FFF712FD38B1014680F820504E
:104BD000204600F01FFD002038BD0C2038BD00BF6E
:104BE000BC03002038B590F93730002B12DB0446A7
:104BF0000D460B200849FFF7F9FC014650B12B6820
:104C0000C0F822302B7980F82630204600F002FDD3
:104C1000002038BD0C2038BDBC03002008B590F939
:104C20003730002B08DB00F029FD20B1037A0B2B75
:104C30000CBF2230002008BD02F0AEF9F5E700BF3E
:104C400070B506460D4602F0A7F920B1037A053B80
:104C5000012B044601D90C2070BD01463046FEF7F9
:104C6000CFFE0028F7D029686A68AB68ED68C4F801
:104C700037503046C4F82B10C4F82F20C4F8333016
:104C80002146FEF79BFE002070BD00BF38B50546EB
:104C900002F082F920B1037A053B012B044601D9C9
:104CA0000C2038BD01462846FEF7AAFE0028F7D0A2
:104CB00028462146FEF790FE002038BD2DE9F84336
:104CC0000546D0F82001BDF820801E4683070F4618
:104CD000914617D495F93730002B1FDB2A4908205D
:104CE000FFF784FC0446002C42D0237A082B0FD017
:104CF000092B16D000DE2846214600F08BFC002050
:104D0000BDE8F88320490920FFF770FC0446EAE774
:104D1000A4F828906685A4F82C80ECE71A20BDE85A
:104D2000F883099BE784A4F828906685A4F82C8072
:104D300003B31B882387099B5B886387099B9B8838
:104D4000A387099BDB88E387099B1B89A4F8403074
:104D5000099B5B89A4F8423095F93730002BCADAF9
:104D60002846FDF7D7FB0146284602F0F1FBC2E7D3
:104D70000C20C5E7054A4FF0FF33C4E90E23A4F821
:104D800040304FF6FF73E5E7BC0300200000FFFF53
:104D900010B5044602F000F910B1037A092B00D0D7
:104DA00010BD01462046BDE8104001F051BF00BFD4
:104DB00038B504460D4602F0EFF810B1037A092B1E
:104DC00000D038BD80F8205001462046BDE838406C
:104DD00001F042BF08B502F0DFF828B1007AA0F177
:104DE0000900B0FA80F0400908BD00BF38B505469B
:104DF0000C4600F043FC10B14369A3420ED0284694
:104E000002F0CAF810B14369A34200D038BD22466F
:104E100001462846BDE8384002F0E0B90146224686
:104E2000284600F0E3FCEAE710B5044600F026FC53
:104E300018B10146204600F0FDFC204602F0ACF817
:104E4000014620B12046BDE8104002F0F7B910BD80
:104E50002DE9F04192F82130144605460E46002B0C
:104E600042D092F823301E2B2AD9284600F006FCA7
:104E70000746284602F090F80146002F63D0FA7AE0
:104E800094F8233000284CD09342C07A55D03A7B16
:104E9000002A61D0984252D00A7B002A4FD1072BBA
:104EA00071D0112B04D14A7B94F824309A4246D019
:104EB0002346324639462846BDE8F04100F056BC4C
:104EC000454A52F823202AB104F12000904770B1DE
:104ED00094F82330022BC8D10123224631462846BC
:104EE000BDE8F04102F046BAFF2382F8233028469D
:104EF00000F0C4FB30B194F82320C37A9A420ED05C
:104F0000037B63B9284602F047F8002851D094F893
:104F10002320C37A9A4202D0037B002BDDD0BDE868
:104F2000F0819342C4D03A7B002AC1D1072B4DD0E7
:104F3000112B4BD00D2BBBD0CEE798421CD11F2399
:104F400085F84431EBE70028C6D023463246284690
:104F5000BDE8F04102F0D6B8072B2CD0112B18D0A9
:104F6000B3F10D0218BF012298421FD00B7BEBB9A1
:104F7000002A9DD02423E3E70A7B002ADFD1072BF8
:104F800091D0112B94D14B7B94F824209A42D6D007
:104F90008EE77A7B94F82430D21A18BF01221128A8
:104FA00004D0087B10B9487B9842E1D1002ACCD1CB
:104FB000C5E7034691E77A7B94F82430D21A18BFEC
:104FC00001220728EDD1002ABFD1B8E77A7B94F8F7
:104FD00024309A4280D16BE7AC660200F8B58D6947
:104FE00000260C4607468E612DB3012603232B7144
:104FF000BB8CEB80237A022B05F1200112D0042B0D
:1050000002D000DE46B1F8BD637A0C2BF9D13846E8
:1050100000F010FE002EF6D128682946BDE8F840C1
:10502000F6F712B9637A072B0DD0092BE9D1384670
:1050300000F04CFDE6E7FFF791FB05460028D5D1CF
:1050400000DE0071FFDE204600F0ECFCDAE700BF76
:1050500070B506460C46FFF76DFB054600284ED09E
:10506000237A013B291D092B06D8DFE803F0141A27
:10507000202705050505052D00DEEB79637329461C
:105080003046FFF76DFB237A0A2B24D03046BDE86B
:10509000704000F05DBB084600F09EFC1323E372F5
:1050A000EBE7304600F0CCFC0923E372E5E720464D
:1050B00000F084FDFF236561E372DEE7084600F03F
:1050C000A7FD0C23E372D8E7204600F091FDFF23F3
:1050D0006561E372D1E7F38CB6F8761140F2E242F3
:1050E00002FB03F342F2107202FB01310139304638
:1050F000B1FBF3F1BDE8704089B200F02FBB00DED8
:10510000AEE700BFF8B506460C4601F049FF20B1F6
:1051100003230025A3722846F8BD21463046FFF739
:1051200001FB05460028F3D021463046FFF702FB7D
:10513000074660B3237A022B07F1040020D0042B2A
:1051400014D0012B17D000DEFB796373394630464B
:10515000FFF706FB304601F033FF0423A37230460D
:1051600002F0B8F80023A3722846F8BD00F050FD05
:10517000FF23E372E8E700F039FCFF23E372E3E783
:105180000146304600F080FCFF23E372DCE700DEDE
:10519000D0E700BF38B50B7A013B0C460546092B1A
:1051A00010D8DFE803F0050509110F0F0F0F0F1DD1
:1051B000BDE83840FFF7A6BF284602F08BF8002371
:1051C000A37238BD00DE38BD90F80831002BF3D152
:1051D000FFF798FF0028F4D0012385F8083138BD87
:1051E00090F93730002B02DB02238B7238BD02F0BE
:1051F00071F894F820300022A27285F8443138BD4D
:1052000038B50B7A013B0C460546092B14D8DFE86C
:1052100003F005150D231313131313324B7A072BC9
:1052200004D0132B02D0242385F84431284600F003
:105230003FFB0023A37238BD00DE38BD4B7A072B3D
:1052400001D0092BEFD194F82030DB07EED52146B1
:105250002846FFF7C3FEE9E74B7A0C2BE3D18B69B5
:105260008BB121462846FFF7B9FE284600F020FB07
:105270000023A37238BD00F01BFB00221623A2728C
:1052800085F8443138BDFFF761FA0028E9D1284696
:1052900000F05EFA0423A37238BD00BF70B50E7A29
:1052A000731E0C460546092B06D8DFE803F0070EEF
:1052B0004D2205050505053F00DE70BD00F038FAFA
:1052C00000285DD00123A37270BD00F031FA0028E0
:1052D000F8D121462846FFF725FA0028F2D02146CA
:1052E0002846FFF7B5FE6369002B08BF0326A672A8
:1052F00070BD90F80831002B3AD100F019FA00285F
:10530000E0D121462846FFF70DFA0028DAD02146E1
:105310002846FFF79DFE6269002A4FF001030CBF8B
:1053200003220222A27285F8083170BDFFF7FAF954
:105330000028C7D021462846FFF78AFE16220223FE
:1053400084F82020A37270BD00F0F2F90028B9D1D2
:1053500021462846FFF7E6F90028B3D02146284623
:10536000FFF776FE6369002B18BF0226A67270BD98
:105370000C2200234A728B61BDE87040FFF740BFEA
:1053800021462846FFF7CEF900289BD02146284623
:10539000FFF75EFE6369002B0CBF03230223A37299
:1053A00070BD00BF8B7A022B04D002D9033B012BC6
:1053B00007D870470B7A032B01D00A2BF9D1FFF7DE
:1053C0001FBF00DE704700BF38B58B7A032B05D0B6
:1053D00001D9042B00D138BD00DE38BD054692F856
:1053E00023000C46831E02F120016072172B0DD89A
:1053F000DFE803F00C0C0C0C0C1B0C170C0C130D41
:105400000C0C0C1F0C0D0C0C0C0C0C0D00DE2146B2
:105410002846BDE83840FFF7F3BE284600F020FCE0
:10542000F5E7284600F09EFBF1E7204600F0F6FA8B
:10543000EDE7204600F0BCFCE9E700BF38B58B7A09
:10544000032B05D8012B0AD8BDE83840FFF726BF4B
:10545000042B03D10B7A042B0C4601D000DE38BD9F
:105460000546FFF773F90028F9D021462846FFF7D3
:10547000B5FD284600F01CFA0023A37238BD00BF1A
:1054800038B58B7A012B06D002D9023B022B00D80B
:1054900038BD00DE38BD054692F823000C46831E59
:1054A00002F120016072172B1AD8DFE803F00C1903
:1054B000191919191B19191923191B191919131954
:1054C00019191919191F204600F09EFB08212846BA
:1054D000FFF74AF921462846BDE83840FFF75ABE93
:1054E00000DEF7E7284600F00FFBF3E7284600F060
:1054F00077FBEFE7284600F0B3FBEBE738B58B7A94
:105500000C460546042B1AD8DFE803F0140F0310ED
:105510000F000B7A0A2B10D1284601F0DBFE94F81D
:1055200020300022A27285F8443138BDBDE83840F1
:10553000FFF730BE01238B7238BD00DEECE700DEE2
:1055400038BD00BF70B5044608F0E0F868B1D4F883
:10555000D85045B1D4F8DC202B68C4F8D830954237
:1055600008BFC4F8DC30284670BD05460121032081
:1055700008F092F82A46064601210320F3F760F965
:10558000D4F8D85045B1D4F8DC202B68C4F8D83012
:10559000954208BFC4F8DC30002EE4D00122114649
:1055A0000320F3F74DF9284670BD00BFF8B5064655
:1055B0000C4608F0ABF868B1D6F8D850AC421FD111
:1055C000A3690BBB3046FFF7BDFF2046BDE8F8409E
:1055D000FFF7A0B805460121032008F05DF82A4630
:1055E000074601210320F3F72BF9D6F8D850002FF6
:1055F000E4D0012211460320F3F722F9AC42DFD0B8
:1056000000DEA369002BDDD01B792E2BDAD100DE62
:10561000D8E700BFF8B505460C4608F077F840B16A
:1056200000232360D5F8DC30F3B11C60C5F8DC4002
:10563000F8BD06460121032008F02EF83246074641
:1056400001210320F3F7FCF82660D5F8DC3083B1A4
:105650001C60C5F8DC40002FEAD00122BDE8F8400C
:1056600011460320F3F7ECB8C5F8D840C5F8DC4084
:10567000F8BDC5F8D840C5F8DC40ECE770B5054684
:1056800008F044F818B1D5F8D840204670BD04465B
:105690000121032008F000F82246064601210320DC
:1056A000F3F7CEF8D5F8D840002EEED001221146FF
:1056B0000320F3F7C5F8204670BD00BF38B5054696
:1056C000FFF7DCFF037A013B04460A2B2DD8DFE805
:1056D00003F0060606061A1A2014140626000146D0
:1056E00000222846FFF7AAFEA37B03B938BD214656
:1056F0002846BDE83840FFF759BF0146002228463A
:1057000001F076FAF0E7014600222846FEF732F96A
:10571000EAE7014600222846FEF776FEE4E7014666
:105720000022284601F0A6FADEE700DEDCE700BF33
:1057300090F8E400A0F10100B0FA80F04009704751
:10574000012380F8E4307047002380F8E43070478C
:10575000B0F8F830A0F8E230704700BFA0F8E210CF
:10576000704700BF0023A0F8E230704738B50C4600
:105770008969054610461A46F9B1217A01390A2984
:1057800032D8DFE801F0060606062222271D1D0694
:105790002C0021462846FFF717FEA36923B11B7989
:1057A0002E2B1CBF0023A361A37B03B938BD214668
:1057B0002846BDE83840FFF7F9BEA3612061DCE769
:1057C0002146284601F0C0F9E7E721462846FEF7C2
:1057D000ABF8E2E721462846FEF7E8FDDDE7214683
:1057E000284601F03DFAD8E700DED6E738B50B7A57
:1057F000072B0C46054619D00A2B944606D0032BDE
:1058000004D0A37B0022626153B938BD62462146B1
:105810002846FFF7C7FDA37B00226261002BF4D06E
:1058200021462846BDE83840FFF7C0BEFEF7F0FD30
:10583000E7E700BF38B50B7A072B0C46054608D0C2
:10584000A37B03B938BD21462846BDE83840FFF7A1
:10585000ADBEFEF7E1FDF3E70222002380F8E02071
:10586000A0F8E230704700BF38B590F8E030044649
:10587000032B1AD8DFE803F002100F10FFF7FEFE2B
:1058800048B1057A2046FFF719FF0A2D14BF0123FE
:10589000032384F8E03038BDFFF7F0FE0028FAD08B
:1058A0002046BDE83840FFF709BF00DE38BD00BF25
:1058B00010B590F8E0300446032B1BD8DFE803F066
:1058C0000D020C02FFF7DAFE90B100230122A4F8CA
:1058D000E230827384F8E03010BDFFF7CFFE28B1CC
:1058E00000220123A4F8E220837310BD00DEF7E755
:1058F00000DEEAE700DE10BD90F8E030022B03D0B6
:1059000001D9032B04D17047002380F8E0307047A1
:1059100000DE704738B590F8E0300446032B3AD8E3
:10592000DFE803F00926121320462946FEF75AFF46
:105930002846FEF7EFFE2046FFF704FE0546002846
:10594000F2D1022384F8E03038BDFFF7FBFD0546B5
:105950000028F6D029462046FEF744FF2846FEF7E9
:10596000D9FE2046FFF7EEFD05460028F2D1E8E714
:10597000FFF7E8FD05460028E3D029462046FEF75C
:1059800031FF2846FEF7C6FE2046FFF7DBFD054641
:105990000028F2D1D5E700DE38BD00BF38B5054696
:1059A000FFF7D0FD68B1044621462846FEF71AFFEE
:1059B0002046FEF7AFFE2846FFF7C4FD0446002848
:1059C000F2D10024A5F8E2402146284601F0D6FA9B
:1059D00085F8E04038BD00BF03780121122243F072
:1059E000030303704170C270704700BF0378012148
:1059F000132243F0030303704170C270704700BF6D
:105A00000B784FF0020C43F0030307220B7081F870
:105A100001C0CA7090F84C300B7170470B7980F858
:105A20004C3070470B784FF0020C43F00303072211
:105A30000B7081F801C0CA7090F84C300B71704740
:105A400010B50B780C460922082143F00303E170DE
:105A50006270237090F93730002BACBF0B460E23D9
:105A6000E370F4F747FD002261F30702C1F3072C4E
:105A70000B0C6CF30F2263F317421B0A63F31F62D4
:105A80006060A26010BD00BF38B50C460546F4F753
:105A900031FD237843F00303237009236370E3701F
:105AA000D5F82031217263F0FF031840020C0B0C73
:105AB000C0F307252071C1F30721100AA2711A0A49
:105AC000E07165716172A372E27238BD0B780922D0
:105AD00043F003030B704A70CA70D0E94623100CE0
:105AE000C2F3072C0A711A0C81F805C088714FEABD
:105AF000102C0B72C3F30720130A81F807C04872F9
:105B00008A72CB72704700BF2DE9F0414B68144F89
:105B10008E685A0F82EA137202F001021F400021C0
:105B2000931849419B18054641F1000887EA037420
:105B3000F4F7E0FC04EA0003C5F8203163F0FF034A
:105B400006F0EF063B4046EA0878C5E9463608EA23
:105B500001010122C5F8241185F81021BDE8F0816A
:105B60002FCF87F72DE9F0414A68134F8E68530F06
:105B700083EA127303F00103D91807EA02074FF012
:105B800000025241C918054642F1000487EA017833
:105B9000F4F7B0FC06F0EF0646EA0474C5E9467671
:105BA00008EA00000C400123C5F82001C5F8244193
:105BB00085F81031BDE8F0812FCF87F70B784FF0D3
:105BC000030C43F0030319220B7081F801C0CA7063
:105BD00090F820300B7190F821304B71704700BF66
:105BE0000B7980F828314B7980F82931704700BF54
:105BF0000B78022243F003030B704A70CA7090F8CE
:105C000020300B71704700BF0B7980F8203070474F
:105C10000378074AC0F805204FF0060C43F0030351
:105C200040F60C51037080F801C0A0F803107047D3
:105C3000F105FFFF0B784FF0060C43F003030C2235
:105C40000B7081F801C0CA7090F80A310B71B0F87E
:105C50000B31A1F80530B0F80D31A1F807307047CD
:105C6000012380F809310B7980F80A31B1F8053049
:105C7000A0F80B31B1F80730A0F80D31704700BF24
:105C800010B50B78172443F0030303224C700B70FC
:105C9000CA70D0F82130D0F825208A604B6090F887
:105CA00029300B7390F82A304B7301F10E0407F082
:105CB0002DFD0C2120B12046BDE8104003F0CABAEA
:105CC0002046BDE8104003F0BBBA00BF0B780322AA
:105CD00043F003034FF0170C0B7081F801C0CA703A
:105CE000D0F82130D0F825208A604B6090F8293018
:105CF0000B7390F82A304B73704700BF10B50378D0
:105D00000D21042243F0030341700370C270841814
:105D100007F0FCFC0C2120B12046BDE8104003F048
:105D200099BA2046BDE8104003F08ABA03780121F1
:105D3000052243F0030303704170C270704700BF37
:105D400003780121062243F0030303704170C270FF
:105D5000704700BF037801210A2243F00303037058
:105D60004170C270704700BF037801210B2243F0DD
:105D7000030303704170C270704700BF0378017164
:105D80004FF0020C43F003030D22037080F801C0B2
:105D9000C27070470378017143F003034FF0030CA6
:105DA0000370112380F801C0C3704271704700BFB7
:105DB0000B7980F84D304B7980F84E30704700BF3A
:105DC0000B784FF0030C43F0030316220B7081F89D
:105DD00001C0CA7090F82030C3F3C2034B7190F831
:105DE0002030C3F302030B71704700BF0A7990F8AB
:105DF000203062F3C50380F820304A7962F3020351
:105E000080F82030704700BF0B784FF0030C43F050
:105E1000030317220B7081F801C0CA7090F880311B
:105E2000C3F3C2034B7190F88031C3F302030B71CB
:105E3000704700BFCB8883840B7980F826304B797C
:105E400080F82730704700BF0B784FF0050C43F007
:105E5000030318220B7081F801C0CA70838CCB80B9
:105E600090F826300B7190F827304B71704700BFC7
:105E70000A7990F8203062F3C50380F820304A791F
:105E800062F3020380F82030704700BF0B784FF0B8
:105E9000180C43F003030F220B7081F801C0CA7085
:105EA000C38C8B80038DCB80438D0B81838D4B8185
:105EB00090F834300B73C38EA1F80D30038FA1F826
:105EC0000F30438FA1F81130838FA1F81330C38FA7
:105ED000A1F81530B0F84030A1F81730B0F84230D2
:105EE000A1F81930704700BF0B784FF0180C43F041
:105EF000030310220B7081F801C0CA70C38C8B8021
:105F0000038DCB80438D0B81838D4B8190F8343092
:105F10000B73C38EA1F80D30038FA1F80F30438FA0
:105F2000A1F81130838FA1F81330C38FA1F8153079
:105F3000B0F84030A1F81730B0F84230A1F819306D
:105F4000704700BF8B88C384CB8803850B8943854A
:105F50004B8983850B7B80F83430B1F80D30C386D4
:105F6000B1F80F300387B1F811304387B1F813301F
:105F70008387B1F81530C387B1F81730A0F84030E7
:105F8000B1F81930A0F84230704700BF8B88C38445
:105F9000CB8803850B8943854B8983850B7B80F8F0
:105FA0003430B1F80D30C386B1F80F300387B1F843
:105FB00011304387B1F813308387B1F81530C387A8
:105FC000B1F81730A0F84030B1F81930A0F84230DD
:105FD000704700BF0B78002243F003034FF00C0C16
:105FE000CA700B7081F801C090F823300B71036BFD
:105FF000094AA2FB03239B0AA1F80530438DA1F8AF
:106000000930038DA1F80730838DA1F80B30838C04
:10601000A1F80D30704700BF5917B7D10B7980F840
:106020002330B1F8053040F2E24202FB03F3036390
:10603000B1F809304385B1F807300385B1F80B306A
:106040008385B1F80D308384704700BF0B784FF023
:10605000080C43F0030301220B7081F801C0CA70E1
:10606000038CA1F80930D0F822304B6090F826302C
:106070000B727047B1F8093003844B68C0F82230C6
:106080000B7A80F826307047F8B5CE6900230C46AD
:1060900007461546CB6136B30F2D06F104010DD02E
:1060A000112D13D075B100DEF37963733146384694
:1060B000FEF756FB237A092B10D0F8BD2046FFF7D8
:1060C000E5FEF1E72046FFF785FFEDE7084694F887
:1060D000202094F82110FFF75DFEE5E73846BDE883
:1060E000F840FFF735BBFEF725FB06460028D3D165
:1060F00000DED1E78B6900228A6113B3192293F87D
:1061000004C01A71828CDA8091F8202083F8202054
:106110004AB90A8D5A844A8D9A848A8DDA84BCF1F0
:106120002E0F0AD07047C28C5A84028D9A84B0F820
:106130007621DA84BCF12E0FF4D118681946F5F7F0
:1061400083B800DEDAE700BF30B5C38C0A8D4C8D12
:106150008D8D934285B002D1038DA34214D00123CB
:1061600081F8223002950B6BCDE900240C7A91F86E
:106170002320898C0391A4F10801B1FA81F1490926
:10618000EDF7D2FA05B030BDB0F876315B1B18BF21
:106190000123E5E7F8B5CD6900230C46074616460E
:1061A000CB618DB3291D112E0AD8DFE806F0200936
:1061B00009090909091C0909090909090909241416
:1061C00000DEEB79637329463846FEF7C9FA237A75
:1061D000092B14D0F8BD084694F8202094F821101B
:1061E000FFF7D8FDEDE72046FFF70AFCE9E7204678
:1061F000FFF7F0FEE5E72046FFF776FEE1E73846D9
:10620000BDE8F84000F0DCBEFEF794FA0546002831
:10621000C8D100DEC6E700BF2DE9F0411B4E336850
:1062200004460D462BB1834203D00123AB72BDE877
:10623000F0812046FFF77CFA0028F6D1204600F0D6
:10624000A5FE07460028F0D129462046FEF76AFA47
:106250000028EAD02046FCF773FF01218046204643
:1062600000F08CFEA5F8368085F834700F222946A0
:1062700020463460FFF708FF94F83730DB090CBF85
:1062800041F2020304236B81D1E700BF8863002041
:10629000C38C052B03D9028DB2F5486F01D90020BC
:1062A00070479342FBD8438DB3F5FA7FF7D200B520
:1062B000B0F82CC0ACF10A0189B240F6764E7145B7
:1062C00002D900205DF804FB01339BB202FB03F30B
:1062D000B3EB8C0FF5D290F8340090428CBF0020C5
:1062E0000120EFE738B504460D46FFF721FA20B943
:1062F00029462046FEF716FA30B910212046FEF74F
:1063000033FA0323AB7238BD04F1C400FEF70AF977
:106310000028F2D12046FCF733FF0028EDD02946B3
:106320002046FEF707FAAB69E86143B32E221A71E3
:1063300095F834200121002385F823102B634AB1FE
:106340002B8DE98CB3FBF2F313FB02F39BB2994262
:1063500098BF2B852046FCF7F3FE238D06330344BC
:106360002946AB8420460022FFF78EFE4FF60673C7
:106370006B8120461021BDE83840FEF709BAFEF7D0
:10638000E5F910B90723AB7238BDAB69002BCDD14D
:10639000FEF7E4F90346A861C8E700BF38B5044634
:1063A0000D4600F0FDFD20B929462046FEF7BAF95A
:1063B00030B910212046FEF7D7F90923AB7238BD5A
:1063C00004F1C400FEF7AEF80028F2D12046FCF735
:1063D000D7FE0028EDD029462046FEF7ABF9E8614C
:1063E000FEF7B4F910B90C23AB7238BDAB695BBBD7
:1063F000FEF7B4F92E23A861037195F8342001212A
:10640000002385F823102B634AB12B8DE98CB3FB55
:10641000F2F313FB02F39BB2994298BF2B852046FF
:10642000FCF78EFE238D063303442946AB842046B9
:106430000022FFF7AFFE4FF60B736B812046102151
:10644000BDE83840FEF7A4B900DED1E770B50646D6
:106450000C4600F0A5FD10B10623A37270BD0546E1
:1064600021463046FEF75EF90028F5D0112221467C
:106470003046FFF78FFE304600F02CFF237A092BC1
:1064800004D1044B1A68964208BF1D600023A37212
:1064900070BD00BF88630020F8B5294A136806461E
:1064A0000C468BB183420FD002238B7200F078FD33
:1064B000054620B921463046FEF734F968BB204630
:1064C000BDE8F840FEF770B9218DF38C1660994253
:1064D000628DA08D12D0A5690023A36175B303233B
:1064E0002F792B71B38CEB8005F120012046FFF74B
:1064F000CDFC2E2F1DD00423A372F8BD338D934203
:10650000E9D1B6F876318342E5D12046FEF75AF953
:1065100000220523A261A372F8BD4FF472632146E5
:1065200023843046FFF792FF2046FEF74BF9A56122
:10653000F8BD28682946F4F787FEDCE700DECEE7E1
:1065400088630020F0B50C46897A83B005460C2993
:1065500000F2E180DFE811F012001E002C0035008F
:1065600041004C006000DF0063006E007700B60061
:106570000D00002A00F0D48003B0F0BD002AFBD14A
:10658000237A082B00F00481092B40F0C4800123FA
:10659000A372F1E7012AEFD120461946FFF7D2FC9A
:1065A0002046FFF775FE28B940F61E7323842CE0C1
:1065B000012AE1D82146284603B0BDE8F040FFF7A4
:1065C0006BBF002AD8D10192FEF7C0F8019A0028CB
:1065D00040F0F9800323A372CEE7032A00F09D80E8
:1065E000042AC9D10F22062384F82120A372C3E70D
:1065F000002AC1D195F93730002B80F2C78094F87A
:10660000203073B10F2384F821302146284603B08F
:10661000BDE8F040FFF71ABF002AADD1F5E7002A28
:10662000AAD1284600F0BCFC002800F0B480082362
:10663000A372A1E7002A9FD12146284603B0BDE8F6
:10664000F040FFF7ABBE022A96D195F83720C2F38F
:10665000C011D20900F0AE8019462046FFF7DEFCDB
:10666000218D628DA68D8B1F9BB240F67A408342AE
:1066700000F2BC80B2F5FA7F80F0B880A6F10A0380
:106680009BB240F67640834200F2B080531C9BB22E
:1066900001FB03F3B3EB860F80F0A8802846FCF7DC
:1066A0004FFDA38C1B1A47F6FE729BB2934240F239
:1066B000C480282385F84431284600F00BFE0023CF
:1066C000A37259E7002A7FF457AF2846FCF730FD44
:1066D000A38CC01A03043FF54FAF21462846FFF7AD
:1066E00033FD237A092B00F0838094F82260002E7A
:1066F00040F08A802046FEF765F8A661284600F043
:10670000E9FD237A092BDAD1554B1A689542D6D187
:1067100000221A60D3E700DE2EE70523A3722BE7E1
:10672000FEF714F800283FF427AFA369002B40F0D0
:106730009480FEF713F82E23A061037194F834209F
:106740000121002384F8231023634AB1238DE18CB7
:10675000B3FBF2F313FB02F39BB2994298BF23857C
:106760002846FCF7EDFC2B8D063303442146A38419
:1067700028460022FFF70EFD4FF60B731021284626
:10678000638103B0BDE8F040FEF702B8A26153E7B1
:106790000A23A372F0E621462846FDF7C3FF00282E
:1067A0003FF445AF102221462846FFF7F3FC0A23A9
:1067B0006381E1E684F84C10284600F0F1FB58B301
:1067C0000D23A372D8E6A669A261002E43D003234D
:1067D00037793371AB8CF38006F120012046FFF747
:1067E00055FB2E2F24D00423A372C5E61E2361E798
:1067F000284600F0EBFB237A092B7FF476AF94F860
:106800002030002B3FF471AF002384F82030214664
:106810002846FFF76FFC71E721462846FDF782FF07
:106820000028CDD0072221462846FFF7B3FC65E7B4
:1068300030683146F4F708FDD5E72046FDF7B4FF90
:106840000B23A3722846FCF77BFCA38CC31A1A0403
:106850003FF592AE41E700DEB9E700DE69E700BF31
:106860008863002070B506460C46FEF761FF10B144
:106870000523A37270BD054621463046FDF752FF41
:106880000028F5D02946304600F078FB1122214639
:106890003046FFF7F9FB3046FFF70AF8237A092B59
:1068A00002D00023A37270BD96F93730002B06DBAF
:1068B000064B1A689642F4D100221A60F1E730467E
:1068C000FEF788FA0028F3D0EBE700BF88630020CA
:1068D00070B50C46897A82B006461546072912D84B
:1068E000DFE801F009131C3C457A7D04002D00F01F
:1068F000AD8002B070BD002DFBD1237A082B00F0D3
:106900009580092B03D000DEF3E7002DF1D121465D
:10691000304602B0BDE87040FFF77EBC032D00F0AA
:10692000D280042D00F08480012DE2D1194620464A
:10693000FFF72CFB3046022100F020FB2046FFF73A
:10694000A7FC002840F0E48041F21E032384214686
:10695000304602B0BDE87040FFF784BF002DC8D1BB
:106960002146304602B0BDE87040FFF7BBBC032DA6
:1069700000F0B980042D00F0B880022DB9D119467D
:106980002046FFF74BFB228D608DB4F82CC0931F7F
:106990009BB240F67A418B4200F2B280B0F5FA7FAA
:1069A00080F0AE80ACF10A039BB240F676418B4298
:1069B00000F2A680431C9BB202FB03F3B3EB8C0FE7
:1069C00080F09E802946304600F0D8FA2046FDF738
:1069D000EBFE0623A3728CE7002D8AD1B7E7002DCA
:1069E00087D1FCF7A5FBA38CC01A030481D42946E8
:1069F000304600F0C3FA21463046FFF7A5FB237A64
:106A0000092B00F08D8094F82250002D40F09480E6
:106A10002046FDF7D7FEA5613046FEF749FF237AF1
:106A2000092B45D00023A37202B070BDA56197E782
:106A30003046022100F0A2FAD6F8203123F00203FA
:106A40002046C6F82031FDF7AFFE89E7FDF77EFE50
:106A500000283FF44EAFA06900286FD02E230371A9
:106A600094F834200121002384F8231023634AB1D1
:106A7000238DE18CB3FBF2F313FB02F39BB299423B
:106A800098BF23853046FCF75BFB338D0633034408
:106A90002146A38430460022FFF7F6FA4FF606732C
:106AA00010213046638102B0BDE87040FDF770BE32
:106AB00096F93730002B2DDB224B1A689642B1D164
:106AC00000221A60AEE75A791A2AB1D00021019348
:106AD00000F054FA019B5B7984F82030214630465F
:106AE000FFF708FB98E75B79F6E7D0F820311A2228
:106AF00023F00203C0F82031214684F82020EEE77D
:106B00000021304600F03AFA1E2386F8443183E72C
:106B1000204698E73046FEF75DF90028CCD081E7A3
:106B20003046FEF71FFE237A092B7FF46CAF94F8F2
:106B30002030002B3FF467AF0023CDE7FDF70EFEBA
:106B4000A0618BE78863002010B592F823C082B063
:106B5000044602F12003BCF1110F0AD8DFE80CF063
:106B60002C09090909090925090909090909090956
:106B70001E17242380F844310191FEF799FE0199F4
:106B80000B7A092B1FD000238B7202B010BD032299
:106B9000204602B0BDE81040FFF79ABE0122204611
:106BA00002B0BDE81040FFF793BE0422204602B0B9
:106BB000BDE81040FFF78CBE0222204602B0BDE8BF
:106BC0001040FFF785BE94F93730002B06DB074BEA
:106BD0001A689442D7D100221A60D4E72046019166
:106BE000FEF7F8F801990028F1D0CCE7886300207F
:106BF00013460022FFF76CBE70B592F8235002F1E5
:106C0000200335B10F2D09D1BDE870400122FFF7F7
:106C100099BCBDE870400222FFF794BC24230E46C5
:106C200080F84431044600F055FB337A092B05D136
:106C3000044B1A68944204BF00221A600023B37206
:106C400070BD00BF8863002013460022FFF77ABCA6
:106C500000230322FFF776BC00230422FFF772BC57
:106C600010B524230C4680F84431FEF721FE0023A2
:106C7000A37210BD70B58B7A012B0C4605460AD95C
:106C8000022B06D1FCF754FA238CC01A030408D552
:106C900070BD00DE70BDFEF74BFD88B10123A3720D
:106CA00070BD0021284600F069F904F12201284650
:106CB000FCF754FA2846FEF7FBFD0023A37270BDD3
:106CC000284600F063F90028E8D121462846FDF760
:106CD00029FD0028E2D00121284600F04FF928467E
:106CE000FCF72EFA2B8D06330344214623842846D5
:106CF000FDF720FD064660B1311D2046FFF7A6F9DD
:106D0000F379637331462846FDF72AFD0223A37207
:106D100070BD00DEF0E700BF92F82330012B70B5A4
:106D200005460C4607D0242380F8443100F0D2FAFF
:106D30000023A37270BD8B7A012B04D013F0FD0FDA
:106D4000F8D000DE70BD02F120012046FFF792F975
:106D50002846268CFCF7F4F9361AB6B247F6FE73CD
:106D60009E4202D80223A37270BD282385F84431C5
:106D7000284600F0AFFA0023A37270BD38B58B7AB5
:106D8000012B04D0022B0C4602D09BB100DE38BD93
:106D90000546FCF7CDF9238CC01A0304F7D404F19F
:106DA00022012846FCF7DAF9284600F093FA00237E
:106DB000A37238BD01238B7238BD00BF70B5D0F807
:106DC000E85004461DB394F8F430012B03D102239C
:106DD00084F8F03070BD29462046FDF7A3FC00285A
:106DE000F5D029462046FDF7A5FC064688B1311DA1
:106DF0002846FEF705FEF3796B7331462046FDF712
:106E0000AFFC0123AB73002384F8F03070BD00DECB
:106E1000D9E700DEEBE700BF70B5D0F8E8500446D4
:106E2000A5B394F8F430012B03D1012384F8F0309A
:106E300070BD29462046FDF775FC0028F5D029468F
:106E40002046FDF777FC064678B32046FEF716FC91
:106E50002A7A037A934206F1040019D0082B19D03C
:106E60002A2194F810311BB1D4F820315B0716D4D5
:106E7000FEF784FFF3796B7331462046FDF770FC13
:106E80000123AB73002384F8F03070BD00DEC8E747
:106E90002321E6E7092A14BF2A212321E1E70A4634
:106EA00094F8F710FEF776FFE4E700DECDE700BFC9
:106EB0008B7B8BB1D0F8E83099420ED18A69A2B9A8
:106EC000D0F8ECC01A68C0F8E8209C4508BFC0F8AC
:106ED000EC200846FDF71EBC704700DE8A6922B927
:106EE000D0F8E830002BF4D0EAE713792E2BF7D155
:106EF00000DEF5E738B5D0F8E8502B7A013B0446C0
:106F00000A2B39D8DFE803F0060606061A1A241001
:106F100010062E0000222946FEF7F0FA29462046E8
:106F2000BDE83840FFF7C4BF29460022FFF78CFEBA
:106F300029462046BDE83840FFF7BABF294600225F
:106F4000FCF766FD29462046BDE83840FFF7B0BF94
:106F500029460022FDF798FA29462046BDE8384028
:106F6000FFF7A6BF29460022FFF708FF2946204663
:106F7000BDE83840FFF79CBF00DECFE780F8F61091
:106F8000704700BF704700BF0020704790F8F500C1
:106F9000003818BF01207047D0F8E800704700BFE4
:106FA00090F8F400A0F10100B0FA80F040097047B9
:106FB000012380F8F4307047002380F8F4307047E4
:106FC000B0F8F830A0F8F230704700BF0023A0F806
:106FD000F230704738B5D0F8E840A4B10546D5F88E
:106FE000EC202368C5F8E8309442214608BFC5F874
:106FF000EC302846FDF7F6FB2046FDF78BFBD5F875
:10700000E840002CEBD138BDF8B505460C4631B14F
:10701000042903D1FFF7DEFF85F8F040F8BDD0F872
:10702000E860002EFAD0337A90F8F67090F837E0E6
:10703000112B12D83249012000FA03FC0CEA01019D
:10704000F1B10A2B15D05BB185F8F5402846FFF762
:1070500051FF032385F8F030F8BD00DE337AF0E706
:1070600092F8233086F84C302846BDE8F840FFF708
:10707000A5BE2846FFF73EFF052385F8F030F8BD92
:107080001CF4386FE9D00A2BF3D0002BE8D00FB9ED
:107090000446D9E71EF0800F10D1012F20D0022F17
:1070A000BCD12846FEF7EAFA327A037A934222D01C
:1070B000082B1ED02A2385F84431F8BD012FEED1CC
:1070C0002846FEF7DBFA08B1FF23C372012385F8D7
:1070D000F5302846FFF70EFF032385F8F030F8BDA2
:1070E00092F8233085F8F7302846BDE8F840FFF7DE
:1070F00093BE092ADED1232385F84431F8BD00BFB1
:107100007FF4030038B50C468969054610461A46D7
:10711000237AD1B10B2B5BD8DFE803F00C0606060F
:10712000063636463E3E064E21462846FEF7A8F96C
:10713000A16921B10B792E2B1CBF0023A36121462D
:107140002846BDE83840FFF7B3BEA26120610B2B93
:107150003ED801A151F823F0C97101002971010045
:107160002971010029710100297101008971010053
:1071700089710100A97101009971010099710100E3
:1071800029710100B971010021462846FCF7F6FB80
:10719000A1690029CED1D2E721462846FFF72CFD70
:1071A000A1690029C6D1CAE721462846FDF74EF954
:1071B000A1690029BED1C2E721462846FFF7ACFDF0
:1071C000A1690029B6D1BAE711460029B2D1B6E7C4
:1071D00000DEA1690029ADD1B1E700BF38B50B7A57
:1071E000072B0C46054618D0A37B002262619BB199
:1071F000D5F8E8309C4213D1A269CAB9D5F8EC1091
:107200001A68C5F8E8208B4208BFC5F8EC20204674
:10721000BDE83840FDF77EBA38BDFDF739F9E3E740
:1072200000DEA26922B9D5F8E830002BEFD0E5E7FF
:1072300013792E2BF7D100DEF5E700BF38B50B7AB6
:10724000072B0C46054616D0A37B9BB1D5F8E8303A
:107250009C4213D1A269CAB9D5F8EC101A68C5F8D6
:10726000E8208B4208BFC5F8EC202046BDE8384036
:10727000FDF750BA38BDFDF70FF9E5E700DEA2696A
:1072800022B9D5F8E830002BEFD0E5E713792E2BA3
:10729000F7D100DEF5E700BF0422002380F8F020DC
:1072A000A0F8F230704700BF90F8F030052B0ED8F0
:1072B000DFE803F0060907030603D0F8E83023B936
:1072C0007047FFF77BBDFFF7A7BDFFF713BE00DEDA
:1072D000F6E700BF90F8F030052B04D8DFE803F0A4
:1072E00004151305040500DE7047D0F8E8200023DC
:1072F00080F8F5305AB100230121A0F8F2309173E3
:1073000080F8F0307047FFF759BDFFF785BD00DE0C
:10731000F1E700BF90F8F030052B04D8DFE803F068
:1073200004090B04050400DE7047002380F8F030E8
:107330007047FFF771BDFFF741BD00BF90F8F03017
:1073400010B50446052B12D8DFE803F0030D09033E
:107350000803FFF73FFE042384F8F03010BDBDE8BA
:107360001040FFF72BBDBDE81040FFF755BD00DE14
:1073700010BD00BFF0B5044683B00E46154683B17C
:1073800092F823301B2B36D8DFF8D8C090F837108E
:107390000CEB4307C9097F781AB201238B403B40AD
:1073A0004AD11846FDF738FA074610B300230360A8
:1073B000D4F8EC300BB31860C4F8EC0094F8F0305B
:1073C000052B4CD8DFE803F01E2C030606062046EA
:1073D000FFF7F4FC39462046FFF76AFDD4F8E810C1
:1073E00039B12B463246204603B0BDE8F040FFF7E6
:1073F00089BE03B0F0BD0023D3E7C4F8E800C4F8A9
:10740000EC00DBE72A4600212046FFF7FDFD394668
:107410002046FFF74DFDD4F8E8100029E1D1E8E758
:107420002046FFF7F9FC39462046FFF741FDD4F826
:10743000E8100029D5D1DCE71CF812300A2BB0D1B6
:107440000193FFF7C7FD0022A4F8F22084F8F5208D
:1074500084F8F0202046FEF7A1FA019BA1E700DEA8
:10746000B8E700BF2867020010B50446FFF7B2FD79
:107470000023A4F8F23084F8F53084F8F03010BD21
:1074800000B9704700DE704730B991F8B8306FF33B
:10749000000381F8B830704700DE91F8B8306FF320
:1074A000000381F8B83070472DE9F843099E9DF834
:1074B00020800746B08C4FF6FF7188422DD03946A8
:1074C000304691461C46FBF717FC30BB337801333E
:1074D000DBB233702BB3144DB6F84001AA7A2C817D
:1074E00068F30002013406F1100104440F4BAA7244
:1074F0000022E960A6F8404111460120C5E9007963
:107500009D60F1F7D1F950B9FF20FBF713FC30462D
:10751000FF21BDE8F843FBF707BDBDE8F88300DEB7
:10752000F2E700DED7E700BF94780020CC0300200C
:10753000012800D0704700B583B00191F3F712FF26
:107540000199814202D103B05DF804FB00DEFAE745
:10755000C38D23B190F8B82012F0010300D070471A
:1075600010B542F0010288B00B4C80F8B820083109
:107570000122CDE902320690CAB2CDE90434CDE948
:10758000003303211846F2F769FE10F0FD0F01D118
:1075900008B010BD00DEFBE78974010038B50C4669
:1075A0001546FAF7CBFF48B11CB1BDE83840FDF7EE
:1075B0006DBB2946BDE83840FDF742BB022038BD0F
:1075C00038B50C461546FAF7B9FF58B190F937307F
:1075D000002B05DA2A462146BDE83840FDF706BAF9
:1075E0000C2038BD022038BD704700BF00B970477D
:1075F00000DE704708B90B7803B97047064B10B529
:10760000024601F11004014602209C60F1F74CF99A
:1076100000B910BD00DE10BDEC0300202DE9F843D9
:10762000099C9DF820900646A08C4FF6FF71884279
:1076300034D03146204690461F46FBF75DFB68BBC1
:1076400023780133DBB2237063B3B4F84021164DC5
:107650007B1C1344A4F840310220FBF76BFB022192
:107660002046FBF761FCAA7A104B2F8169F30002D8
:1076700004F11001AA720022E96001201146C5E957
:1076800000689D60F1F710F950B9FF20FBF752FB3D
:107690002046FF21BDE8F843FBF746BCBDE8F88370
:1076A00000DEF2E700DED0E7AC780020DC0300204B
:1076B00070B505460020FAF7FBFB044602F06AF8B5
:1076C000C0B278B935B394F84430DB0703D520460F
:1076D000EBF7AAF9E8B90120FAF7EAFBBDE8704038
:1076E000EBF7A2B96569EB6DCBB905F1500105F176
:1076F0004C00F1F759F8B0B12E68E865D6F84801AA
:1077000078B1F3F77DFD3046FAF7FEFE00236361A2
:10771000032070BD2046BDE87040EBF785B900DE60
:10772000E3E700DEEDE700DEE6E700BF2DE9F0412C
:1077300006460020FAF7FEFB04460120FAF7FAFBA2
:107740000546B4B304F110077B68B3B393F82C205B
:1077500042F0020283F82C20D7F80480B8F1000F21
:107760002BD034B121460020FAF788F908B1BDE8E2
:10777000F0812DB129460120FAF780F90028F6D1D1
:10778000D8F80040D4F8480104F5A475C0B1F3F767
:1077900037FD172384F84C314FF6FF73A4F84E31B0
:1077A000022384F86831C4F8507135600020BDE8C8
:1077B000F08100F110070028C6D10C20BDE8F0814F
:1077C00000DEE4E770B50C4615461E46FAF7B6FE35
:1077D000B8B190F872C01CF0180C04D0BCF1180FAE
:1077E00008D00C2070BD33462A462146BDE87040C3
:1077F000FDF756B933462A462146BDE87040FDF7ED
:107800007FB9022070BD00BF30B583B001A8FFF77B
:107810008DFF044610B1204603B030BDFAF78AFB55
:1078200005460120FAF786FB98B135B195F862302C
:107830006C6164F3410385F86230054695F8623067
:1078400000226FF34103204685F862306A6103B07D
:1078500030BD002DF2D100DE95F8623065F34103B2
:1078600085F86230FFDE00BF38B583681C68656943
:10787000002D35D000236361EB6D002B36D105F16F
:10788000500105F14C00F0F78FFF034630B3286834
:10789000EB65FAF739FE94F8622094F844306FF300
:1078A00041026FF3020384F8622084F8443001201F
:1078B000FAF740FB88B184420FD04369C3B190F816
:1078C000621090F84420002363F3410163F3020245
:1078D000436180F8621080F8442038BD00DED6E7AE
:1078E00000DE00236361EB6D002BC8D000DEC6E72D
:1078F00000DEE4E770B50F2482B04FF6FF76204635
:10790000FAF71CFE0546684655B195F93730002B4D
:1079100006DB00F0FFF869462846FDF763F920B959
:10792000013CA4B2B442EAD1002002B070BD00BF55
:1079300008607047032805D008380F288CBF002046
:10794000012070470120704708380F288CBF0020A5
:10795000012070472DE9F04F95B01E460B1D0D9389
:107960000023CDE91033CDE90933FF2704469146C2
:107970008DF83F700B933D4698460DF1480A4FF045
:10798000020B3C4B059311AB0020019310AB00930D
:10799000CDF818A0CDF80C900490029033460DF16C
:1079A0003F022146CDF848B0F2F73AFD022814D044
:1079B000129BC3B9FF2D19D03368434516D0002F51
:1079C00055D0013F4FF0FF33FFB28DF83F30FF2518
:1079D000D7E721460020F2F76FFD129B022BF8D06B
:1079E000129B002BE6D000DEFF2DE5D19DF83F0075
:1079F000FF282DD013A9ECF7EFFD0028C1D09DF88A
:107A00003F000838C3B20F2B18D9FF2DDDF8408096
:107A1000139B0AD009990C934046F2F767FD0D9B22
:107A20000A9A9A1890420C9B14D8CDE90983119BAD
:107A3000D6F800809DF83F500B93A2E780B2FAF78A
:107A400071FD0028E1D090F93730002BDDDA98E79E
:107A5000FF2D08D01E9B099A1A601F9B0B9A1A6073
:107A6000209B0A9A1A60284615B0BDE8F08F00DE08
:107A7000A7E700BF3179010010B588B00C4607AA0E
:107A800006A905ABCDE90121009301460C4A234626
:107A90000320FFF75FFFFF280FD00328DDE9052350
:107AA00003D00838C0B20F2807D821681A44023220
:107AB0000A442260002008B010BD6FF00900FAE708
:107AC0003579010008B5094A0346006810600521B0
:107AD00010461B791371F0F7FFFF054B1870FFF785
:107AE00009FFF8F7D3FC002008BD00BFC4780020D0
:107AF00093890020054B064A10B41F204FF0FF3435
:107B000025211C601871117010BC7047C4780020CA
:107B100093890020044A05490346106818601279C9
:107B200008781A71704700BFC4780020938900203C
:107B300030B5044600789DF80C5002FB01111F4A35
:107B4000014482FB01020A44521102EBC20002EB23
:107B500080028A1AD0B2C1082070595C02F0070274
:107B600041FA02F212F001021FD1B0FBF5F405FB5D
:107B70001404E4B25D1E1046043300F1080E15F83B
:107B8000011F5FFA8EFE024611F0010F02F1010C97
:107B90004FEA510102D04CB1013CE4B25FFA8CF2E1
:107BA0007245F1D110469D42E7D130BDC11D891A01
:107BB000C9B207291046F6D830BD00BFA7C867DD97
:107BC0004288008850407047F0B5344D344C4840EE
:107BD0004FF0030C060A5FFA80FE0EEB8E2E06EBCA
:107BE000862004EA401705EA400605EA4E0004EA4A
:107BF0004E1E3E4340EA0E0000EB002706EB062E29
:107C000006EB0E2600EB0720360CC0F3074040EAD7
:107C1000062000EB00100CF1FF3C08441CF0FF0CA8
:107C200080B2D7D141401F48A0FB01400C1A00EBA5
:107C30005400400900EBC00400EB8400081AC0F3B4
:107C4000C40400F00705145D2C41E407C0B21CD445
:107C500001FB03F3561EC3F307430432604600F1F1
:107C6000080516F801CFEDB201461CF0010F01F135
:107C700001044FEA5C0C02D043B1013BDBB2E1B23C
:107C8000A942F2D108469642E9D1F0BD0730401A28
:107C9000C0B207280846F6D8F0BD00BF1021020088
:107CA000408408004D91CFBA1A491B482DE9F04194
:107CB0000023451EA1F1020C012606E00133082B2A
:107CC00001F1060100F1280022D003EB830215F830
:107CD0003220D407F2D59CF800409CF801E0D0F89F
:107CE0000080C2F3801206FA03F79A4001333C4346
:107CF0004EEA020287888F80082B8CF800408CF8AF
:107D0000012001F1060141F8068C00F12800DCD1C8
:107D1000BDE8F081D2780020BD7900202048214ABA
:107D20002DE9F047204FDFF884800023951EA0F155
:107D3000020C012615F83310C90706FA03F926D5F7
:107D40003C7812F8011C4CB1072901EB810405D8DD
:107D500018F834104C0701D5C90618D515F833109A
:107D60009CF801E09CF80040D2F800A0C1F340016B
:107D700099404EEA010144EA0904B2F804E08CF8A3
:107D800000408CF80110A0F804E0C0F800A0013316
:107D9000082B00F1060002F10802CBD1BDE8F08704
:107DA0003E7B0020FE7A002095890020BC790020CF
:107DB0000820704738B50020F8F718F8F0B9FAF73E
:107DC00009F910F0010019D10D4C0E4D621E14F886
:107DD0003030072B03EB830105D815F831306FF3F2
:107DE000451305F8313012F830306FF3000302F814
:107DF000303001300828EAD1002038BD0C2038BDD1
:107E0000FD7A0020BC7900202DE9F04F074683B0B1
:107E10000020F7F7EBFF00286DD1FAF7DBF810F040
:107E2000010568D13B78FF2B73D03F4E07F1010964
:107E30004FF0FF0A2C46A6F1020803F0010B06E002
:107E400059455CD00134082C06F108060FD018F80B
:107E50003420C2F34001D207F2D4BAF1FF0F08BFB9
:107E60005FFA84FA0134082C06F10806EFD1BAF162
:107E7000070F52D818F83A2063F3410208F83A2065
:107E8000022314FB0A34D7F8013048F80430444484
:107E9000B9F80430A38097F800B0244C0BF0010B24
:107EA000661E04E00135082D04F1280439D005EBE5
:107EB0008503DF0016F83330C3F38012DB07F1D5FA
:107EC0005A45EFD12046062249460EF06BF80028AD
:107ED000E8D1F35D43F02003F355EDB218F83A30E2
:107EE00008EBCA0243F0010308F83A30557000204D
:107EF00003B0BDE8F08F0C2003B0BDE8F08F304632
:107F00000622494601930EF04DF8019B002899D1B5
:107F1000EDE7284603B0BDE8F08F072003B0BDE8C9
:107F2000F08FFF25DAE700BFFE7A0020BD79002040
:107F30002DE9F04106460020F7F758FF00283AD116
:107F4000FAF748F810F0010435D196F80080B8F13E
:107F5000FF0F36D01C4D0136AF1E08F0010804E0BB
:107F60000134082C05F1080528D017F83430C3F384
:107F70004002DB07F4D54245F2D1062228463146BD
:107F80000EF010F80028EBD107EBC4035B78072B49
:107F900008D80E4A03EB830312F8331060F345113F
:107FA00002F8331017F834306FF3000307F8343059
:107FB0000020BDE8F0810C20BDE8F0810220BDE882
:107FC000F0812046BDE8F081FE7A0020BC790020D7
:107FD000072810B419D80F4C00EB800C830014F85C
:107FE0003CC01CF0010F12D0034414F83330C3F32B
:107FF00080130B700121282313FB0013E118E358B1
:1080000013608B8810BC9380704700DEE3E700DECE
:10801000EAE700BFBC7900200820704710B50020B7
:10802000F7F7D8FE08B10C2010BD0446F9F7B2FFEF
:108030000128F8D8194B1A48197893F828200470A9
:1080400064F3000164F30002197083F8282093F8A8
:10805000501093F8782064F3000164F3000283F871
:10806000501083F8782093F8A01093F8C82064F398
:10807000000164F3000283F8A01083F8C82093F88D
:10808000F01093F8182164F3000164F3000283F800
:10809000F01083F81821204610BD00BFBC790020E5
:1080A000948900202DE9F04F83B083460020CDF85D
:1080B00000B0F7F78FFE18B10C2003B0BDE8F08FC9
:1080C0000446F9F767FF0128F6D8DDF800B0DFF8BD
:1080D00020811BF8012B019202F0010308F1FF3906
:1080E0001E4604E00134082C08F1280841D004EBB6
:1080F000840209EBC20519F83270FB074FEA840AC3
:10810000C7F38012EED5B242ECD140460622594662
:108110000DF048FF0028E5D13E467607019A074654
:108120002BD4344D02F00108AE1E04E00137082FB5
:1081300005F1080512D016F83730C3F34002DB070B
:10814000F4D54245F2D10622284659460DF02AFFC1
:108150000028EBD106EBC706FF237370A244002072
:1081600019F83A306FF3000309F83A3003B0BDE86C
:10817000F08F022003B0BDE8F08FDFF87CC09CF8E0
:1081800000305E1E023B062BF6B203D895F817802E
:10819000B04502D18CF80060C3E7184A02EB061321
:1081A00002EB0812964605460FCB8EE80F00DFF86B
:1081B00050E005EB850309EBC30219F83330D8070B
:1081C00005D5590703D59EF81730B34207D00135BE
:1081D000082D0EF1280EECD1009B1A78DAE7009BEF
:1081E00082F817801A78074B03F80850D2E700BFCF
:1081F000BD790020FE7A0020948900203C7900207F
:10820000BC790020347900202DE9F8431D465B79C4
:1082100003F0C003402B01D0BDE8F8838846F1B1DC
:10822000DFF8A090002400F0010609F1FF3704E018
:108230000134082C09F12809EED004EB840317F867
:108240003330D907C3F38012F2D5B242F0D10622FF
:10825000484641460DF0A6FE0028E9D1E2B2072AC1
:10826000DAD8194F02EB820317F83330DB07D3D586
:1082700002EB8202D40004F118032868F85007EBDF
:108280000309AB88A9F80430002601E0102EC3D002
:10829000B0B2FAF753F9013606224946054600F214
:1082A00087180028F2D040460DF07CFE0028EDD162
:1082B00001343B193A59C5F887219B88A5F88B31C1
:1082C000AAE700BFBD790020BC7900202DE9F84F56
:1082D00082461A4E1AF8018B8946002408F00108DC
:1082E000771E03E0082C06F128061BD004EB84025D
:1082F000D50017F83230C3F38012DB0704F1010414
:10830000F0D54245EED10622514630460DF04AFEE8
:1083100083460028E6D118357C1906212046F0F75F
:1083200033FA10B90220BDE8F88F7859C9F8000077
:10833000A388A9F804305846BDE8F88FBD7900201D
:108340002DE9F0478246174E1AF8018B8946002422
:1083500008F00108771E03E0082C06F128061DD05E
:1083600004EB840207EBC20517F83230C3F3801226
:10837000DB0704F10104EFD54245EDD10622514659
:1083800030460DF00FFE0028E6D16B6A1A68C9F876
:1083900000209B88A9F80430BDE8F0870220BDE8E2
:1083A000F08700BFBD79002010B504460020F7F724
:1083B00011FD08B10C2010BDF9F7ECFD0128F9D82A
:1083C0000CB1012C03D1034B1C70002010BD1220F6
:1083D00010BD00BF95890020034B4FF47A7202FB59
:1083E00000F01860704700BFCC7800202DE9F047FE
:1083F000824600208846F7F7EDFC10B10C20BDE85E
:10840000F0870446F9F7C6FD0128F7D81B4E1AF885
:10841000019B771E09F0010903E0082C06F12806EC
:1084200020D004EB8402D50017F83230C3F3801259
:10843000DB0704F10104F0D54A45EED130460622AF
:1084400051460DF0AFFD0028E7D1B8F1000F0FD075
:10845000B8F1010F09D17B5D43F010037B5500207B
:10846000BDE8F0870220BDE8F0871220BDE8F08764
:108470007B5D68F304137B550020F1E7BD79002094
:10848000D0B5314C3149002304F1FF3C14F83320BE
:10849000072A02EB820E05D811F83E206FF3451231
:1084A00001F83E201CF833206FF300020CF8332053
:1084B0000133082BEAD1264A264C002313700A7890
:1084C00063F300020A7091F8282063F3000281F838
:1084D000282091F8502063F3000281F8502091F891
:1084E000782063F3000281F8782091F8A02063F3EC
:1084F000000281F8A02091F8C82063F3000281F8FF
:10850000C82091F8F02063F3000281F8F02091F880
:10851000182163F3000281F818210F4A13700F4BE2
:108520004FF0FF364FF0FF37C3E900670C4B236075
:1085300028B1BDE8D0400B490B480DF0C7B9BDE8E4
:10854000D04009480DF0CEB9FD7A0020BC7900205A
:1085500095890020CC7800209489002028230020D1
:10856000A0BB0D00C5880100F8220020034A044B7F
:10857000002814BF10461846704700BF3C7B0020FF
:10858000D07800202DE9F047067898462EB30746AC
:108590008946924600F12C05072426FA04F3DA07EF
:1085A0000FD597F801C04CFA04FC8CEA090C1CF0BA
:1085B000010F28464FF00602514602D10DF0F2FCA1
:1085C00088B1013C631CA5F10605E6D10026FF2415
:1085D00088F800403046BDE8F087FF2488F8004066
:1085E0003046BDE8F087E4B20126F1E7A8B110B546
:1085F0000B4A12684FF4004340F2E7300021E2FBDF
:1086000003014FF47A720023E8F77AFDBDE81040C9
:1086100002460B46034808F02BBF02480DF062B932
:10862000CC780020F82200200D4A08B500231380E2
:1086300070B90C4B0C4A1B780020108003B908BDA0
:10864000F9F7A8FC0028FAD1BDE80840FFF72CBBD9
:108650001846F9F7BFFCC307EBD4FFF75FFBE8E769
:108660003C7B002095890020D07800200E4A08B578
:1086700000231380C2070ED40C4B0D4A1B78002038
:10868000108003B908BDF7F7A5FB0028FAD1BDE8B3
:108690000840FFF709BB1846F7F7A8FB0028EBD105
:1086A000FFF73CFBE8E700BF3C7B002095890020FA
:1086B000D07800202DE9F04F824689B00DF074FA91
:1086C0004B014FEA401BBBEB000B43EAD06363EB6B
:1086D00001039B0043EA9B734FEA8B0B1BEB000BE0
:1086E00041EB03094FEAC90949EA5B794FEAD931FD
:1086F000CBF3103B4BEA494B0191BAF1000F17D174
:108700006B4BD3E90023B3F1FF3F08BFB2F1FF3F4A
:108710000ED0BBEB020261EB0303664909688A4293
:1087200073F10003ACBF4FF001094FF0000901E005
:108730004FF00109604EDFF884810024F71F0DE03F
:10874000254417F8353043F0020307F8353001347B
:10875000082C08F1060806F1280626D004EB84034D
:10876000A50017F83330D807F1D5B9F1000F01D1C2
:108770009907ECD42B1917F833305A0761D42B1909
:1087800017F833301B07DBD504A930460BF00EFE7B
:10879000002840F08A80BDF814300498A8F804300E
:1087A000C6F81D80C8F80000CAE7B9F1000F04D070
:1087B0003F4B019AC3F800B05A60BAF1000F0BD0DA
:1087C0000020F7F7F9FA044630B1FF238DF8103096
:1087D00094F88020570702D409B0BDE8F08FE27EFC
:1087E000072AF9D8627F8DF80F3004EB82031D6AE7
:1087F0002B7803F00F03072B07D1AB789E06EBD045
:10880000EB788DF80830D80734D50DF10F0104F15D
:108810001C0001F0C3F96A782946023205460DF0C2
:1088200091FB002629462046F7F75AFB9DF80F30AA
:10883000FF2B0ABF9DF810306377737509B0BDE850
:10884000F08F307C1E4B0F2101EB001119440DF10C
:108850001F0C0DF10F0311F8010903F8010F9C45DE
:10886000F9D106F1170104A80BF0A0FD002886D06D
:1088700000DE84E7D906AFD5A66B737D06EB8303D4
:108880009F69BB789A06A7D0FB788DF80C30DB0780
:10889000A2D504A906F1140001F080F97A783946CE
:1088A000023205460DF04EFBBCE700DE73E700BF69
:1088B00028230020CC780020C379002004790020F0
:1088C0003C79002010B50120FFF7F4FE0A4A126837
:1088D0004FF4004340F2E7300021E2FB03014FF484
:1088E0007A720023E8F70CFCBDE8104002460B4604
:1088F000024808F0BDBD00BFCC780020F82200205F
:1089000007280FD800EB8003084A12F833100B0732
:108910004FEA800C06D58B0706D5844402EBCC02C7
:10892000506A70470020704700DEF6E7BC790020EF
:1089300007280CD800EB8003064A12F833104B07C7
:1089400005D5282303FB002202F11E0070470020FA
:10895000704700BFBC7900202DE9F04789461646D4
:108960000AB1FF231370154D002400F0010805F132
:10897000FF3A09E01EB13378FF2B08BF377001348E
:10898000082C05F1280514D004EB8403E7B21AF88B
:108990003330C3F38012DB07ECD54245EFD106221A
:1089A000284649460DF0FEFA0028E8D13846BDE8D1
:1089B000F087FF273846BDE8F08700BFBD7900206B
:1089C0002DE9F04F074685B000200E469046F7F798
:1089D00001FA18B10C2005B0BDE8F08F0446F9F794
:1089E000D9FA0128F6D8BA460DF10F021AF8010B90
:1089F0005146FFF7B1FF072840F2B8809DF80F906D
:108A0000B9F1070F00F2AE8009EB8902D200594D8F
:108A1000D7F801100192531C09EB890BE9502B4444
:108A2000BAF8041099803B7815F83B10009263F374
:108A30008611A95430461021EFF7A6FE009BE95C91
:108A400060F38201E95440461021EFF79DFE009B40
:108A5000019AE95C00F0010060F3C30111F0040F1A
:108A6000E95405EBCB0B4FEA890343D1002860D1D1
:108A700018320021A9502A443F4E918003EB09028D
:108A800015F8321021F0120105F8321097F8008025
:108A9000B71E08F0010804E00134082C06F10806AE
:108AA00016D017F8342012F0010BC2F34001F3D0B6
:108AB0004145F1D130460622514600930DF072FA3D
:108AC000009B0028E8D107EBC40787F8019001E07C
:108AD0004FF0000B4B444FEA4B1215F8331042F0A5
:108AE000010221F021010A43002005F8332005B0DE
:108AF000BDE8F08FDFF884E0DFF884C09EF8001056
:108B00008BF817100CF80190DFF878B04FF0FF3CAD
:108B10000CEB011C01318EF80010DC4406F10F0152
:108B2000013E11F801E90CF801EFB142F9D100283A
:108B30009ED0D61DA81903EB0901D8F800B0D8F8CB
:108B400004E0D8F808C0D8F80C8045F806B005EB6A
:108B5000C101C0F804E0C0F808C0C0F80C800020D3
:108B6000486285E7072005B0BDE8F08F122005B008
:108B7000BDE8F08FBC790020FE7A002094890020A7
:108B8000347900203C790020072807D8044B00EBFB
:108B9000800013F83000C0F3C00070470020704719
:108BA000BC790020072812D800EB8000094A12F88F
:108BB000303013F0080F4FEAC001C3F3C00007D0F4
:108BC000C3F340009B0703D50A44506A7047002056
:108BD000704700BFBC790020024B1B78037002482D
:108BE000704700BF948900203C79002050B10729CC
:108BF00013D80E4B13F83120D20710D503EBC10365
:108C00005878704707290CD8094B01EB810213F8FB
:108C10003230DB0707D50846704700DEE9E700DEA3
:108C2000ECE700DEF0E700DEF5E700BFFC7A0020AD
:108C3000BC7900200C4B1B7883420BD90B4B185C82
:108C400007280CD80A4B00EB800213F83230DB0700
:108C500007D5704700DE054B185C0728F2D900DE07
:108C6000F0E700DE704700BF9489002034790020CF
:108C7000BC79002007280DD8084900EB800283004A
:108C800011F83220D20707D5034411F83300C0F39E
:108C9000401070470020704700DEF5E7BC790020E7
:108CA0000C4B1B787BB107290DD860B90A4801EB42
:108CB00081028B0010F83220D20709D50B4410F83E
:108CC0003300430701D401207047C0F30010704700
:108CD00000DEF3E795890020BC7900201378FF2B94
:108CE00019D12DE9F047194D0446AE46002303EB98
:108CF000830C9E0015F83CC01CF0010003D0CCF39F
:108D0000801CA44509D00133082B0EF1280EEED1AA
:108D10000120BDE8F0870120704701F1FF38774658
:108D20004FF0000C17F801AF18F8019FCA450CF17D
:108D3000010CE8D1BCF1060FF4D11E44137015F8F4
:108D400036305A07E5D5C3F30010E2E7BC790020BE
:108D500010B40E4B1C787CB1072A0DD80C4C02EBDA
:108D6000820C14F83CC01CF0080F05D020B14B79E0
:108D700003F0C003402B02D0002010BC7047282312
:108D800003FB0240073010BC0BF0FDBA95890020B0
:108D9000BC790020024B1878003818BF01207047BA
:108DA0009589002000F04CBA08B5002304F064FD5A
:108DB000002008BD684620F007018D4601B503F08C
:108DC00027FDEDF745FEBDE801408546704700BF31
:108DD00008B50A4BD3F840213AB90120EFF7C2FD9C
:108DE000BDE808400220EFF7BDBD0020C3F84001F8
:108DF000D3F84031F1F786F9EFE700BF00B000404B
:108E00000020EFF7AFBD00BF90B90E4B0E4A1978A6
:108E100010788842CBB20DD10C480D4990F800C0B3
:108E2000013313700B78634507D003780B707047DC
:108E300000DEEAE700DE1378EEE700DE03780B7071
:108E4000704700BF96890020978900209B890020E9
:108E50009A8900200B4A0C4B117893F800C08C457E
:108E60000DD012781A70094A094B18B91178187880
:108E7000884202D012781A70704700DEFAE700DEEE
:108E8000EFE700BF9989002098890020968900208B
:108E90009789002003F046BE08B50B480B4B0278BB
:108EA00019788A420CD00A4B01700022039999600C
:108EB00001201146EFF7F8FC00B908BD00DE08BD3F
:108EC00000DE1978EFE700BF96890020978900201F
:108ED000FC0300202DE9F041304A314D12782B7807
:108EE0009A428AB00E4605D12E4B2F4A1B78127833
:108EF0009A424BD03768DFF8B48007F12D0424F094
:108F00007F44D8F800102046F1F7F0FA10F4000082
:108F100002D10AB0BDE8F081254A264B11781A78B3
:108F200091421CD03046244BC168C8F80040002252
:108F3000CDE90732214BCDE90322CDE90531CDE959
:108F400001222D2300932C780134E4B23B461146D4
:108F500010462C70F1F7EEF80AB0BDE8F081114A26
:108F60001149127809789142DCD01A780132D2B2D4
:108F70001A700022124B009211461046F1F7CAF9FE
:108F800010F0FD0FCED000DE00DECBE70768DFF883
:108F90001C8007F12D0424F07F44C4E79A89002047
:108FA0009B8900209689002097890020787B0020EB
:108FB0009889002099890020098E0100998E01006E
:108FC000558E01007A4A9368002B00F096802DE9B7
:108FD000F04F136889B08146002B46D04FF0FF3325
:108FE0008DF80A300DF10A00F2F706FB044600285E
:108FF0003BD0037F9907F5D1857A15F00205F1D1B1
:10900000C3684B4555D00668A8462F460DF10A00A7
:10901000F2F7F2FA8346F0B1027F9207F6D1827A34
:109020009307F3D4C268B8F1000F21D04A4558D055
:10903000DBF800A031465046F1F758FA00F4000082
:1090400000280DF10A001CBF5F465646F2F7D4FA1D
:1090500083460028E0D1002F08BF2746394638460E
:10906000FFF738FF30F0020339D109B0BDE8F08FC7
:109070004A458046DCD1237FE16843F00203237731
:109080002046A3699847FF238DF80A300DF10A00A6
:10909000F2F7B2FA04460028E7D0037F9F07F5D124
:1090A000837A9E07F2D4C3684B4502D000DED4F821
:1090B0000C903F4A4846D2E9001303AA9847064657
:1090C000002843D010F1100F59D0394A002093687E
:1090D0001168984716F10B0F10D08C36C5D000DE02
:1090E000C3E7227FE16842F0020222772046A269AC
:1090F0009047D8457FF472AFC5E770472C4A0023EC
:10910000D2F80890D2E9004802261360FF278DF8B4
:109110000B700DF10B00F2F76FFA90B1037F9A0715
:10912000F7D40DB9DB07F4D4C368A342F1D1037FB0
:10913000826943F002030377214690478DF80B7054
:10914000E7E70125AE420AD02E46E0E7237FA26979
:10915000E16843F0020323772046904785E7002229
:10916000CDE904220692039B00964946404604AA94
:109170000794F2F7F9F900287FF477AFAFE7A37A05
:1091800043F00203A3720DF10A00F2F735FA01462B
:1091900000283FF46AAF037F9D07F4D1837A9C07D0
:1091A000F1D4FFF797FE30F002033FF45EAF96E78D
:1091B0007C7B002010B517480CF0FCF830B3164B40
:1091C00000249C6000F0C6FA00281EDB2146012026
:1091D0002246EDF7F9FE22460B200121EDF7F4FEC1
:1091E000214622461820EDF7EFFE0C4B1022C3F863
:1091F00004230120EDF7B8FE0B20EDF7B5FE182093
:10920000EDF7B2FE03F01EFB204610BD6FF012001A
:1092100010BD00BFA86102007C7B00200010004050
:1092200008B500F0A7FA002809DB0120EDF7AAFE37
:109230000B20EDF7A7FE1820EDF7A4FE002008BDD7
:10924000034603488AB2194683681B68184700BF63
:10925000A861020030B4074DAB685C6834B18AB2D3
:10926000A44601460023284630BC60476FF08500C5
:1092700030BC7047A8610200034603488AB2194611
:1092800083681B68184700BFA861020030B4074D0F
:10929000AB685C6834B18AB2A44601460023284614
:1092A00030BC60476FF0850030BC7047A861020099
:1092B0000020704730B5044683B078B31D4B1A6860
:1092C000824225D0FF250DF107008DF80750F2F7F7
:1092D00093F938B91AE0A1420AD00DF10700F2F76C
:1092E0008BF998B1037F9B07F7D4C168002CF2D1AA
:1092F000037F826943F00203037790470DF1070073
:109300008DF80750F2F778F90028EBD103B030BDA3
:109310009B686BB1014600209847D3E7054A9368E4
:10932000002BCFD011680029CCD000209847C9E786
:1093300000DEC7E77C7B00200020704710B50446A4
:10934000F2F74CF98CB90D4B9A68AAB11C6800224F
:109350009A601A6004B124680020F2F767F9204689
:10936000F2F70AFA28B1002010BD0028F3D100DE80
:10937000F1E700DE002010BD00DEE7E77C7B002087
:10938000054A136892681B1A18BF0123B2FA82F0CB
:109390000B704009704700BF7C7B00206FF08B0092
:1093A000704700BF10B548B10C4600F03FFA0028E6
:1093B0000BDB2046BDE81040FFF7C0BF044803F0B8
:1093C00037FABDE8104003F08DBB00DEF1E700BFC7
:1093D0002D9501002D20704710B51446F1F784F843
:1093E0002146F1F783F8034610F4000004D103335B
:1093F000182B88BF184610BD002010BD262810B5B8
:1094000004461DD0272813D0252809D00A281FD9A3
:10941000272822D900DE2046BDE8104003F0DCBA40
:10942000022003F0D3FA2046BDE8104003F0D4BA7E
:10943000502003F0CBFA2046BDE8104003F0CCBA30
:109440001A2003F0C3FA2046BDE8104003F0C4BA66
:109450000230400003F0BAFAE5E70330400003F0C1
:10946000B5FAE0E703F01CBB03F026BB03F07CBABF
:1094700003F07EBA03F07EBA08B503F053FBBDE8F3
:10948000084003F019BE00BF08B503F04BFB03F022
:1094900013FEBDE8084003F0B7BD00BF08B503F0F8
:1094A00041FB03F009FE03F0EDFD04F055F8BDE8C3
:1094B000084003F0A9BD00BF08B50146114803F0FC
:1094C000B7F903F05FFB60B103F002FF03F0F2F9BC
:1094D00000F0ACF900280EDBBDE808400020FFF7E3
:1094E0002DBF03F0FFFA03F0F3FE03F0E3F900F001
:1094F0009DF90028F0DA00DE0020BDE80840FFF703
:109500001DBF00BF958E010010B5044603F00AFB95
:1095100003F0D2FD03F0B6FD04F01EF803F074FD75
:109520002046BDE81040FFF7C7BF00BF10B5044696
:1095300003F0F8FA03F0C0FD03F0A4FD04F00CF80A
:1095400003F062FD2046BDE81040FFF7B5BF00BF45
:1095500010B5044603F0E6FA0D48214603F068F919
:1095600003F010FB40B100F061F900280ADBBDE810
:1095700010400020FFF7E2BE03F0B4FA00F056F905
:109580000028F4DA00DE0020BDE81040FFF7D6BE68
:10959000958E01002DE9F04F89B01F469DF848B027
:1095A000FF238046894692468DF81F300DF11F003B
:1095B000F2F722F8002866D0037F9D07F6D1837A60
:1095C0009C07F3D405683E689DF81F300593044658
:1095D00029463046F0F78AFFBBF1000F4CD0BC4261
:1095E00008BF002426460DF11F00F2F705F8D0B1A0
:1095F000027F9107F7D1827A9207F4D4026804902F
:10960000294610460392F0F771FF039A049B00F479
:10961000000000280DF11F001CBF15461E46F1F783
:10962000EBFF0028E4D1059B8DF81F30314B9A6881
:109630007ABB76BB24B1BBF1000F48D1BC4244D108
:10964000FA681A60C3E901893846D04704460DF12B
:109650001F00F1F7D1FF014650B1037F9A07F6D101
:10966000837A9B07F3D4FFF735FC30F002033FD138
:10967000204609B0BDE8F08F0002B0D5FF23354683
:1096800005935C46AEE71B4B9A680446002AD7D088
:1096900026464946CDF800B0534640463A46F1F7D3
:1096A00063FF014678B1BBF1000F09D1BB7A98077F
:1096B00006D4C6B13046FFF70DFC30F0020310D1DE
:1096C0006FF07604D4E700DEEDE700DEB8E7CDF812
:1096D00000B053463A4649464046F1F745FF002858
:1096E000EED100DEECE7002C14BF26460E46E1E783
:1096F00000DEBDE77C7B002001F1100007F0A6BC76
:1097000070B505468AB00C460122002104A80CF071
:109710002FF80F4B01930026032369462846039632
:10972000029309F073FA002810DB4FF4004331462E
:1097300040F2E730E4FB03014FF47A720023E7F7CD
:10974000DFFC02460B4604A807F0BAFC0AB070BD65
:10975000F996010010B5012005F0BCFA0449002378
:1097600001244B608C60CB60BDE8104009F04EBA1C
:109770008C7B002010B5012005F0ACFA04490446AA
:1097800009F0BFFA2046BDE8104009F096BA00BFC4
:109790008C7B00200C4B1A780AB10020704710B562
:1097A0000120187005F096FA4FF4FA710446FFF79D
:1097B000A7FF38B9204609F080FA02280CBF002024
:1097C0006FF0040010BD00BF9C89002008B50A4B53
:1097D000BFF35B8F53E8002F511C43E800100028B3
:1097E000F8D1BFF35B8F002A01DD002008BD05F032
:1097F00079FA002008BD00BF887B002008B5002052
:1098000005F068FABFF35B8F074B53E8001F013187
:1098100043E80012002AF8D1BFF35B8F0221BDE8B4
:109820000840FFF76DBF00BF887B002008B50E4BD6
:10983000BFF35B8F1A68BFF35B8F002A11DDBFF3A4
:109840005B8F53E8002F511E43E800100028F8D129
:10985000BFF35B8F012A01DD002008BD05F058FA37
:10986000FAE76FF0770008BD887B0020052070477D
:1098700032207047014B33F81000704760670200D8
:1098800010B50446FFF70AFE03F0F2FB2046BDE8E0
:109890001040FFF711BE00BF70B5457A867A82B0DE
:1098A000C5F38205044606F0010603F069F9FFF7E7
:1098B000E3FD962003F010FC284633462A4600219B
:1098C00003F02AFB0120F1F7EDFD00283BD020300A
:1098D00003F0DAF803F040F998BB1C48214602F087
:1098E000A7FFFFF757FA08BB03F054FD0021044619
:1098F000284603F0E3F8022D044404F1A30413D036
:10990000042D0CBF4FF4BC732823002128461C44AF
:1099100003F0D0F8201A03F0E7FC03F02DFD02B0AD
:10992000BDE8704003F060BB1823EEE70DF10700BF
:10993000FFF752F9002201469DF8070003F0B2FD3F
:10994000D2E700DEC9E700DEC1E700BFBD9F01002E
:1099500010B50446FFF7A2FD03F08AFB2046FFF78F
:10996000ABFD054B0021012208469C60EEF79CFFF1
:1099700000B910BD00DE10BD0C040020814208B506
:109980000ED00B7ADB0702D46FF08B0008BD0C4BB6
:109990001360FFF71BFF00280FDB6FF00A0008BD04
:1099A0000B7B01EB83010B691B7803F00F03012B89
:1099B00014BF6FF08B00002008BD00DEEDE700BF94
:1099C0004D9D010010B548B10C46FFF72FFF002850
:1099D0000BDB2046BDE81040FFF7B0BC044802F0A6
:1099E00027FFBDE8104003F07DB800DEF1E700BFBF
:1099F0008198010010B500F0A1FE044668B9084B3B
:109A00000522181D4FF48471EEF758FE054B1C8299
:109A10000548032221460BF0ABFE204610BD00BFD7
:109A2000D07B0020BC7B0020A47B002010B500F080
:109A300087FE044668B9084B0522181D4FF484714F
:109A4000EEF73CFE054B1C820548032221460BF035
:109A50008FFE204610BD00BFD07B0020BC7B0020C5
:109A6000A47B002010B504460648EEF74BFE30B14B
:109A700003460020C3F804015870636010BD6FF006
:109A80000B0010BDD07B00200346002018705870DA
:109A900098607047037842789A4212D070B5DCB271
:109AA00000EB840300260546074958685E60EEF720
:109AB0003FFE631CDBB2022B08BF33462B703046DF
:109AC00070BD6FF00B007047D07B002038B5447834
:109AD00000EB84030546586820B1002209495A600A
:109AE000EEF726FE631CDBB2022B08BF002305EB5A
:109AF0008305686820B1002302496B60EEF718FE09
:109B0000002038BDD07B002038B5214D2B7C6A7CED
:109B10009A4202D055F823404CB91E48EEF7F2FDA8
:109B20000446B0B10023C4F80431204638BD1A48B9
:109B300007F0ECFA2B7C6A7C9A42F3D00133DBB25B
:109B4000042B08BF00232B740023C4F804312046E3
:109B500038BD11484FF42032002307F0B1FAA8B9FC
:109B60000D4807F0D3FA2A7C6B7C934209D0531C32
:109B7000DBB255F82240042B08BF00232B74002CC5
:109B8000D0D100DE0023C3F80431FFDE00DEE7E7BA
:109B9000BC7B0020D07B0020A47B002010B5027885
:109BA00043789A4214D0D4B244700278944204D0DC
:109BB0005A1C4370D3B2022B0ED01A4600EB82041B
:109BC0000B70606800B110BDFFF79EFF606010BDB4
:109BD0000133DBB2022BF0D100221346EEE700BFC7
:109BE00070B170B5074E044600252046D4F80441F4
:109BF000C0F804513146EEF79BFD002CF5D170BD45
:109C0000704700BFD07B00202DE9F04702784378F1
:109C1000934205462DD0D7B200EB8709174CD9F8EF
:109C20000420174E88460BE0D2F804A144F8212006
:109C30006374304607F00AFA5246BAF1000F08D0B2
:109C4000617C207C4B1CDBB2042B08BF00239842B4
:109C5000EAD10137FFB2022F08BF0023C9F8042060
:109C600008BF1F464FF001022F7018BF3B4688F80F
:109C7000002005EB83056868BDE8F087BC7B002009
:109C8000A47B002030B5037AC3F302130446002BF3
:109C900093FAA3F0B0FA80F008BF4FF0FF3083B022
:109CA00000F1010044D0217A5A1E134063F30611DB
:109CB00024302172FFF7A2FB00230DF1070104F10C
:109CC0000C008DF80730FFF79FFF0546A8B3284624
:109CD00002F0E0FE2A78842302F00F02D340DB0773
:109CE00016D40DF1070104F11800FFF78DFF30B312
:109CF0009DF80730ABB92146124802F099FD962035
:109D000003F0EAF9002003F0F3F8284603B030BD71
:109D10000D48214602F08CFD03F04EF9284603B0B1
:109D200030BDD5F80230C0F80230EB88C380E2E7DE
:109D300000DE237AC3F30213B5E700DEC7E700DED7
:109D4000D6E700BF99980100759D010070B5C36802
:109D500004461E68F0F7C8FB05463046FFF73AFB9D
:109D600000232D1AC4E9005323812046BDE870402A
:109D7000EAF766BD38B5044602F002FFFFF78EFB36
:109D8000237A03F07102012A05D1C3F3420262F380
:109D900006132372DBB213F0700F05D0636863B152
:109DA00093F82C309B0708D503F062F9A36ABBB186
:109DB0002046BDE83840FFF77FBB2046FFF762FF33
:109DC0000546012003F04CFAA16A034621B1D1E90E
:109DD00003122846E8F728F8BDE8384003F0CCBA6B
:109DE0000220F1F7B5FC0028E2D100DEE0E700BF79
:109DF00010B582B00446FFF7E9FC002809DB084AE9
:109E00000849094800940023F1F7E6FC18B902B0AC
:109E100010BD00DEF3E77730F9D000DEF7E700BFD2
:109E200041480000C59901007D9901002DE9F041EC
:109E30000D46417A9DF818801746CA071E4609D577
:109E4000B8F1000F17D02B78B7EBD31F1AD0002032
:109E5000BDE8F0812946044611F8020B079AC0F3C9
:109E60008010FEF73BFF0028EDD1637ADB07EED5CB
:109E7000B8F1000FE7D1079B1878FEF7FBFE00282A
:109E8000E1D1E4E7062205F1080130460CF08AF83A
:109E9000B0FA80F04009BDE8F08100BFF8B5064691
:109EA000032017461D46F1F7FDFAB0B10446F1F75D
:109EB00015FB162323713046F5F770FFE08045B996
:109EC0007F232068237667762146F1F735FB002053
:109ED000F8BD03F093F8C3B2F3E76FF06800F8BD84
:109EE0002DE9F84F1F460B9B9DF828909DF83050A8
:109EF00006460C4692466BB9437A03F00303012BE6
:109F00002CD9002D3AD02378BAEBD31F4AD00020A9
:109F1000BDE8F88F88460D9A18F8020BC0F3801040
:109F20004146FEF7DBFE0028F2D094F800B0BAEB11
:109F3000DB1FECD104F10801384606220CF032F8A0
:109F40000028E4D10D9B1B78FF2B1ED0F27AFF2A4C
:109F50001BD0981AB0FA80F04009D9E711F8020B2B
:109F60000D9AC0F38010FEF7B9FE0028CBD1737AAA
:109F700003F00303012BCAD9002DC4D10D9B18781F
:109F8000FEF778FE0028BED1C1E7CBF3801BCB459E
:109F9000BDD10B98062241460CF004F8B0FA80F0CF
:109FA0004009B5E7062204F1080138460BF0FAFF34
:109FB000B0FA80F04009BDE8F88F00BF2DE9F04FFE
:109FC00089B0044602F0D2FDC0B250B9FFF766FA7C
:109FD0007648214602F02CFC09B0BDE8F04F02F0B3
:109FE00081BD02F0E5FD054603F056F8074603F093
:109FF0005DF803F0C9FA824603F0A8FA814603F03F
:10A000000DF8EDB28046FFF749FA002DE0D01AF0C6
:10A01000FF0A7FD1FF208DF81F000120F1F742FADF
:10A020000546002800F0A080237B04EB830305F1A4
:10A03000200B19690B46FFB213F8026B06F00F00F4
:10A04000012808BF01F1080995F8201001F00F015F
:10A0500018BF4FF000090329C6F380125FFA88F891
:10A060004FEAD6165DD00529B2D195F821102229E4
:10A07000AED161680029ABD091F82C108907A7D424
:10A080000DF11F000390CDE9019700965946204637
:10A09000FFF726FF00289BD00420F1F703FA0028E1
:10A0A00096D04348214602F0C3FB02F01BFD02F0AC
:10A0B00053FD002856D1B8F1000F4DD1626892F8D7
:10A0C0002C3043F0010382F82C30F1F707FA172205
:10A0D0004FF6FF730271C3808460054603F0F0F809
:10A0E000286103F051F900210446084602F0E6FC1D
:10A0F000241A6C61BAF1000F11D09DF81F306B76F5
:10A10000F1F7ECF92946E8602868F1F715FA09B08B
:10A11000BDE8F08F5FFA89F0FEF78CFD7BE7FF2347
:10A12000EDE795F821100C297FF452AFB9F1000F3B
:10A130007FF44EAF0DF11F01019100975946204663
:10A14000CDE90423FFF772FE80B995F82010DDE910
:10A15000042301F00F0186E702F050FF636883F8E3
:10A16000A600ABE700DEA6E700DE5DE70F4821466C
:10A1700002F05EFB02F020FF237E04EB8303D8692C
:10A1800002F088FC02F0E8FC68B9A37A9807BED513
:10A190009DF81F20434659462046FFF77FFE0028C2
:10A1A0007FF416AFB3E700DEEFE700BF759D010057
:10A1B00051990100837813F03F0315D0C278D3077B
:10A1C0004CBF00F10A03031D900748BF0633100778
:10A1D00048BF023312F0100203D1134610460B6041
:10A1E000704700200B6070476FF01500F7E700BF65
:10A1F00010B50446FFF752F90320F1F7A9FA20B190
:10A200002046BDE81040FFF757B900DE2046BDE804
:10A210001040FFF751B900BF30B5044683B002F0DB
:10A22000AFFCFFF729F96568962002F055FF6A7ABE
:10A23000AB7A5209104603F00103002102F06CFED4
:10A240000120F1F72FF9002845D0203002F01CFC46
:10A2500002F082FC00283CD12048214602F0E8FAB6
:10A26000FEF798FD18BB03F095F80446687A0121C3
:10A27000400902F023FC6B7A04445809022804F1D7
:10A28000A30412D004280CBF4FF4BC73282301216F
:10A290001C4402F00FFC201A03F026F803F06CF8BF
:10A2A00003B0BDE8304002F09FBE1823EFE70DF188
:10A2B0000700FEF791FC6A7AC2F34212920042F064
:10A2C0000102014602F01D029DF8070003F0EAF8C2
:10A2D000C9E700DEC0E700DEB7E700BFA5A40100C4
:10A2E00070B50446856802F041FC88B120682146BB
:10A2F000F1F722F96A6892F82C3043F0010382F8F2
:10A300002C30FFF7CBF82846BDE87040FFF7D4B8F3
:10A310000126206826712146F1F7F6F8E168086801
:10A320000E71F1F709F9FFF7B9F82846BDE870405A
:10A33000FFF7C2B810B504460320F1F709FAD8B107
:10A340000E48214602F074FA02F01CFC40B1FFF7FF
:10A350006DFA00280ADBBDE810400020FEF7EEBFD2
:10A3600002F0C0FBFFF762FA0028F4DA00DE0020FA
:10A37000BDE81040FEF7E2BF00DEE1E781A3010087
:10A3800002F0D0BB30B50B4683B0044601A9184695
:10A39000FFF710FFE8B9019DDDB1216891F8442075
:10A3A00002EB420301EB4303062093F83D3000FB30
:10A3B000021203F03F03C98E20893832FDF704FCF6
:10A3C0002389013323812B7860F305032B7003B0BD
:10A3D00030BD00DE019DE0E7036A43B1D3F804110C
:10A3E00029B18B789A0602D0CB78DB0600D470476F
:10A3F000FFF7C8BF70B5044682B0FFF73DF8206A8A
:10A40000666801A9FFF7D6FE002841D1019B002B09
:10A410003ED0187800F03F00FEF7F0FF236AD3F833
:10A420000451002D37D02562AB789A0602D0EB7824
:10A43000DB0613D41948214602F0FAF902F0AEFD0A
:10A44000284602F027FB02F087FBF8B902F094FFE0
:10A45000204602B0BDE87040FFF7BEBF214610485D
:10A4600002F0E6F94FF4967002F036FE727AB37A93
:10A47000520903F001031046194602F063FD284615
:10A4800002F008FB02F068FB0028DFD000DEDDE709
:10A4900000DE019BBDE700DEC5E700BFF1A10100C2
:10A4A000F5A301002DE9F04F8BB0044602F05EFBEE
:10A4B000C0B250B9FEF7F2FF9D48214602F0B8F94C
:10A4C0000BB0BDE8F04F02F00DBB02F071FB05468A
:10A4D00002F080FD074602F0DFFD064602F0E6FDD1
:10A4E00003F052F8824603F031F8814602F096FDFF
:10A4F000EDB28046FEF7D2FF002DDDD01AF0FF034B
:10A50000059340F0B180FF208DF827000120D4F89A
:10A510000490F0F7C7FF0546002800F0C5800DF154
:10A52000260104F1140099F80C30FFF76DFB05F1DA
:10A53000200B002800F0B680C17811F0020118BF8E
:10A5400000F10A010346049195F8201013F804ABBA
:10A5500001F00F010329CAF38012F6B24FEADA1AAA
:10A5600000F089800529A7D195F821102229A3D1CF
:10A57000D9F8041000299FD0049902960DF1270004
:10A58000CDE900A1039059464846FFF7A9FC0028F1
:10A5900092D00420F0F786FF014600288CD0654851
:10A5A00002F046F902F008FD02F010FB017821F0FC
:10A5B0003F0141F00801017095F820100478C909A5
:10A5C00061F386140470847895F820106FF3871473
:10A5D000847004780246C1F3801161F3C71401212D
:10A5E000047002F8031FAC6A4460C478AE8D068123
:10A5F00044F00204C470D5F82240C0F80A40EC8C44
:10A60000C48100F1100184788A1A62F30504821C67
:10A61000891A8470417002F03DFA02F09DFA002818
:10A6200044D1F0F75BFF172303714FF6FF73C3802C
:10A63000C0F80890044602F043FE206102F0A4FE38
:10A64000054699F809003946400902F037FA059B9A
:10A650002D1A65616BB19DF827306376F0F73EFFE8
:10A66000E0600BB0BDE8F08F5FFA89F0FEF7E2FA28
:10A670004AE7FF23F1E795F821100C297FF41CAF7E
:10A680000DF127010191009659464846CDE9062370
:10A69000FFF7CCFB60B995F82010DDE9062301F047
:10A6A0000F015FE700DE47E700DE38E700DEB8E7CE
:10A6B00099F8183009EB8303DD69AB78990602D06D
:10A6C000EB78DA061DD41A48214602F0B1F802F000
:10A6D00073FC284602F0DEF902F03EFA30BB204659
:10A6E000FFF77AFE99F80A309B07BAD59DF8272024
:10A6F0005FFA88F359464846FFF7D0FB0028B0D0F0
:10A70000DAE621460C48256202F092F84FF4967082
:10A7100002F0E2FC99F8092099F80A30520903F096
:10A7200001031946104602F00DFCD2E700DED6E721
:10A73000F1A10100E1A20100F5A301000020704792
:10A740000020704710B582B00446FFF73FF800289C
:10A7500009DB084A0849094800940023F1F73CF84E
:10A7600018B902B010BD00DEF3E77730F9D000DE93
:10A77000F7E700BFA9490000A59301009D930100E0
:10A7800000B9704700DE704708B54B6823B14B68CD
:10A7900093F82C30DB070AD481420B8E09D0ABB181
:10A7A0004B8E9BB9134802F043F802F09BF900204E
:10A7B00008BDDBB991F82830DA07F8D491F83430C5
:10A7C000DB06F4D40C4802F033F8EEE70B6C13B15F
:10A7D0006FF08B0008BD094B1360FEF7F7FF0028F0
:10A7E00002DB6FF00A0008BD00DEFAE74B8E002B9B
:10A7F000E0D1D7E789A90100A94E000061AA0100B4
:10A8000008B5064B03989860002211460120EEF728
:10A810004BF800B908BD00DE08BD00BF2C040020C5
:10A820000021EAF7FDB900BF10B5044682B0FEF77B
:10A8300035FE94F8283094F834206FF3000322F0AA
:10A84000180284F828309B0684F8342001D4636809
:10A8500053B3962002F040FC002318461A461946CE
:10A8600002F05AFB0120F0F71DFE20B3203002F069
:10A870000BF9FEF78FFA40B902F0B6FB0F482146FC
:10A8800002B0BDE8104001F0D3BF0DF10700FEF7A4
:10A89000A3F994F834209200014602F01C029DF8BE
:10A8A000070002F0FFFDE7E702F086FB0120F0F76A
:10A8B000F9FD0028DAD100DED8E700BF494F0000DB
:10A8C00010B50446FEF7EAFD02F0D2FB0420F0F7D3
:10A8D0003FFF20B12046BDE81040FEF7EDBD00DE91
:10A8E0002046BDE81040FEF7E7BD00BF08B5FFF702
:10A8F0009BFF02F0F1F8BDE8084002F03DBD00BF4B
:10A9000070B582B00546FEF7B7FD02F055FB012099
:10A91000F0F7C8FD98B3203002F0B6F802F01CF949
:10A9200058BBFEF737FAC8B902F034FD00210446DF
:10A93000084602F0C3F800210646084602F0BAF8BD
:10A940003444CB34201A02F0CFFC02F04DFB0D480A
:10A95000294602B0BDE8704001F06ABF0DF1070062
:10A96000FEF73AF995F834209200014602F01C02F5
:10A970009DF8070002F096FDD6E700DED1E700DE85
:10A98000C9E700BF494F000030B5044685B0FEF767
:10A9900085FD0DF10F012046FEF7F2FC08B105B070
:10A9A00030BD054602F064FB94F828200095C2F300
:10A9B0004103013303F00303032B08BF002363F3B8
:10A9C000420284F828202B46042229462846EFF725
:10A9D000A1FC9DF80F307BB1238E002B32D194F86F
:10A9E0003430DA060FD494F92830002B1FDB2046D0
:10A9F000FEF762FD05B030BD0420F0F7A9FE002887
:10AA0000EAD100DEE8E76FF3041384F83430F0F79E
:10AA100065FD014600B30A230B718C60E36ACB60CD
:10AA20000868F0F789FD94F92830002BDFDA0B4B2A
:10AA30000021012208469C60EDF736FF0028D6D0A1
:10AA400000DED4E7638E002BC9D194F8283043F0A0
:10AA5000800384F82830C2E700DEDCE71C04002015
:10AA600070B5C36804461E68EFF73EFD05463046E4
:10AA7000FEF7B0FC00232D1AC4E9005323812046C1
:10AA80000121BDE87040EAF7CBB800BF2DE9F843DB
:10AA90009DF82090164680460D464A461946304697
:10AAA0001F46FEF755F90446A0B91DB198F8343099
:10AAB0005B061CD498F82850C5F38013B3420CD021
:10AAC000C5F3C105012D05D926B17B7903F0C0037B
:10AAD000402B12D02046BDE8F88308F1360006224C
:10AAE00039460BF05FFA0028EAD10124F2E7484624
:10AAF000FEF758F80028EDD1DCE7099B002BF4D0D5
:10AB0000099A01231370F0E710B548B10C46FEF71F
:10AB10008DFE00280BDB2046BDE81040FEF70EBC82
:10AB2000044801F085FEBDE8104001F0DBBF00DE07
:10AB3000F1E700BF89A901002DE9F04F83B0074676
:10AB400003209DF830A09DF834508846164699465B
:10AB5000F0F7A8FC002800F084800446F0F7BEFC63
:10AB60004FF6FF73E38097F8343058075FD003F057
:10AB70000703012B6FD0042B70D000DE94F8202047
:10AB800002F00F03042B5CD0072B52D10023FB6291
:10AB9000A76002F095FB206102F0F6FB834697F870
:10ABA0003400514600F0070001F088FFA37EABEBB4
:10ABB00000006AF382036061A376009797F834106F
:10ABC000294B524601F0070104F1200000F016FD68
:10ABD000A37E60F3C713A3761B062AD597F83430FB
:10ABE00043F0100387F834306FF00F07B9F1000F0E
:10ABF00023D17F20B8F1000F14BF3246FF22FF3E61
:10AC0000A37E20764FEA450518BF012645EA461582
:10AC100005F0220523F022031D4320686276A57605
:10AC20002146F0F789FC384603B0BDE8F08F0523D4
:10AC300023710027B9F1000FDBD002F0DFF9C0B2B9
:10AC4000D8E797F834301907F3D5052363F30302E7
:10AC500084F82020EDE7062323718FE70823237172
:10AC60008CE76FF06807DEE77DB3010000207047D6
:10AC70000020704710B582B00446FEF7A7FD0028FB
:10AC800009DB084A0849094800940023F0F7A4FDAD
:10AC900018B902B010BD00DEF3E77730F9D000DE5E
:10ACA000F7E700BF21A8010009AB010089A7010057
:10ACB00070B50B4C0546FEF7F1FBE5602E68EFF72B
:10ACC00013FC05463046FEF785FB00232D1AC4E928
:10ACD0000053238120460121BDE87040E9F7A0BF61
:10ACE000FC80002090F828C01CF0080F02D132B977
:10ACF00001207047002AFBD11846FDF7BBBF10B5F5
:10AD0000044608461946FDF7CBFF20B994F8280001
:10AD1000C0F3C00010BD012010BD00BF70B582B0EF
:10AD2000FF2B8DF80730064607D090F83500C01A83
:10AD3000B0FA80F0400902B070BD0C4615462946B5
:10AD40000DF107022046FDF7C9FF0028F3D096F861
:10AD50003430C3F34013A34202D0002002B070BDD0
:10AD60000622294606F108000BF01CF9B0FA80F023
:10AD70004009E0E72DE9F04F85B005469DF83860C1
:10AD80000F9F14469C4611B1DB78D80741D59CF83B
:10AD90000130072B39D99CF803209107C2F34008F2
:10ADA00018D50D2B31D9E3461BF80A9BC9F3801A3D
:10ADB0004FEAD9191CB195F828301A0747D55B46D8
:10ADC0004A4621462846CDE90E6705B0BDE8F04F5A
:10ADD000FFF75CBE9CF80020C2F3801AD2091CB9B0
:10ADE000012005B0BDE8F08F95F828301B07F7D497
:10ADF00091460CF104010CF10A0BFF2E8DF80F6047
:10AE00000BD095F835309E421DD0002005B0BDE82E
:10AE1000F08F084605B0BDE8F08F0DF10F025046E7
:10AE20000191FDF75BFF0028EFD095F834300199D0
:10AE3000C3F340135345E8D1062205F108000BF097
:10AE4000B1F80028E1D1B8F1000FC9D0B7E70CF193
:10AE50000401D2E72DE9F0479DF8285047680C46D9
:10AE6000AD019DF82010994605F04005237845F086
:10AE7000250545EAC11503F010031D4390460B9BC1
:10AE80002570222262701A68C4F802209B88E38031
:10AE9000099B1968A1609B88A3817B68C4F80E3068
:10AEA000B97A3B896382012221756275B7F816A0D1
:10AEB000064602F069FA494605464046B8F1000FD9
:10AEC00027D018F0040F52D101F0F8FD08F0030369
:10AED0002B33DB00C8F34002D34003F65A232B4444
:10AEE000A3EB00093369EBB140F2E24303FB0AFA3A
:10AEF00002F0ECF9012105464046D6F8108001F039
:10AF0000DBFD2B184344002B01DB994538D9534412
:10AF1000F9E701F0D3FD05F5DB69A9EB0009336919
:10AF2000002BE1D10C9AC2F80090A375E375FB8A5F
:10AF300023833B8B6383B38AA383D7F82230C4F87F
:10AF40001E3097F8263084F8223097F8282094F89D
:10AF5000233062F3040384F82330FEF787FC94F86F
:10AF6000233060F3471384F82330BDE8F08701F005
:10AF7000A5FD05F5D45909F10C09A9EB0009CEE7A7
:10AF80000C9A1360054AA3EB0903A2FB0323627D1D
:10AF90009B0A0132E3826275C9E700BF5917B7D136
:10AFA00030B5044683B0FEF779FAACB10DF1070174
:10AFB0002046F7F7F5F89DF80730054663B1164BC4
:10AFC0001B8813B31DB195F92830002B0FDB2046E9
:10AFD000FEF772FA03B030BD0F4B1B88002BF6D181
:10AFE0000520F0F7B5FB0028F1D100DEEFE70B4BB1
:10AFF0000021012208469D60EDF756FC0028F4D19F
:10B000002046FEF759FA03B030BD0520F0F7A0FB4B
:10B010000028D7D100DED5E77E8900204C0400202F
:10B02000F0B50C4683B0074615461E46FEF724FAD7
:10B0300001F0C2FF204601F027FD01F08DFD002840
:10B040003ED1FDF7A7FE48BB02F0A4F97B79044688
:10B05000012103F0070001F031FD7B79044403F086
:10B060000700022804F1A30416D004280CBF4FF4F3
:10B07000BC73282301211C4401F01CFD201A02F09E
:10B0800033F902F079F901F0AFFF3146284603B0F9
:10B09000BDE8F04001F0CCBB1823EBE70DF1070051
:10B0A000FDF79AFD7A79C2F30202920042F00202A1
:10B0B000014602F01E029DF8070002F0F3F9C3E713
:10B0C00000DEBEE770B504460120A568F0F7EAF996
:10B0D000014638B1E86A044A23462031BDE8704091
:10B0E000FFF79EBF00DEF5E7F1B7010010B504469B
:10B0F0000120F0F7D7F940B1234600F12001044ABE
:10B100002046BDE81040FFF78BBF00DEF4E700BF2C
:10B11000D5B7010010B504460120F0F7C3F940B1DE
:10B12000234600F12001044A2046BDE81040FFF705
:10B1300077BF00DEF4E700BF3DB101002DE9F04F1D
:10B1400083B0064601F012FD10F0FF074CD1FEF768
:10B150009BF939463046F7F723F8F4680546002C8A
:10B1600000F0DE80F7606B6893F82C206FF300022C
:10B1700083F82C2095F828306FF3C71385F8283012
:10B180000127206827712146F0F7BEF9E46827718E
:10B1900020682146F0F7D0F995F83430DA061AD550
:10B1A0006FF3041385F83430F0F798F9014600285E
:10B1B00000F0B4800A238D600B71EB6ACB600868E5
:10B1C000F0F7BAF95B48294601F032FB03B0BDE85D
:10B1D000F04F01F087BC5848314601F029FB03B01D
:10B1E000BDE8F04F01F07EBC01F0E2FC814602F0C8
:10B1F000CBF95FFA80F802F0A9F95FFA80FA01F062
:10B20000E9FE0746FEF740F900213046F6F7C8FF91
:10B21000F4680546002C00F086800023F360B8F146
:10B22000000F00F084805046FDF704FD82465FFA6F
:10B2300089F2002A97D001F0C9FC01900120F0F7B3
:10B2400031F98146002870D099F8201001F00F02E2
:10B25000082A88D199F821200E2A84D199F8222031
:10B260003F2A80D899F8232002F00302032A7FF4B2
:10B270007AAF09F1240BC1F3801153465A46284690
:10B28000FFF74CFD00283FF46EAF019B99F82010AA
:10B290001A78C2F38012B2EBD11F7FF464AF194663
:10B2A0000231062209F12A000AF07CFE00287FF410
:10B2B0005AAF6A68707992F8481060F3020182F818
:10B2C00048107179FF00C1F3020107F0080747EA4F
:10B2D000011792F8481021F078010F4382F8487066
:10B2E000707992F8491060F3020182F84910B8F1C0
:10B2F000000F3FF44DAF99F8202094F82010C2F3CE
:10B30000801262F3C71184F82010D9F82420A262B9
:10B31000B9F82820A28584F819A039E700DE49E7AA
:10B3200000DEF4601FE700DE77E700DE8CE74FF019
:10B33000FF0A7CE7B1AC0100A1AF010010B50446E3
:10B340000520F0F705FA20B12046BDE81040FEF7D1
:10B35000FFB800DE2046BDE81040FEF7F9B800BF98
:10B36000884208B507D0F6F7D7FD00280CBF6FF06C
:10B370008B00002008BD00DEF5E700BF2DE9F04F8F
:10B38000074685B0FEF78AF8D7F80C80B86898F8B9
:10B39000029001244FEA591904FA09F4E4B23C730B
:10B3A000F6F7BAFD8246002800F0D280002398F913
:10B3B000002098F802500193002A4FEA052598F8DA
:10B3C000012005F4F85545EA020598F80020B4BFBD
:10B3D0004FF496711E2101FB05F5B4BF4FF49E7129
:10B3E0002E2112F0400F14BF32264FF4FA765D4A38
:10B3F000009105FB06F6A2FB06264FEA840B5A4A8B
:10B400004FF0000C012120465FFA8BFBA2F800C030
:10B4100001F052FA5A46FF21082001F005FB98F886
:10B42000000000F03F00FDF7E9FF07F1200001F008
:10B430002BFB019BB60C002B00F085804B48194676
:10B4400001F0F6F9962001F047FE01232246002183
:10B45000204601F061FDFDF79DFC002857D19AF8C8
:10B46000283013F0180F47D17F6901212046FDF7DE
:10B47000FBFF2F44BF1B381AA0F11001A0F10F08E9
:10B48000002001F0C5FE8045074614D03848394AEF
:10B49000394940F2671307F02FFB434637483A46D5
:10B4A000294607F029FB002383F31188BFF36F8F30
:10B4B0000323184602DF009B012120461E44FDF7AE
:10B4C000D3FF37440346012120461F4401F0F6FA1A
:10B4D000B9F1010F074418D0B9F1020F0CBF4FF4B6
:10B4E000BC702820384401F00DFF01F045FF05B085
:10B4F000BDE8F04F01F078BD0120FDF737F8417845
:10B50000821C007801F094FDAEE71820EAE79AF873
:10B510002800C0F3C000FDF729F882460DF10F00A6
:10B52000FDF75AFB9AF8011080460AF102029AF8D8
:10B53000000001F07DFD9DF80F004BF00202414636
:10B5400001F0B0FF90E70E48394601F071F979E754
:10B55000BB68009301461846F6F722FE009B824620
:10B5600025E700BF83DE1B437E890020D5B701009D
:10B57000F4650200B4680200046902002469020054
:10B58000F1B7010010B568B10C46FEF74FF900287D
:10B590000FDB0520F0F7DCF868B12046BDE810406D
:10B5A000FDF7CCBE054801F043F9BDE8104001F0BD
:10B5B00099BA00DEEDE700DEEFE700BFA1AF0100C2
:10B5C00010B582B00446FEF701F9002809DB084AED
:10B5D0000849094800940023F0F7FEF818B902B0B2
:10B5E00010BD00DEF3E77730F9D000DEF7E700BFEB
:10B5F0002155000085B5010061B301002DE9F04F30
:10B600000446007800F00F00072883B088461646ED
:10B610001F4640F08F806578002D7DD0A3789B0673
:10B620007AD0E378D8074CBF0A340434990748BF6E
:10B6300006345A0748BF0134180748BF0234D906F8
:10B640006AD5A37862784FEA032C0CF4F85C5CEAC4
:10B65000020C61D05F2B4FEA53195DD8227802F0BB
:10B660003F03242B58D812F0800F14BF4FF4967369
:10B670001E2318F0040F03FB0CFA51D108F003014C
:10B680000D440935ED00C8F34001CD40534405F5A4
:10B6900096718B4240D352064CBF32224FF4FA725D
:10B6A000264B02FB0AF2A3FB0232920C31464046C3
:10B6B000019201F003FA4FF0010B03460BFA09F077
:10B6C000C0B259469946FDF7CFFE019A05F2EF63E5
:10B6D00013444B4403449A451ED85846EFF7E2FE04
:10B6E000814648B30C9BC9F80830C9F80C4001F0FA
:10B6F0004BFE31460446404601F0E0F9641B241A33
:10B7000049463846C9F8144001F092F801F0EAF9C8
:10B71000012003B0BDE8F08F002003B0BDE8F08F3A
:10B720007100ED0001F002012B3501318D4005F56E
:10B73000BC75ABE700DE6EE700DED3E783DE1B43BC
:10B74000F0B50C46C978C90783B040D50546174601
:10B750001E46FDF71FFB98B995F8283013F0180F17
:10B760000BD00120FCF702FF2246334612F8041BDF
:10B77000C1F38011FCF706FF3870012003B0F0BD63
:10B7800095F828002546C0F3C000FCF7EFFE15F839
:10B79000041B3346C1F380112A46FCF7F3FE3870D0
:10B7A0000028EAD123785B06E7D50DF10700FDF705
:10B7B00013FA9DF80730002BDFD0284601F018FF60
:10B7C000089B187001F0C2FE099B1870D5E7002095
:10B7D00003B0F0BD10B504460021F6F7E1FC627934
:10B7E000214602F00702BDE81040E9F7D5BF00BFCF
:10B7F000034680681A7B90F83430DB0602D50021BE
:10B80000E9F7CABFC16AE9F7C7BF00BFF8B5054687
:10B81000FDF744FEEFF78CFF044600283FD0214B94
:10B82000214A1B781178A27920485B0001F00101C0
:10B8300003F002030B4322F0030213431C4A018866
:10B840001278A18001202070A371227219B195F99C
:10B850002730002B04DB2846BDE8F840FDF72CBE5E
:10B8600095F82C30C3F30213022B16D0042B0CBF17
:10B870004FF4BC77282701F073FD064601F076FDF2
:10B88000361AE660EA6BC4E904270023EB636B64B5
:10B890002846BDE8F840FDF70FBE1827EBE700DEAD
:10B8A000BDE700BFA1890020A28900208089002077
:10B8B0009F89002008B501F085F90278034601212F
:10B8C00061F301021A70002008BD00BF014B002087
:10B8D000187070479D890020704700BF30B4084938
:10B8E000084A094D094C0A4800230B801370094986
:10B8F000094A2B80237003700B70137030BC7047A3
:10B9000080890020A389002082890020A28900204C
:10B91000A1890020A08900209F890020814207D0B2
:10B9200091F82C305B070CD50C4B188848B9704740
:10B930000A4A0B4B11881A7821B9032A08D900DE6C
:10B9400003E0074B1B78032BF9D86FF08B0070478F
:10B9500001321A706FF00F00704700BF808900201D
:10B96000A0890020814207D091F82C305B070CD5CC
:10B970000C4B188848B970470A4A0B4B11881A7843
:10B9800021B9032A08D900DE03E0074B1B78032BFB
:10B99000F9D86FF08B00704701321A706FF00F000A
:10B9A000704700BF82890020A089002038B50D466D
:10B9B00078B30446FDF73AFF002847DBE2682389A5
:10B9C000518B938301330B4492F927105383002941
:10B9D00013DBEFF7ADFE002836D0837923F00303A5
:10B9E000002243F002030121017082808371027200
:10B9F0002846BDE83840FDF7A1BC2089136B916B48
:10BA000000FB03330B44516B8B4228BF0B469363FF
:10BA1000DFE791F92730002B0ADB0D48294600F0BB
:10BA200007FF01F05FF895F862301B0708D438BDB6
:10BA3000084B1B88002BF0D1074B01221A70ECE752
:10BA4000BDE8384001F024BD00DEC6E700DEB5E702
:10BA50000DB8010082890020A189002070B506463A
:10BA60000120EFF71FFD48B3002180F8211096F860
:10BA7000495005F0070500F12004284600F01CFF9E
:10BA800096F86230AA001B0742F001020DD51F2173
:10BA9000082000F0C9FF2246294606F1630001F0A4
:10BAA0007FFCBDE8704000F0EFBF08201B2100F0D4
:10BAB000BBFF2046BDE8704000F0E6BF00DED3E7E4
:10BAC00038B50446FDF7D8FC2C4AA0891388013309
:10BAD000138001F001FB94F8482094F84900C2F368
:10BAE000C00300F0070002F00702002101F014FA81
:10BAF0002046FFF7B3FF01F02FF800283BD101F0FB
:10BB000049FC258A034694F849000D35012100F0CF
:10BB100007001D4400F0D2FF94F8493003F00703FA
:10BB2000022B054425D0042B0CBF4FF4BC732823F3
:10BB300094F84800C0F3C00100F007001D4400F075
:10BB4000B9FF281A01F0D0FB0D4B1B881BB994F9E3
:10BB50002730002B05DA21460A48BDE8384000F0BE
:10BB600067BE01F041FA21460648BDE8384000F0C2
:10BB70005FBE1823DCE700DEC1E700BF828900203A
:10BB800080890020ADBC010070B590F848300546B2
:10BB900003F007040E462046C3F3C00100F08CFEFC
:10BBA00095F86230A200DB0642F001020CD50820B5
:10BBB0001F2100F039FF314605F1840001F0F2FB4E
:10BBC000BDE8704000F066BF08201B2100F02CFF8C
:10BBD0003046BDE8704000F05DBF00BFF0B50546DF
:10BBE00083B001AAC06C0F46296DECF7F1FD95F802
:10BBF00062305A0706463BD448B3019C95F8613041
:10BC000095F8602004341C4412B9627885F86020ED
:10BC100033B12378012262F30103237095F8613078
:10BC200095F86020D31A63702846F7F76DFA6378A9
:10BC300083422BD960700121237803F00F03002287
:10BC400043EA01132370A2703C6003B0F0BD43F0DF
:10BC5000040385F8623000F0B5FF0446124B1B78F0
:10BC6000EBB1237843F0100323703C6003B0F0BDC8
:10BC700043F0040385F8623000F0A4FF0446002E70
:10BC8000ECD0237843F010032370EEE732682B6D7D
:10BC90009A42D0D1044B19780029CCD1CCE7227834
:10BCA00063F304122270CFE79D8900202DE9F04F45
:10BCB00085B0044600F05AFFC0B250B9FDF7E4FB6E
:10BCC000C748214600F0B4FD05B0BDE8F04F00F0D4
:10BCD00009BF00F06DFFC6B201F0A0F9DFF80483E0
:10BCE000C7B2FDF7D1FBB8F8003001200133A8F846
:10BCF0000030EFF7D7FB0546002800F03A81002E10
:10BD00005AD1B94B93F80080B8F1000F40F0E380AE
:10BD100094F8622003A9C2F3800B204601221A7016
:10BD2000FFF75CFF94F92730002BB146C0F20A817F
:10BD3000AE4B1B78002B00F0BE80A948214600F0D6
:10BD400077FD94F92730002B80F2188101F034F947
:10BD5000039994F862200B7862F3C3030B7094F894
:10BD600062300A78C3F3400363F382020A7020460C
:10BD7000FFF70AFF00F0F0FE002840F02F8101F0ED
:10BD8000EFFA002800F08180B9F1000F00F0858003
:10BD9000A08A4FF6FF73984200F03F814946F7F7BB
:10BDA0003DF9B8F1000F7BD1EFF7BEFB002F40F05B
:10BDB000C28005B0BDE8F08F94F8622095F820109D
:10BDC00002F00103C1F38000984200F0C08083F0CC
:10BDD000010363F3000294F9273084F86220002BFA
:10BDE00005DA94F82C3043F0080384F82C30DFF89F
:10BDF00000B29BF8003013B1013B8BF8003094F88F
:10BE0000623013F0040A40F0C680D4E9130103AA9B
:10BE1000ECF7DEFC8146002800F0D580039B04335C
:10BE20001A46009394F861301A44517871B194F82D
:10BE30006220D0060AD5D4F894200132C4F89420A8
:10BE4000D4F8982042F10002C4F8982094F86020B9
:10BE50001944C9B2914280F0BE8084F861104FF05D
:10BE6000000994F92720002AC0F2EF8095F82010ED
:10BE7000CA065CBF009A12F803A094F862205CBF67
:10BE80008AF0100ACAF3001A64E001F05DFA01F0CA
:10BE900061FAB9F1000F7FF47BAFB8F1000F85D0E4
:10BEA000EFF71CFB03232B71A38A2868EB8029463C
:10BEB000EFF72AFB78E7E08901F00EF994F84900E2
:10BEC00000F0070001F014F84A48214600F0B0FCE9
:10BED00001F052FA3CE708F1FF3818F0FF0894F837
:10BEE000622083F8008008BF4FF0010AB04618BFF7
:10BEF0004FF0000AB14603A92046C2F3800BFFF7BA
:10BF00006DFEBAF1000F7FF418AF94F92730002BC3
:10BF100018DB002E3FF40CAF95F82030D9063FF522
:10BF200007AF039B1A78D2063FF502AF5B78002B70
:10BF30003FF403AFFCE601F061F884F8A60005B019
:10BF4000BDE8F08F636C002B7FF4F7AEE1E74FF0B4
:10BF5000000AD146C1F3C001C2F3400399425FD049
:10BF60004FF000082049244B00200870012119706F
:10BF7000C1E700DE002E3FF4C4AE1DE700F0B2FDC5
:10BF800000F0EAFD002868D194F862306BF3820378
:10BF900084F86230F3E66FF3820384F8623000F0D5
:10BFA00011FE94F92730002B0DDB95F8201011F0CD
:10BFB00010090AD190F800A094F862208AF0100AC3
:10BFC000CAF3001AC6E795F8201094F862204FF0E3
:10BFD000000AD146BEE773D000DE40E700DECEE6C1
:10BFE0000DB8010080890020A3890020A0890020CD
:10BFF0009D890020C1BA0100A289002001F0A4F9A6
:10C0000001F0A8F9B9F1000F3FF4D0AEA08A4FF6C5
:10C01000FF73984250D14FF0000800DEA08ABDE6C1
:10C020000320EFF73FFAA8B194F8623083F00203DF
:10C0300084F8623095F8213094F86220002B8FD07C
:10C0400010070CD44FF001088CE794F8622095F8A3
:10C0500020107FE794F8622082E700DE94E701F089
:10C06000E5F900287AD001F009FA002861D1D4F866
:10C070007330D4F87720134305D195F8203003F0BE
:10C080000303032B3ED0364B3648022221461A705A
:10C0900000F0CEFB00F026FD00F05EFD80BB01F05D
:10C0A0005FF90028AAD0B9F1000F3FF47FAEA08A53
:10C0B0004FF6FF7398424ED04946F6F7AFFF73E64E
:10C0C0000022A4F86020206D019304F14C01ECF7EC
:10C0D00087FB039A019B1268C9F80020039AC2F8F3
:10C0E00000909BF80020DDF80C9022B9B8F80020F1
:10C0F000052A7FF6B6AE1C4A12788BF80020B0E60F
:10C1000000DECCE700F062FD4378272B0146BAD869
:10C110000333DAB205F1200009F014FFD4F87330CC
:10C12000013BC4F87330D4F8773043F1FF33C4F8DF
:10C130007730D4F873300133C4F87330D4F87730E3
:10C1400004F1730243F100035360054B01221A709E
:10C1500094F8622076E700DEA08AADE700DE82E791
:10C160009F8900200DB801009E890020024B1A789B
:10C1700018701046704700BF9E89002010B582B02D
:10C180000446FDF723FB002809DB084A0849094853
:10C1900000940023EFF720FB18B902B010BD00DEB9
:10C1A000F3E77730F9D000DEF7E700BFB95E0000B3
:10C1B000ADB9010065B9010010B582B00446FDF7C4
:10C1C00005FB002809DB084A0849094800940023B8
:10C1D000EFF702FB18B902B010BD00DEF3E77730CD
:10C1E000F9D000DEF7E700BF19610000ADB901002A
:10C1F0001DB9010008B500F095FC00F05DFF0C4B87
:10C200000C4A19781378CB1ADB0701D4117008BDDA
:10C21000094B186800F060FF084A094B12781B7838
:10C220001046194600F08EFEBDE8084001F0A4B8A3
:10C23000A5890020A489002034810020A88900203D
:10C24000A7890020F8B50C4617461D46064600F0A3
:10C2500039FAFDF7D3FA002844DB00F015FB069805
:10C26000002100F0E5FA032C2FD80121013C01FA4E
:10C2700004F4E0B21C4B1D4C1970207000F01CFB44
:10C280007D2F25DC07F17F03DBB2932B28D83846BE
:10C2900000F070FB00F062FB00277000023000F03D
:10C2A00095FB134800F0ACFB124940F25B6000F0D4
:10C2B00073FC23786A0142EA830202F0FC02FF2148
:10C2C000082000F0B1FB3846F8BD00210420D1E77A
:10C2D0007F2F02D100F04CFBDCE700F045FBD9E7F3
:10C2E0001127DAE700DEB8E7A7890020A889002037
:10C2F000146C02005555550010B500F037FCC0B263
:10C3000028B900F00FFCBDE8104000F0D5BE00F0E9
:10C310004FFC044600F006FC00F0CEFE962000F034
:10C32000DBFE074A074B12781B7810461946E4B229
:10C3300000F01EFE1CB1044A13880133138010BDA7
:10C34000A8890020A789002084890020F0B5144620
:10C3500083B0072C9DF820709DF9302028D80D4619
:10C36000591E032924D84B4E3178F1B919464A4B4E
:10C3700000933B1E18BF0123FFF764FFB0B9A7B9B4
:10C38000464A13780133137000F020FC037845709F
:10C3900064F30303013C07460370062C73D8DFE8FF
:10C3A00004F0625C56504A440A000C2003B0F0BD11
:10C3B000112003B0F0BD2A46AA21033009F0EAFD9E
:10C3C000374C384600F066FB2278530751D5354F7D
:10C3D0003A785200EB0002F002022B330132934014
:10C3E00003F5BC73304A03F26930A2FB0020400A17
:10C3F00040F2712202FB00F0C01A2C4B186000F0D2
:10C400006BFE3B7822781946104600F09BFD00F049
:10C410007DF90022C11C012000F06AFE00F0ACFF93
:10C4200001230020337003B0F0BD2A46F021033011
:10C4300009F0B0FDC4E72A460021033009F0AAFD47
:10C44000BEE72A46FF21033009F0A4FDB8E71849EA
:10C450002A46033009F076FDB2E72A46552103301B
:10C4600009F098FDACE72A460F21033009F092FD50
:10C47000A6E702F003032B440933DB00C2F34002BA
:10C48000084FD340AEE70B492A46033009F05AFD66
:10C4900096E700BFA6890020F5C10100A58900200C
:10C4A000A8890020A78900205917B7D1348100201E
:10C4B000146A0200146B020070B54A1E022A82B090
:10C4C0002DD8194E1D4633782BBB184B00932B1ECD
:10C4D00018BF01237F22FFF7B5FE0446C0B9D5B9C6
:10C4E00000F074FB00F0D0FA962000F0F5FD104A41
:10C4F000104B12781B781046194600F039FD00F0F9
:10C5000005F92246C11C204600F0F2FD01233370DC
:10C51000204602B070BD0C24204602B070BD11242C
:10C52000204602B070BD00BFA6890020F9C20100FC
:10C53000A8890020A7890020F8B51A4F3B784BB393
:10C54000194B1A4C1A4D1A88028000212278198042
:10C5500029789142D3B21FD022780233DBB29342C2
:10C560002B700CD02026EFF3118086F31288BFF3D6
:10C570006F8F06F0CAFC23782A789A42F3D100F034
:10C58000A7FEFDF753F9002809DB00F0ABF8002007
:10C590003870F8BD0C20F8BD00F0A4FAEFE700DE1B
:10C5A000F3E700BFA689002084890020A489002029
:10C5B000A58900204FF080530246D3F8A410013122
:10C5C00007D04FF08051D1F8A00010F0010009D140
:10C5D0007047D3F8A8304FF6FF719BB28B42F0D171
:10C5E00000207047D1F8A4301360D1F8A83013713F
:10C5F000C3F3072363F03F035371D1F89030013345
:10C600001CD0D1F89430013318D0D1F898300133D0
:10C6100014D0D1F89C30013310D0D1F89030C2F84A
:10C620000630D1F89430C2F80A30D1F89830C2F808
:10C630000E30D1F89C30C2F8123008E00023C2F866
:10C640000630C2F80A30C2F80E30C2F812300120AB
:10C65000704700BF00234FF0805203604360836047
:10C66000C360D2F88030013318D0D2F8843001335F
:10C6700014D0D2F88830013310D0D2F88C30013386
:10C680000CD0D2F880300B60D2F884304B60D2F8F6
:10C6900088308B60D2F88C30CB60704700230B6001
:10C6A0004B608B60CB607047054B4FF480320021AC
:10C6B000C3F80815C3F84423C3F80423704700BF28
:10C6C00000B00040054B1878421C1A7018B9044B92
:10C6D00001221A6070470120704700BFA98900201D
:10C6E00000B00040074B187848B10138C0B218704C
:10C6F00018B9054B01225A6070470120704700DECF
:10C700001878F2E7A989002000B00040014BD3F867
:10C710000405704700B00040024B00F5A87043F8D4
:10C720002010704700B000402F4B30B40024C3F8F5
:10C7300000450224A142C3F80045054636D004292D
:10C740003BD003F580334FF000712848C3F804153F
:10C750002549274BC1F80405D3F81835DBB21F2B48
:10C7600003D9FF2B3DD0191F00E01B211E4B214890
:10C77000C3F8181500242049C3F80855C3F80C0560
:10C78000C3F81025C3F81415C3F80042C3F80041DC
:10C79000D3F80021C3F80441D3F80421C3F80841B9
:10C7A0000122D3F808111A6030BC7047134B1448AB
:10C7B0004FF00071C3F80415CAE71049114803246B
:10C7C000C3F81C45104BC1F88005C1F884354FF4FF
:10C7D00080404FF00073C1F804050C48C1F80435DF
:10C7E000B6E7FB21C2E700BF00F0004001000001F6
:10C7F000001000404C8200203C81002000F00140ED
:10C8000001000101501100400CF000400100020144
:10C81000044BD3F8103123B1034A044B10681B6852
:10C8200018477047001000405084002054840020B6
:10C83000024A034B11601860704700BF508400200B
:10C84000548400204FF080434FF0FF320021C3F8A2
:10C85000002EC3F8042EC3F8081EC3F80C2EC3F82C
:10C86000101EC3F8142EC3F8182EC3F81C2EC3F8DC
:10C87000202EC3F8242EC3F8282EC3F82C2EC3F87C
:10C88000302EC3F8342E7047064B07480749084A34
:10C8900010B40024C0F81845C3F80018C3F80428E1
:10C8A00010BC704700F00140001000400012020070
:10C8B00000240400704700BF4FF080530228D3E9E2
:10C8C0004C230CD004280ED0082A13D00323214A6D
:10C8D00040F20121C2F81035C2F850167047082AFC
:10C8E0002AD00423F3E7082A12D001F00101C1F194
:10C8F0000603ECE7052B03D8174AD35C002BE5D0E1
:10C90000144AD2F8403723F00043C2F84037DDE73D
:10C91000052B03D8104AD35C002BE6D00D4AD2F881
:10C92000403723F0004323F47F4343F0004343F4B4
:10C930004443C2F84037D8E7052B03D8064AD35CF6
:10C94000002BCED0034AD2F8403723F00043C2F880
:10C950004037C6E700100040186C0200014BC3F8D6
:10C960000C057047001000406FF02700704700BFB3
:10C970000820704707281BDC831EDBB2052B16D965
:10C98000002817DA031D17DA10F1080F17DA10F173
:10C990000C0F17DA10F1100F07DA10F1150FCCBFDA
:10C9A0006FF013006FF0270070476FF00F007047B3
:10C9B00008207047002070476FF0030070476FF049
:10C9C000070070476FF00B00704700BF014BC3F8C2
:10C9D0000805704700100040084B00F07F00C3F8C6
:10C9E0005405D3F8182522F00072C3F81825D3F89F
:10C9F000182542F00072C3F8182570470010004057
:10CA0000084A00210123C2F82C15C2F83035C3783A
:10CA1000C2F824358178038843EA01431B02C2F837
:10CA20001C35704700100040C2F38203022B02F055
:10CA3000030221D0042B0CBF4FF0C74C4FF0000C69
:10CA4000013A022A98BF4CF4801C00F00F000C4BF6
:10CA50000C4A40EA0C0040F48070C3F81405D3F887
:10CA600018050240C3F81825D3F81825114341F4DE
:10CA70004031C3F8181570474FF0807CE0E700BFE5
:10CA8000001000400000F8FE014BC3F80405704799
:10CA900000100040014BC3F804057047001000402F
:10CAA000022804D004280CBF2A20292070472820FF
:10CAB000704700BF0120704729207047022809D025
:10CAC000042805D111F0010F0CBF19201E2070475A
:10CAD0000A20704705207047014B01225A607047B9
:10CAE000001000400B4B0C480C4910B44FF410647C
:10CAF000C3F8084501224FF480245A60DA60C0F878
:10CB00004843074CC3F808450020C1F800020A61F9
:10CB100010BC704700F0014000B000400010004021
:10CB2000C041780E0B4B0022C3F80021D3F800114E
:10CB3000C3F80421D3F80411C3F80C21D3F80C1165
:10CB4000C3F81021D3F81011C3F85021D3F8503195
:10CB5000704700BF00100040034BD3F800010038BD
:10CB600018BF0120704700BF00100040034BD3F8EE
:10CB70000C01003818BF0120704700BF00100040B2
:10CB800001207047034BD3F85005B0FA80F04009FC
:10CB9000704700BF00100040044B40F20312C3F87E
:10CBA0003425C3F83805C3F83C1570470010004021
:10CBB000034BD3F80004003818BF0120704700BFB2
:10CBC0000010004000487047508300200048704724
:10CBD0004C8200202DE9F04FBA4CDFF8EC8294F83B
:10CBE00000C0BA4DDFF8E8B29DF824909DF82CA063
:10CBF000C8F868B54FEACC0606F1804707F5F83764
:10CC00000CF10C0E012905EB8C055FFA8EFEC8F8BD
:10CC10006C7557D0002843D04FEACE0E0EF1804EEF
:10CC20000EF5F83EAB4BCEF810552D21CEF814354D
:10CC30000CF111020CF10903D2B2DBB2D200DB001D
:10CC4000A54802F1804203F1804302F5F83203F572
:10CC5000F83330440026C2F81065C2F81465C3F8F2
:10CC60001055C3F814054FEA8C0303F1804303F514
:10CC700010430CF1010CD3F840258A428ABFD3F847
:10CC800040250122521AC3F840258F4B4FF4106201
:10CC90000CF0010CC3F8042584F800C0BDE8F08F47
:10CCA000022A00F00281042A51D036214FEACE0E2A
:10CCB0000EF1804E0EF5F83E864BCEF81055CEF8AC
:10CCC0001435B5E7012800F0D680B9F1020F4FEA1C
:10CCD0008C0800F0CD804AF23C5149F6C473B9F19A
:10CCE000040F18BF19460CF111070CF10903022AB1
:10CCF000FFB2DBB24FEACE0E00F09180042A2CD0B6
:10CD0000DFF8D8B101F51A510EF1804E0EF5F83E5C
:10CD10002C31ABFB01B1DFF8C8B1CEF81055890951
:10CD2000CEF814B5002840F08A80520740F1878081
:10CD3000B9F1020F00F0C2804AF2B8104AF2307224
:10CD4000B9F1040F08BF104642F2B84225E013F0D3
:10CD5000010F0CBF45214A21A8E7604A01F5EB41CC
:10CD60000EF1804E0EF5F83E1431A2FB01215C4A13
:10CD7000CEF810558909CEF8142500285FD1B9F1F5
:10CD8000020F00F094804AF2B8124AF23070B9F102
:10CD9000040F18BF104646F2180202440CF5A8759D
:10CDA0005048DFF844E150F825504C48DFF828910E
:10CDB000A0FB02029009B5EB921F88BF2D1A0CF15F
:10CDC00002024248D2B24FEAC7074FEAC30300EB60
:10CDD0008200C64402F5A872DFF8088107F1804797
:10CDE00003F1804303F5F83307F5F83798BF0125C1
:10CDF00048F82250B1443A4A334EC7F81005C7F8F4
:10CE00001425C3F81005C3F81495384BC6F8A83597
:10CE10004FF40023C6F8ACE5C6F8043523E72F4AE3
:10CE200001F5AB510EF1804E0EF5F83E1C31A2FB20
:10CE300001212B4ACEF810558909CEF81425BAF1F4
:10CE4000010F09D0FF0007F1804707F5F8370022EE
:10CE5000C7F81025C7F81425DB001F4A03F18043EB
:10CE600003F5F8333244C3F81055C3F81425FAE635
:10CE700049F6404137E7B9F1020F1DD0B9F1040F6F
:10CE80000CBF2B212A214FEACE0E0EF1804E0EF55B
:10CE9000F83E134BCEF810550CF11107CEF81435AF
:10CEA0000CF10903FFB2DBB2C9E73221FEE649F615
:10CEB000346046F2180270E72921E4E749F634604D
:10CEC00042E700BFAA89002000F0014040910040E5
:10CED0000C1100400410004004F00140D34D6210DA
:10CEE0000010004000900040409000405011004071
:10CEF00000B5084A85B000230321C2F80012009053
:10CF0000CDE901331A4619460120FFF763FE05B04B
:10CF10005DF804FB0010004070B5094E84B0144663
:10CF20001D4602460B4600200321C6F80012CDE93B
:10CF3000015000940121FFF74DFE04B070BD00BF09
:10CF40000010004070B5094E84B01D460B46032109
:10CF5000C6F8001200211446029101210246CDE9D3
:10CF600000450846FFF736FE04B070BD00100040D3
:10CF700070B5094E84B014461D4602460B46032088
:10CF80000021C6F80002CDE9015100940846FFF7E0
:10CF900021FE04B070BD00BF001000400449054BE5
:10CFA00003204FF41062C1F80002C3F8082570474F
:10CFB0000010004000F001400449054B03204FF4ED
:10CFC0001062C1F80002C3F8082570470010004045
:10CFD00000F00140034BD3F85001B0FA80F0400953
:10CFE000704700BF00100040034AD2F8003243F4FB
:10CFF0008873C2F80032704700100040014BD3F82C
:10D000004805704700100040034B0022C3F81C2164
:10D01000D3F81C31704700BF00100040034BD3F819
:10D020001C01003818BF0120704700BF00100040ED
:10D0300010B44FF0000C4FEA8C0303F1804303F56A
:10D0400080531468C3F800460CF1010C9488C3F8AF
:10D050002046BCF1080F02F10602ECD1034B40EA76
:10D060000120C3F8400610BC704700BF001000400C
:10D07000034AD2F8403623F0FF03C2F84036704727
:10D0800000100040034B0022C3F81421D3F81431E0
:10D09000704700BF00100040034BD3F81401003864
:10D0A00018BF0120704700BF00100040014BD3F8AB
:10D0B00010047047001000400449054B054A4FF426
:10D0C0008020C1F84803C3F80825704700B000402D
:10D0D00000F00140C041780E034B044A1B7803F571
:10D0E000A87342F823007047AA89002000900040EE
:10D0F000F0B4A2F57423274DA3F51073AB42044698
:10D1000006D902F1E87202F5D432013902F5A572AE
:10D11000214B2248224D234E0127DF600027C3F810
:10D120000475A0FB02020427C3F81075900C0227B7
:10D13000C3F808751C4AC3F84005C5F848154FF4F4
:10D140008021C5F844134021C2F84065C2F8443537
:10D15000C2F80415C4B14FF48013C2F80435134B60
:10D16000012100240422D960C3F80445C3F8102526
:10D170000D4AC3F8084519600D49C2F850150C3323
:10D18000C2F85435F0BC70474FF40013C2F80435B0
:10D19000E5E700BFBFBDF07F0080004083DE1B439A
:10D1A00000B0004048B1004000F001400090004055
:10D1B0000C110040134A30B40123134C53604FF458
:10D1C0008025D360C2F84035104BC4F84815C4F828
:10D1D0004453402104F5A474C3F84045C3F84425E2
:10D1E000C3F8041530B14FF48012C3F804250120B0
:10D1F00030BC70474FF40012C3F80425012030BC46
:10D20000704700BF0080004000B0004000F00140C7
:10D2100070B4114BD8B14FF48012C3F804250F4BF2
:10D220000A460026012502E0D3F840416CB9C1EB63
:10D230004201C3F84061481CD3F84021C3F84005BF
:10D24000DD64D3F84C259142EED370BC70474FF4A7
:10D250000012C3F80425E2E700F00140008000401E
:10D2600070B4154B0122DA64D3F84C25E8B103F50C
:10D27000B8334FF48011C3F804150F4B1146002644
:10D28000012502E0D3F840416CB9C2EB4102C3F87A
:10D290004061501CD3F84011C3F84005DD64D3F859
:10D2A0004C158A42EED370BC7047044B4FF400110A
:10D2B000C3F80415E1E700BF0080004000F0014022
:10D2C000014BD3F84805704700B00040002070477C
:10D2D0000349044A01234B600B615360136170479B
:10D2E00000800040009000400449054BC1F844050F
:10D2F0004FF08862C3F80425704700BF00800040EB
:10D3000000F001400449054BC1F844054FF0886224
:10D31000C3F80425704700BF0080004000F00140C2
:10D32000054B06480649074AC3F84805C3F84C159B
:10D33000C3F80425704700BF00F001400011004011
:10D340004080004080000004014BD3F84405704742
:10D3500000800040014B1860704700BF48820020E9
:10D36000014B1868704700BF48820020014BD3F87A
:10D370004005704700800040024B4FF00062C3F848
:10D380000425704700F00140014BD3F84805704771
:10D3900000800040014BD3F84805704700800040F2
:10D3A000FFF7C2B930B41C4B1C4C1D4A0025C3F812
:10D3B000005505460220C3F80005C3F80445D2F81D
:10D3C0001835DBB21F2B03D9FF2B22D01A1F00E028
:10D3D0001B22114B1348C3F818250024C3F8085525
:10D3E0000122114DC3F80C15C3F81005C3F81455EC
:10D3F000C3F80022C3F80041D3F80011C3F8044178
:10D40000D3F80411C3F80841D3F808111A6030BCEE
:10D410007047FB22DDE700BF00F000400000010183
:10D42000001000404C8200203C81002038B5114C97
:10D430000223C4F80433D4F8043163B92025EFF390
:10D44000118085F31288BFF36F8F05F05EFDD4F86D
:10D450000431002BF3D0074B074A02204FF4004160
:10D46000C3F80803C2F88011D3F80801B0FA80F0BD
:10D47000400938BD00F0004000E100E0034BD3F864
:10D480000004003818BF0120704700BF00F00040C2
:10D49000034B012100229960C3F80025704700BFAB
:10D4A00000F00040F0B494074FEA920303D4D2078F
:10D4B00037D4012B3BD9214AD2F80425502501321B
:10D4C000042B08BF05351E4B1E4E00240327C3F84E
:10D4D0000075C3F80405C3F80815C3F81025C3F890
:10D4E0001465C3F80041D3F80021C3F80441134A7E
:10D4F000D3F80411C3F80841D3F80831C2F86055D5
:10D50000D2F80032104943F04003C2F80032C2F8AA
:10D5100028414FF40003D2F82821C1F80435F0BCAB
:10D520007047064AD2F804254025013AC8E7034B64
:10D53000D3F804254025013AC5E700BF001000409C
:10D5400000F000403881002000F00140014BD3F88A
:10D550000004704700F0004010B4084A084C094924
:10D560000023C2F828314FF40000D2F82821C4F873
:10D570000035C1F8080510BC704700BF001000401E
:10D5800000F0004000F0014038B5164BD3F82831C8
:10D590002BB3154C0123C4F80433D4F8003163B91C
:10D5A0002025EFF3118085F31288BFF36F8F05F00C
:10D5B000ACFCD4F80031002BF3D00B4B0B4A01200C
:10D5C0004FF40041C3F80803C2F88011D3F80421D6
:10D5D0002AB1D3F80801B0FA80F0400938BD002024
:10D5E00038BD00BF0010004000F0004000E100E046
:10D5F00038B5214C2149002303220338C4F8002503
:10D60000C4F81005C4F80031D4F80021C4F804317E
:10D61000D4F80421C4F8083101224FF40043D4F8AF
:10D620000801C1F88031C4F804232260D4F8003125
:10D6300063B92025EFF3118085F31288BFF36F8F54
:10D6400005F063FCD4F80031002BF3D00A4B0B4AF1
:10D6500001204FF40041C3F80803C2F88011D3F849
:10D66000040120B1D3F80801B0FA80F04009024B60
:10D670000022C3F8002538BD00F0004000E100E0C2
:10D680000139012905D80B200AB1E9F76DBCE9F78A
:10D6900079BC00DE704700BF29B10139012905D8E6
:10D6A0000B20E9F783BC1820E9F780BC00DE0020DE
:10D6B000704700BF88420FD0012807D002280DD143
:10D6C000A1F10100B0FA80F040097047A1F1020019
:10D6D000B0FA80F040097047012070470020704781
:10D6E000012904D0022902D039B100DE7047064B6F
:10D6F0004FF40062C3F800217047034B4FF0807273
:10D70000C3F80021704700BF00E100E008B508F051
:10D71000FCF808BD032803D8054B185C28B17047F6
:10D7200000DE034B185C0028F9D100DE704700BF13
:10D73000206C0200013810B41C46042806D8DFE82B
:10D7400000F008111A23030004292FD000DE10BCBA
:10D7500070470429FAD1194B9C6010BC02210020AB
:10D76000EBF7A2B80329F1D1154B01219C6010BC45
:10D770000846EBF799B80429E8D1124B9C6010BC1D
:10D7800002210120EBF790B8032908D00429DDD14C
:10D790000D4B02219C6010BC0846EBF785B80B4B83
:10D7A0009C6010BC01210220EBF77EB8084B9C6006
:10D7B00010BC02210320EBF777B800BFBC040020A7
:10D7C000AC0400209C0400207C0400208C04002079
:10D7D0006C04002001460020FEF79EBF124B30B4BF
:10D7E0000121044600205960C3F80445C3F8000134
:10D7F000C3F80401196005E0D3F8042132B9D3F865
:10D8000004251AB1D3F80021002AF5D05960D3F8C5
:10D810000421002AE7D1D3F80455002DE3D0C3F842
:10D82000042530BC704700BF00E0004070B5114CCB
:10D830000126D4F8045566600E20E9F7A3FBD4F85E
:10D84000040140B10021C4F80411D5E90E3230467C
:10D85000BDE870401847D4F8003143B1C4F8000166
:10D86000D5E90E3205F12001BDE87040184700DE11
:10D8700070BD00BF00E0004070B58CB00E4615468C
:10D880000146102268461C46EAF770FF10220DEB95
:10D8900002003146EAF76AFF6846FFF79FFF25B1AD
:10D8A000102208A92846EAF761FF2CB108AD0FCD78
:10D8B00020606160A260E3600CB070BDF8B587685D
:10D8C0001446FB6B05460E46984721460648002243
:10D8D0000023E9F7DFFD044600B1067628463B6CDD
:10D8E00098472046F8BD00BF7C0700204FF08053CA
:10D8F000D3F83021082A06D1D3F83431052B04D8C7
:10D90000034AD05C7047002070470120704700BF79
:10D910009472020010F0080F0B4B42B20CD100F0D1
:10D920000F00002A4FF0140202FB0033B4BFD3F8FB
:10D930000806D3F808077047002AB4BFD3F8A80632
:10D94000D3F8A807704700BF00700240F8B5024640
:10D95000EFF31185202383F31288BFF36F8F00F05C
:10D96000080707F0A4F90126864012F07F0F1E4B2E
:10D970006FEA060432D057B11A6822401A601B4B76
:10D98000C3F86C6485F31188BFF36F8FF8BD184F2F
:10D99000396821FA00F0C0070AD4196821401960DB
:10D9A00014490B68120654BF234033430B60E6E76B
:10D9B0002140396051B2C94322F08000C90F00F202
:10D9C000DA30090101EB40010848C0F80018D0F82E
:10D9D000041841F00201C0F80418DEE7196821407C
:10D9E0001960002FCBD1DBE7E084002000700240FB
:10D9F000DC840020E4840020EFF31180202383F3F3
:10DA00001288BFF36F8F0A4BD3F8001C032261B951
:10DA100049F27531C3F8001CC3F8142DC3F8001C7B
:10DA200080F31188BFF36F8F7047C3F8142DF7E7A9
:10DA300000E00640EFF31180202383F31288BFF348
:10DA40006F8F0A4BD3F8001C61B949F27532C3F8E5
:10DA5000002CC3F8141DC3F8002C80F31188BFF309
:10DA60006F8F70470022C3F8142DF6E700E00640E0
:10DA700070B5024607F01BF9EFF31185202383F3FD
:10DA80001288BFF36F8F531E0124062B04FA00F493
:10DA90000FD80E4E0E4B31681B680B43C34013F07A
:10DAA000010306D10B4802F59472214340F822305D
:10DAB0003160094A136823431360084B8022C3F87E
:10DAC000042185F31188BFF36F8F70BDDC840020C3
:10DAD000E484002000700240E084002000E100E0C7
:10DAE000F8B50306044623D410F0080720D100F04F
:10DAF0000F02920002F1804202F51C32D2F8443447
:10DB0000B3B1EFF31186202383F31288BFF36F8F35
:10DB100007F0CDF8084DC2F8A074012303FA00F114
:10DB20002B6823EA01032B6086F31188BFF36F8F04
:10DB3000024BC3F81845F8BDE48400200070024091
:10DB400008B591F82030012203F00F0013F0800F88
:10DB500002FA00F2134B14D0D3F8100510421AD079
:10DB600091F820301A070AD40E4AC2F80C3543F453
:10DB70008073C2F80C3591F82000FFF7B1FF002048
:10DB800008BDD3F814051042EAD1D3F814050243B6
:10DB9000C3F81425E4E7D3F810050243C3F81025B1
:10DBA000DEE700BF0070024091F82030054A13F014
:10DBB0007F0F0BBF012343F480735365C2F8183500
:10DBC000002070470070024038B504460D4607F04B
:10DBD0001EF8A8B12946204607F004F8204607F0B1
:10DBE0000FF810B12846E9F7D3FC2946204607F084
:10DBF0001CF8064B1B7813B9054B01221A6538BD7A
:10DC0000204607F00BF80028E4D1E7E7B1890020AF
:10DC10000070024038B545682C4654F8040B01F0FA
:10DC200059F8094B0022186003212720E9F7CCF9A5
:10DC3000204602F007FE05F1080002F049FE07F059
:10DC400088FB002038BD00BF98840020012810B553
:10DC5000014602D0022807D098B90A4BBDE810400F
:10DC60001868002206F0D9BC074B084C00221A7035
:10DC7000074BC4F800332720E9F776F90123C4F8ED
:10DC8000043510BDE8840020AE89002000700240F9
:10DC9000FDFFDF010146014808F043B9A40600205A
:10DCA00008B5054B1970054B1B7813B10420FFF71D
:10DCB000F1FF002008BD00BFAF890020B08900201F
:10DCC0002DE9F04F4B4B0769186089B0054607F105
:10DCD000840007F064FC00220023CDE90623002421
:10DCE0006FF00703CDE90334CDE90144424B4349CA
:10DCF00000954FF40072424803F044FC414E424903
:10DD00003F48DFF808A1DFF808B107F004FEB26968
:10DD1000404B134043F4820343F04003B361B046E9
:10DD20004FF0280986F820403146284606F02FFC9F
:10DD300000285CD10134092C18D009FB0482082C7E
:10DD4000937E43F04003937608D1D8F85831324A95
:10DD50001A40324B1343C8F8583105E093690AEA78
:10DD6000030343EA0B0393612836DBE72C4C2D4B6E
:10DD7000A269DFF8A490DFF8A4A0DFF890B0134008
:10DD800043F4041343F04003A3610646A04666F043
:10DD90007F0384F820302146284606F0F8FB30BB8C
:10DDA0000136092E1BD0282202FB0682082E937E04
:10DDB00043F02003937608D1D8F8583109EA0303D9
:10DDC00043EA0A03C8F8583107E093690BEA0303F2
:10DDD00043F4C02343F0400393612834D7E797F816
:10DDE000803023F0760343F0760387F8803009B063
:10DDF000BDE8F08FE884002045DF01004096002058
:10DE000030230020548600208B7202000000F9FFAE
:10DE1000400006000000BEFF0000F7FFFF01080001
:10DE2000EC8400200000DEFF38B50D462846114680
:10DE3000144606F0E0FB95F82000802809D1238ADB
:10DE40003BB9637E5B0704D54020FFF723FF00202A
:10DE500038BD06F02CFF0146024806F06FFF012096
:10DE6000F3E700BFC087002008B5074A91F82030CB
:10DE7000C2F80C3543F48073C2F80C3591F82000D9
:10DE8000FFF72EFE002008BD0070024010B591F88B
:10DE900020404FF0FF324FF0FF33124803F010F9EB
:10DEA0002046FFF753FD04F00F02012393400E4A72
:10DEB00014F0800F14BFD2F81015D2F814156FEAC1
:10DEC000030315BF0B400B40C2F81035C2F81435E0
:10DED000044803F0BBF8054B8022C3F8042100205E
:10DEE00010BD00BF8C0600200070024000E100E081
:10DEF00070B5054691F820600C464FF0FF324FF0A8
:10DF0000FF330E4803F0DCF83046FFF71FFD0B48E7
:10DF100003F09CF80A4B8022C3F80421204606F047
:10DF200051FB014620B16FF07002284606F081FBDC
:10DF30002046002106F026FB002070BD8C06002044
:10DF400000E100E02DE9F04FBC4FBD4D85B0044627
:10DF50004FF0FF384FF0FF390022CDE900894FF034
:10DF6000FF31384607F0E4FF4FF0FF31384607F045
:10DF7000DBFF10F0080F82462ED0B24842464B46D7
:10DF800003F09EF8EFF31182202383F31288BFF38E
:10DF90006F8FAD4B1B787BB1D5F8003413F4007351
:10DFA0000AD10121C5F82C15D5F82C15D5F8001487
:10DFB000890548BFC5F82C3582F31188BFF36F8FF0
:10DFC000A04803F043F80121204606F0AEFA0022F3
:10DFD0000321204606F021FB1AF0100F08D0002183
:10DFE000204606F0A2FA00220221204606F015FB88
:10DFF0001AF0200F08D00021204606F096FA0022E1
:10E000000221204606F009FB1AF0020F40F085803D
:10E010001AF0010F10D0BFF35B8F8C4B002253E836
:10E02000006F43E800210029F9D1BFF35B8F4FF067
:10E030000108002E40F0DA801AF0400F0AD080214B
:10E04000204606F092FA06F0B9FA014610B12046D1
:10E05000FFF7BAFD1AF0040F3FF47AAF0021204613
:10E0600006F083FA80218046204606F07EFA0646B6
:10E07000404606F0A7FA08B1E9F78AFA304606F0FA
:10E08000A1FA08B1E9F784FA0021404606F07AFACD
:10E090003046002106F076FA08220021204606F0DC
:10E0A00061FC064600283FF453AF06F0A6FAD5F807
:10E0B0008014F368C9B21970D5F88424D2B25A70AA
:10E0C000D5F88804D5F88CC440EA0C2058801FFA93
:10E0D00080FED5F89004D5F894C440EA0C209880CE
:10E0E000D5F89804D5F89CC440EA0C201FFA80FCAF
:10E0F000D880574811B9052A00F08F80DFF854C145
:10E1000000220270D5F870149CF800C08C4540F0D5
:10E11000A780514B00221A70B2E0504BBFF35B8FC7
:10E12000002253E8008F43E800210029F9D1BFF312
:10E130005B8F4FF00109B8F1000F3FF469AF98FA17
:10E14000A8FBBBFA8BFB09FA0BF3BBF10F0F28EA14
:10E15000030810DDABF11006F6B23146204606F09A
:10E1600004FA029006F02AFA834630BB3146204674
:10E1700006F0BBFDDFE74BF080063146204606F097
:10E18000F4F9029006F01AFA039058B102980021AF
:10E1900006F0F8F9039BBBF1000F08D119462046A1
:10E1A000FFF712FD3146204606F089FDC3E7002245
:10E1B0001946204606F03DFAF4E70298002106F0E1
:10E1C000E1F96EB92046594606F02FFD204606F0CB
:10E1D0001EFD0028CAD05946204606F098FCC5E727
:10E1E00000225946204606F024FABFE796FAA6F325
:10E1F000B3FA83F308FA03F20F2B26EA020606DDD0
:10E20000A3F11001C9B2204606F06FFD11E743F0FB
:10E210008001204606F053FD0BE701220270BCF19D
:10E22000000F03D03046E9F7B3F991E60EF07F0214
:10E230005A8083F804C083F805C06AE7A40600206A
:10E24000007002408C060020AE890020C0870020AC
:10E25000B1890020AF890020B0890020BC87002050
:10E26000DFF8A0C01A7001218CF8001001700521A0
:10E270005970D5F8701459801A715A719A71DA71FF
:10E28000082106F10C0004F090FE2046314606F00D
:10E29000CCFC204606F0ADFC20B31B4B4FF0000831
:10E2A00083F80080F36841462046B3F806A006F0E4
:10E2B0005CF9414681465246204606F053FB014632
:10E2C00048B1484606F097F94146204606F00DFD54
:10E2D0000123EB643CE66FF00B023146204606F06A
:10E2E000A8F935E6204606F08BFC30B1064B8022BB
:10E2F00020461A7006F031FC2AE6204606F053FC50
:10E3000026E600BFB0890020AD8900204FF0805381
:10E31000D3F83031082B02BF024B0022C3F81C2C6B
:10E32000704700BF007002402DE9F04105464FF0F4
:10E33000FF324FF0FF33384802F0C2FE374B8022E5
:10E34000C3F884212720E8F731FEA0B1344F354BC4
:10E350003C681B68240C24041C434FF001088CBB50
:10E36000314E40F2FF133B602720C6F80445E8F722
:10E3700009FEC6F800432D4A13788BB12A4B0021C1
:10E38000C3F808110121C3F80026C3F80416596028
:10E39000D3F808110029FBD00021C3F8081111702F
:10E3A000214B0024C3F80045FFF7B0FF1A4802F0E4
:10E3B0004DFE2146284606F0F5F9C0B16FF0040085
:10E3C000BDE8F08194FAA4F6B6FA86F60F2E33462D
:10E3D000C6BFA6F11003D8B243F08000030701D4F2
:10E3E000FFF7B4FA08FA06F624EA0604B7E7802134
:10E3F000284606F0D7F90028E0D10D4B0D491C68DE
:10E40000204604F07EFC10F1780F02D1204604F083
:10E4100054FC00EAE070D3E78C06002000E100E045
:10E42000E4840020E084002000700240AB890020DA
:10E4300098840020888400202DE9F04F404B414F04
:10E44000D3F8542185B0B2B10022C3F85421D3F8D7
:10E45000042391020FD5D3F8C034002B3B6814BFBE
:10E460004FF001224FF480721343374A3B60136828
:10E4700023F001231360324BD3F8604134B1002202
:10E48000C3F86021D3F86C44C3F86C44D3F8282156
:10E490004AB10022C3F828212C4B187806F007FC5B
:10E4A000012383401C43DFF8A8A09AF800509AF992
:10E4B00000102A0732D40029B4BF264B264B05F0A2
:10E4C0000F02920013441A68002A5AD000221A60E0
:10E4D0002846FFF71FFA214B1A7800F00100504040
:10E4E0001870FFF713FF1E4B28461A6806F0DFFB73
:10E4F000C240D30706463BD4002916DA882D06D140
:10E500000146184806F01AFC0220FFF7C3FB0E4A2A
:10E5100001231168B3400B4313602FE0124B134AE1
:10E5200013EA210338BF1346CDE701460D4806F034
:10E5300005FC0220FFF7AEFB013D062DE7D91DE0EB
:10E5400000700240E4840020DC840020AD890020BB
:10E55000AC8900200871024030710240AB89002074
:10E56000E0840020BC8700202C71024050710240E2
:10E57000002D40F0F0809C4B0122DA649B4802F0B1
:10E5800065FD94B13B689A4ADFF86882DFF86892CB
:10E5900024F001210B433B60136823EA010313605D
:10E5A000A4B20126002C40F0DA808F4BD3F8002172
:10E5B0004AB10022C3F80021904B1A708D4B042100
:10E5C000186806F02AF8884BD3F858212AB300229D
:10E5D000C3F85821D3F80044C3F80044E00505D53A
:10E5E000864B012208201A70FFF754FBA10505D5C0
:10E5F000824B002210201A70FFF74CFB62050CD5ED
:10E600007E4B1A784AB100221A70774B0122C3F868
:10E61000082520209A65FFF73DFB734B784CD3F813
:10E620005C31E3B1714B9B681BB99AF800305B0613
:10E6300015D06D4B0022C3F85C2123686C4A23F08F
:10E64000011323603B6823F4803343F001033B60F4
:10E650001368042023F001131360FFF71BFB2468E9
:10E660003B681C4074D0604BD3F82C35002B6FD125
:10E670005E480022002302F023FD002868D114F038
:10E68000012314BF93FAA3F494FAA4F4B4FA84F423
:10E690000F2C88BFA4F11008564B8CBF5FFA88F886
:10E6A00044F080081868414605F05FFF009005F0CF
:10E6B000A0FF4FFA88FB08F00802BBF1000F0346E9
:10E6C000019208F00F0980F29F80009B058A5B8C05
:10E6D000C668C3F30A039D4206F0604271D9B2F1E5
:10E6E000005F1D4605D031464648464E1A4607F0A3
:10E6F00029FC4FF080530121D3F83031082B02BFA1
:10E70000394B8222C3F81C2C3B68019A8AF800809E
:10E7100001FA04F423EA04033B60334B002A40F07F
:10E72000AB80BBF1000F4FF0140202FB0932A9BF0E
:10E7300009F10A0903EB8903C2F80067C2F804571C
:10E74000AFBF43F82910C2F80066C2F804565960FA
:10E7500005B0BDE8F08F0029BFF6EEAED7E694FA1B
:10E76000A4F5B5FA85F506FA05F345F080052946C6
:10E77000D8F8000024EA030405F0F7FE05F039FF9D
:10E7800083462846FFF7C6F801460BF10C0004F05B
:10E7900034FCBBF81030002B7FF404AF584605F072
:10E7A00033FF18B1584605F033FFFBE6284606F064
:10E7B0007EFA0146484606F0C1FA0220FFF76AFADF
:10E7C000F0E6009205F020FF009AB2F1005F0346E8
:10E7D00007D0009031460B480A4E2A4607F0B2FB9C
:10E7E000009B002B3BD084E7007002408C06002089
:10E7F000DC840020E8840020BC870020AE89002053
:10E80000E08400209C84002008F00801224A71B3B3
:10E81000D2F8C02412F4803F18BF0022198A53F89E
:10E820000C6F039218460E44029304F0FEFB039A09
:10E83000029B904228BF104601460546184604F048
:10E84000B4FB009B039A598C029BC1F30A019142CD
:10E8500005D1184604F0E9FB00287FF44AAF0F49C0
:10E8600001220B68A24023EA02030B6041E709F58D
:10E87000947152F82120D1E7BBF1000FB5BFC3F866
:10E88000A066C3F8A067C3F8A456C3F8A457B4BFE2
:10E89000596299645CE700BF00700240E084002088
:10E8A000EFF31183202282F31288BFF36F8F174A90
:10E8B00012781AB3164AD2F82C15F9B10021C2F811
:10E8C0002C154FF08052D2F83021082A05D083F35E
:10E8D0001188BFF36F8F002070470E4AD2F8000CEA
:10E8E000C02140B949F27530C2F8000CC2F8141CBE
:10E8F000C2F8000CEBE7C2F8141CE8E783F31188B8
:10E90000BFF36F8F6FF00A00704700BFAE89002021
:10E910000070024000E0064013B50022009211464C
:10E920004023044605F0E2FE024618B16FF00400F1
:10E9300002B010BD009040238021204605F0D6FE95
:10E940000028F3D1534901238B60534B4860C860C2
:10E95000186804F05BF90028EADBEFF31184202348
:10E9600083F31288BFF36F8F4C4B4FF40062C3F8F0
:10E970000024FEF7BBFF08B1FFF73EF84FF08053CD
:10E98000D3F83031082B18D1EFF31180202383F313
:10E990001288BFF36F8F424BD3F8001CC0220029AE
:10E9A00071D149F27531C3F8001CC3F8142CC3F8B7
:10E9B000001C80F31188BFF36F8F384B0122C3F81E
:10E9C0000025D3F800241205FBD54FF40062C3F8EC
:10E9D00000244FF08053D3F83031082B17D1EFF3D8
:10E9E0001180202383F31288BFF36F8F2C4BD3F851
:10E9F000001C00294AD149F27532C3F8002CC3F833
:10EA0000141CC3F8002C80F31188BFF36F8FFEF73E
:10EA10006DFF30B1FFF70EF8FEF768FF08B1FEF7A3
:10EA2000EBFF4FF08053D3F83031082B1B4B0AD14A
:10EA300040F2E372C3F800284022C3F80428BFF371
:10EA40006F8FBFF34F8F8022C3F81C250122C3F8BC
:10EA50003025144B40F2FF121A60134B002119604D
:10EA6000124B1960124B1970FFF750FC114B1970C3
:10EA7000FEF73CFF08B1FEF7DDFF84F31188BFF31A
:10EA80006F8F002054E7C3F8142C92E70022C3F8DC
:10EA9000142CB8E78884002098840020007002407D
:10EAA00000E00640E4840020E0840020DC840020B4
:10EAB000AB890020AD890020084B70B5C31A0D4604
:10EAC00007499B10044659430648402206F052F974
:10EAD0002B4601462046BDE870401847D8870020E5
:10EAE000B76DDBB62861020073B50C4C0C4A4023AD
:10EAF000041B00930D460B460A49A41061430646C9
:10EB0000094806F063F9011E05DA30462B4602B0CB
:10EB1000BDE87040184702B070BD00BFD887002024
:10EB2000374E0200B76DDBB62861020010B5EFF377
:10EB30001184202383F31288BFF36F8F074A136871
:10EB400023F00201DB07116002D4012006F073FB01
:10EB500084F31188BFF36F8F10BD00BF2888002099
:10EB6000002270B5032104461046E8F72DFA0F483D
:10EB700001F0D2F90E4B984215D101F0DDF926696A
:10EB80000C49304604F02FF800280BDB01253564D2
:10EB90002469084904F11C0004F025F8002801DB71
:10EBA000E564002070BD6FF00400FBE7B9EC0100E4
:10EBB0000000AD0B906C02007FB500220123CDE96F
:10EBC000022304ABCDE90433094ACDF800D06B46EB
:10EBD000CDF804D006F028F9002805DB4FF4804278
:10EBE0000023684602F06CFA07B05DF804FB00BF32
:10EBF000554E020030B4104B0C2202FB003301468C
:10EC00000020D3E90E529863EFF31180202484F39F
:10EC10001288BFF36F8F1C6C04F0C00444F0020430
:10EC20001C6480F31188BFF36F8F1DB12B4603481E
:10EC300030BC184730BC7047D887002028610200DC
:10EC400010B4EFF31182202383F31288BFF36F8F88
:10EC50001748016841F002040460C80707D482F332
:10EC60001188BFF36F8F012010BC01F07DB94FF008
:10EC70008041D1F80C04D1F80C14C907EFD5EFF39B
:10EC8000118083F31288BFF36F8F0A490B6C03F076
:10EC9000C00343F002030B6480F31188BFF36F8F4E
:10ECA00082F31188BFF36F8F002010BCFFF7A2BF63
:10ECB00028880020D887002010B1012804D0704790
:10ECC000034B1B6C5B0701D1FFF794BF704700BF7C
:10ECD000D8870020024AC3B21C2003FB00207047E3
:10ECE000D8870020094BBFF35B8F53E8002F42F019
:10ECF000010143E800100028F7D1BFF35B8F9307B1
:10ED000002D4012001F030B9704700BF28880020EC
:10ED100010B5EFF31184202383F31288BFF36F8FB4
:10ED2000074A136823F001019B07116002D40120F8
:10ED300006F081FA84F31188BFF36F8F10BD00BF16
:10ED4000288800202DE9F0413849BFF35B8F074642
:10ED5000012251E8003F41E800200028F9D1BFF32B
:10ED60005B8F33B9324933484B60CB608A6003F024
:10ED70004DFF7B1E012B2BD8012F07D14FF0804375
:10ED8000D3F81C3403F00303012B21D006F0BDFDA2
:10ED90000546F8B9284B1B78E3B14FF080430222B7
:10EDA000C3F808230646DFF894804FF08044D4F877
:10EDB0001824D4F81834D20315D503F00303012B1B
:10EDC00001D0012F0FD155B386F31188BFF36F8F98
:10EDD000BDE8F081EFF31186202383F31288BFF39F
:10EDE0006F8F0125DFE7ADB1304604F08EF8D4F81F
:10EDF0001835002BDBD1D4F80421002AD7D0C4F871
:10EE00000431D4F804310123C4F81835C8F880312E
:10EE1000A360CCE70021212006F01DFEE7E74FF0BC
:10EE200080430222C3F80423D2E700BFD487002026
:10EE3000C4870020F4870020D689002000E100E08C
:10EE4000EFF31182202383F31288BFF36F8F0A4BF5
:10EE5000D3F8001161B10021D3F80805C3F80011FF
:10EE6000D3F80031C0B282F31188BFF36F8F7047BF
:10EE70006FF00A00F7E700BF00D00040F0B503468E
:10EE800010469C7893F803C0EFF31182202585F398
:10EE90001288BFF36F8F1F7893F801E0E41B04EA38
:10EEA0000C04A04288BFA0B23E180CEA06063D46FC
:10EEB0001E7082F31188BFF36F8F0A188A4216D131
:10EEC00077450CD1EFF31182202181F31288BFF333
:10EED0006F8F1978597082F31188BFF36F8F1B7988
:10EEE000241AA34222BF064B01221A60F0BD5E190C
:10EEF0000135767901F8016B05EA0C05DEE700BF04
:10EF000000D00040DB432DE9F04713F001050E4629
:10EF1000144604D02248FFF7B1FFBDE8F0879AB34A
:10EF2000EFF31188202383F31288BFF36F8F0D2036
:10EF3000E8F73CF807460D20E8F724F888F3118835
:10EF4000BFF36F8FDFF85CA0DFF85C80CAF8005178
:10EF5000DAF800314FF400590123CAF80030254691
:10EF6000C8F88091DAF8003183B1FFF769FF031E1A
:10EF7000C8F88091F6DB013DADB27355002DF1D19B
:10EF800017B10D20E7F7F0FF2046C6E7EFF3118039
:10EF9000202383F31288BFF36F8F03F0B6FFE1E7FE
:10EFA0005C88002000D0004000E100E02DE9F04145
:10EFB000124F0D46144607F1450814B92046BDE826
:10EFC000F0814FF0FF334FF0FF32384602F078F80F
:10EFD000224629464046FFF751FF0646384602F0D2
:10EFE00035F83EB94FF0FF324FF0FF33044802F0DE
:10EFF00067F8E6E7A41BA4B23544DEE72C880020BE
:10F000004488002038B51A4C01221146204606F0EB
:10F01000AFFB0122002104F1180006F0A9FB40F229
:10F020000743A4F848304FF0706323630C2384F83F
:10F03000343000250F4B84F84550A4F84650D3F8DF
:10F04000042542F00102C3F80425C3F80051D3F8A7
:10F0500000210122C3F8042303211A600D202A464F
:10F06000E7F7B2FF0D20E7F77FFF284638BD00BF66
:10F070002C88002000D0004010B5FFF7E1FE0028EA
:10F0800020DB174B93F8322093F8314093F833107C
:10F09000141B31EA0404C0B20DD193F8472093F851
:10F0A000464093F84810141B31EA04040BD10D4B71
:10F0B00001225A600EE09C180132114084F835009C
:10F0C00083F8321010BD9C180132114084F84A00B8
:10F0D00083F847100448BDE8104001F0B7BF00BFF7
:10F0E0002C88002000D0004044880020F0B516464F
:10F0F0004268107B01F01F0444EA4014106987B095
:10F10000002872D0B6F5001F02F1100506D1214685
:10F11000284606F010F9002007B0F0BD01A800272E
:10F12000B6F5800F0197476039D1B3F1007F14BF66
:10F13000052304238DF804300023CDE90403039351
:10F14000936823FA01F111F001010DF103073ED19B
:10F15000B6F1A07F3BD104F01F03620903F5E07311
:10F1600028D0012A47D1254A52F82330DB072ED474
:10F170003A462146284601F0E1F9214B98421CD03D
:10F18000029703AA2146284601F098F81D4B9842A1
:10F190002ED101222146284601F028FABBE7B3F11F
:10F1A000C06F05D0B3F1007F14BF01230223C1E774
:10F1B0000323BFE74FF0A042D6E73946284601F0C7
:10F1C0000DFA104B9842DBD06FF00B00A4E73A46E3
:10F1D0002146284601F0B2F90A4B9842D1D19DF858
:10F1E0000310284601F0F2F9CBE76FF0850093E7B2
:10F1F0006FF0150090E751F82330FFDE0003005058
:10F200000400AD0B0000AD0B420970B5034602D0FF
:10F21000012A17D070BD0D4E326951680029F9D00E
:10F2200003F01F0301250C689D400029F2D08A6875
:10F230002A4002D04B68304698472CB123682146BB
:10F240001C46F2E7024EE7E72346F8E76861020052
:10F250004861020038B545682B69B3B110352846BE
:10F2600001F0AAF9044680B90146284601F080F968
:10F27000084B98420BD108492246284601F058F91C
:10F28000224605210620E7F79FFE002038BD6FF0DB
:10F290000400FBE70000AD0B09F201002DE9F0438B
:10F2A000466840F20635D006337B87B002EA050592
:10F2B00054BFC2F34010032001F01F07B5F5837F50
:10F2C000144647EA43178DF8030045D00FD8062DA2
:10F2D00018D007D8B5B1022D40D06FF0150007B097
:10F2E000BDE8F083B5F5807FF7D101250AE040F253
:10F2F0000222954234D0B5F5407F33D0B5F5007F7A
:10F30000EBD102250123220303FA01F12CD5736806
:10F31000C3F80815326982BB07F01F037F0929D0A3
:10F32000012F77D13E4A02EB830284F48033D2F876
:10F330000017C3F30043C4F3404444EA430421F4F8
:10F34000E16144EA800421F0070144EA05230B430C
:10F35000C2F800370020C2E70725D3E70425D1E72C
:10F360000525CFE70325CDE7630344BF7368C3F8E2
:10F370000C15CFE74FF0A042D5E710360DF1020291
:10F380003946304601F0DAF814F4403F80460CD19B
:10F390003946304605F0CDFF224B9845DAD19DF82D
:10F3A0000210304601F012F9D4E701AB4FF000092A
:10F3B00003AA39463046CDE90439CDE90199CDF8A3
:10F3C0000C9000F07BFF174B984286D114F4003369
:10F3D00015D09DF803308DF80E3084F48034C4F3DA
:10F3E00000444B4603AA394630468DF80C508DF840
:10F3F0000D4001F01FF80B4B9842CDD06DE7CDE9E1
:10F40000043303AA0DF1030339463046039300F099
:10F4100055FFF0E703F5E07352F82330FFDE00BF3D
:10F42000000300500000AD0B036803F01F025B09EE
:10F43000026004D0012B034818BF002070474FF032
:10F44000A0407047000300502DE9F04FDFF86091B5
:10F45000DFF860A185B01546834600EB810140F2DC
:10F46000FF18594503D1002005B0BDE8F08FDBF847
:10F4700000305804C3F3C322C3F3080400F19180A1
:10F480001B0E19F80270444508BF4FF0FF34192BCA
:10F4900000F28A80DFE803F00D141A1D20261D8873
:10F4A0008888883663888888888888888888667C81
:10F4B0007F82C5F80C45621C5ED10BF1040BD0E7CE
:10F4C000C5F81445631CF8D000265FE0C5F8084570
:10F4D000F1E7C5F81045F5E7661CC5F80845ECD01E
:10F4E000002604E0601CC5F80C45E6D0012603A800
:10F4F0000394FFF799FF039B012202FA03F3C0F87C
:10F500000C3508E0C5F80845002FDBD1631CD4D0CA
:10F51000002632460627DBF80030019303F4004052
:10F52000002818BF002203A8009218BF01260394E8
:10F53000FFF77AFF039C019B009A00EB8400C3F362
:10F54000412CD0F800473B0243EA8C03134304EA02
:10F550000A04234343EA4603C0F80037ADE7C5F881
:10F560000C45D1E7C5F86045621CDBF80030A4D03B
:10F57000C3F30043002BB9D003A80394FFF754FF53
:10F58000039B012606FA03F3C0F808353246C2E7AA
:10F59000C5F86445E8E7C5F86845E5E7C5F86C4592
:10F5A000E2E76FF015005FE76FF085005CE700BFF2
:10F5B000E3720200F0F8FCFF2DE9F04104464768D1
:10F5C0000D4606F0A2F988B14FF02008EFF311863E
:10F5D000314688F31288BFF36F8F606805F05DFDD8
:10F5E00050BB86F31188BFF36F8FEFE71F4B1B787B
:10F5F000002BE9D04FF020086426606805F04DFD2F
:10F6000070B9012005F009FE013EF6D1002121204C
:10F6100006F021FAF0E786F31188BFF36F8FF5E764
:10F62000EFF31186314688F31288BFF36F8F60685D
:10F6300005F033FD0028EED0BB691D706368BA6920
:10F640001B680020C3F844250122C3F84825C3F8ED
:10F650002001D3F82041C3F85801D3F858019A602B
:10F6600081F31188BFF36F8FBDE8F081D689002048
:10F67000F8B50022054603210220E7F7A5FC022089
:10F68000E7F772FC6C680121E06805F05AFD6B68D1
:10F690001A682369C2F82435617D237D0B43A17D5F
:10F6A0000B43C2F86C356E68D6E9004313F00103D2
:10F6B0003CD02F6907F10C0005F0BBFD2A4B9842A6
:10F6C0004ED1387B04F10C0204F5907105F0A7FDD2
:10F6D000387B012707FA00F000F0B6FB0823C4F8D6
:10F6E0000035B369C4F844350023C4F84835A76031
:10F6F000D4F85831002BFBD00021C4F800156D68F8
:10F700002C68E86805F01DFD0823C4F800352A7A46
:10F7100052B9EB69C4F834350123C4F83835C4F85C
:10F720001021D4F8102123600020F8BD0822C4F86D
:10F730000025B269C4F84425C4F848350123A36004
:10F74000D4F82031002BFBD00023C4F82031D4F8AA
:10F7500020310123E3604FF48073C4F80433C7E71A
:10F760006FF00400E1E700BF0000AD0B70B50123AE
:10F7700083400E4ABFF35B8FDC4352E8001F01EA6F
:10F78000040542E80056002EF7D1BFF35B8F4FF41B
:10F79000803282400648C0F80823BFF35F8FBFF372
:10F7A0006F8F0B4214BF0120002070BD9C88002089
:10F7B0000010014070B40E49D1E90034D01AC318CA
:10F7C00044F1000422F07F46C1E90034A6F500139D
:10F7D000B3F5400F09D2074B1B681A0A1B069C1988
:10F7E000054B42F10005C3E9004570BC02F08ABB3D
:10F7F000D0230020A0880020D823002011B3BFF31D
:10F800005B8F0123104A834052E800CF4CEA030C7F
:10F8100042E800C10029F7D1BFF35B8F0B4A4FF4D8
:10F8200080338340C2F80433094BBFF35B8F1B68FE
:10F83000BFF35B8FC340DB0742BF064B4FF4003280
:10F84000C3F80021704700BF9C88002000100140D1
:10F850009888002000E100E00D4B1868010A0006BE
:10F86000BFF35F8F0B4BD3F80435181841F100013B
:10F87000B3F5801F0AD2084BD3E90023904271EB05
:10F88000030303D210F1807041F10001704700BF03
:10F89000A088002000100140D82300202DE9F04F5F
:10F8A00085B016461F469DF840A00446FFF75EFF50
:10F8B0000190FFF7D1FFB04271EB070354D23E4BEA
:10F8C000301A67EB0101984271F100014FD23B4BB6
:10F8D00003EB0413D3E902239F4208BF96425ED094
:10F8E00037494FF4803804F1500508FA04F8AD00A8
:10F8F000C1F848832046ADB205F07EFC26F07F4B70
:10F9000005F1804504F5A87305F58835DC464FF010
:10F9100003090293029A2CF07F4341F82230C1F888
:10F920004483D1F80435274A6FF00200C01A6044BE
:10F9300020F07F40904232D9286868B1D1F8043570
:10F940000393A3EB0B0020F07F40B0F5000F26D906
:10F95000204605F051FC039BBAF1000F07D109EBDB
:10F96000030C09F10109D5E7BAF1000F09D06FF0D6
:10F97000150520460199FFF741FF284605B0BDE86F
:10F98000F08F0123104ABFF35B8FA34052E8000FB2
:10F99000184342E800010029F8D1BFF35B8F074903
:10F9A0000E98230101EB0412C8500F9B5360C2E96B
:10F9B00002670025DDE700BF01008000C0230020B2
:10F9C00000100140FDFF7F00988800207FB51C4C8F
:10F9D0001C4BC4F80833C4F848331B4B00254FF0C8
:10F9E000FF304FF0FF31C4F80855C3E902014FF46E
:10F9F0008033C4F80433154B02264FF40032032140
:10FA0000C4F804631120C3F880212A46E7F7DCFA22
:10FA10001120E7F7A9FA0E4A0123A36023601360BF
:10FA20000C4B0D4A0093CDE9015500232846FFF702
:10FA300035FF3046FFF786F9284604B070BD00BF99
:10FA40000010014003000F00C023002000E100E08F
:10FA50009C880020B5F70100FFFF7F002DE9F743E8
:10FA60002F4CD4F8043399070BD5D4F8043143B1A3
:10FA70002C4A0023C4F80431D4F80431136801334C
:10FA80001360D4F80433DA0329D5BFF35B8F264B18
:10FA900053E8002F22F0010143E800100028F7D1BD
:10FAA000BFF35B8FD30702D4D4F84031BBB100253C
:10FAB000C4F84051D4F84031FFF7CEFEEFF3118285
:10FAC000202383F31288BFF36F8F184BD3E90267AB
:10FAD000B042B94106D282F31188BFF36F8F03B0F1
:10FAE000BDE8F0834FF0FF384FF0FF39C3E90289DA
:10FAF000D3E900101D604FF48033C4F84833C4F8D4
:10FB00004051D4F8403182F31188BFF36F8F002940
:10FB1000E5D0009032463B4628468847DFE700BFE5
:10FB200000100140A088002098880020C0230020F9
:10FB300030B5431C124C85B005D08442A8BF0446A2
:10FB4000012CB8BF0124FFF787FE0E4B0C4DD3E903
:10FB50000013401AB0F5000F10D22218AA4228BF95
:10FB60002A4652184FF0000007490091CDE90100E4
:10FB700043F10003FFF792FE05B030BD2A46F0E7DF
:10FB8000FFFF7F00D0230020B5F7010008B5FFF785
:10FB900063FE024B1B68C01A08BD00BFD0230020C3
:10FBA000BFF34F8F0549064BCA6802F4E062134366
:10FBB000CB60BFF34F8F00BFFDE700BF00ED00E05B
:10FBC0000400FA054FF08053D3F83021082A06D1FB
:10FBD000D3F83431052B02D8024AD05C704700209C
:10FBE000704700BFFF720200024AD2F80034002BB7
:10FBF000FBD0704700E0014010B54FF08053D3F8C0
:10FC00003021082A4ED14FF080420021C2F80C1159
:10FC1000C2F81011C2F8381502F54042D3F80414A6
:10FC2000C2F82015D3F80814C2F82415D3F80C1420
:10FC3000C2F82815D3F81014C2F82C15D3F81414F0
:10FC4000C2F83015D3F81814C2F83415D3F81C14C0
:10FC5000C2F84015D3F82014C2F84415D3F8241480
:10FC6000C2F84815D3F82814C2F84C15D3F82C1450
:10FC7000C2F85015D3F83014C2F85415D3F8341420
:10FC8000C2F86015D3F83814C2F86415D3F83C14E0
:10FC9000C2F86815D3F84014C2F86C15D3F8443490
:10FCA000C2F87035FFF78EFF18B13F4B3F4AC3F8DB
:10FCB0008C26FFF787FF18B13D4BFB22C3F81825B0
:10FCC000FFF780FF70B14FF080414FF08053D1F8C3
:10FCD000E42ED3F8583222F00F0203F00F0313433F
:10FCE000C1F8E43EFFF76EFF20B1324B4FF40072D3
:10FCF000C3F840264FF08053D3F83031082B1AD187
:10FD00004FF08043D3F80024D20744BF6FF00102C4
:10FD1000C3F800244FF08053D3F83431052B02D8B8
:10FD2000254AD35C3BB14FF01023D3F808224FF0A3
:10FD30008043C3F858254FF01021D1F80C32DB076F
:10FD400014D51E480123C0F80435FFF74DFFD1F844
:10FD50000C3223F00103C1F80C32FFF745FF0023FA
:10FD6000C0F80435FFF740FFFFF71AFFD1F8003263
:10FD7000002B03DBD1F80432002B14DA0F490123E6
:10FD80004FF01020C1F804351224FFF72DFFC0F802
:10FD90000042FFF729FFC0F80442FFF725FF0023C8
:10FDA000C1F80435DEE710BD005000404881030073
:10FDB00000F0004000900240F972020000E00140B3
:10FDC00030B50468CCB1BFF35B8FB4FA84F3C3F1F0
:10FDD0001F03DBB201229A4024EA020250E8005FCE
:10FDE000A54204D140E8002CBCF1000FF6D1BFF3CE
:10FDF0005B8FE6D102480B7030BD0248FCE700BFC4
:10FE00000000AD0B0200AD0B10B50368CB40DB0763
:10FE100014D401238B400268BFF35B8F43EA0201D5
:10FE200050E8004F944204D140E8001CBCF1000FA0
:10FE3000F6D1BFF35B8FEED1014810BD0148FCE75E
:10FE40000000AD0B0400AD0B014BC3F80405704777
:10FE500000F00140F7B50546F8B101281BD1042296
:10FE60004FF4807301464FF0804003440244C0F8D1
:10FE700008130026012111601E608D421B688DF859
:10FE8000071008BF0DF1070642F210744FF08047CB
:10FE900045B1012D29D003B0F0BD0C224FF482737F
:10FEA0000221E0E7D7F8183403F4803366B9002B59
:10FEB000F1D0012005F0B1F9013CF3D1EBE705F0F9
:10FEC000ACF9013CE4D1E6E7D7F8182402F00302CC
:10FED0003260002BDFD09DF807000128EFD0012D04
:10FEE000D9D10C4B00225A71D5E7D7F80C3403F462
:10FEF00080333EB9002BF4D0012005F08EF9013C8F
:10FF0000F3D1C8E7D7F80C2402F001023270002BBD
:10FF1000E1D1E6E7A4880020044B1A7922B9012236
:10FF200018609A800248704702487047A4880020F1
:10FF30000000AD0B0C00AD0B08B5094B1B682BB1D5
:10FF40000020E7F733F808B9E7F70EF84FF08043E1
:10FF50000022C3F81825034B01221A7008BD00BF08
:10FF6000A4880020D489002010B510B1012843D006
:10FF700010BD4FF08043D3F81814D3F81824C803E9
:10FF800021D502F00303012B04D013B10020FFF7A9
:10FF900061FF00234FF080420220C2F8183508228A
:10FFA0004FF4827303F180430021196002F1804213
:10FFB0001C6801241460154A12680AB34FF080438C
:10FFC000C3F80403D4E7D3F81424D107E1D5D3F858
:10FFD0001C249207DAD40D4A12681AB10222C3F81F
:10FFE0000423C5E7D3F80421002AFBD00022C3F87C
:10FFF0000421D3F80431BBE700224FF48073D1E72A
:020000022000DC
:100000001A68002AFCD019601B68B1E7A488002098
:10001000F8B54FF080431C4ED3F804430125002768
:1000200004B9F8BDB4FA84F0C0F11F00830003F5F1
:1000300080739BB203F1804305FA00F2196892B213
:1000400024EA02040029EBD01F601B684FF08043B4
:10005000012AC3F8082305D0022A08D03368C0B2A9
:100060009847DDE77379002BDAD17271F6E7D3F8A0
:100070001814D3F818148907F0D1C3F81855C3F829
:1000800004239D60CCE700BFA4880020036803F030
:100090001F025B09026004D0012B034818BF002037
:1000A00070474FF0A040704700030050034A4309D7
:1000B00000F01F00D35C1844C0B270470573020003
:1000C00070B50546FFF7F2FF0C4C08300E4634F8C9
:1000D0001030DA0508D5C3F3432304EBC3022846E6
:1000E00054F8333052689847A3682BB1E268314620
:1000F0002846BDE87040184770BD00BFAC8800209E
:1001000008B5FFF7D3FF034B083033F81000400B5E
:1001100008BD00BFAC88002008B5FFF7C7FF034B40
:10012000083033F81000C0F3400008BDAC88002050
:1001300008B5FFF7BBFF034B083033F81000C0F3DE
:10014000401008BDAC880020034611F0010010B536
:10015000CCB20DD1A207C4F3400012D5094AD2F89F
:1001600020055860C2F82005003818BF012008E0BB
:100170004FF0A041D1F820251A60C1F82025002AAF
:10018000E8D010BD0003005010B5FFF78FFF124AF2
:10019000083032F81030D9051CD5C3F3432123F4BD
:1001A000F85322F8103002F10E04002034F8023F18
:1001B00013F4807F03D0C3F3432399420AD0013064
:1001C0003028F3D1002342F831300448BDE8104014
:1001D000FFF71ABE10BD00BFAC88002024890020A4
:1001E00001F18051F0B501F5C2510446114A0020D9
:1001F0008900012506468A420BD10F4BD3F87C219A
:1002000032B10022C3F87C21D3F87C3140F00040A9
:10021000F0BD02F14043A3F5C2439B0805FA03F386
:100220001C4204D0176817B11660176818430432CF
:10023000E1E700BF0061004000600040F7B50646FE
:100240000846FFF733FF194F00F108050C4637F851
:100250001530DB0727D5304605F047F82046FFF775
:1002600067FF40B12046FFF74BFF316800F5A270F1
:10027000002341F820302046FFF786FF002301A825
:1002800027F815300194FFF701FF019B00EB830075
:10029000074BD0F80027134043F00203C0F80037A3
:1002A000044803B0F0BD0448FBE700BFAC88002061
:1002B000F0F8FCFF0000AD0B0400AD0B2DE9FF4191
:1002C000164680460846FFF7F1FE0C4631680546A3
:1002D00009B32046FFF720FF18B12046FFF728FF9B
:1002E00010BB0023CDE900338DF80E308DF80F30B0
:1002F0000DF10F020B4620460DF10E0104F09DFF9B
:10030000484A05F1080132F8113023F0020343F0A6
:10031000010322F8113073685BB320461F785968D7
:10032000FFF7FAFE10B1C9B13F4825E03D4A05F19B
:10033000080C32F81C3023F02003DB04DB0C22F81D
:100340001C3059B1032FEFD87168D8F80000496804
:100350000978A7B901F5A27140F82170314A05F179
:10036000080132F8113023F01C0343EA870322F816
:100370001130B3686BBB2D4804B0BDE8F08100EBD1
:10038000810043EA4133D0F810E52EF0030EC0F8A7
:1003900010E5D8F8000000EB810E43F02003DEF8F2
:1003A000100522F81C3020F44F3020F44070CEF8B5
:1003B00010052002DEF8108500F47C5040EA07406A
:1003C00040EA0800CEF8100502EB4100A0F87C409E
:1003D000C4E7D3E900672046FFF7D6FE002ECAD057
:1003E000104CD4E90023964203D19F4201D1002250
:1003F00009E00F480DF10F01FFF7E2FC0B4B9842AB
:10040000BAD19DF80F2044F8326004EBC2030835DE
:100410005F6034F8153043EA422343F4807324F8D4
:100420001530A8E7AC8800200400AD0B0000AD0B30
:10043000248900202DE9F0430C4685B080462046F3
:1004400011461E46FFF732FE054629B32046FFF748
:1004500063FE18B92046FFF76BFE18BB314F05F15C
:10046000080937F8193013F01C0F02D04B78012B14
:1004700018D001238DF80F300023CDE900134A1C5A
:100480008B1C20460DF10F0104F0D7FE37F8193010
:1004900043F0030327F81930002E41D02046FFF720
:1004A0003BFE18B9204805B0BDE8F08396F800C0BF
:1004B000D8F800301B4F0CF5A272002143F822102F
:1004C00005F1080237F8121021F02001C904C90C07
:1004D00027F8121075781DB3D8F80000B67800EB35
:1004E0008C002D04D0F8103523F4991323F4F8531D
:1004F000C0F81035230203F47C5305F4403536056B
:10050000D0F810E52B4306F4801641EA4C31334312
:1005100041F0200143EA0E0327F81210C0F810350D
:100520000248C0E7AC8800200400AD0B0000AD0B12
:10053000014BC3E902127047AC88002010B5084691
:100540001446FFF7F5FD50B10846FFF7AFFD054B28
:10055000083033F8103004485B0B237010BD03489B
:10056000FCE700BFAC8800200000AD0B0400AD0B21
:1005700070B50E4C94F88C500646A5B960222946F9
:1005800004F1100005F006FD3068C0F87C51D0F889
:100590007C3140F30730E6F7E7FC0123044884F898
:1005A0008C30A36770BD0348FCE700BFAC88002017
:1005B0000000AD0B0C00AD0B034B93F88C00003822
:1005C00018BF0120704700BFAC8800200079024BA3
:1005D00003EB8000FFF718BCA00500200079024B58
:1005E00003EB8000FFF7ECBBA0050020F7B5054644
:1005F00008461646FFF79CFD0C462968F0B12046D8
:10060000FFF78AFD0746C8B92046FFF779FD04B217
:10061000A40004F580728F508A5829682144D1F8CB
:10062000102542F00102C1F810252EB129680122DF
:1006300002FA00F3C1F8043303B0F0BDD1F804337B
:10064000002BA4BF4FF00043C1F804332046FFF74E
:100650002DFD0F4B083033F81030C3F38203042B09
:1006600012D0052B12D001A80194FFF70FFD019ABB
:10067000D0F81035D34003F00103991C204603B095
:10068000BDE8F04004F022BE0321F7E70221F5E7C0
:10069000AC8800202DE9F04F654BD3F80403C0B2BD
:1006A00087B0082140F00040FFF79AFD051E2BDAC5
:1006B0000023032104A8CDE90433FFF745FDDFF84B
:1006C00074A10DF110084FF000094FF0010B1AF85A
:1006D000013B5949DA0803F007038A5C22FA03F365
:1006E000DA071CD408F10408B9F1000F14D0002176
:1006F0004FF00040FFF774FD032104A8FFF724FD2D
:100700000028DCD125F00045494E4C4F0124002D36
:1007100078D107B0BDE8F08F4FF00109D7E7484B1B
:100720004B440093D8F800100029DBD0009B91FACD
:10073000A1F11C78B1FA81F141EA44142046FFF797
:10074000B5FC3E4B0394083033F81070C80801F034
:10075000070118F800200BFA01F122EA0102BB0898
:1007600008F8002003A80193FFF790FC039A019B6F
:1007700002F5E072C7F3820650F822205B07374685
:10078000C2F3014223D520463946D6B2FFF798FC82
:1007900003A80394FFF77AFC039B03F5E07350F87A
:1007A0002330C3F301439E4207D10021204604F0C9
:1007B0008DFD3146204604F089FD03A80394FFF720
:1007C00065FC039B0BFA03F3C0F82035AAE7022A65
:1007D0000CD10321204604F079FD06F00503012B1E
:1007E000EBD139462046FFF76BFCE6E702212046B5
:1007F000019204F06BFD032EF3D0019A032ADCD1A1
:10080000022EEDE795FAA5F3B3FA83F304FA03F2A7
:1008100025EA020503F5A27207EB430356F82210FE
:10082000B3F87C00C1F30141FFF74AFC6FE700BF5A
:1008300000600040157302003C6D0200AC8800208F
:100840001573020010B5184C237853BB0278C2F31D
:100850004003920712D54FF08053D3F83021082A75
:100860000BD1D3F83431052B07D8104AD35C23B110
:100870004FF080430122C3F8382601234FF0804215
:10088000C2F88035037803F00103C2F87835002000
:10089000E6F78CFB08B9E6F767FB012304482370F1
:1008A00010BD0448FCE700BFD58900201773020083
:1008B0000000AD0B0C00AD0B4FF080434FF46072A5
:1008C000C3F80823014B00221A6070473C890020BE
:1008D00008B5FFF7F1FF03680BB1014A136008BDCB
:1008E0003C89002010B54FF08043D3F804436207E1
:1008F00007D54FF4847004F020FD10B11E4B1B6827
:100900009847A30608D54FF48A7004F016FD18B175
:100910001A4B00201B689847600608D54FF48C706E
:1009200004F00BFD18B1154B01201B6898472106F8
:1009300008D54FF48E7004F000FD18B1104B002064
:100940001B689847E20508D54FF4907004F0F5FC59
:1009500018B10B4B01201B689847A3050AD54FF42B
:10096000927004F0EAFC28B1054BBDE810401B680A
:100970000220184710BD00BF448900204089002094
:100980003C89002001460148FFF71ABAA40500205F
:1009900038B5EFF31185202383F31288BFF36F8FEF
:1009A000064B9C6804F019FD85F31188BFF36F8F27
:1009B0002046BDE83840E6F77DBA00BF48890020F0
:1009C00038B50A4B53F82040013053F82050A54267
:1009D00000D838BD606830B1037FDB0701D404F074
:1009E000D1FC0834F3E723689847FAE7406D02002A
:1009F00070B52A4B2A4C2B4D012286B003201A7069
:100A0000FFF7DEFF01F00CFC0420FFF7D9FF2646BC
:100A1000AE4204F1300410D300F084FF204C224E8B
:100A2000AC4226D300F092FFE5F7C4FD1F4A137BCA
:100A300023F00103137306B070BD54F80C3C05930A
:100A400054F8103C049354F8143C039354F8183CA5
:100A5000029354F81C3C019354F8203C009354E951
:100A60000A2354E90C0100F03DFD54F8303C5E656A
:100A7000CDE7D4E90A23B3F1FF3F08BFB2F1FF3F4E
:100A800005D052EA0301206803D101F01BF830348D
:100A9000C6E73146183001F0A5F9F8E7D6890020FD
:100AA000A8630200A8630200175A02007024002005
:100AB00070B5164E164D1749902386B003FB00669D
:100AC00001220023CDE904230F22CDE90232019354
:100AD000142303FB005504464FF4C07000FB0411BF
:100AE0000D4B00954FF4A072304600F0FBFC737B79
:100AF0000A4AEE6023F0040373734FF4046304FBAB
:100B0000033313442C746B6006B070BDE0230020E7
:100B100048890020C0A00020515502008098002084
:100B2000BFB50020FFF74CFF294B83F30888294C01
:100B3000294F636943F4007363610025E02384F85F
:100B40002230E57725766576A57684F82050636AAD
:100B500043F4E023636284F82350E6F779F9E6F77B
:100B6000C7FA4FF0FF33A362E362E6F787FBE6F7CD
:100B7000E3FA1A481A4C00F031FDE6F753FD012064
:100B8000FFF71EFF0220FFF71BFF00F013FF154BBE
:100B900015495C61154B05930123CDE903534FF4CF
:100BA00080623B46CDE901550095204600F09AFC55
:100BB000627B064622F004022046627304F0E8FEDF
:100BC0002846FFF775FF3A4631462046E6F770FAA9
:100BD000C0A0002000ED00E0F10902000025002087
:100BE000702400204889002040A200201D730200CC
:100BF00038B5064C064DAC4201D3002038BDD4E9CF
:100C00000112204604F02EFC1434F4E748060020BC
:100C10005C06002030B585B0DDE90845034B029342
:100C2000CDE9004504F0DCFB05B030BD83290200AE
:100C300038B5064C064D0020AC4200D338BD2046E6
:100C400004F034FC0028F9DB1C34F5E72C06002006
:100C50004806002073B50C46EFF31181202585F37B
:100C60001288BFF36F8FC5685DB125602B68C360C4
:100C7000836901338361002081F31188BFF36F8F93
:100C800011E052EA030603D125606FF00B00F3E791
:100C9000CDE900230246083000F08AFD18B9034B65
:100CA0009B681B69236002B070BD00BF48890020AB
:100CB0002DE9F34104460E469DF8200004F1080892
:100CC000EFF31187202181F31288BFF36F8F256A1C
:100CD000E1688D4246D22568AC4218D0BDB12846A5
:100CE00004F041FC05F1180004F032FFA268286905
:100CF000314605F027F90023C5F88C30284604F06A
:100D000047FE4046394600F0E7FD002037E0A26884
:100D1000D8B1E069314605F015F9E369A2681344DA
:100D20006269E361934201D12369E361236A01337C
:100D30002362102104F1240005F06EF80028E0D1B0
:100D400087F31188BFF36F8F19E0A1692369994276
:100D500004BF6369A361A069801AA061314605F0F0
:100D6000F1F8E3E752EA03010CD0084989684046EC
:100D70000E61CDE900233946224600F019FD02B08C
:100D8000BDE8F0816FF02200DAE700BF488900205B
:100D9000F7B5044604F108070846EFF31186202151
:100DA00081F31288BFF36F8F216A00293AD0A268BD
:100DB000A16905F0C7F8A369A268256813446269B0
:100DC000A361934204BF2369A361236AAC4203F188
:100DD000FF33236234D02846002D32D004F0C3FB09
:100DE00005F1180004F0B4FEA2682969E06905F075
:100DF000A9F8E369A26813446269E361934204BFFE
:100E00002369E361236A0133236200242846C5F87D
:100E10008C4004F0BDFD3846314600F05DFD2046B3
:100E200003B0F0BD52EA030110D00A498968086195
:100E3000CDE9002331462246384600F0B9FCEFE701
:100E4000002086F31188BFF36F8FE9E76FF022006F
:100E5000F7E700BF488900202DE9F3410446174613
:100E60001E46EFF31188202383F31288BFF36F8FA0
:100E7000C368334A7BB180689168884219D057EAC9
:100E8000060318D188F31188BFF36F8F6FF00F003E
:100E900002B0BDE8F081916891F90E102161013333
:100EA000E3609368A36088F31188BFF36F8F00201D
:100EB000EEE72169F2E791F90E1090F90E309942B0
:100EC000A8BF19466FF07E029142B8BF11468B420F
:100ED0002DDD04F05CFB0546CDE90076194822467D
:100EE000414600F065FC0028E1D0EFF31186202395
:100EF00083F31288BFF36F8FA068D0B12368216994
:100F00009C420AD04BB193F90E309942A8BF1946C2
:100F10006FF07E039942B8BF194604F038FB40B128
:100F20000848314600F0D8FC6FF00A00B0E7002511
:100F3000D2E7002DF4D186F31188BFF36F8FF3E76A
:100F400048890020D7890020F8B583680546002B22
:100F500040D0234A926893423FD1C368012B03D902
:100F6000013BC3600020F8BDEFF31187202383F31A
:100F70001288BFF36F8F0169806804F008FB2C684A
:100F8000A54207D10023C5E9023387F31188BFF3D7
:100F90006F8FE7E7002CF5D0D4E9003213605A6078
:100FA000637B002623F002036373C4E90066A66036
:100FB00004F1180004F0CCFDAC6094F90E302B6104
:100FC0002046C4F88C6004F0E3FC0648394600F083
:100FD00083FCC7E76FF01500C5E74FF0FF30C2E7AD
:100FE00048890020D789002037B51146EFF31185D5
:100FF000202282F31288BFF36F8F04689CB12368AC
:10100000426823F003039442036008BF4360012158
:10101000204604F049FB044685F31188BFF36F8F27
:10102000204603B030BD51EA0302F5D000F10802BA
:10103000CDE900131046294600F0BAFB0028EFD195
:10104000014B9B681C69EBE74889002070B5EFF302
:101050001186202383F31288BFF36F8F0468A042A8
:101060001BD0D4B1D4E9003213605A60637B0025F1
:1010700023F00203C4E900556373A56004F118006E
:1010800004F066FDC4F88C50204604F081FC314623
:101090000A48BDE8704000F01FBCD0E902329A4215
:1010A00018BF013383600221103004F0B5FE002820
:1010B000EDD186F31188BFF36F8F70BDD789002003
:1010C00013B5EFF31181202484F31288BFF36F8FDF
:1010D000846844B1013C846081F31188BFF36F8F51
:1010E000002002B010BD52EA030406D181F311883A
:1010F000BFF36F8F6FF00F00F3E7CDE900230246D7
:10110000014800F055FBECE7D78900202DE9F843B2
:101110000546EFF31188202383F31288BFF36F8F06
:10112000002637466FF00A092C68A54216D0ACB1EC
:10113000D4E9003213605A60637BA76023F0020396
:101140006373C4E9007704F1180004F001FDC4F8EA
:101150008C90204604F01CFC0126E5E70023AB60E0
:10116000022105F1100004F057FE30B92EB988F3C2
:101170001188BFF36F8FBDE8F88341460248BDE890
:10118000F84300F0A9BB00BFD78900202DE9FF413B
:101190004F4E04462027EFF3118887F31288BFF3E0
:1011A0006F8FD4F89450F5B9022104F1AC0004F02B
:1011B000EFFA002868D004F1A40500220121284696
:1011C00004F06AFC0028F8D1002302934FF0FF32AC
:1011D0004FF0FF33CDE90023414604F19C023D4826
:1011E00000F03AFDD7E7D4F898202B68C4F8943083
:1011F000954208BFC4F89830D4F8AC3043F00203ED
:10120000C4F8AC30EB6823F0040343F00103EB6057
:101210006B6888F31188BFF36F8F28469847EFF308
:10122000118887F31288BFF36F8FEB68D80623F01D
:10123000010236D4EA60EB689A0716D5306823F0CD
:101240000203EB6088B10368002170B142689542E7
:1012500035D1036869BB72683360824200D1736024
:10126000002340F8083BFFF7F1FED4F8AC3023F040
:101270000203C4F8AC3088F31188BFF36F8FDB052D
:1012800089D400F09FFB86E7D4F8AC30D9069BD513
:10129000C4F8AC0088F31188BFF36F8F04B0BDE8C9
:1012A000F08123F01103EB6005F11000FFF7CEFE93
:1012B000C1E70B607368834208BF7160D0E723B158
:1012C0001A68014618461346BFE71A46F9E700BFF9
:1012D00068890020D7890020F8B5C3689A070446BA
:1012E0000F46C3F340062ED45B071CD40B680BB922
:1012F00083680B60E368DD0744BFA3683B603D681B
:101300004CBF02260126002D3CD0204B9A68D5F810
:1013100090309A420AD0D5F8AC30D807C3F3800297
:1013200014D46FF0120600233B6025E004F0EDFAC0
:10133000D5F8AC300028F0D1D907C3F3C002F0D5FE
:1013400052B15B0708D46FF00F06ECE7002AFAD120
:10135000C3F3C003002BF6D100232360D5F89830E7
:1013600063B9C5E92544284604F02CFAE36843F044
:101370000403E3603B68A3603046F8BD1C60C5F819
:101380009840F0E76FF01506CDE700BF48890020D0
:101390000146014804F08ABAB0250020F0B589B0B2
:1013A00004460020C4E925000E9D04F19C00C4E918
:1013B000270004F1A400C4E9290055B328790028C6
:1013C00040F2011008BF0120C4F8AC0000204FF02B
:1013D000FF364FF0FF37CDE90330CDE90100CDE90D
:1013E00006670D4B0094204600F0CCF855B12968F3
:1013F00011B1204604F08FFA6B791BB1237B43F0C7
:1014000001032373204600F05DFBC4F8904009B04F
:10141000F0BD0120D8E700BF8D11020037B5019063
:101420000846EFF31184202181F31288BFF36F8FF8
:10143000C16811F01E0F16D153EA020508D101A9A7
:10144000FFF74AFF84F31188BFF36F8F03B030BDFD
:1014500041F00801C160019981620449103000F037
:10146000C1FC0120EEE70020ECE700BF3958020084
:1014700001460148FFF7D2BFB0250020F7B50C4662
:10148000019016461D46EFF31187202383F312883F
:10149000BFF36F8F084604F086F955EA060309D1B9
:1014A00001A92046FFF718FF87F31188BFF36F8F5C
:1014B00003B0F0BDE368074943F00803E360019B14
:1014C000A36232462B4604F1100000F08BFC012091
:1014D000EAE700BF3958020001460148FFF7CEBFD6
:1014E000B02500202DE9F043073285B022F0070235
:1014F0000E461F461099017300F158037F32C0E970
:1015000016330446002322F03F0204218360417316
:101510003F2A0F98A073C4E90633E37306F140092C
:10152000A2F1400805D883F31188BFF36F8F0846F6
:1015300002DFB51829462046E5F76AFA07300E9B08
:1015400020F00700E067C4E91D9802930D9B01930A
:101550002D1A0C9B00932A463B4631462046E5F760
:1015600075FD0023636584F87030054B9B680BB1F3
:10157000D3F88030C4F88030284605B0BDE8F08349
:1015800048890020F0B587B000250595109D049589
:101590000F9D03950E9D0295DDE912760D9D019537
:1015A0000C9D00950446FFF79DFFB6F1FF3F08BF75
:1015B000B7F1FF3F05D056EA070305D1204600F0FA
:1015C00081FA204607B0F0BD3A46334604F11800D0
:1015D000014900F007FCF4E7175A020040F201133A
:1015E00083810023C0E91D33C0F88030014B98602F
:1015F000704700BF488900200A4A93686FF00A01CB
:10160000C3F88C100849C3F888004B6843F0805336
:101610004B60002383F31188BFF36F8F9368D3F877
:101620008C0070474889002000ED00E070B590F90B
:101630000D20437B002A36DBD90634D11B4C63F0E6
:101640007F032246437352F8183FE169934207D162
:10165000C0E900210860E06111E09942F8D01B6800
:10166000002BF5D090F90E5093F90E60B542F4D0EE
:10167000AE42F2DD5968C0E9003108605860A569E2
:10168000954200D005B9E568A3685A7BD20604D11B
:10169000DA897F2A01D9AA6932B1AB4202D0284641
:1016A00000F01AFB656170BD6361FCE748890020AA
:1016B00038B590F90D20437B002A014604DA03F087
:1016C0007F03437304F02AF90D4D2A46AB6852F8A4
:1016D000184F944200D004B9EC688B4207D05A7B73
:1016E000D20604D1DA897F2A01D9A2692AB1A3429C
:1016F00002D0204600F0F0FA23466B6138BD00BFEF
:1017000048890020B3F1FF3F08BFB2F1FF3F03D08B
:101710000249183000F066BB704700BF175A02003C
:1017200070B590F90D20437B002A014604DA03F0DE
:101730007F03437304F0F2F84B7B1C4C63F07F0390
:1017400022464B7352F8183FE069934207D1C1E932
:1017500000200160E16111E09842F8D01B68002B85
:10176000F5D091F90E5093F90E60B542F4D0AE4227
:10177000F2DD5868C1E9003001605960A569A368CD
:10178000954200D005B9E5688B4207D05A7BD20656
:1017900004D1DA897F2A01D9AA692AB1AB4202D0E1
:1017A000284600F099FA2B46636170BD48890020F5
:1017B000F8B50E4B0C4611460D4A98681060DDE9ED
:1017C0000667EFF31182202282F31288BFF36F8F36
:1017D0009D68284604F0B4F8284632463B46FFF799
:1017E00091FF2046BDE8F840FFF706BF488900207A
:1017F00070890020F8B50446EFF31187202383F3A6
:101800001288BFF36F8F437B03F01F02002A0CBFC7
:101810000126002649B239D103F07F03437304F057
:101820007DF82C4D437B817363F07F032A4643731D
:1018300052F8183F934227D1E869C4E900200460B8
:10184000EC610FE09842F8D01B68002BF5D093F9BB
:101850000EC06145F6D08C45F4DD5968C4E900310D
:101860000C605C60AC69944200D004B9EC68AB6871
:101870009C4202D0204600F02FFA6C6187F3118859
:10188000BFF36F8F3046F8BDE869DEE79B071ED5D2
:10189000856804F043F881732B689D4209D16B6819
:1018A000C4E900531C606C60E8E76A689342F6D0B4
:1018B0001B68002BF3D093F90E209142F5D08A4299
:1018C000F3DD5A68C4E9003214605C60D6E78173C6
:1018D000D4E700BF4889002049B9EFF3058030B94B
:1018E000054B5A699B689A4201D0FFF785BE81F388
:1018F0001188BFF36F8F704748890020034648B9AD
:10190000EFF3058232B9064A51699268914201D0DB
:10191000FFF772BE83F31188BFF36F8F704700BF6C
:1019200048890020EFF31181202383F31288BFF34D
:101930006F8F054B9A68D37B013BD37381F311887A
:10194000BFF36F8F704700BF4889002070B5EFF379
:101950001186202383F31288BFF36F8F144DAB6879
:10196000DA7B0132DA732A4652F8184F944200D0DB
:1019700004B9EC685A7BD20604D1DA897F2A01D9EE
:10198000A2692AB1A34202D0204600F0A5F923465D
:101990006B6186F31188BFF36F8FEFF31180202303
:1019A00083F31288BFF36F8FBDE87040FFF7A6BFC7
:1019B00048890020024B03F11802C3E90622704750
:1019C0004889002070B5EFF31186202383F3128835
:1019D000BFF36F8F1B4CA168E0690B68814214BF95
:1019E0001A46002249680B605960A368E1692AB968
:1019F000154AC3E900210B60E3610CE093F90E0086
:101A000092F90E50A84218D0854216DD5168C3E9FC
:101A100000210B605360A5690B4B9D4200D005B9B6
:101A2000E568A3689D4202D0284600F055F965613B
:101A30003046BDE87040FFF7DFBD8A42D8D012685B
:101A4000D5E700BF4889002060890020F8B550EA3A
:101A5000010306460C4603D1FFF7B4FF0020F8BD92
:101A6000EFF31187202383F31288BFF36F8F124D9A
:101A7000124BA8681860FFF71BFEA86810492346A0
:101A80003246183000F0AEF9AA68537B43F00403E5
:101A9000537304463846FFF7AFFDAB68D3E90A231A
:101AA000B3F1004F08BF002AD8D104F079F8201A0A
:101AB00020EAE070D3E700BF488900207089002049
:101AC000175A020038B50446EFF31185202383F33B
:101AD0001288BFF36F8F437B5B070FD5183004F07C
:101AE00037F8637B23F0040320466373FFF79EFD02
:101AF00029460548BDE83840FFF7EEBE85F311885A
:101B0000BFF36F8F38BD00BFD7890020014B9868A5
:101B1000704700BF488900202DE9F8430446077B41
:101B2000EFF31185202383F31288BFF36F8F437B7C
:101B3000190705D585F31188BFF36F8FBDE8F883CA
:101B4000D90943F008025DD14273A36813B120465E
:101B500003F0ECFE04F1180003F0FAFFA66D04F1A7
:101B60005808B04511D04FF0000976B1304603F067
:101B7000DDFE06F1180003F0EBFFC6F88C9030464E
:101B8000FFF754FDA66DB045EFD1DFF8C080D8F85F
:101B900008309C423ED1EFF30589B9F1000918BF26
:101BA0004FF00109D8F81860294A964200D00EB9C2
:101BB000D8F80C60B34202D0304600F08DF82046D1
:101BC000C8F8146001F08AF9B9F1000F02D0214879
:101BD000FFF704FDD8F808309C4231D1EFF30583BC
:101BE00073BB227BD20718D42846FFF705FDFB07FD
:101BF000A4D5002383F31188BFF36F8F0423184605
:101C000002DF9BE703F07F0343F00803437303F015
:101C100085FE9AE74FF00009C4E785F31188BFF30A
:101C20006F8F83F31188BFF36F8F0423184602DF91
:101C3000EFF31180202383F31288BFF36F8FD4E773
:101C400085F31188BFF36F8FD1E700BF488900206B
:101C50006089002000250020D3B5DDE90667089CD7
:101C6000CDE90067FFF7A4FD1CB1034B9B681B691E
:101C7000236002B0D0BD00BF48890020044BC01AC9
:101C8000044BC0105843044B01221A54704700BF44
:101C900090250020ABAAAAAAD7890020C3897F2B50
:101CA00012D80A4B1B6863B1094B90F90E201B68D0
:101CB0009A4209DB437BDB0606D1064BC31A18BFE9
:101CC000012303F0010070470023FAE7A805002074
:101CD00074890020E023002070B50E4B0E4C1E7C52
:101CE00006EB460304EBC3040546204603F030FF31
:101CF0000A4B002228469A55FFF7D0FF48B1084BFF
:101D000008491A68013A2046D317BDE8704000F030
:101D100069B870BD4889002090250020D78900202F
:101D2000A80500207D1C020038B5EFF311852023A3
:101D300083F31288BFF36F8F104B114A9C681068B1
:101D4000A04206D1FFF7C8FF85F31188BFF36F8F5C
:101D500038BD00211B7C11600A4AD35C002BF3D0F4
:101D60002046FFF79BFF0028EED0637BDB0602D105
:101D70002046FFF7D5FC2046E4E700BF4889002055
:101D800070890020D7890020024B1868984208BF4C
:101D900000207047AC050020034B1B680BB9FDF712
:101DA000F5BE0020704700BF7889002030B570B1C3
:101DB0000B4B5B6898420AD0036843B1D3E9042116
:101DC000D0E90445121941EB0501C3E90421D0E92A
:101DD000003213605A600023C0E9003330BD00BFF9
:101DE000AC050020B3F1FF3F08BFB2F1FF3F2DE982
:101DF000F84F0446994615461F467AD08160EFF3A6
:101E00001188202383F31288BFF36F8FB9F1000F7D
:101E1000DFF8E4A020DBFFF7BFFFDAE90027013598
:101E200049F100092D1849EBE073C4E90453AD18DA
:101E3000064643EB07074FF00109FFF7A5FFDFF860
:101E4000BCE0DEF804A00346EBB9C4E900EACAF836
:101E50000040CEF8044028E0DAE900126FF00103F8
:101E60005B1A4FF0FF3161EB02025B1B62EB090270
:101E7000012B72F10001BCBF01230022C0E9043232
:101E80004FF00009D9E7D3E9041CD4E904208A42C1
:101E900070EB0C0B24DA891A5A686CEB0000C3E96A
:101EA0000410C4E9003214605C60FFF76DFF8442E7
:101EB0000ED1134B1B685BB9B9F1000F02D1FFF7CC
:101EC0006BFF0646304603F02CFE0021FDF730FE86
:101ED00088F31188BFF36F8F28463946BDE8F88F25
:101EE000521A60EB0C009A45C4E90420ADD01B687F
:101EF000AAE700252F46EFE7A8250020AC05002023
:101F0000788900202DE9F047EFF31185202383F332
:101F10001288BFF36F8FDFF8A490DFF8A480C9F8B0
:101F20000000FFF731FF00260027D9F80030D8E97C
:101F300000ECD91750B1D0E90442A34271EB020A78
:101F40001CDAE41A62EB0102C0E9044213EB0E034F
:101F50004FF000044CEB01012046C8E90031C9F8FC
:101F6000004003F0DEFD2146FDF7E2FD85F3118818
:101F7000BFF36F8FBDE8F047FFF7D6BE14EB0E023C
:101F80004CEBE473C0E90467C8E90023FFF70EFFD8
:101F900085F31188BFF36F8F83689847EFF311853E
:101FA000202383F31288BFF36F8FD9F800301B1BF7
:101FB000C9F80030FFF7E8FEB7E700BF78890020D6
:101FC000A825002010B5EFF31184202383F3128895
:101FD000BFF36F8FFFF7E0FE054A0346D2E9000129
:101FE000181841EBE37184F31188BFF36F8F10BDB4
:101FF000A8250020F0B51423154E03FB0100002492
:10200000202701B9F0BD10F8073C40F80C4C03F054
:102010003F03102BA0F1140C0CD826FA03F3DB07B6
:1020200008D550F8143C2BB150F8105C2B605D6063
:1020300040E9054482F31188BFF36F8FEFF31182FB
:1020400087F31288BFF36F8F01396046D9E700BF6D
:10205000160101002DE9F74F1D46274B9F6801230C
:1020600087F8603087F8613052EA050316460CBFE6
:102070000123002307F16002804603F007FE81463A
:10208000EFF3118B4FF0200A8AF31288BFF36F8FA2
:1020900097F860404CB901465A464046FFF7AAFF00
:1020A0008BF31188BFF36F8F0BE0002387F860304C
:1020B00056EA050309D18BF31188BFF36F8F6FF0D8
:1020C0000A04204603B0BDE8F08FCDE900650B4A55
:1020D0000B485946FFF76CFB0446EFF311858AF372
:1020E0001288BFF36F8F2A4649464046FFF782FFAA
:1020F00085F31188D6E700BF48890020B405002089
:10210000D889002038B50346EFF31185202282F3E9
:102110001288BFF36F8FC160012181600068834224
:1021200006D185F31188BFF36F8F0024204638BD98
:10213000D0E9003213605A600023C0E9003303F095
:1021400028FE294604460248FFF7C6FBEEE700BF1B
:10215000D88900202DE9F04385B04FF000090546ED
:10216000CDF8049000F10C07EFF31188202383F3DE
:102170001288BFF36F8F8368594003EA02060A4052
:1021800053400E4901AACDE9023903F0A8FC019C95
:102190003CB1C4F88C9020460021646E03F018FC1A
:1021A000F6E7DDE9023223EA02033846AB60414636
:1021B000FFF792FB304605B0BDE8F083E75E020012
:1021C000F8B507460C46164603F09FFB08B1002001
:1021D000F8BD0E4B9B68D3F88050002DF7D0221D20
:1021E000F5D2EFF31184202383F31288BFF36F8FAE
:1021F00047F004012846B04784F31188BFF36F8F7E
:102200000028E4D040F8045BE2E700BF48890020E2
:102210000146024A0020FFF7D3BF00BF7D2902001C
:10222000014800F05CBC00BF2273020007B5074BF9
:102230000093074907484FF0FF334FF40072FFF750
:10224000ADF8002003B05DF804FB00BF586D02003C
:1022500080A60020B02500202DE9F04F8DB0436806
:102260000293837815469A07804640F10D81002439
:102270000E78002E00F00A81252E0BD04B1C039304
:102280000134029B4146304698470028C0F2F68050
:102290000399EDE74E788B1C252E0393F0D0002791
:1022A000B946BB46BBF11F0F38D8A6F12003102B4F
:1022B0000AD8DFE803F02A090930090909210909C8
:1022C0000928092D09091F00A6F13003092B33D96C
:1022D0002A2E37D11BF0400F55F8043B40F0828086
:1022E000002BA7BF4BF0200B9946C3F100094BF020
:1022F000280B01E04BF0010B039B13F8016B0393D8
:10230000002ECFD130E04BF0020B4BF0040BF3E783
:102310004BF0080BF0E74BF0100BEDE7BBF17F0F34
:1023200019D8A6F13003092BD2D81BF0400F03D0E7
:102330000A2101FB0737DFE70A2101FB09394BF0CE
:10234000200BD9E72E2E06D11BF0400F40F09E80C7
:102350004BF0400BD0E76C2E31D02BD8682E36D006
:102360006A2E3CD04C2E3AD0002F46F02003B8BF46
:102370002BF04002A3F16501BCBF1FFA82FB0027CE
:10238000022901D9612B2FD1073525F00705DFF888
:10239000ACA2083507271BF0080F66D00AEB070B25
:1023A00056465E4563D1A4EB0A0A06EB0A02A9EB86
:1023B00007096FE1742E9FD07A2E9DD0D4E71BF0D1
:1023C000800F18BF4BF4007B4BF0800B94E71BF49D
:1023D000807F18BF4BF4007B4BF4807B8CE74BF481
:1023E000207B89E71F4687E7A6F16301122900F2E7
:1023F000F080DFE811F013004F00EE00EE00EE0079
:10240000EE004F00EE00EE00EE00EE00EE00FE00EB
:10241000E900EE00EE001B00EE00AF0055F8043BB3
:102420008DF8183001270DF1180AB4E755F804AB00
:10243000834BBAF1000F08BF9A461BF0400F14BF40
:1024400039464FF0FF31504603F0BCFD0746A2E786
:10245000029B41462020984700280FDB013EB742EF
:10246000F6D34C44A41BB14698E74E46F7E716F85E
:10247000010B029B41469847002892DA98F80230F7
:1024800043F0040388F802304FF0FF3420460DB0CB
:10249000BDE8F08F1BF0800F34D01BF4007F2CD0F0
:1024A000073525F00705AA4669685AF8080B2BF08E
:1024B00010050029ADB237DA404261EB410145F425
:1024C00080650DF1180B0A235A4603F087FDA0EB37
:1024D0000B0301936B0662D5019B25F001019F421E
:1024E00089B240F3A180002E00F0998015F010020F
:1024F00040F09C80BB460D4623E0AA465AF8040BE8
:10250000C117D4E7AA461BF4807F5AF8041B01D1F7
:102510000846F5E71BF4007F15BF48B208B241F347
:10252000C01141F3C031C2E750EA0103C9D11BF029
:10253000400FC6D0002FC4D12BF0110295B2BB467C
:10254000019740F2064115EA01021CBF0BF1010B95
:1025500000222CE02BF010021FFA82FB0A231BF052
:10256000800C49D01BF400711DBF073525F007050D
:10257000AA46AA461ABF5AF8080B69685AF8040B0B
:1025800050EA010545D12BF016051BF0400FADB206
:1025900042D0002F40D12BF0170295B2019715F0D1
:1025A000100248D0019B002E42D103F1010B2907F4
:1025B0005AD4EB0706D5D9456FDD0199A9EB0B037A
:1025C0005F18CB465B4649E04BF0100B1023782692
:1025D000C5E7782B04D1C6F1780343F01003BEE7BA
:1025E000029B4146252098470028FFF647AF02345A
:1025F00047E608230026B2E7AA461BF480715AF882
:10260000040BBDD01BF400711ABFC0B2614680B28A
:10261000B6E72BF0060295B20DF1180B54E725F042
:102620001105ADB2BB468CE70D46B8E73B460D46FB
:1026300003F1020BBBE7DDF804B082E75A73020036
:1026400053730200CDE904324146029B2020984793
:102650000028FFF613AF049B059A01339945F1DC7E
:10266000A4EB0B01CC189B460AB3029B41463020D9
:1026700098470028FFF602AF8EB901342744019B2A
:10268000391B994224DC1D465DBB019AA9EB0B095D
:10269000224455461446914435E0019F92E70234A6
:1026A00041463046029B98470028E7DAE6E640F2CA
:1026B00006410D42E2D015F0020F14BF2B2020205E
:1026C00015F4806F04F10104414618BF2D20E9E79D
:1026D000029B414630209847002804F10104CEDADD
:1026E000CCE606AB013D4146585D029B9847002869
:1026F000CADAC3E6029B414620209847002804F12D
:102700000104FFF6BBAEA9EB0403002BF2DCBFE52E
:102710007047022806D0052804D001280CBF0320EA
:10272000002070470420704700EBC100408840083B
:102730007047F8B50346FFF7F7FFB0FA80F0C0F135
:102740001F0003EB800CCA00DCF81060171D0C465C
:1027500006328DB256B9012101FA00F0D968014361
:10276000D960CCF81040DD539D52F8BDF100043122
:10277000585AD85303EBC0009E52C5805D52F4E70F
:1027800010B500EBC104E388994202F104010AD1BB
:10279000012303FA02F2C36823EA0203C3600023A1
:1027A00040F8213010BDA28840F8213000EBC20172
:1027B00000EBC300CB808280F4E708B50346FFF747
:1027C000B3FFB0FA80F2C2F11F021846BDE808401C
:1027D000FFF7D6BF2DE9F843B1FA81F5C5F11F091E
:1027E00000EB89080346D8F810200E46C2B1032733
:1027F000D8F8104018462146FFF796FFB04206D39E
:102800004A461846FFF7BCFF2046BDE8F88303EBB5
:10281000C404013FE088C8F8100001D08242E7D12B
:10282000C5F120024FF0FF349440DA681440EBD039
:1028300094FAA4F2B2FA82F2111D53F82140214613
:10284000DFE738B50346FFF76FFF0D460446114634
:102850001846FFF769FF03EBC50504446000688074
:102860001846FFF761FF014423F8314038BD38B501
:102870000346FFF759FF0C46A51A511A03EBC4048F
:1028800005444800608003EBC2006C00448023F8DC
:10289000321018461146FFF747FF014423F8315024
:1028A00038BD38B50546FFF73FFF0C46014405EB40
:1028B000C1035B88DA070AD42846FFF77EFF21466A
:1028C0002846FFF731FF22182846FFF7BAFF35F8F0
:1028D0003410611A05EBC1035B88DB070CD4284672
:1028E000FFF76BFF35F834102246611A2846FFF7D0
:1028F000A8FF35F83430E41A21462846BDE83840B0
:10290000FFF717BF61B100680439091A21F0070306
:102910000344C9085A8822F001025A80FFF7C1BF58
:10292000704770B5056809B9002070BD01F0070354
:102930000B33CC0804EBD304AB689C4228BF1C4685
:1029400021462846FFF746FF06460028ECD0014600
:102950002846FFF7E9FEA04207D932192846FFF7BB
:1029600086FF11462846FFF7E4FE05EBC602104637
:10297000538843F0010353800430D6E71146FFF734
:10298000D0BF2DE9F84301F1FF3919EA01090668C2
:102990000F4614460CD04B420B40042B1A464F46B0
:1029A00028BF0422994664B900252846BDE8F8836B
:1029B000042904D8BDE8F8431146FFF7B2BF04224A
:1029C000F1E7BA1A04F0070302F007010B330B44D6
:1029D000E10801EBD20101EBD301B368994228BFB2
:1029E00019463046FFF7F6FE80460028DCD009F194
:1029F000040505EBC0057B1E35441D44B5FBF7F50A
:102A00007D43A5EB09052C442B1F07349B1B24F0A9
:102A10000704A41BB0EBD30F4FEAD3074FEAE4043B
:102A200008D201463A463046FFF721FF414630467C
:102A3000FFF77FFE39463046FFF776FE3844844282
:102A400007D230462246FFF712FF21463046FFF7F5
:102A500070FE06EBC706738843F001037380A4E79A
:102A6000043A2DE9F041CC1D114424F0070421F073
:102A700007010E1BF708B7FA87F2C2F12405AD0073
:102A80004FF000080735C2F12002ED08046041460E
:102A9000A760C4F80C80920004F1100003F07AFAE9
:102AA0006B0043F00103638004EBC5027B1B5900FC
:102AB000A4F800805180A21924F83550A2F80280B1
:102AC000A35304EBC70329465A8842F001025A80F7
:102AD0002046BDE8F041FFF72CBE002070470FB440
:102AE00007B504A951F8040B0191E3F7A9FD03B060
:102AF0005DF804EB04B070470FB407B504A951F8B2
:102B0000040B0191E3F79CFD03B05DF804EB04B006
:102B10007047036800220BB9184670478B4210D1EA
:102B20000B6842B942680360914200D143600023C0
:102B30000B600120704713604368994208BF4260F0
:102B4000F5E71A461B68E6E7038B13F0070305D188
:102B50000368002B0CBF002003207047022B05D117
:102B6000408BB0FA80F0400980007047012B05D1FE
:102B70000368002B0CBF0020052070470020704721
:102B800010B50C4600B111B96FF0150010BD081D4D
:102B900000F0D2F80028F9D1A368032BF6D9F3E7A7
:102BA0002DE9F0410D4607461946281D90461E4660
:102BB00000F0D6F8044638B1334642462946384636
:102BC000A446BDE8F0416047BDE8F08110B4EFF3E2
:102BD0001182202484F31288BFF36F8F416110BCEF
:102BE0000121E3F75FBD38B50C46054658B151B138
:102BF0000B6843B14B6833B11C22002103F0CAF9C2
:102C00002C61002038BD6FF01500FBE770B505465C
:102C10000E46FFF7B5FF041E14DBEFF311822023ED
:102C200083F31288BFF36F8F6B8B2C8B4FF6FF7182
:102C30008B4204F0070407D182F31188BFF36F8F32
:102C40006FF00A04204670BD022C0CD101336B8357
:102C500082F31188BFF36F8F002322463146284646
:102C6000FFF79EFFEEE7062C14D8DFE804F004130C
:102C70001313041A0400002333606B683BB9C5E9E1
:102C80000066ACB902212846E3F70CFDDAE71E60C6
:102C90006E60F6E782F31188BFF36F8F6FF0040464
:102CA000D0E782F31188BFF36F8F6FF08504C9E717
:102CB00082F31188BFF36F8FC4E710B5EFF3118271
:102CC000202383F31288BFF36F8F048B04F0070473
:102CD000022C0AD0012C0CBF6FF004006FF08500AD
:102CE00082F31188BFF36F8F08E0438B013B9BB2E7
:102CF000438323B92146E3F7D5FC204610BD204687
:102D0000EEE738B5A8B1A1B1EFF31185202282F327
:102D10001288BFF36F8F048BFFF7FBFE30B104F016
:102D2000070085F31188BFF36F8F38BD6FF0770010
:102D3000F7E76FF01500F8E7034640B1426802F08C
:102D40000302022A06D0032A04D0012A05D06FF01C
:102D5000150070471A68002AF9D000209860704763
:102D600010B54268816002F00302022A03464FF068
:102D7000000407D0032A02D05C60002001E018683C
:102D80005C6010BD18685C600028F6D0FFF7BAF9E7
:102D9000F3E770B50C8806468888241A3069A4B217
:102DA000844285B224BF641BA4B22D1BA8B29842F2
:102DB00028BF18463368234413600B8803440B80F4
:102DC00070BD70B4838985880669ED1AADB2731B36
:102DD000934228BF134670BC0A46011DFFF7D9BFB6
:102DE00070B40E460146C58831F80A3FEC1AA3B20A
:102DF000934228BF1346324670BCFFF7CABF10B5D6
:102E00004B880C88E41AA4B294420ED31A4492B2AE
:102E10008B884A800A800069D21A92B2824201D21B
:102E2000002010BD03448B80FAE76FF01500F8E72F
:102E30002DE9F34106460F4615464FF000082A4695
:102E400001A93046FFF7BDFF044640B102463946AE
:102E5000019803F077F82D1BA0442744EFD1424698
:102E6000311D3046FFF7CBFF404602B0BDE8F08190
:102E70002DE9F34107460E4615464FF000082A4655
:102E800001A93846FFF7ACFF044648B12EB102460F
:102E90000199304603F056F826442D1BA044EED18C
:102EA000424607F10A013846FFF7A9FF404602B043
:102EB000BDE8F081704703F06DB803F043B80146F8
:102EC0000068E3F771BD08B5E3F79EFDBDE8084073
:102ED000E3F7BEBD00210120E3F766BD6FF085007A
:102EE000704761B662B680F31188BFF36F8F704789
:102EF00072B6002383F31188BFF36F8FBFF34F8F38
:102F000030BF62B6BFF36F8F704772B6002383F392
:102F10001188BFF36F8FBFF34F8F20BF80F31188ED
:102F2000BFF36F8F62B67047202809D9B0F1004F08
:102F300008D80138B0FA80F0C0F11F004000704797
:102F4000082070473E2070477047416A8968E4F75F
:102F5000A1BA027A013202727047426810B52AB1F2
:102F60000B461C465B68002BFBD16260416010BDC4
:102F700010B5044620B90B7A01330B72084610BD18
:102F8000034618465B68002BFBD1FFF7E6FF20469F
:102F9000F5E710B508B14B6843604C68002308465C
:102FA0004B60E4F7F5FA204610BD838802681944A7
:102FB0008180D018704730B484880568A318838056
:102FC000281930BC02F0BEBF10B5838802685C1CB3
:102FD0008480D154D01810BD8388026830B5D418CD
:102FE0009D1C8580D154090A617030BD83885B1AAD
:102FF0009BB283800068184470478288521A034647
:1030000082800068084418607047034600689A8808
:10301000521A01449A801960704710B503681C78F1
:103020000121FFF7EAFF204610BD8388C28881682E
:10303000D21A03685B1AD01A70474FF0FF324FF074
:10304000FF330430FDF708BFFDF77EBF90F868003E
:10305000C0F341107047F8B504461E460D461746AA
:10306000FFF7EBFF94F868309B0715D425B1012DCD
:1030700010D06FF0150508E0E16E0029F9D09DF839
:1030800018300F714E718B710025201DFFF7DCFF8A
:103090002846F8BD216FF0E76FF07705F5E790F867
:1030A0006800C0F38000704738B50446FEF73AFC6C
:1030B0002046FFF7C2FFA06940B96FF01205201D3E
:1030C000FFF7C2FFFEF742FC284638BD94F868308F
:1030D000DB0716D402F06EF90028EED02046E5F7A3
:1030E000BBF805460028EAD10146282204F1200059
:1030F00002F050FF94F8683043F0010384F8683020
:10310000DDE76FF07705DAE738B50546FEF70AFC2C
:103110002846FFF792FF95F86830DA071CD59B0721
:103120001DD4A86901F044FC044638B9284600F0D3
:103130004FF9044648B1A86901F067FC281DFFF764
:1031400083FFFEF703FC204638BD95F8683043F056
:10315000020385F86830F1E74FF0FF34EEE76FF0D7
:103160007704EBE70246034652F8600F904201D124
:10317000002070470028FCD0027A8A42F9D05A6EAB
:103180008242F5D000680028F6D1704738B5044671
:103190000D46FFF752FF94F86830DB0718D42B690F
:1031A0000BB9EB68BBB1236E1BB904F16003C4E932
:1031B00018332B6893B9626E04F16001C5E90012FF
:1031C000156065661D46201DFFF73EFF284638BD89
:1031D0004FF0FF35F7E76FF01505F4E76FF077056F
:1031E000F1E710B50446034654F8480FA0420DD14C
:1031F00000200DE0447D8C4204D1032909D1047ADA
:10320000944205D0DC6CA042F2D000680028F1D1D5
:1032100010BD0F29F5E72DE9F04105460C46061DC6
:103220004FF0FF324FF0FF333046FDF715FEEF6EE3
:10323000002F6DD095F86830DB0769D4AB6C1BB9F3
:1032400005F14803C5E912332368002B63D1637D80
:103250000F2B09D1237A012B0CD0EB6C05F148021E
:10326000C4E900231C60EC64637D032B0FD04FF096
:10327000000806E0E1682846FFF788FF804600283E
:10328000EBD03046FDF760FE4046BDE8F081AA6C09
:1032900005F1480090421ED1002329E091F815C0A5
:1032A000BCF1030F10D0013323724B68C4E9001343
:1032B0001C604C60637A022B24D0032B25D0012B99
:1032C000D5D1237ABB73D2E791F808C00CF1FF3C4B
:1032D0006345E8D11268002ADED0537DE96C032BE8
:1032E0000DD18A42137A02D011680029D6D1013358
:1032F0002372EB6CC4E900031C60EC64DAE78A42D9
:10330000E8D1C9E7237AFB73B1E7237A3B74AEE7D0
:103310004FF0FF38B5E76FF07708B2E70346006873
:1033200000B1187A70470346C08808B11878C00900
:10333000704770B50C46154600F0D7FA40B14068AA
:1033400083681B6823B12A462146BDE870401847B0
:1033500070BDF8B503698668BFF35B8FD3F8A03002
:10336000BFF35B8F9B0704460D4617460ED5B36A25
:103370007BB1F36B9847B36A29463A462046984793
:10338000336C0546204698472846F8BD4FF0FF3578
:10339000FAE76FF08505F7E770B503698668BFF354
:1033A0005B8FD3F8A030BFF35B8F9B0704460D46BD
:1033B0000BD5F36B9847736A294620469847336CC0
:1033C000054620469847284670BD4FF0FF35FAE77E
:1033D0000346002083F82C009862704738B590F8B7
:1033E0002C30022B0D4604D100F079F908B1C468E5
:1033F00004B938BD2B78032B07D0052B0CD0022B3A
:1034000008D1606883689B6902E0606883685B69D3
:1034100003B198472468EBE760688368DB69F7E7E6
:103420000B0644BF21F080011031C84000F00100BC
:1034300070472DE9F8434FF0010805460C46464613
:103440002068002839D068F07F02D2B211465FFAB6
:1034500088F7FFF7E5FFB0B1D5F800901146484670
:10346000FFF7DEFF18B96FF01500BDE8F88322F012
:103470008002103206FA02F229EA02032B60236866
:1034800023EA0203236020683946FFF7C9FF78B1B9
:103490002A6839461046FFF7C3FF0028E3D006FA32
:1034A00008F122EA01022A60236823EA010323606B
:1034B00008F10108B8F1100FC2D10020D5E72DE9BD
:1034C000F04F8369C26E1B6993F88030C3F34113D8
:1034D000022B8DB081460ED0032B0ED0012B0CBFDA
:1034E00010230823D371D9F850800026B8F1000FBB
:1034F00005D14246ABE02023F4E74023F2E7D8F8B9
:103500000430D8F80C4003930A9604967CB9049BC7
:10351000039A09339BB293701B0AD3701671D8F8C3
:103520000C40002C40F0AF80D8F80080DDE76068E8
:1035300083681B6B00250B95002B00F0A2802946A9
:103540009847002800F09D80031FC4E903550293AB
:103550003546029A52F8043F02920BB11A7822B90A
:10356000B54278D86FF0150271E05A780B2A08BF7F
:103570009D70029B1B685A78042A10D1E2680B994F
:103580000A43E260DA78002A55D19D70236901224E
:10359000AA40134301352361EDB200230B93029B34
:1035A0001F687B78052BD4D1D9F8183007936FF0BA
:1035B00012024FF0010B79793B7943EA0123ADF810
:1035C000263097F902305FFA8BFA002B0A9B05939D
:1035D000B8BF4AF0800A51461846FFF721FF88BB62
:1035E0000B9B069351461846FFF71AFF50BBBB7959
:1035F000FA780798009351460DF1260301F031F84F
:103600000246F8B91AF0800F18BF2AF080014FF077
:1036100001031CBF10318B4005980699BDF8262088
:1036200087F802A008BF03FA0AF319431843CDE94B
:103630000A01BA808DE76A1E9A700BA90AA8FFF7E3
:10364000F8FEAAE70BF1010BBBF1100FB3D1104646
:103650000DB0BDE8F08FE3680B9A1343E360606838
:1036600083689B6ADBB1984702460028EFD1014688
:10367000606800F001F9049B2468034404932E461B
:1036800044E73546EBE7E368A36004F10C010AA8C0
:10369000FFF7CFFE02460028D9D1246841E76FF03A
:1036A0008502D4E74FF0FF324FF0FF330430FDF7CF
:1036B000D3BBFDF749BC21B101290DD000231B6804
:1036C000FFDE5030006848B143685B79934205D013
:1036D00000680028F8D170475830F3E7704710B5FC
:1036E00090F82C30022B044609D1FFF7AFFC94F878
:1036F000342001462046BDE81040FFF7DCBF002023
:1037000010BD08B5FFF7D7FF003818BF012008BD6E
:103710002DE9F04104460E46FFF798FC94F834304A
:103720008046CBB9002E3BD0324641462046FFF7BB
:10373000C2FF0746A8B10246204600F0D3F905466D
:1037400088B984F83460FC6864B3606883681B6A75
:1037500003B198472468F7E72046FFF7C0FF074604
:1037600020B96FF03C052846BDE8F08101462046AF
:1037700000F08EF910220546002104F1360002F017
:1037800009FC002384F83430FF6817B9002DC9D034
:10379000E9E7786883685B6A03B198473F68F4E7B4
:1037A00084F834600025DEE7F8B504460E46576815
:1037B0001546FFF777FF94F86830D9074FD4012EEC
:1037C00008D0FB799A060CD5A3691B69D3F8803021
:1037D0009B0706D46FF08506201DFFF76AFF304671
:1037E000F8BD002EF6D1A36D53B9226D62B9E36E18
:1037F0006A685B7C0133DBB25371E26E53740EE096
:10380000AB422FD01B68EFE7954222D12A68D3B98B
:10381000636D22659D4200D1626500232B60A9681B
:1038200049B12046FFF7F7FC06460028D4D1A86826
:10383000FFF774FDB87100232B60636D63B9C4E9B1
:1038400014550026C8E71A60626D954208BF63658B
:10385000E3E713461268C9E71D606565F1E76FF09D
:103860000F06B9E76FF01506B6E74FF0FF324FF0DD
:10387000FF330430FDF7F0BA08B583681B6B0BB15A
:1038800098470346002023B153F8042B0AB112785D
:1038900002B908BD1044F6E710B51C46FFF70BFF50
:1038A00048B10122C06802FA04F320B10269134250
:1038B00001D10068F9E710BD10B50C46FFF70FFF06
:1038C00048B10123C06803FA04F120B10369194229
:1038D00001D10068F9E710BDD1F81A0083681B69AF
:1038E00003B118476FF08500704770B501F07F0392
:1038F00011F0800F18BF103301259D4090F82C3037
:10390000022B044601D0002070BD90F83460FFF710
:103910009DFB324601462046FFF7CDFE0028F2D03F
:10392000C0680028EFD083681D42EDD10068F8E739
:1039300038B50C46FFF7D3FE80B1C06870B143685C
:10394000DA681AB111790023994201DC0068F5E7C1
:103950001568ED5CA54201D00133F5E738BD2DE9CE
:10396000F04105461E460846002A42D1E4F78CFC89
:10397000044600283DD02846FFF777FF95F86830C9
:10398000DA0707D56FF00F04281DFDF7DDFA204692
:10399000BDE8F0816768BFF35B8F6369BFF35B8F3E
:1039A000DB0704F11408EDD47B680BB19D42E9D12B
:1039B000324600212846FFF77EFEB8B1002323607F
:1039C000036983B9C0E90344BFF35B8F58E8003F44
:1039D00043F0010348E80032002AF7D1BFF35B8FC0
:1039E00000247D60D0E71C600461EDE76FF03C04CB
:1039F000CAE76FF01204CAE72DE9F8434C689DF856
:103A000020900D46984606461746FFF71FFBA36811
:103A10001B6B01461BB96FF01500BDE8F88320460B
:103A200098470028F7D0041F0C35002054F8043FB5
:103A30000BB11A782AB900280CBF6FF03C000020A7
:103A4000EBE75A78042A0BD100BB9A784245EDD1B6
:103A5000DA784A45EAD11B79002BDED00120E5E770
:103A6000052AE3D10028E1D0012F997806D0022F52
:103A7000F4D1B0692A4600F0C4F804E0B0692A46DF
:103A8000194600F0A2F80028E8D0C6E70020C4E7F5
:103A9000F8B5CC6806460CB9204622E004F10C07C4
:103AA0000125E268AAB165F07F03D9B203F07F0374
:103AB0001033DA40D2070ED4E368EB40DB0705D5BC
:103AC000B0693A46E9B200F09CF850B90135102DC2
:103AD000E7D12468DFE7B0693A4600F092F80028A1
:103AE000EAD0F8BD2DE9F3475768002497F8058020
:103AF00005460E46A1463B79A34203DC002002B0F6
:103B0000BDE8F0875FFA84FA3146534642462846BC
:103B1000FFF7C2FE014650B1CDF800905346012296
:103B20002846FFF769FF0028E9D10134E3E76FF089
:103B30003C00E4E72DE9F74380460D461746FFF7C2
:103B4000BBFE064628B96FF00104204603B0BDE86D
:103B5000F0830F2DF7D808EB0509014699F8364098
:103B600000972B4600224046FFF746FF0028EAD187
:103B700000942B46022231464046FFF73DFF0446A3
:103B80000028E2D100972B46012231464046FFF73C
:103B900033FF04460028D8D1706883685B6813B18E
:103BA0003A462946984789F83670CEE711F0800FDB
:103BB00018BF21F0800102684FF0010318BF1031D7
:103BC0008B4022EA03030360704737B58B7900937B
:103BD0008B880C461546CA78897800F0BAFD70B912
:103BE00094F90230A1782A68002BB8BF21F0800137
:103BF0004FF00103B8BF10318B4013432B6003B06B
:103C000030BDF8B506460D46174600F0EAFD0446FD
:103C100058B929463846FFF7C9FF2946304600F013
:103C200080FE044608B9FDF7CDFE2046F8BD2DE91B
:103C3000F0410B7E5E0605460C462FD1190624D5B1
:103C4000FFF72DFA70BB2846D5F86C80268AEF8CDA
:103C5000FFF7FCF9F8B1421E534253419B01228AFF
:103C60009AB1BE42E98C324628BF3A4691420CD9FD
:103C7000B2FBF3F103FB11223AB994F91830002B8F
:103C8000BEBF637E43F008036376A8692146BDE8A2
:103C9000F04100F01EBE98F80730E0E76FF0150025
:103CA000BDE8F0814FF0FF30FAE743689869F9F713
:103CB00005BE70B591F918304668002B05460C46D4
:103CC00007DBC4F81A50B0692146BDE8704000F027
:103CD00000BE3046FFF7E3F90028F2D04FF0FF3086
:103CE00070BD806900F040BE806900F01ABE38B532
:103CF000054680690C4600F090FD60B914F0800F15
:103D000018BF24F080042A6B4FF0010318BF103451
:103D1000A34013432B6338BD70B5054680690E463A
:103D200000F0A6FD044620B9314605F13000FFF74A
:103D30003DFF204670BD0B0648BF21F08001006B9F
:103D400048BF1031C84000F00100704782B0C3691D
:103D50008DF8001001922BB102AB13E9060002B0FE
:103D6000E4F7F0BA02B0704782B0C3698DF8001072
:103D700001922BB102AB13E9060002B0E4F7E2BAFC
:103D800002B07047704703695B68D8687047436842
:103D90000361037A63B1012B0CBF02230323437534
:103DA000437A5A1E032A05D8DFE802F00505050507
:103DB0000123F4E700230375837A062B09D0072B30
:103DC00009D0052B0CBF002303238375837EC375A5
:103DD00070470123F9E70223F7E7036993F84000EE
:103DE00030B1DA6B9388918910695B1A9BB2C01A63
:103DF0007047036993F838007047036993F84020CF
:103E000012B993F838007047012070470369C3E97D
:103E100007127047BFF35B8F0068BFF35B8F0841E9
:103E200000F00100704738B50469BFF35B8F04F1FF
:103E3000880555E8003F43F0040345E80032002AB6
:103E4000F7D1BFF35B8F636B5A89DB889A4203D04B
:103E500004F12400FDF79CFA04212846FFF7DAFF5D
:103E600028B904F17800BDE83840FDF791BA38BDB3
:103E700010B50469606BFEF7FBFF10B1012384F8F5
:103E8000393010BD10B50469606B4289C3889A420D
:103E900002D14FF0FF3010BD0122FEF7E9FF0028EC
:103EA000F7D004F17800FDF773FA0020F3E738B596
:103EB0000469EFF31185202383F31288BFF36F8F1A
:103EC000E06BFEF7B5FF85F31188BFF36F8F10B17C
:103ED000012384F8413038BD38B5034640681B697A
:103EE0005D68AC68A37A84F8223094F82D3084F8A9
:103EF0002330696841B1237C33B9FFF78CF918B9D5
:103F00006868FFF70BFA2074002038BD01238B404E
:103F1000DB43BFF35B8F50E8002F1A4040E80021DD
:103F20000029F8D1BFF35B8F704700690221883008
:103F3000FFF7ECBF006903218830FFF7E7BF08B542
:103F40000369186900218830FFF7E0FFBDE80840E9
:103F50000121FFF7DBBF0369186901218830FFF7F2
:103F6000D5BF2DE9F04750F8483C00F140055B68AB
:103F7000074600212846D3F80080FFF74BFF0028B2
:103F80004DD001212846FFF745FF002847D1BFF358
:103F90005B8F55E8003F43F0200245E800210029EF
:103FA000F7D1BFF35B8F9B0639D4D8F810305B682C
:103FB0009B68402293F836104046FFF776FE06468F
:103FC00050B928460521FFF7A1FF38462122BDE858
:103FD000F0470023FDF74CBA8146428A59F80C1F7E
:103FE00057F80C0CFEF744FF044601464846FEF71E
:103FF000DCFF24B114F03F0F0CBF0124002407F8AC
:104000002D4C31464046FFF754FE40B13046E3F7B1
:10401000BFFA28460521BDE8F047FFF777BFBDE8A6
:10402000F087F8B5036947681C695B689B680D46B3
:1040300093F83D30097E06462AB3994204D1042103
:1040400004F18800FFF762FF33692A7E5B689B6892
:1040500093F836309A4204D1052104F18800FFF725
:1040600055FF33692A7E5B689B6893F826309A4235
:1040700003D104F18C00FDF749F829463846BDE824
:10408000F840FFF72EBE994214D12A8AE968606B86
:10409000FEF7CEFE28B1E3691BB104F12400FDF761
:1040A00077F904F188000421FFF730FF04F178006C
:1040B000FDF76EF933692A7E5B689B6893F83630AA
:1040C0009A4215D1E3691BB104F12400FDF760F9B0
:1040D000052104F18800FFF719FFE36B5A89DB889B
:1040E0009A4205D00022002304F14800FDF7C0F9F0
:1040F00033692A7E5B689B6893F826309A42BCD16C
:1041000004F18C00FCF7A2FFB7E738B550F8783C13
:104110005B681D6800F11003024600211846FFF796
:1041200079FE002836D001211846FFF773FE88BBC0
:1041300052F8441C8A8888890969121A92B28A1A2C
:104140003F2A27D9BFF35B8F53E8002F42F01001BD
:1041500043E800100028F7D1BFF35B8FD30619D4D2
:104160002B695B689B68402293F83D102846FFF757
:104170009CFD044670B1438A402B28BF40234382F4
:1041800001462846FFF795FD20B12046BDE838409E
:10419000E3F7FEB938BD38B550F8243C5B681A68BF
:1041A00050F8083C0446002B4BD0002300F1640576
:1041B0008382838302212846FFF72CFEB8B154E99D
:1041C000023110699847637D1BB104F15400FDF77B
:1041D000DFF805212846FFF71DFE98B9637F6BB114
:1041E0000022002304F12400FDF742F90AE0032134
:1041F0002846FFF70FFE0028E1D1E4E714F8093C58
:10420000002BEDD102212846FFF704FE38B12369C7
:104210005A89DB889A4202D02046FDF7B9F803217B
:104220002846FFF7F7FD60B1A2699388918912696A
:104230005B1A9BB29A4204D02046BDE83840FDF795
:10424000A7B838BD08B5036903F1880202211046FA
:10425000FFF7E0FD28B1596BC8884989401A18BF9B
:10426000012083F8380003211046FFF7D3FD40B149
:10427000DA6B908891891269401A80B2801A18BF4F
:10428000012083F84000012008BD03691B69BFF3CA
:104290005B8F883353E8001F41F0020143E80012AE
:1042A000002AF7D1BFF35B8F704770B503691C69B3
:1042B000BFF35B8F04F1880555E8002F42F001023F
:1042C00045E800210029F7D1BFF35B8F0221284682
:1042D000FFF7A0FD10B11846FFF7A5FD0321284602
:1042E000FFF798FDA8B1E26B9388918912695B1A78
:1042F0009BB29A4205D004F12400BDE87040FDF75E
:1043000047B804F148000022BDE870400023FDF7E3
:10431000AFB870BD0069BFF35B8F00F1880353E84D
:10432000001F41F0080143E80012002AF7D1BFF353
:104330005B8FC26B9388918912695B1A9BB29A4218
:1043400002D02430FDF724B8704730B585B014464C
:104350000A888B78ADF8002005460D2200210DF16A
:1043600003008DF8023001F015FE6A4669462846C2
:10437000F4F71AFD28B9BDF800209DF8023022801C
:10438000A37005B030BD13B50C4601AA0331FFF789
:10439000DCFF48B9032201A9204601F003FEB0FA70
:1043A00080F0400902B010BD0020FBE770B5CE1CC4
:1043B00005460C4630460321F4F7F4FC60B96379F6
:1043C00003F03F0343F04003637122463146284621
:1043D000BDE87040FFF7B9BF70BD0220E4F7C8B870
:1043E000033138B5C9B205460E20E4F73FF9032181
:1043F00004460C30FEF7D9FD01230370A0F80150EC
:10440000204638BD70B505460E460F200421E4F75E
:104410002DF9042104460C30FEF7C7FD0122067079
:1044200042704580204670BD10B5807A0C46E3F797
:1044300007F8436A21465868BDE8104001F01AB8F1
:10444000F7B50D46807A17461E46E2F7F9FF2C684D
:10445000436A033424F0030258682A600421CDE93A
:104460000076FCF7D7FB00B9286003B0F0BD38B583
:104470000446807AE2F7E4FF6169054649B1637A50
:10448000DB0704D4436A1B6820469B6898470023D7
:10449000636121462846BDE8384001F05BB930B57C
:1044A0000906847E054618D414F040001AD0298BE2
:1044B000C3F30A00C1F30A01884222D802F00300C4
:1044C00002280DD003280ED0012815D114F00802BF
:1044D00017D013F4C05F05D00BE014F02000E5E71F
:1044E000C4F3800030BD14F00200FBD013F4C05FB1
:1044F00005D0C4F30010F5E704F00100F2E7012055
:10450000F0E70020EEE7BFF35B8FD0F8A000BFF329
:104510005B8F00F001007047BFF35B8FD0F8A00005
:10452000BFF35B8FC0F3400070470269BFF35B8F3E
:1045300002F1A003D2F8A020BFF35B8FBFF35B8F23
:1045400051B153E8001F41F0040143E80012002A72
:10455000F7D1BFF35B8F704753E8001F21F00401D0
:1045600043E80012002AF4D0F6E701F00F03090631
:10457000026948BF103352F823007047007FC0F330
:1045800000107047037F61F304130377704708B589
:1045900002691046FFF7B7FF68B991F8200000F0F4
:1045A0000F03000648BF103342F82310084601F0FD
:1045B00087F8002008BD6FF00C00FBE70022002305
:1045C000FCF712BD70B5054600220023FCF70CFD78
:1045D000044610B106462B680BB9204670BD002278
:1045E00000232846FCF700FD70600028F5D0064641
:1045F000F1E701F0B9B801F0A2B8437E23F0070358
:1046000043F0010343767047407EC0F3C00070471B
:10461000437E6FF3C303437670471FB504698DF87B
:104620000410CDE90220D4F8983001A9984704B0CD
:1046300010BD1FB50469034606208DF8040020460E
:10464000CDE90213FFF75FFF40B1C1F81E20D4F897
:10465000982001A91846904704B010BD4FF0FF30D4
:10466000FAE72DE9F84304468668894615461F4651
:10467000FFF77BFF8046002835D0F36B2046984734
:104680003B882A4649464046FFF709FF28B38BB9C5
:104690002369D3F88030DB0758BF402305F00305BA
:1046A00046BF4FF480634FF400711946022D07D0C6
:1046B000032D0CD02046336C98470020BDE8F883CA
:1046C000B8F818208A4228BF0A463A80F2E7B8F8BC
:1046D00018209A4228BF1A46F7E72046336C9847BD
:1046E0006FF08500EAE76FF01200E7E72DE9F04789
:1046F0000546D0F808A0894690461F46FFF735FFCB
:10470000044618B3067FF3071DD43B46424649468C
:10471000FFF7C5FED0B19DF8203084F8218026F047
:104720000606678484F824302677DAF818302146A4
:1047300028469847227FB0FA80F35B0963F30002B2
:104740002277BDE8F0876FF07700FAE76FF012008C
:10475000F7E72DE9F3411F464B06D0F808800446E1
:104760000D4616461BD0D8F83C3098472069FFF715
:10477000D3FE88B19DF82030009329463B4632464F
:104780002046FFF7B3FF0546D8F84030204698474B
:10479000284602B0BDE8F0814FF0FF35F4E76FF036
:1047A0001505F5E770B505468668FFF7DEFE044699
:1047B00088B1037FDB0711D50146F3692846984786
:1047C00038B1237F03F00103227F63F300022277D5
:1047D00070BD0346F8E76FF01200F9E76FF077005D
:1047E000F6E770B54B06866804460D4612D0F36BAB
:1047F00098472069FFF787FE48B129462046FFF712
:10480000D1FF0546336C20469847284670BD4FF0CF
:10481000FF35F7E76FF01505F7E770B586680546D1
:10482000F36B0C4698472869FFF776FEB8B121462E
:104830002846FFF79AFE0146A0B1037FDB0711D59A
:1048400090F8213003F00303012B0ED0F3682846C3
:10485000984704462846336C9847204670BD4FF071
:10486000FF34F7E76FF01204F4E76FF08504F1E727
:10487000F8B587680646FB6B0C4698473069FFF72A
:104880004BFEE8B121463046FFF76FFE0546D0B13A
:10489000037FDB0717D590F8213003F00303012BCA
:1048A00014D001463B6930469847044618B92B7F1F
:1048B00060F341032B7730463B6C98472046F8BDA8
:1048C0004FF0FF34F7E76FF01204F4E76FF0850460
:1048D000F1E770B586680546F36B0C469847286982
:1048E000FFF71AFEB8B1217EA9B12846FFF73DFEB9
:1048F000014698B1037FDB0710D5637E6FF3000399
:104900006376224673682846984704462846336CE7
:104910009847204670BD4FF0FF34F7E76FF0120460
:10492000F4E770B586680546F36B0C46984728692E
:10493000FFF7E9FD80B121462846FFF716FE014644
:1049400068B104681CB1B3682846984704462846F5
:10495000336C9847204670BD4FF0FF34F7E76FF097
:104960001204F4E7F8F7AABF70B586680D46F36B3A
:10497000044698472846E2F70BFE2046336C9847DA
:10498000002070BD70B586680546F36B98472869AE
:10499000FFF7C2FD044620B133683BB12846984773
:1049A00004462846336C9847204670BD0124F8E73A
:1049B000F8B587680669FB6B044698472069FFF7DE
:1049C000A2FDE0B12069FFF7A7FDD8B9C6F8A400A1
:1049D000FB6A20469847054660B9BFF35B8FA03657
:1049E00056E8003F43F0020346E80032002AF7D1C0
:1049F000BFF35B8F20463B6C98472846F8BD4FF0CD
:104A0000FF35F7E76FF07705F4E7F8B587680669D3
:104A1000FB6B044698472069FFF77EFDB0B13B6B06
:104A200020469847BFF35B8F054606F1A00353E885
:104A3000001F21F0020143E80012002AF7D1BFF362
:104A40005B8F20463B6C98472846F8BD6FF0770592
:104A5000F7E72DE9F0410546D0F8088006691446CD
:104A60000F4631B32AB3D8F83C3098472869FFF78E
:104A70004AFDD8B9C6E926742846D8F83430984794
:104A8000044660B9BFF35B8FA03656E8003F43F0A1
:104A9000010346E80032002AF7D1BFF35B8FD8F854
:104AA0004030284698472046BDE8F0816FF07704F3
:104AB000F5E76FF01504F6E7F8B587680669FB6B54
:104AC000044698472069FFF727FDD0B92069FFF712
:104AD0001AFDC8B1BB6B20469847BFF35B8F0546F4
:104AE00006F1A00353E8001F21F0010143E8001282
:104AF000002AF7D1BFF35B8F20463B6C98472846CE
:104B0000F8BD6FF00F05F7E76FF07705F4E7F8B53C
:104B10004B7E076943F002034B760546D7F8A800A1
:104B20000E46FEF725FA002280212846F8F7C6FE39
:104B3000044678B101463046FEF71AFA637E43F028
:104B4000040363760022D7F8A8102846BDE8F84091
:104B5000FFF76FBD6FF00B02F5E7F8B50669D6F801
:104B6000A430022B05461BD1D6F8A870FB68802123
:104B7000DA88F8F7A3FE044678B101463846FEF716
:104B8000F7F9637E43F0020363760022D6F8A8109B
:104B90002846BDE8F840FFF74CBD6FF00B02F5E783
:104BA0006FF08500F8BDF8B5066900228021D6F8BF
:104BB000A8700546F8F782FE044680B11FB1014691
:104BC0003846FEF7D5F9637E43F00403637600228E
:104BD000D6F8A8102846BDE8F840FFF72ABD6FF0C8
:104BE0000B02F5E74A7E42F004024A760022FFF704
:104BF00020BD0369D3F8A400431E584258417047B2
:104C00000369D3F8A400831E5842584170470369D2
:104C1000D3F8A400431F5842584170470369D3F8A2
:104C2000A400C31E58425841704770B50C46056930
:104C3000607ED5F88010237ED5F8A420C00716D555
:104C4000FBB9E368DE8842B1012A03D1D5F8A80098
:104C5000E2F79EFC0023C5F8A430C5F8A840F6B1E1
:104C6000E3681B78DB090133C5F8A43070BD43B994
:104C7000012A16D0042A16D1228A002A18BF062338
:104C8000F2E7052A11D0022A04D181F0040303F0CF
:104C90000403E9E7032A14BF06230023E4E7032300
:104CA000E2E70523E0E70623DEE70023DCE7C34372
:104CB000C3F3C01300F00F0000EB0310704738B5CA
:104CC0000D46FFF752FC0446FFF758FC60B920463A
:104CD000FFF78FFC40B12846F8F7CAFE20460121B5
:104CE000BDE83840FFF74EBC38BD38B50D46FFF77C
:104CF0003CFC0446FFF742FC60B92046FFF779FC14
:104D000040B12846F8F7B4FE20460121BDE83840FE
:104D1000FFF738BC38BD08B500F022FBFBF7CCFD2F
:104D2000002008BD006984304FF0FF324FF0FF33A0
:104D3000FCF792B800698430FCF706B94A090123F0
:104D400001F01F018B4000EB8200BFF35B8F50E846
:104D5000002F1A4340E800210029F8D1BFF35B8FF0
:104D600070470369C9B20C2201FB0233186C00F0D2
:104D70000700704770B5C9B20369EFF311852024AD
:104D800084F31288BFF36F8F0C2606FB0134246C6A
:104D900014F0C00408D0A24206D085F31188BFF3F6
:104DA0006F8F4FF0FF3070BD06FB013301221A6494
:104DB00085F31188BFF36F8F436803EBC1035B6812
:104DC00098470020EFE78022FFF7D4BFF8B5069F91
:104DD0000469C9B2EFF31186202585F31288BFF369
:104DE0006F8F0C2505FB0144256C05F0070CBCF109
:104DF000010F0CD1276486F31188BFF36F8FC4E9CC
:104E00000E23436853F8313098470020F8BD05F071
:104E1000C005AF4286F31188BFF36F8F0CBF6FF0F0
:104E200077004FF0FF30F1E713B580240094FFF7CF
:104E3000CDFF02B010BD10B40069CBB21C2403FB3F
:104E40000400002110BC10470020FBF78DB80020A3
:104E500000F0F1B91046FCF7F9B843685B68D3F885
:104E600010350B600020704743685B6802EA010060
:104E700021EA0201C3F80805C3F80C1500207047A9
:104E800043685B680020C3F80815704743685B6897
:104E90000020C3F80C15704743685A68D2F80435EF
:104EA00021EA03000B40C2F80805C2F80C350020C7
:104EB000704710B503695868F8B1884219D19C68E9
:104EC00008685860A14200D19860002008602AB1AB
:104ED0005A680A609A68596002B99960002010E027
:104EE000814206D10868206098688142EDD19C60BB
:104EF000EBE7044600680028F2D1002AE8D16FF001
:104F0000150010BD13B54FF080520829136E526E74
:104F100028BF082112BA00921BBA0C460A466946FD
:104F2000019301F00FF8204602B010BD30B5436880
:104F30001360057A446804EBC504A34202D36FF002
:104F4000010030BD5C798C4201D00833F0E70020CD
:104F5000F7E743681B68D3F88004C3F88004704700
:104F600042681368D3F8100150B1D269002012785A
:104F70000A70C3F81001D3F8102101221A6070479B
:104F80004FF0FF307047002A0FDD42681368D3F8F6
:104F9000100158B10020C3F81001D269D3F81001F4
:104FA00012780A700120186070470020704710B511
:104FB000436819680369EFF31182202080F3128897
:104FC000BFF36F8F1868002484731B680120D873A7
:104FD0004FF48003C1F8043382F31188BFF36F8F5D
:104FE00010BD03691A68012191731B680022DA73EE
:104FF0007047026911680346C87B40B15B681B6853
:10500000D3F8580118B100230B61136898897047D1
:1050100043681B68D3F81001003818BF012070479F
:1050200043681B681022C3F80423704743681B6859
:105030001022C3F80823704743681B684FF40072BE
:10504000C3F80423704743681B684FF40072C3F829
:105050000823704738B543681D68D5F804335B02F0
:10506000044605D4D5F8040310F0100006D138BD6D
:10507000FFF7BFFF0028F5D00120F8E72046FFF733
:10508000C7FF003818BF0120F1E70120704703690E
:10509000186801601B685A60704702680346D2F8BE
:1050A000580140B95B68DB0706D4D2F8200100380C
:1050B00018BF012070470120704710B4436802698F
:1050C0001B68D3F80413C90517D5D3F82011A1B173
:1050D000EFF31181202484F31288BFF36F8FD3F88C
:1050E000204134B10024C3F82041D3F820410124E9
:1050F000DC6081F31188BFF36F8F1168D3F85841DA
:1051000071B17CB100240C611168C97B19B94FF4ED
:105110008001C3F8081311688C7B1CB100238B73CA
:1051200010BC7047D3F8241121B10021C3F8241119
:10513000D3F8243112681368002BF1D0516810BCE9
:10514000184713B501AA0446FFF7F0FE002805DB57
:10515000019B226819791868FAF776F902B010BD38
:105160006FF0850070472DE9F041066933689C892E
:10517000BFF35B8F94420546A8BF14461033012746
:1051800053E8002F002A03D143E800700028F7D12C
:10519000BFF35B8F0CBF3B4600232BD13368224605
:1051A000986800F0CFFEEFF31188202383F3128874
:1051B000BFF36F8F69680846FFF76FFF326840B929
:1051C0001061044688F31188BFF36F8F2046BDE855
:1051D000F0810B689268C3F844250022C3F8484563
:1051E000C3F82021D3F82011C3F85821D3F858214F
:1051F0009F60E7E71C46E9E700F150039B009BB284
:1052000003F1804303F5883300221A601B6870475E
:1052100008B5FAF721FB08BD004700F0AFB8C000A1
:1052200000F1804000F5F830C0F81015C0F81425E2
:105230007047FBF7A7BBFAF70DBEF7B5019001A8C1
:10524000DDE9084716461D46FAF720FF019BB6F137
:10525000000C18BF4FF0010C00EB83000B1E18BFB1
:105260000123002D43EA4C0314BF4FF00C0C4FF008
:10527000000C002C43EA0C0314BF4FF4E06C4FF019
:10528000000C002F43EA0C03D0F8002714BF4FF4A2
:10529000403C4FF0000C43EA0C0322EA030301B147
:1052A00009780EB13678760019430DB12D78AD002E
:1052B00031430CB12478240229430FB13F783F04D5
:1052C0000C433C43C0F8004703B0F0BD1FB50DF1DF
:1052D0000F03019300238DF80F1000931A4619460F
:1052E000FFF7ABFF05B05DF804FB38B5054608468F
:1052F0000C46FAF71DFFB0B10846FAF70DFF90B95A
:105300000846FAF7FDFE2A6801238340C2F80833F5
:105310002A6803B202EB8303D3F8102522F00302BC
:10532000C3F8102538BD20460021BDE83840FFF7FE
:10533000CDBFFAF783BFFFF7D8BF00F180431A68EB
:10534000002A1FBF00221A601B68012008BF00202E
:1053500070474FF080434FF46072C3F804237047E6
:105360004FF080434FF46072C3F80823704708B5CC
:10537000FBF7B8FABDE80840FAF74ABE08B1E2F711
:1053800047B9704710B5436904463BB90020E2684D
:10539000537843F001035370404210BD98470028F2
:1053A000F4D00028B8BF4042E368FF28A8BFFF2020
:1053B0001870ECE740B1C368587810F001001EBFC8
:1053C0001878B0FA80F040097047EFF3118320237A
:1053D00083F31288BFF36F8FFEE708B5FFF7F5FF81
:1053E0002DE9F04F89B0DDE9126805460592434684
:1053F000324606A80F4600F0D9FBDDE9063405F178
:10540000140ACDE90234EFF311844FF0200989F337
:105410001288BFF36F8F05F10C0B059A149B394668
:105420002846984730B184F31188BFF36F8F09B0D5
:10543000BDE8F08F56EA0806F5D0DDE9022306A89C
:1054400000F0D9FBDDE906685A46CDE9006821463F
:105450005046FCF7ADF9EFF3118489F31288BFF3DE
:105460006F8FDAE710B400F10C04C0E9034410BCFC
:10547000FDF7F6BA38B50446EFF31185202383F320
:105480001288BFF36F8FFDF73DFA04F10C0000F0B6
:10549000CEFA30B1294604F11400BDE83840FCF7DB
:1054A0001BBA85F31188BFF36F8F38BD41698268DD
:1054B00042EA010313F003030FD1C3600369013B08
:1054C00003FB0122002B01DA00207047C168116044
:1054D0004169C260013B521AF4E76FF01500704752
:1054E0002DE9F04105460F46EFF31188202383F3A1
:1054F0001288BFF36F8FC668FEB90468A0421CD043
:10550000DCB1D4E9003213605A60637BA66023F0FB
:1055100002036373C4E9006604F1180000F018FB8D
:105520002046C4F88C60276100F032FA414605F14C
:105530000800BDE8F041FCF7CFB93E60AB69EF6011
:10554000013BAB6188F31188BFF36F8FBDE8F08139
:1055500008B52024EFF3118384F31288BFF36F8F13
:10556000FDF7C6FCF6E7D0E9003213605A60427BD3
:10557000002322F00202C0E90033427383607047C7
:1055800013B501240094FBF793FB02B010BD90F912
:105590000E308B4201D0FCF72DB900207047034636
:1055A0000020C3E90200C3E900337047D0E90032AC
:1055B00013605A60427B002322F00202C0E90033EC
:1055C0004273836070472DE9F843914604469DF885
:1055D00020200D4600F10807EFF31186202181F30A
:1055E0001288BFF36F8F02B14568D4F80880474531
:1055F00018D0B8F1000F15D04046FFF7D7FF08F1DB
:10560000180000F0A5FA0023C8F88C30C8F81090F4
:10561000404600F0BDF938463146FCF75DF9002000
:10562000BDE8F883A3B10820FCF7F2FD002838D0CC
:105630000122C0F804900260016801F003015DB925
:1056400022680A430260626820606AB960600BE009
:10565000C9F800304846EFE72A68032A16D80160E7
:10566000616869B9C4E90000042104F1100000F088
:10567000D3FB0028CFD186F31188BFF36F8FCFE71C
:105680000A6802F0030202430A60DFE722F0030225
:105690000A4302602A6802F0030240EA02032B6018
:1056A000E2E76FF00B00E6E710B5044630B10268A0
:1056B000930703D0446809B100F03DFC204610BDBB
:1056C0000023C0E9003300F10803C0E9023300F110
:1056D0001003C0E904337047F8B500F10806EFF392
:1056E0001187202383F31288BFF36F8F8568AE4242
:1056F00000F1100418D0BDB12846FFF757FF05F19F
:10570000180000F025FA00232846C5F88C302B61DC
:1057100000F03EF90821204600F07EFB3946304675
:10572000BDE8F840FCF7D8B80821204600F074FB2B
:105730000028F3D187F31188BFF36F8FF8BD07B549
:105740000123009300230A461946FFF73CFF03B0EC
:105750005DF804FB07B500230A4600931946FFF7DE
:1057600032FF03B05DF804FB00680021FFF79CBF27
:105770005AB18A4209D300F11003C0E90212C0E90C
:105780000000C0E90433002070476FF01500704737
:10579000026801238B4022EA0303036022FA01F02E
:1057A00000F00100704710B5032104460C30FFF7EC
:1057B000EFFF30B104F1100000F0CAF9B0FA80F048
:1057C000400910BD20B1002211469C3000F064B9A0
:1057D000704770B5C368C3F340069B07044616D4F0
:1057E000856802210C30FFF7D3FF80B1D5F89420F3
:1057F0006AB194421DD122689EB9D5F89830C5F897
:1058000094209C4201D1C5F8982000232360E368CE
:1058100013F01F001EBF43F00203E36040F00200DC
:1058200070BD3260D5F89820944208BFC5F89860E2
:10583000EBE716461268DBE773B50446EFF3118514
:10584000202383F31288BFF36F8F0023A0F110068B
:10585000032104380193FFF79BFF28B1A36901934B
:1058600001A93046FBF738FD85F31188BFF36F8F30
:1058700002B070BD38B504460D461022002100F07C
:1058800089FB656038BD13B501900846EFF31184BC
:10589000202383F31288BFF36F8F01A9FBF71CFD50
:1058A00084F31188BFF36F8F02B010BD10B5FFF7FE
:1058B000EAFF041E08DDEFF31180202383F3128832
:1058C000BFF36F8FFCF71AF8204610BD38B53022B1
:1058D00004460D46002100F05DFB4FF480736560C7
:1058E000E36038BD38B50446EFF31185202383F318
:1058F0001288BFF36F8FFFF756FF2046FFF769FF4F
:1059000085F31188BFF36F8F38BDEFF30580003842
:1059100018BF012070476FF057007047D0E9003280
:1059200013605A600023C0E90033704708B5FFF7E1
:10593000F5FF437B23F0020343730023836008BD1C
:1059400038B504460D46FBF7B3FE637B43F0020314
:105950006373E5B1A5602B689D4209D16B68C4E90A
:1059600000531C606C6012E06A689A42F6D01B68B3
:10597000002BF3D094F90E2093F90E108A42F3D045
:105980009142F1DD5A68C4E9003214605C6038BDB0
:1059900010B5EFF31184202383F31288BFF36F8FC8
:1059A000FBF744FE84F31188BFF36F8F10BD08B579
:1059B000EFF31181202282F31288BFF36F8F836887
:1059C0000BB1FFF7B3FF81F31188BFF36F8F08BDF1
:1059D00038B5EFF31184202383F31288BFF36F8F60
:1059E00090F87050427B002380F870302DB121B1C7
:1059F00084F31188BFF36F8F38BD12F0280FF7D1F1
:105A000083680BB1FFF792FF437B23F004034373DA
:105A1000FBF70CFEECE701211838FFF7D9BF10B5F2
:105A2000FFF7C5FFBDE81040183000F091B838B559
:105A300004680546AC424FF0000000D138BD002C90
:105A4000FCD02046FFF7EBFF2046FFF7A1FF2C68B4
:105A50000120A542F1E770B505460E46FBF7F6FFBB
:105A6000B6F1FF3F08BFB5F1FF3F0446284612D00C
:105A70004FF47A7147F6FF730022C4FB0132D80B52
:105A800040EA4240B0F1004F4FEAD23272F10002D8
:105A900028BF6FF0004070BD38B5EFF311852023AB
:105AA00083F31288BFF36F8F0468A04213D0A4B1B0
:105AB000C4F88C1022612046FFF738FF04F118006B
:105AC00000F046F82046FBF7B1FD012085F3118870
:105AD000BFF36F8F38BD0020F8E72046F6E72DE9C9
:105AE000F04105460E461746EFF31188202383F355
:105AF0001288BFF36F8F0468A0420FD1002088F393
:105B00001188BFF36F8FBDE8F08139462046B0475A
:105B10000028F4D16B68A342F0D02468002CF4D1A3
:105B2000ECE708B50246FCF72FF970B1D0E9043173
:105B30009B1A61EBE272B3F1004F72F1000104DADB
:105B4000002AACBF1846002008BD6FF00040FBE7FC
:105B500038B50246EFF31185202383F31288BFF393
:105B60006F8F0368CBB1FCF70FF904461046FCF7C2
:105B70001DF900224FF000438442C0E9042306D1FE
:105B8000FCF70AF9FFF7CDFF0021F9F7D1FF00205C
:105B900085F31188BFF36F8F38BD6FF01500F7E7FD
:105BA00008B5FCF70FFA08BDFCF70CBAB3F1FF3FDC
:105BB00008BFB2F1FF3F70B506461D46144614D02B
:105BC0001A4316D0002B08DBFCF7FCF9041941EB53
:105BD0000501C6E90041304670BD6FF001031C1B92
:105BE0004FF0FF3363EB0501F3E74FF0FF3421463D
:105BF000EFE70024FBE7B3F1FF3F08BFB2F1FF3F3F
:105C0000F8B5074616461C4610D054EA020311D0D8
:105C1000FCF7D8F9B0420A46A14103460AD2F31A6A
:105C200064EB0204C7E900343846F8BD4FF0FF3397
:105C30001C46F7E70023FBE770B5D0E90034984233
:105C400009D044B1A568EDB115F9526C12F9525C56
:105C5000B54208D007DDC1E900042160416010E0D1
:105C6000A342F8D01B68002BF5D09A6862B112F9F4
:105C7000522CAA42F4D0F3DD5A68C1E90032116017
:105C8000596070BDAB7BFFDE937BFCE72DE9F84FDD
:105C900000250F461446984601462E464FF0200A2E
:105CA000A946BD4202DB3046BDE8F88FEFF3118B09
:105CB0008AF31288BFF36F8F4B7B03F03F03082BEF
:105CC00009D853B1013B072B07D8DFE803F0281CA4
:105CD00006220606062E102B2DD0B8F1000F3BD160
:105CE0002378002B38D04B7B03F03F03082B3AD8A6
:105CF000002B3AD0013B072B37D8DFE803F03F39C0
:105D00003639363636420B699B68002BE5D00223C4
:105D100017E00B691B68002BDFD0042311E00B692F
:105D20009B68002BD9D001230BE00B691B6A002B69
:105D3000D3D0102305E00B69DA895B899A42CCD075
:105D40002023CA68C1F80890C2F38630034363F386
:105D50009432CA6084F800908BF31188BFF36F8F80
:105D6000013514319DE7102B0FD08C600136F3E71D
:105D7000086922461030FFF75FFFF6E70869224600
:105D8000F9E7086922462430F5E7086922462C30F5
:105D9000F1E72DE9F041846805460E46D4B16378F9
:105DA000012B22D114F8533C9A0711D5A4F16007B6
:105DB0003846FFF734FE082E0CBF6FF003030023B4
:105DC000E36214F8533CDB0602D13846FFF7E0FDEE
:105DD00000232370EB68C3F386321643002066F37A
:105DE0009433A860EB60BDE8F081022BF0D12378FA
:105DF000002BEDD054F8048CB8F1000FE8D004F17A
:105E00001400FFF7A5FEA4F114070023E36239464E
:105E10004046FFF738FDDBE738B5EFF31185202367
:105E200083F31288BFF36F8F0468A04211D0D4E9C6
:105E3000003213605A600023C4E900332046FFF7A4
:105E4000A8FF85F31188BFF36F8F201E18BF0120B4
:105E500038BD0024F5E70023C0E9000083607047E7
:105E60002DE9F3470446DDE90A9815460E4659B375
:105E700002F0010AFBF74AFE0746EFF311812023E7
:105E800083F31288BFF36F8FA80744BF0023A3607A
:105E9000A36803EA0600BAF1000F0CD086420CD1C9
:105EA0006A0744BF8343A36081F31188BFF36F8FF8
:105EB00002B0BDE8F0870028F2D159EA080305D105
:105EC00081F31188BFF36F8F0020F1E7C7E91A65EE
:105ED0002246CDE9009804F10C00FBF769FC00288C
:105EE000F2D1B86EE4E710B5D0E91A424B6812F06F
:105EF000010F03EA040301D09C4210D17BB18366F9
:105F0000520744BF8A681A430B6848BF8A604366D9
:105F10000123086080F870301830FFF719FE002068
:105F200010BD0A46FCF716B90A460021FCF712B963
:105F30005200FFF795BF20B1011F50F8040CFFF786
:105F400099BA70470A44914200F1FF3300D170477B
:105F500010B511F8014B03F8014F9142F9D110BD72
:105F6000884210B501EB020402D98442234607D8C7
:105F7000431EA14208D011F8012B03F8012FF8E7C6
:105F8000024401468A4200D110BD13F8014D02F8C7
:105F9000014DF7E702440346934200D1704703F8EE
:105FA000011BF9E710B501390244904201D10020EC
:105FB00005E0037811F8014FA34201D0181B10BD72
:105FC0000130F2E710B5024601448A42134603D07D
:105FD0001C780132002CF8D1181A10BDF0B5C3F1AD
:105FE00037070446FFB203F01F031046082BE6B242
:105FF00033D0102B3ED06508A40844EA817445EAEA
:10600000C1752D194FEA910242EB5102290941EA6B
:1060100002716D1842EB1212290A41EA02616D18F1
:1060200042EB1222290C41EA02416D1842EB124266
:10603000AD1842F10002EC0844EA4274D10804EBC6
:106040008402A6EB4205EDB2092D0CD90134A5F16D
:106050000A0541F10001EDB212E0E40844EA41749E
:1060600006F00705C908303554EA010200F8015B63
:10607000BCD1F0BD240944EA017406F00F050909FA
:10608000092D84BFED19EDB2EDE70000014800686D
:08609000704700006C2600209F
:08609800B0B0FD7F0100000023
:1060A000CD75000000000000000000002861020023
:1060B000F10B020000000000310C020000000000A3
:1060C000000000004861020000000000686102005A
:1060D00000000000A861020000000000C86102008A
:1060E0000000000088610200CDF9010000000000FE
:1060F000E5730000000000002D22020000000000F7
:1061000000000000E86102000000000008620200D8
:10611000B5810000000000001563000000000000D1
:08612000CD6800000000000042
:10612800A87202009C6C0200E063020022060020B4
:10613800D887002061EB010000000000000000008B
:10614800C7720200AC6C0200B06302002606002091
:106158008088002055F201000000000000000000C7
:10616800D5720200C46C0200B06302002806002049
:106178008C88002055F2010000000000000000009B
:10618800FA710200F0640200FC6302001C060020A1
:1061980030000020D1840000000000000000000052
:1061A800B772020000000000A86302002406002065
:1061B8002C88002005F0010000000000000000000D
:1061C800EB720200DC6C0200406402002A06002028
:1061D8007C05002071F601006151020000000000FA
:1061E8004C65020000000000D46302001E06002077
:1061F80038580020000000000000000000000000E7
:106208009A720200846C0200406C02002006002092
:10621800CC040020C1DC01000000000000000000E8
:106228006F5302001952020000000000D52E020030
:10623800C8610200BB50020000000000D52E020019
:1062480000000000D52E020000000000D52E02003C
:10625800950602001952020000000000D52E020027
:1062680000000000D52E020000000000D52E02001C
:1062780000000000D52E020000000000D18D0100B2
:1062880000000000D52E02002C88002079F00100C3
:10629800000000002DD8010000000000D52E0200EB
:1062A80000000000D52E0200000000005DFA010089
:1062B80000000000D52E020000000000D52E0200CC
:1062C80000000000D52E020000000000D52E0200BC
:1062D80000000000D52E020000000000D52E0200AC
:1062E80000000000018E010000000000D52E020011
:1062F80000000000D52E020000000000D52E02008C
:1063080000000000D52E020000000000D52E02007B
:1063180000000000D52E020000000000D52E02006B
:1063280000000000D52E020000000000D52E02005B
:1063380000000000D52E020000000000D52E02004B
:1063480000000000D52E020000000000D52E02003B
:1063580000000000D52E020039E4010019520200A5
:1063680000000000D52E020000000000D52E02001B
:1063780000000000D52E020000000000D52E02000B
:1063880000000000D52E020000000000D52E0200FB
:1063980000000000D52E020000000000D52E0200EB
:0863A800ADEF010005EF01005B
:1063B0009DF201005B4E0200694E0200814E020018
:1063C0008D4E0200994E0200EDF00100B34E020026
:0463D00000000000C9
:0C63D400C9B80000A9B800001DB8000006
:1063E000B9EB0100C74D0200294E02000000000079
:0C63F000634D02000000000000000000EF
:1063FC00853E02005D84000000000000AF3E0200FC
:10640C00713E020015430200353F0200DB3D0200E5
:10641C00273E02002B3F020000000000F33D02006B
:10642C000000000000000000FB3D0200454202009D
:10643C000D3E0200614F0200B9F50100534F0200FE
:10644C0067510200874F0200AF4F0200E34F02007A
:10645C00F34F0200215002002D500200F34F0200B6
:10646C0011500200395002004750020055500200F2
:08647C008B5002008F5002005A
:10649000000103FF04FF02000001060201070000E3
:1064A00000010201040404040000000000000000D8
:1064B0000338FDD8704700000000002000000000F5
:1064C00000000B0602000000CC6402000000000087
:1064D000CF7102002600020600000020D7710200E2
:1064E00022000B117174000000000000492F02000F
:1064F000A001002000000000D7050020B40100200A
:1065000000000000E46402001465020020000000A6
:1065100000000000B8A90020E46402002865020021
:10652000450000000000000040AB0020E4640200D1
:106530003C650200470000000000000040AF002062
:1065400042542043544C52205258000062745F68F9
:1065500063695F636F6E74726F6C6C6572000000CC
:10656000131510FF1A1B12005A6570687972204FBC
:10657000532076342E332E3000000000020101013A
:106580000000010000000000000100000002010303
:106590000303030303000000574553545F544F5057
:1065A0004449522F7A65706879722F7375627379D6
:1065B000732F626C7565746F6F74682F636F6E7480
:1065C000726F6C6C65722F6C6C5F73772F756C6C6F
:1065D0005F6164765F6175782E630000657272207A
:1065E0003D3D2030207C7C20657272203D3D202D79
:1065F00031323000415353455254494F4E204641A9
:10660000494C205B25735D20402025733A25640AA0
:106610000000000009706172616D313A202575201B
:10662000706172616D323A2025750A0057455354E6
:106630005F544F504449522F7A65706879722F73B6
:1066400075627379732F626C7565746F6F74682FE0
:10665000636F6E74726F6C6C65722F6C6C5F7377A6
:106660002F756C6C5F7363616E2E630057455354D6
:106670005F544F504449522F7A65706879722F7376
:1066800075627379732F626C7565746F6F74682FA0
:10669000636F6E74726F6C6C65722F6C6C5F737766
:1066A0002F756C6C5F636F6E6E2E63003D4501004D
:1066B0004D4501005D4501006D4501007D4501002E
:1066C0008D45010035460100454601009D4501000C
:1066D000554601006546010075460100AD450100C3
:1066E0008546010095460100BD450100A546010013
:1066F000CD450100B5460100C5460100000000007F
:10670000D5460100E5460100F5460100DD450100E2
:10671000054701000000000000000000000000002C
:10672000000000002546010008020B020A030502D2
:10673000000000000000000002020000060200004D
:10674000040300000201090300000000010300002F
:10675000000000000703000000000301000000002B
:10676000F401FA00960064004B0032001E00140091
:10677000574553545F544F504449522F7A657068BF
:1067800079722F7375627379732F626C7565746F8C
:106790006F74682F636F6E74726F6C6C65722F6CA0
:1067A0006C5F73772F6E6F726469632F6C6C6C2FE4
:1067B0006C6C6C5F6164762E63000000300000003A
:1067C0000925733A2041637475616C204556454E26
:1067D000545F4F564552484541445F5354415254CB
:1067E0005F5553203D2025750A00000070726570CA
:1067F0006172655F63620000574553545F544F50A8
:106800004449522F7A65706879722F737562737973
:10681000732F626C7565746F6F74682F636F6E741D
:10682000726F6C6C65722F6C6C5F73772F6E6F720A
:106830006469632F6C6C6C2F6C6C6C5F6164765F49
:106840006175782E63000000707265706172655F1B
:1068500063620000574553545F544F504449522FD0
:106860007A65706879722F7375627379732F626CB1
:106870007565746F6F74682F636F6E74726F6C6C74
:1068800065722F6C6C5F73772F6E6F726469632F04
:106890006C6C6C2F6C6C6C5F7363616E2E630000AC
:1068A000636F6D6D6F6E5F707265706172655F634F
:1068B00062000000574553545F544F504449522FD3
:1068C0007A65706879722F7375627379732F626C51
:1068D0007565746F6F74682F636F6E74726F6C6C14
:1068E00065722F6C6C5F73772F6E6F726469632FA4
:1068F0006C6C6C2F6C6C6C5F7363616E5F61757830
:106900002E63000073746172745F7573203D3D20C7
:10691000286175785F73746172745F7573202B20C2
:1069200031552900096175785F6F6666736574205B
:1069300025752075732C2073746172745F757320D4
:10694000257520213D2025750A00000070726570B4
:106950006172655F63620000574553545F544F5046
:106960004449522F7A65706879722F737562737912
:10697000732F626C7565746F6F74682F636F6E74BC
:10698000726F6C6C65722F6C6C5F73772F6E6F72A9
:106990006469632F6C6C6C2F6C6C6C5F70657269D2
:1069A00070686572616C2E63000000007072657023
:1069B0006172655F63620000574553545F544F50E6
:1069C0004449522F7A65706879722F7375627379B2
:1069D000732F626C7565746F6F74682F636F6E745C
:1069E000726F6C6C65722F6C6C5F73772F6E6F7249
:1069F0006469632F6C6C6C2F6C6C6C5F63656E7478
:106A000072616C2E63000000707265706172655F68
:106A100063620000000000000000000000000000B1
:106A20000000000000000000000000000000000066
:106A30000000000000000000000000000000000056
:106A40000000000000000000000000000000000046
:106A50000000000000000000000000000000000036
:106A60000000000000000000000000000000000026
:106A70000000000000000000000000000000000016
:106A80000000000000000000000000000000000006
:106A900000000000000000000000000000000000F6
:106AA00000000000000000000000000000000000E6
:106AB00000000000000000000000000000000000D6
:106AC00000000000000000000000000000000000C6
:106AD00000000000000000000000000000000000B6
:106AE00000000000000000000000000000000000A6
:106AF0000000000000000000000000000000000096
:106B00000000000000000000000000000000000085
:106B100000000000FFC1FBE84C90728BE7B3518985
:106B200063AB232302841872AA612F3B51A8E53777
:106B300049FBC9CA0C18532CFD45E39AE6F15DB038
:106B4000B61BB4BE2A50EAE90E9C4B5E5724CCA17A
:106B5000B759B887FFE07D742648B9C5F3D9A8C4F2
:106B6000B1D5911101420C39D5B0979D28D4F29B33
:106B7000A4FD6465068C2996FEA2714DF3F82E588B
:106B8000DB0D5A5F1528F57407CE25AF2B12E6D022
:106B9000DB2CDCC37FF03E3A13A4DCE2F96C54E258
:106BA000D8EAC8880021869C6AD8CB4E146AF94D71
:106BB000D27EB23203C6144B7FD1B8A6797C17AC13
:106BC000ED06ADAF0A947ABA03E792D7150973E8D8
:106BD0006D16EEE13F781F9D09526EF17C362A71E9
:106BE0006C7564448010434E35EC65270AB5FC266D
:106BF000693F599901638AA5BF685CD33CBE0BD637
:106C00007683D657054A3DDD8173C9EB8A8439F412
:106C1000360BF700294176710001010101010000E6
:106C200001030405346C0200480600200000000047
:106C3000000000004144020000000000294402005E
:106C40000000000029DE0100F1DE0100A9DB0100E7
:106C500069DE01000000000041DB01008DDE010063
:106C6000A1E80100A1DC01000000000019E9010019
:106C700029E3010015DC0100174D0200254D02003B
:106C8000354D020000000000030000004DDC010053
:106C9000E9EA0100B9EA01000000000041EC01004E
:106CA0002DEB0100494E02004F4E0200FFFF000095
:106CB00000030050000000000100000000600040E0
:106CC00000000000FFFFFFFF000000500000000078
:106CD00000000000006000400000000000200040B4
:106CE0000100000000000000FC6C02000000D60162
:106CF00000000000B3890020B2890020002000407D
:106D0000086D020002000000286D0200040000006F
:106D1000186D0200040100001480000018800001BA
:106D20001180000216800003140000001100000210
:106D3000180600011606000308000000030000000A
:106D4000A0600200A0600200E8600200F0600200A3
:106D500018610200286102004A730200000100006D
:106D600000000000090448434920756172742054F2
:106D700058006364635F61636D5F30004653204376
:106D80006F6E66696775726174696F6E005A6570BF
:106D90006879722048434920554152542073616DEF
:106DA000706C65005A65706879722050726F6A6500
:106DB0006374006364635F61636D5F7365726961CF
:106DC0006C0072302F61313A2020307825303878CD
:106DD000202072312F61323A2020307825303878E7
:106DE000202072322F61333A2020307825303878D5
:106DF0000A0072332F61343A2020307825303878F9
:106E0000207231322F69703A20203078253038785E
:106E1000207231342F6C723A202030782530387847
:106E20000A0020787073723A202030782530387844
:106E30000A004661756C74696E6720696E737472BE
:106E4000756374696F6E2061646472657373202862
:106E50007231352F7063293A203078253038780A1E
:106E600000556E68616E646C6564204952516E3ADB
:106E70002025640A002A2A2A2A2A204D5055204615
:106E800041554C54202A2A2A2A2A0A0020205374C9
:106E900061636B696E67206572726F722028636F21
:106EA0006E746578742061726561206D69676874BD
:106EB000206265206E6F742076616C6964290A0017
:106EC0002020556E737461636B696E672065727202
:106ED0006F720A002020446174612041636365730E
:106EE000732056696F6C6174696F6E0A0020204DC3
:106EF0004D46415220416464726573733A20307884
:106F000025780A002020496E737472756374696F66
:106F10006E204163636573732056696F6C61746999
:106F20006F6E0A002020466C6F6174696E672D7069
:106F30006F696E74206C617A792073746174652056
:106F4000707265736572766174696F6E20657272B6
:106F50006F720A002A2A2A2A2A20555341474520BF
:106F60004641554C54202A2A2A2A2A0A0020204425
:106F700069766973696F6E206279207A65726F0A2B
:106F8000002020556E616C69676E6564206D656DCB
:106F90006F7279206163636573730A0020204E6FFE
:106FA00020636F70726F636573736F7220696E73A5
:106FB0007472756374696F6E730A002020496C6C7B
:106FC0006567616C206C6F6164206F662045584373
:106FD0005F52455455524E20696E746F2050430ADB
:106FE000002020496C6C6567616C20757365206FAB
:106FF000662074686520455053520A002020417471
:1070000074656D707420746F206578656375746540
:1070100020756E646566696E656420696E7374724E
:10702000756374696F6E0A002A2A2A2A2A2042553B
:1070300053204641554C54202A2A2A2A2A0A002045
:1070400020537461636B696E67206572726F720A98
:10705000002020507265636973652064617461204B
:10706000627573206572726F720A00202042464179
:107070005220416464726573733A20307825780A2F
:10708000002020496D7072656369736520646174C6
:107090006120627573206572726F720A0020204948
:1070A0006E737472756374696F6E20627573206598
:1070B00072726F720A00526573657276656420455C
:1070C0007863657074696F6E2028005370757269FB
:1070D0006F757320696E74657272757074202849BB
:1070E00052512000535053454C20696E20746872F1
:1070F000656164206D6F646520646F6573206E6FD9
:107100007420696E646963617465205053500A008D
:107110002A2A2A2A2A2048415244204641554C54C2
:10712000202A2A2A2A2A0A00202042757320666112
:10713000756C74206F6E20766563746F7220746155
:10714000626C6520726561640A0020204465627586
:1071500067206576656E740A0020204661756C7440
:1071600020657363616C6174696F6E202873656557
:107170002062656C6F77290A00415243485F455889
:1071800043455054207769746820726561736F6E4F
:107190002025780A0A002A2A2A2A2A2044656275AC
:1071A00067206D6F6E69746F7220657863657074A7
:1071B000696F6E202A2A2A2A2A0A002A2A2A2A2ABB
:1071C00020257320256429202A2A2A2A2A0A0046F3
:1071D0004C4153485F30005352414D5F3000000036
:1071E000010000003031323334353637383941420E
:1071F00043444546007573626400626F6172645F68
:107200006364635F61636D5F756172740000FFFFAB
:10721000FFFFFFFF01040002000000020000000069
:107220000000000500000000000000000000000059
:1072300000000005574553545F544F504449522FA6
:107240007A65706879722F7375627379732F626CC7
:107250007565746F6F74682F686F73742F686369D6
:107260005F636F6D6D6F6E2E6300627566004153D4
:1072700053455254494F4E204641494C205B25739B
:107280005D20402025733A25640A007564635F6EB3
:107290007266780000010101010175736264403477
:1072A0003030323730303000636C6F636B403430D5
:1072B0003030303030300072616E646F6D40343089
:1072C000303064303030006770696F4035303030B6
:1072D00030333030006770696F40353030303030D7
:1072E0003030000001020304050607756172744026
:1072F0003430303032303030000000000000010106
:1073000000000000000020303030303030303030AD
:10731000303030303000010000010000006D616944
:107320006E002A2A2A20426F6F74696E67205A65A0
:1073300070687972204F53206275696C64207634CE
:107340002E332E30202A2A2A0A00737973776F721F
:107350006B7100286E756C6C29002A666C6F617405
:047360002A000000FF
:1073640000000000B58200000000000000010000E1
:107374000000000000000000000000000000000009
:1073840000000000000000000000000000000000F9
:107394008861020000C20100000008000000000033
:1073A40000000000000000000000000000000000D9
:1073B40000000000000000000000000000000000C9
:1073C400000000008C010020000000007801002073
:1073D40000000000000000000000000000000000A9
:1073E4000000000000000000000000000000000099
:1073F4000000000000000000000000000000000089
:107404000000000000000000000000000000000078
:10741400000000000000000000000000BC0000208C
:10742400BC0000200000000001000000CC0000208F
:10743400CC000020000000001F000000000000003D
:10744400FFFFFFFFFF1F0000DB2A02000000000017
:10745400BC05002000010020000000000000000026
:107464000000000000000000000401000000000013
:107474007C6D0200220300000000000000000000F8
:1074840000030300000000000000000000030000EF
:1074940000000000000000000002010000000000E5
:1074A4008D6D02002E0300000000000000000000AB
:1074B4000001010000000000A46D02001E03000092
:1074C40000000000000000000000000000000000B8
:1074D400646D02000403000038B9002000000000BD
:1074E40000000000000000000004000038BD00207F
:1074F4000000000000000000000000000004000084
:10750400726D020000000000E00100200000000095
:1075140088610200D7050020DF050020E80500206F
:10752400ED050020F2050020F6050020FB050020F3
:10753400020600200B060020120600201906002077
:1075440000000000853D0200B583000015840000A2
:10755400234002008B420200573F0200000000005B
:10756400AB4202003F3F0200D93E0200000000008F
:10757400873D0200E8610200000000001C28002092
:1075840000000000F5B700000000000024280020DF
:107594000000000061A90000000000002C28002069
:1075A40000000000B5920100000000003428002013
:1075B400000000005DA600000000000000000000C4
:1075C40000000000000100004058002000000000FE
:1075D40000000000000000000002000068580020C5
:1075E4000000000000000000000000000004000093
:1075F4005058002000000000C05A00200000000085
:1076040025F6000000000000C85A00200000000019
:10761400B592010000000000D05A002000000000D4
:10762400DDF5000000000000D85A00200000000032
:10763400F19D010000000000F05A0020000000004D
:10764400B592010000000000F85A0020000000007C
:10765400F1F3000000000000A05B00200000000027
:10766400B91E000000000000A85B0020000000001C
:1076740045A70100000000002C5C00200000000071
:10768400B592010000000000345C002000000000FE
:10769400311A0100000000003C5C002000000000E2
:1076A40075AC010000000000345D00200000000003
:1076B40000000000000000003C5D0020000000000D
:1076C400C1B5010000000000545D0020000000006E
:1076D4000000000000000000905D00200000000099
:1076E4001523010000000000985D00200000000048
:1076F400B592010000000000A05D00200000000021
:10770400A924010000000000A85D00200000000082
:10771400E12E0100000000008C6300200000000046
:107724008C680020000000008C6D00200000000028
:107734008C780020000000007DC1010000000000E2
:10774400A478002000000000B9C10100000000007E
:10775400BC78002000000000B59201000000000089
:10776400707B002000000000C58F010000000000B5
:107774009C7B002000000000B59201000000000086
:107784000C81002000000000B59201000000000000
:107794001481002000000000B592010000000000E8
:1077A4001C810020000000003147000000000000A0
:1077B4002481002000000000B592010000000000B8
:1077C4002C81002000000000314700000000000070
:1077D400808400200000000071950000000000007B
:1077E4007884002000000000719500000000000073
:1077F4007084002000000000E191000000000000FF
:107804006884002000000000719500000000000062
:107814006084002000000000E191000000000000EE
:107824005884002000000000719500000000000052
:107834000000000000000000000000000000000044
:107844000000000000000000000000000000000034
:107854000000000000000000000000000000000024
:107864000000000000000000000000000000000014
:107874000000000000000000000000000000000004
:1078840000000000000000000000000000000000F4
:1078940000000000000000000000000000000000E4
:1078A40000000000000000000000000000000000D4
:1078B40050050020500500200000000000000000DA
:1078C4000E000000000000000000000000000000A6
:1078D4000000000000000000000000008C050020F3
:1078E4000000000000000000000000000000000094
:1078F40000000000B4890020200000000000000007
:10790400FF0000003F80010090020000AC05002051
:10791400AC050020B4050020B405002009020000D5
:10792400000100807D12010002EF020140E32F04F8
:1079340000030400000000080B000202020000091A
:1079440004000001020200000524001001052401C6
:107954000001042402020524060001070581031026
:10796400000A09040100020A00000007058202401F
:0B7974000000070501024000000000B9
:10797F0000000000000000000000000000000000F8
:01798F0000F7
:107990002C0600202C06002038A900200000000042
:0C79A000080000001000000000000000C3
:1079AC0000000000F8B200200004000000000000FD
:0479BC0000000000C7
:1079C0005C0600205C0600200C0000000A0000009D
:1079D000C0A8002038A90020C0A80020C0A800200E
:1079E000000000008006002080060020000000004B
:1079F0008C0600208C060020010000000100000021
:087A00009C0600209C060020FA
:0C7A0800A4060020A406002000000000DE
:107A14000000000000000000B8060020B8060020A6
:107A2400C0060020C0060020000000000000000086
:107A3400D0060020D0060020D8060020D80600205A
:107A44000000000000000000E8060020E806002016
:087A5400F0060020F0060020FE
:107A5C0000000000000000000007002000070020CC
:107A6C00080700200807002007000700000000009E
:107A7C00000000000465020098AA0020000000002D
:107A8C00000000002C0700202C07002034070020E9
:107A9C00340700200B000B00000000000000000069
:107AAC001865020038AE0020000000000000000045
:107ABC0058070020580700206007002060070020AE
:107ACC000A000A00000000001D8500002C65020061
:107ADC0008B2002000000000000000008407002015
:107AEC00840700208C0700208C0700201000100059
:107AFC000A0000006F440200246C0200F8B600205B
:107B0C00B36D020000000000000000000000000047
:107B1C0000000000000000000862020000000000ED
:107B2C000000000000000000000000000000000049
:107B3C000000000000000000000000000000000039
:107B4C000000000000000000000000000000000029
:107B5C000000000000000000000000000000000019
:107B6C00000000000000000000000000C50500201F
:047B7C000000000005
:107B800000000000A0010020000000000000000034
:087B90000000000000000000ED
:047B980015E015E0FF
:0400000300006E7D0E
:00000001FF
