:1000000080950020815B000037EC01006D5B0000F3
:100010006D5B00006D5B00006D5B00000000000088
:10002000000000000000000000000000455C00002F
:100030006D5B000000000000E55B00006D5B0000F0
:10004000115E0000E1640100115E0000115E00001D
:10005000115E0000115E0000115E0000115E0000E4
:10006000115E0000115E0000115E0000115E0000D4
:10007000115E0000115E0000115E0000115E0000C4
:10008000115E0000115E0000115E0000115E0000B4
:10009000115E0000115E0000115E0000115E0000A4
:1000A000115E0000115E0000115E0000115E000094
:1000B000115E0000115E0000115E0000115E000084
:1000C000115E0000115E0000115E0000115E000074
:0C00D000115E0000115E0000115E0000D7
:1000E00053B94AB9002908BF00281CBF4FF0FF319F
:1000F0004FF0FF3000F00CB8ADF1080C6DE904CE04
:1001000000F008F8DDF804E0DDE9022304B07047F0
:10011000704700BF2DE9F04786468C460846089E8A
:10012000154674461946002B40F0C2808542B2FA4B
:1001300082F245D94AB1C2F1200300FA02FC2EFA3C
:1001400003F3954043EA0C0C94404FEA154EA8B2D5
:10015000BCFBFEF8230C0EFB18CC08FB00F943EAAD
:100160000C43994528D9EB1808F1FF3704D299457B
:1001700002D9A8F102072B44A3EB0903A4B2B3FBF5
:10018000FEFC0EFB1C330CFB00F044EA0344A042CF
:1001900014D92C190CF1FF3304D2A04202D9ACF1CE
:1001A00002032C44241A43EA07401EB1D440002322
:1001B00034607360BDE8F0874746DDE76346F1E7EA
:1001C00092BB431B01214FEA154EAFB2B3FBFEFCBD
:1001D000200C0EFB1C330CFB07F840EA0343984548
:1001E00062D9EB180CF1FF3004D2984502D9ACF17A
:1001F00002002B44A3EB0803A4B2B3FBFEFC0EFBEE
:100200001C330CFB07F744EA0344A7424ED92C19D0
:100210000CF1FF3304D2A74202D9ACF102032C4403
:10022000E41B43EA0040C0E7C2F1200320FA03F1D7
:10023000954090402EFA03F303434FEA154EAFB2B8
:10024000B1FBFEFC0EFB1C10190C0CFB07F841EA7D
:100250000041884504FA02F422D969180CF1FF30F4
:1002600004D2884502D9ACF102002944A1EB08016F
:100270009BB2B1FBFEFC0EFB1C110CFB07F743EA23
:1002800001439F420ED9EB180CF1FF3104D29F427B
:1002900002D9ACF102012B44DB1B41EA004192E799
:1002A0006046E3E76146F7E76046A3E76346B7E7E2
:1002B000834206D916B9002108467BE7C6E900E06B
:1002C000F9E7B3FA83F78FB9834201D3724508D8AF
:1002D000BEEB020460EB030301209C461EB9002123
:1002E00068E73846FAE7C6E9004CF8E7C7F1200CA2
:1002F000BB4022FA0CF41C432EFA0CF120FA0CF34A
:10030000B84001434FEA14490EFA07F5B3FBF9F878
:100310001FFA84FE09FB18300B0C08FB0EFA43EAA7
:1003200000439A4502FA07F240D9E31808F1FF307A
:1003300004D29A4502D9A8F102002344A3EB0A0390
:1003400089B2B3FBF9F809FB183308FB0EFE41EA4A
:1003500003418E452CD9611808F1FF3304D28E4534
:1003600002D9A8F10203214443EA0040A0FB02980D
:10037000A1EB0E014145CE46434602D306D14D4581
:1003800004D2B9EB020E68EB04030138002EA6D0AC
:10039000B5EB0E0261EB030101FA0CFC22FA07F344
:1003A0004CEA0303F940C6E9003198E74046C5E747
:1003B0004346D9E7000000002DE9F843D0E90738AB
:1003C000856903EB08042F34A5420F46164619D859
:1003D000DFF86C80A3FB080117A3D3E90023FFF724
:1003E0007FFE0346601BA0FB080123F07F4412A39D
:1003F000D3E90023FFF774FE20F07F403C603060BB
:10040000BDE8F883DFF838900BA3D3E90023A5FB00
:100410000901FFF765FE20F07F440A480A2106A380
:10042000D3E90023E8FB0901FFF75AFE20F07F40E3
:100430003C603060BDE8F8838D49FD1A070000007C
:1004400000CA9A3B00166BF12DE9F04F8DB09A4629
:10045000179C9DF85870A36B05460E464BB1B4F837
:1004600078301BB1B4F87610994276D2E06F00284C
:1004700076D14FF6FF739A4521D023780133DBB252
:100480002370002B77D058498B7AA1F808A067F326
:1004900000038B72554BC1E9005204F11000002299
:1004A000C86099600120114606F0EAF8002864D17E
:1004B000A36BC4F8905013B120460EF0A5F8257E2A
:1004C00015F0010549D14A4A4A4B11781B788B42F5
:1004D00055D04FF6FF739A45D4F87C80B4F87690E7
:1004E00015BF0AF101074FF0000ABFB25746B8F135
:1004F000000F2FD0B9F1000F2CD0A26E0AF1010A23
:1005000040F271211FFA8AF301FB02FA3A4A4FF0D6
:10051000070BA6FB02010AFB03F309930BFB061171
:100520002FA3D3E90023FFF7DBFD099B324A1E18F6
:10053000A5FB02010BFB051129A3D3E90023FFF75B
:10054000CFFD50443044804586BFA8EB0606E667E1
:10055000C4F87CA04F44A4F876700DB0BDE8F08FCD
:10056000A16E40F27123A1FB0313814273F10003DA
:10057000FFF47FAFF1E700DE85E700DE98E70133A7
:1005800004210BA8137016F017FA0B9B1B4900955A
:10059000A1FB03211A4A0694CDE90355CDE9015583
:1005A00028465D1A01EB5501A21A164D9208A5FBCB
:1005B0000252090A920840F2471505FB1133023234
:1005C000114905910133D2B201210B9307F026FCAA
:1005D00010F0FD0F01D10B9D7BE700DEFBE700BFB4
:1005E00000CA9A3B0000000094530020C400002081
:1005F0006C7F00206B7F00208D49FD1A21F1D49083
:10060000C053002015F9AC1B45CD000000000000D0
:10061000002900F0AA812DE9F04F8FB0002840F0AA
:10062000BF81D54C164694F8802012F001071D4674
:1006300040F0BE81607EFF2300F00300E37615F0FA
:1006400089FB94F88000430700F1F38094F8292097
:10065000637F04EB820204EB8303D76AD3F8208024
:10066000002F00F0CE80394640460DF033FA0028C6
:1006700040F0788198F8003013F00E0F40F0E880D9
:100680006369002B40F06D8108F072FB8146002801
:1006900000F0B98108F078FB0A90002800F0B081E2
:1006A0000FF040FB8346002800F0A781C06E4FF694
:1006B000FF720BF11003ABF824200B93002800F01D
:1006C0001F820BF160020BF15C0105F055FF9BF8F6
:1006D000722022F007028BF872200022CBF86C20E7
:1006E000ABF8702098F8002002F00F02072A00F003
:1006F000F9819BF8582022F0770242F011028BF822
:100700005820012211469D48D0F801C0CBF881C184
:10071000D200CBF887C110F801CB42EA01219BF847
:1007200080210CF0010C6CF386126CF3C7128BF86D
:1007300080218288ABF88521ABF88B21BBF858204B
:1007400022F4E16211439BF83720ABF8581002F015
:100750003F0262F07F028BF837209BF83C207F211C
:100760004FF0000A22F00F02ABF8B6104FF4C02190
:100770008BF83C20CBF872115846CBE912AA8BF8C3
:1007800039A0ABF82AA0CBF82EA0CBF850A0ABF83C
:1007900040A1ABF878A1ABF86EA111F06DFC8BF81D
:1007A00044A1CBF848910FF007FE9BF8801160F34D
:1007B00002018BF880110FF005FE9BF8801160F3A9
:1007C000C5018BF880119BF842116AF341018BF847
:1007D00042110BF1C40011F059FA0A9B63660BF148
:1007E0001003C4F860906361CBE902AA8BF800A003
:1007F000CBF810B016F064FB78B30CF045FB032087
:10080000B0E098F8003003F00F03072B00F0A98048
:100810005B4816F0BDFCC0B2002840F0F48094F8AC
:10082000293004EB8303DF6A04233B7006237B70CB
:1008300019E7C0F3C0003A4604F1810115F022FC2B
:10084000FF28E0763FF402AF384615F0C9FAFDE61E
:1008500003F00F03072B00F058814A4B1B78022B43
:1008600000F059810023636300252E46227E637EBB
:10087000A4F87850C2F34202012100250DF13300A3
:10088000E6678DF83320C3F38206A4F8765006F0AD
:100890000FF80246002860D03346394640460CF037
:1008A000A1FB3949394B2570A0FB0101C01841F16A
:1008B00007012FA3D3E90023C4E90255FFF710FC79
:1008C000B4F86860606007F0EFFB00F10E0746B90E
:1008D00098F8005005F00F05A5F10105B5FA85F56A
:1008E0006D09237E65F300032376DB07656800F15D
:1008F0002981D4F83880B8F1000F40F08680244B6D
:100900002448049505F247150694CDF808809121F6
:100910001D600993A6FB000301FB06311E4B0793E4
:100920001E4B05934FF6FF7302260DAD039310A3E4
:10093000D3E900230D960895FFF7D2FB0321019020
:100940003B463246CDF80080404607F007FA29467C
:1009500008F09CFA002800F0B58063690BB10CF038
:1009600093FA0C200FB0BDE8F08F0CF0B7BA00BFBF
:100970008D49FD1A07000000C0530020C80A02007C
:10098000E85300206A7F002000CA9A3B8C49FD1A78
:10099000B4530020002AE7846D820000490400005F
:1009A000934B1B78022BDCD000200FB0BDE8F08FFA
:1009B0008F4B1B78022BF7D194F82920637F04EB2F
:1009C000820204EB8303D16A186A0DF083F80028D1
:1009D000C8D1636B002BC4D01A7902F0FF0142B971
:1009E00042F2107206FB02F2A4F87610A4F87850D6
:1009F000E2671B79002BD7D0B3E70A9808F0CAF951
:100A0000484608F0BBF90720ACE7D8F80080AB1CDB
:100A10003B440DA940460D9300F05AF9A36E94F89B
:100A2000742040F271218146A3FB0131002A40F07D
:100A3000BF8042F6DC32981841F1000140F2E242F8
:100A40000023FFF74DFB80B2A8F834004A460D9909
:100A5000404600F07DF9814600287FF47EAF0DAB63
:100A600008930290634B6448049505F24715069479
:100A700091211D600993A6FB000301FB06315F4B2A
:100A800007935F4B05934FF6FF730225039356A31D
:100A9000D3E900230D95FFF723FB032101903B468B
:100AA0002A46CDF80090484607F058F90DA908F0FD
:100AB000EDF900287FF451AF98F8463043F0010378
:100AC00088F8463094F88030002043F0010384F821
:100AD00080300EF063FE00287FF466AF012015F031
:100AE0001BF961E7617E9BF85820490961F3020216
:100AF00061F306128BF85820A27E02F0010202E692
:100B00000BF16400CBF86C00DBE598F80230590675
:100B10007FF5A3AEB4E508F02BF98146002854D048
:100B200008F032F9002857D00023C0F80090037174
:100B3000237E6063DA073FF597AE42F2107303FB42
:100B400006F693E62B4B099300200DAA18600226A7
:100B5000049501950892294D294A05920321CDE972
:100B6000020006943B460090079532460D9607F02A
:100B7000F5F80DA908F08AF900287FF4EEAE0DAA69
:100B8000204908924AF2D83200920591CDE903003B
:100B90000321CDE9010007953B46069401220D96FD
:100BA00007F0A8F80DA908F071F900288AD0D4E65A
:100BB00002FB01110132A2FB0303194440F2E2429D
:100BC0000023FFF78DFA80B23EE76369002B3FF404
:100BD0001AAF0CF059F916E76369002B3FF410AF18
:100BE0000CF052F90CE700BF8D49FD1A0700000018
:100BF0006A7F0020B4530020002AE7846D82000041
:100C000049040000E9CB0000F0B5037E477E8BB0BD
:100C1000C3F342030D46044601210DF1230016469D
:100C20008DF8233005F044FEC7F3820702463B46A9
:100C3000314628460CF0D6F91F49204AA0FB013165
:100C4000981841F107011AA3D3E90023FFF748FAE6
:100C500063689842054622D21B1A00220192184A64
:100C600002930221174B0991A21ACA40A3FB023238
:100C7000CA4000230A4409AE13490591CDE9033364
:100C80000321D2B206960093184607F0C7F8314602
:100C900008F0FCF838B9656000200BB0F0BDFBD956
:100CA000C21A0023DAE70C200BB0F0BDAFF30080CE
:100CB0008D49FD1A0700000000CA9A3B8C49FD1AB5
:100CC000C053002015F9AC1B6D820000000000002D
:100CD0002DE9F04182B004461B4E1C4F88460DF0B2
:100CE0006FF8072533462946E0FB0731184614A361
:100CF000D3E90023FFF7F4F994F8253020F07F4082
:100D000004EB83036060996AFF231A4620460DF0C6
:100D100017F82946E0FB076109A3D3E90023304611
:100D2000FFF7DEF901A920F07F4014F03BFA18B973
:100D3000019B0233C8F80030002002B0BDE8F0810A
:100D40008D49FD1A070000008C49FD1A00CA9A3B24
:100D50002DE9F04700268CB08846C0E9026620499C
:100D6000067017464822044605F0E6FB0546A08EAD
:100D70001C4940F2E24202FB00F002230B93A0FB6D
:100D8000010115A3D3E90023FFF7AAF90DF12C0AFD
:100D9000CDF820A00694194663681F44124B0793B0
:100DA000124B05938146002310464FF47A72CDE929
:100DB0000367FFF795F90335EDB2CDE9019043469E
:100DC0002A4600963046032106F094FF514608F06B
:100DD0005DF80CB0BDE8F0878D49FD1A07000000F2
:100DE0009854002000CA9A3B6D820000FDDD00008F
:100DF00070B590F803C01CF0010F14BF00F10A0495
:100E0000041D1B481CF0020F15461E464FF007023A
:100E1000A1FB000318BF063402FB01311CF0080FD0
:100E200011A3D3E9002318BF0234FFF759F9AD1B12
:100E300010492844A1FB00310D09490C04D00E4B88
:100E4000A3FB003001214509A2782078657022F0CB
:100E50001F02C5F3042361F3C71013432070A3706E
:100E6000204670BDAFF3008000CA9A3B000000002E
:100E70008D49FD1A89888888B5814E1B00000000C5
:100E80002DE9F04F93B0D0F838900A9000241094D8
:100E9000D9F800308C4909934822184605F04CFBDC
:100EA0000A9BCDF82C90D3F890B0CDF83CB0FF223F
:100EB000C51CEDB28DF837200122A9460E945D467F
:100EC0000A920DF1440A0DF140080EAF02269B462E
:100ED0000BE0119B4BBB0F9BAB422AD19DF83730E7
:100EE000FF2B31D0994534D00F9D784BCDF818A009
:100EF000CDE90443CDE90244CDE900780FAB0DF113
:100F0000370202210020119607F06AF80228E0D18A
:100F1000119B022BDDD10221002007F0ADF8119BBF
:100F2000022BF8D0119B002BD5D000DE0F9BAB42DB
:100F3000D4D00A9A531EDBB2002A00F0B7800A937D
:100F40009DF83730FF2BCDD100DE9DF83730994525
:100F5000CAD1109C5E49DDF82C900E9DA4F5742238
:100F6000A2F510728A425B4607D904F1E874013D8C
:100F700004F5D4340E9504F5A574564AC9F80C50FE
:100F8000A2FB0424A40CC9F81040197F587F1094C8
:100F90008142CAB204D00132D2B2022A08BF002272
:100FA00003EB82024C4F5E7ED2F820A0B9F8088095
:100FB000A5FB07014FF0070B3FA3D3E900230BFB71
:100FC0000511FFF78DF8C6F382069AF8011006F0B6
:100FD00003030B44414922180933A1FB0201DB0042
:100FE000C6F34006F34021F00F0003F59673A0EB23
:100FF0001111B3EB410F21D9099B39489C8E40F266
:10100000E24303FB0424A4FB00012DA3D3E9002346
:10101000FFF766F820F07F45A5FB070126A3D3E97B
:101020000023C9F80C500BFB0511FFF759F808F124
:101030000108241AC9F810401FFA88F822462946E8
:1010400000235046FFF7D4FED9F80C300999099DCA
:101050000133C9F80C3091F8452091F8443093429F
:1010600002EB420305EB430318BF81F8442093F8D9
:101070003D30062101FB02520446E98E383203F06E
:101080003F03404614F036F9237860F305032370DC
:1010900007F00AF80F9907F009F82C2802D813B0C6
:1010A000BDE8F08F00DE13B0BDE8F08F00DEFF2357
:1010B0000A9313E7AFF3008000CA9A3B00000000D8
:1010C0008D49FD1A0700000098540020F9DD00004A
:1010D000BFBDF07F83DE1B438D49FD1A8988888858
:1010E00000CA9A3B000000002DE9F04FA5B00D4664
:1010F0001E4640F201232E990F92AB432F9A0C917A
:1011000004460D9200F0F781637F04EB830305F43E
:10111000007BD3F820A09AF8007007F00F07072F84
:1011200010D0BBF1000F04D10C27384625B0BDE824
:10113000F08FD6F801203178204625B0BDE8F04F79
:101140000CF024BD9AF8023013F03F0218BF9AF851
:1011500003208DF880200AF104020A92BBF1000FEF
:1011600002D07F2B00F27D810C9904F11C0016F057
:10117000ABF89AF80020037802F00F0223F03F0347
:10118000134302464FF0000802F8023B9AF802307F
:10119000139282788DF87C809B0963F387128270AA
:1011A000A26B814604F11000002A00F0D882537D22
:1011B00002EB8303996913681493CB780B91023186
:1011C000129103F001018DF8883011910D99099366
:1011D00002F1140016F078F899F8001002780B9BD1
:1011E00001F00F0122F03F020A4302701A780178E1
:1011F000C2F3801262F3861101701A78C9B2D20963
:1012000062F3C711017099F802208178920962F3A4
:10121000871181709DF88020012115EA0103804625
:101220000E938DF88410099B02EA010040F00781BB
:10123000002800F048819AF8000098F800C00E9944
:10124000C0F3801060F3861C88F800C099F8000095
:1012500061F3861089F800000AF10A010A911198D9
:10126000002840F044810B980430099003F00201FB
:1012700090071D9140F105810A9906310A919DF868
:10128000841041F002018DF884109AF8001098F84B
:1012900000C0C909404661F3C71C00F810CB99F89B
:1012A00000106FF3C71189F8001003F0020111B1AB
:1012B00009990631099112F00801189102D00A9992
:1012C00002310A919DF87C1041F008018DF87C10E4
:1012D000811C0E9115F0080100F0D18002213170BF
:1012E000D6F801101791C6F8010005369DF8841054
:1012F00041F008018DF8841013F00801199102D013
:1013000009990231099112F010011A9102D00A993B
:1013100003310A919DF87C1041F010018DF87C108A
:1013200009F10901109103F010011B91E90640F148
:101330009A80811CC6F801109DF8841041F01001BC
:101340008DF8841003213170053603F01001002957
:1013500000F09180002116910999033109919DF8BF
:101360008410C90644BF411D0E91520611D50A9A38
:1013700001320A92627E02F01C02102A00F00E82F4
:101380009DF87C2042F040028DF87C2009F10A0291
:1013900010925B0608D5099B013309939DF88430B0
:1013A00043F040038DF884309DF88430159313F09A
:1013B00040031C9302D00E9B01330E93109B139A93
:1013C000981AC0B2022803D809F103031093012030
:1013D000099B129A9B1ADBB2022B03D80B9B033397
:1013E000099301230B9A52789A42C0F0AA800E9971
:1013F00008F1020CA1EB0C0C5FFA8CFCBCF1020FA3
:1014000004D808F103010E914FF0010CBBF1000F5D
:1014100073D096F800B0D6F80110D51AEDB2099B3A
:101420003570C6F801300536BBF1000F40F09580ED
:10143000002940F0808109995A465B4668E016F819
:1014400001EB98F800C06EF3861C88F800C099F88C
:1014500000C06FF3861C89F800C000283FF4FFAE7F
:10146000FAE6122761E60F99C9063FF56EAF03F061
:10147000100100297FD103F0100116916FE7179139
:1014800034E70E9908F10A0000297FF408AF03F051
:101490000201002967D09DF884000B9940F00200FA
:1014A0008DF88400087898F800C00E99C00960F3A0
:1014B000C71C404600F810CB99F800C061F3C71C68
:1014C00089F800C0F4E6119800283AD00B9998F8F2
:1014D00000C008780E99C0F3801060F3861C88F86D
:1014E00000C099F8000061F3861089F800000B999C
:1014F0000A310991BAE600DE06E66D0523D40F999C
:10150000890500F11881D31A0999DDB25A465B4664
:1015100005EB020EBEF1FB0F3FF707AE0CEB050724
:101520001744FF2F30DD0CF101035B442B44CA4507
:10153000337000F0A1810B9B984500F098814527FE
:10154000F3E51F27F1E596F800B00999D51AEDB239
:10155000D6F801305A460536DAE75D464FF0000B03
:101560005A465B46D4E799F800C00E9961F3C71C50
:1015700089F800C09FE69DF8841041F010018DF8B5
:10158000841009991691E7E699F8022089F801007C
:10159000013860F3050289F8022098F802200E9EB7
:1015A0000C930CF1FF3060F3050288F802200BEB7E
:1015B0000502624488F8012030462A461EF05BFA94
:1015C0000C9B23B15A46194670191EF046FA98F83A
:1015D00002309A0600F0AD809DF87C305B0640F149
:1015E000F4800A9A109912F8013C01F8013C531E4C
:1015F0000A934B1E10931A9B13B10A9B033B0A9349
:10160000109E637E16F8032C6FF3050206F8032C78
:101610005D0915F0C3FC32288CBF0020012095FA2B
:10162000A5F3002DB3FA83F308BF4FF0FF335B013E
:1016300006F8013C16F8033C60F386136FF3C713FA
:1016400006F8033C002306F8023C1B9B13B1099BE0
:10165000033B0993159BDF0602D50E9B033B0E93BC
:10166000169B23B10E98032219461EF004FA189B0C
:1016700013B10A9B023B0A93199B13B1099B023BCE
:101680000993179B002B00F0E580179A5378127886
:101690001B0203F470631A431098D1B200F8051CC2
:1016A00094F87230C3F303031B0103EB122300F819
:1016B000043C0E9800F8021C94F87230C3F3030344
:1016C0001B0103EB122300F8013C159B9E076CD411
:1016D0000238159BDD0709D5119B002B00F0D08047
:1016E000099B991F063806221EF0C5F999F80230A9
:1016F0000B9899061CBF9DF87C3089F8033098F848
:1017000002309A061CBF9DF8843088F80330A57E0D
:10171000637E169A05F001054FF496745B09414605
:10172000009501940CF084FF149B93F84630DB077E
:101730005AD40027F9E499F8023089F801000138F9
:1017400060F3050389F8023098F8023088F801C088
:101750000CF1FF3C6CF3050388F8023037E70CF01E
:10176000E9FE1490002800F09780DDF850C0CDF815
:1017700044809CF825300CEB83030122996A0B917D
:10178000084610F8023B129003F03F034A700B70BA
:1017900081F803800CF11002434617E59DF8842080
:1017A00042F040028DF88420F3E51D9B002B6AD0A7
:1017B000099B063B09930E991A6841F8082C9B88EF
:1017C00021F8043CA1F1080083E71C9B002B3FF4A7
:1017D00012AF099A0E9912F8013C01F8013C531E10
:1017E00009934B1E0E9306E7149C20460CF0E8FA72
:1017F0002F4A304B0721E0FB023118462AA3D3E9D8
:101800000023FEF76DFC656820F07F44AC423ED2B9
:101810002E1B0025149F2849022348223846239373
:1018200004F08AFE002325490195C21C23AD0591D1
:10183000CDE9033303210296D2B2009318460695F0
:1018400006F0ECFA294607F021FB00287FF46CAC87
:101850007C606EE794F87230194903F00F0331F899
:101860001320501C21F81300C2F30B0214E70D9A49
:10187000A36B12785A7562E60C9B1B7863775AE665
:101880000A9B991F2EE70A9B063B0A9393E77FF674
:1018900050AF651B0026BDE7CA457FF446AC00DEAD
:1018A00043E400BFAFF300808D49FD1A070000003C
:1018B00000CA9A3B8C49FD1A985400206D820000A2
:1018C000745400200000000070B5234C9DF810E017
:1018D00094F862C01CF0020F37D1460816F00405D8
:1018E00033D151B363F3830C400194F83830A4F83A
:1018F0004C104FEACE0E0EF0180E00F0200040EA19
:101900000E0023F03803184394F8443084F838006C
:10191000124884F862C066F3020384F844309121CF
:10192000A2FB000301FB023109A3D3E90023FEF768
:10193000D7FB2065A065284670BD94F8443065F358
:10194000020384F84430284670BD0C25284670BD3B
:101950008D49FD1A0700000014550020002AE78475
:1019600010B504469DF80800A2874FEA411CC0004C
:1019700094F8281000F018000CF0200C4CEA000C31
:101980000B4821F038014CEA010CA3FB0002912125
:1019900084F828C001FB032103A3D3E90023FEF749
:1019A0009FFB206410BD00BF8D49FD1A0700000099
:1019B000002AE784000000002DE9F04790F862302B
:1019C00090F838205A4DDFF86C916FF3000304460D
:1019D00000F14601C3F3800060F386128CB084F8F6
:1019E000623084F8382006F005FC94F83820B4F80A
:1019F0004C305148246102F07902002784F83820E5
:101A00009121A3FB0002C4E90277277001FB0321A7
:101A100045A3D3E90023FEF763FB484AA36D236582
:101A2000651BA2FB05250E33C5F34715984205EB50
:101A300045028FBF636003466060276549F8223026
:101A4000064606F031FB636900F10E074FEA450ACE
:101A5000002B4BD00DF12C08AA4409EB8A03099303
:101A6000CDF820800694B4F84C3033484FF000098C
:101A7000A3FB0002CDF80C90912101FB03216368C8
:101A800004932F4B07932F4B05934FF0020A26A385
:101A9000D3E90023CDF82CA0FEF722FB104619460F
:101AA0004FF47A720023FEF71BFB0535EDB2CDE94A
:101AB000016003213B462A46CDF80090484606F0D7
:101AC0004DF9414607F0E2F960B994F8623043EA13
:101AD0000A0384F862300BF0DBFE08B300200CB080
:101AE000BDE8F0870C200CB0BDE8F0870DF12C08A4
:101AF000CDE90A33616843460AAA032001F08CFC51
:101B00000028A9D10B99104807A3D3E90023A1FB12
:101B10000001FEF7E5FA0A9B20F07F471F449BE790
:101B2000504614F0F9F8D9E78D49FD1A0700000076
:101B30001455002008550020002AE7841F85EB512A
:101B40006D8200001DF2000000CA9A3B00000000F8
:101B50002DE9F04F0B79062B93B00C4606463BD08F
:101B6000092B35D18F68914B3D689D4240F0D8805C
:101B7000D5F82090B9F1000F00F015828B49302282
:101B8000084604F0D9FC0630C3B20B93D9F8000024
:101B90000DF0F2FD7A7902F00702012A804600F08A
:101BA000D780022A14D1072394F81AE02371002168
:101BB000734661F38613A37694F821302660E160C2
:101BC000002B00F08A80CEF3C00E04F1220A22E03E
:101BD00000DE13B0BDE8F08FD1F80890D9F82C30B2
:101BE000002B40F0C780D9F8008040460DF0AAFDD8
:101BF000A37E2660002767F38613A37694F821302E
:101C0000E760002B5FD00530C2B20B9204F1220ACC
:101C10003D46BE46012294F82210880650D094F822
:101C200023C01CF0010F14BF04F12A0004F12400AA
:101C30001CF0020F18BF06301CF0040F18BF013053
:101C40001CF0080F18BF02301CF0100B1CBF83469D
:101C500003301CF0200F18BF12301CF0400F18BFCB
:101C60000130C1F30501A0EB0A000131C9B2C0B2D5
:101C7000814238BF014699423ABF591A5FFA81FA48
:101C80004FF0000ABBF1000F58D09BF802C09BF840
:101C900001004FEA0C2101F4F85101434ED0BEF18E
:101CA000000F75D0002D00F08881AB8D53449BB29E
:101CB000AB85A383AB6A002B67D0DC60AC6288E79E
:101CC000013BDBB24DB9A3832146304607F068F8EB
:101CD00013B0BDE8F04F07F06FB8AA8D13449BB264
:101CE000AB85A383B8F1000F3ED098F86230AA6AA2
:101CF000DB073BD4D4602B6AAC62002B3ED02B6A4E
:101D0000002B39D02B7803F0FF021BB3012A27D117
:101D1000AB683BBB264BC5E9023513B0BDE8F08F7D
:101D2000CB68002B00F047811D682A6A974240F07B
:101D30003C81B9461F46FF230B9327E705B3AB8DC4
:101D400053449BB2AB85A383BEF1000FCAD0B1E769
:101D5000062329E7284613B0BDE8F04F0DF086BDF5
:101D600000DED5E700DED5E700DEBEE7AB6AA342C2
:101D7000A3D12EE700DE36E700DEC3E700DEBEE7D4
:101D8000A4F81CA0BEF1000F9ED000DEAB6A94E761
:101D9000BCF13F0F4FEA5C100CD9002D00F0108110
:101DA000AB8D53449BB2AB85A3839BE7A455002026
:101DB000BDF800009BF800C00CF03F0EBEF1240FF0
:101DC000EBD802F0030E73441CF0800F03F10903FB
:101DD00014BF4FF4967E4FF01E0EDB00C2F340029C
:101DE00023FA02F20EFB01F3CDF840E002F5967102
:101DF0009E448E45C0F0D3801CF0400F14BF3221AA
:101E00004FF4FA71DFF840C203FB01F1ACFB01C1F2
:101E1000890C0C910121CDE90D3201FA00F3D8B201
:101E20000F9314F0B7FE61690E9A0D9B11902F3934
:101E30008A1A13440C9A1B1A84489B1AA3FB0001AC
:101E40007FA3D3E90023FEF74BF920F07F430D93E6
:101E500094F91A30002B80F29780002D00F0B380A7
:101E6000AB8D53449BB21E2BAB8504D994F91A3029
:101E7000002BBFF637AFAB6A002B00F0BA80DC60F6
:101E8000AB8DAC62A3839BF800100F9BBA8801F066
:101E90003F0141EA032122F4E76240F23F7322F05E
:101EA00007020B401343BB8094F91A30002BC0F299
:101EB000A280B8F1000F00F0AC8098F8623013F007
:101EC00001037FF453AFD9F82C206048BA4208BF11
:101ED000C9F82C307A79119B03F5EA7102F00303FB
:101EE0000933C2F34002DB00D340594A0B440721B7
:101EF000E3FB0021104652A3D3E90023FEF7F0F8DC
:101F00000C9B109A2F3302EB430320F07F40686054
:101F10000022BB600221012004F07EFB0B9AFF2A05
:101F20000CD023690D9900203B3B0B44CDE9000008
:101F3000012105F08BFF10F0FD0F7AD145493022C9
:101F4000284604F0F9FA44492369CDE907154349C5
:101F5000CDE90515696802460020CDE90301063286
:101F60000D990091CDE901003B3BD2B2012105F072
:101F7000C1FE10F0FD0F5ED101220221104613B008
:101F8000BDE8F04F04F048BB06F08EF823690D9AC7
:101F9000243B991806F08AF802023FF55EAF002D47
:101FA0007FF4A0AE90E600DEE8E500DEB9461F460D
:101FB000FF230B93EAE500DEB6E6A4F81CA0E4E6F6
:101FC000A4F81CA080E6264804F088FA054630B341
:101FD0000023027D0370C0E9023363F3C712A0F847
:101FE0002CA00061027543628362C0F8209000F16A
:101FF00010076C6244E7D9F82C3063B9C9F82C702B
:10200000A37E43F04003A3763B796FF386133B71C5
:10201000DFE500DE51E7BB42F0D000DEEEE794F9E9
:102020001A30002BBFF650AEA37E43F04003A376D8
:102030004AE600DE82E700DE9EE700BFAFF30080E5
:102040008D49FD1A0700000083DE1B4300CA9A3B3E
:102050008C49FD1AA4550020CDF8000025F8000099
:10206000A0550020000000002DE9F04F05468BB080
:102070008B46012002219946144618F087FD002264
:1020800002218246012004F0C7FA31494FF4C87298
:10209000284604F051FAC61D2E4B0093F6B2019566
:1020A0004B4632460121002005F056FF10F0FD0F8F
:1020B00048D1294BA4FB0348204623A3D3E900239E
:1020C0004146FEF70DF8254B20F07F47A7FB033173
:1020D0000722E01A02FB071168EB01014FF47A7244
:1020E0000023FDF7FDFFCDE90170CDF800B00895A4
:1020F0000695696895F9374019480491194931EAFC
:10210000240128BF01460591174C07944FF6FE7134
:1021100003914B4632460121002005F0EBFD10F003
:10212000FD0F0DD1BAF1000F02D10BB0BDE8F08F59
:102130000122022110460BB0BDE8F04F04F06CBA4A
:1021400000DEEFE700DEB4E78D49FD1A070000006E
:10215000C8040020F9FB000000CA9A3B8D49FD1A13
:10216000954C0100E14D0100E1FB00000000000082
:102170002DE9F0418468A28C4FF6FF739A428CB02F
:1021800044D00546204610F045FA2B7D012B00F087
:102190002B81022B00F01E81002B00F0FD8094F8B3
:1021A0004461002E40F019812B8AE78D94F9372085
:1021B000CDE90A666BB3002AC0F263810023A4F85C
:1021C0007431AB7CA28D03F00303551C012BADB21F
:1021D0003AD0B4F87831002B00F00F819D4280F0A6
:1021E00063815B1B9BB20022062BA4F87831E28549
:1021F00040F2008194F937309342C0F25A810023B3
:1022000025E09DF8271020460EF0F6F90CB0BDE849
:10221000F081002AB8BF84F8B960AB7CA28D03F0CE
:102220000303551C012BADB20ED0B4F87431002B52
:10223000CFD0AB4240F247815B1BA4F87431B4F8B5
:102240007831002BCAD102E00023A4F8783194F849
:102250003C2063F3820284F83C2029460DF12702DA
:1022600020460FF045FF7430CBD0B4F872312BB15B
:10227000AB4240F2F7805B1BA4F87231B4F86E31C8
:102280002BB1AB4240F2E5805B1BA4F86E31E58DCB
:1022900016B9AF4200F0D4800135ADB294F8B53034
:1022A00013F0010723D1DDE90A130A46002B40F0A1
:1022B000D780002900F0C6801F461846A28C2469EA
:1022C0000694CDE9035607329F4D0290CDE90017E1
:1022D000D2B201210020059505F0A0FD10F0FD0F00
:1022E00094D006F0FDFD844290D000DE8EE794F994
:1022F00037206FF30003002A84F8B530C0F29880CD
:1023000094F85800C0F3C00100F0070014F040FC3E
:1023100094F8582094F8593002F003012831C2F3A0
:102320004002C900D14003F003022832C3F3400346
:10233000D200DA40E38B03F5EC73B1F5A07F2CBF3C
:102340005B1803F5A073B2F5A07F2CBF9B1803F5B3
:10235000A07303447D4A7E480721E3FB0021104619
:1023600077A3D3E90023FDF7BBFEDDE90A1320F0D4
:102370007F4260686260904235BF171A801A002061
:1023800000270A46002B99D157EA010C96D1002864
:1023900058D019461F4691E794F8723003F018039D
:1023A000182B7FF4FCAE218DB4F870218B1D9A425E
:1023B000C4BF931F5B1AB4F86C11CCBF9BB2134619
:1023C000994200F09C80A4F86C31A4F86E31A4F816
:1023D0007221E4E63D2684F84461314620460CB083
:1023E000BDE8F0410EF008B90023A4F87231A4F85A
:1023F0006E31D4E60126334629E7E28C052A97BFE1
:10240000013240F2E2434FF4FA7392B203FB02F25C
:10241000B4F8763142F2107101FB0323013BB3FBA8
:10242000F2F39BB2A4F87831002B7FF4D7AE0EE71D
:1024300094F85900012100F0070014F0ABFB67E7A6
:1024400035462BE7002D43D00027114638463B4642
:1024500034E70023A4F86E3120460FF0DBFE16E7C8
:1024600038462BE706F0DEFC0146A0B30023A4F8B3
:102470007231A38CC3801B230371006806F0A2FC99
:10248000FCE694F8B9306BB3013B84F8B93004F141
:10249000C40840460FF03CFCB8B340460FF038FC8F
:1024A000B8B30023E38589E6082120460EF0A4F89E
:1024B000ACE6A7B9D4F8BC305A0813F0010336D102
:1024C000C4F8BC209BE63E2120460EF095F89DE620
:1024D000002EB9D19AE60123A4F87231CEE6134654
:1024E0000126B4E60AAA0BA92846FDF765FFDDE937
:1024F0000A231343CBD0237884F8B930C7E7B4F864
:10250000721100297FF44BAE5FE7FF200EF00CF84C
:10251000C3E70246D4E9170104F046F80028C0D109
:1025200094F83C301B0744BF238DE38546E642F018
:1025300000421E46C4F8BC203B4688E6AFF300804C
:102540008D49FD1A0700000039FC00008C49FD1A76
:1025500000CA9A3B000000002DE9F04F87B0B0F8A8
:102560004071BDF84C900091CDE90432B0F80431CF
:10257000BDF840A01F44BFB20446A7EB090390F882
:102580005800D4F8FC809EB2BDF844300193C0F3EB
:10259000C001BDF84830039600F00700029314F024
:1025A000F7FAE58C052D40F2FF8015FB06F5BAF130
:1025B000050FADB240F2E24B40F2018194F8592090
:1025C00094F8581002F003032833C2F34002DB00F2
:1025D000D34001F003022832B3F5A47FC1F34001D8
:1025E0004FEAC20222FA01F238BF4FF4A473B2F5E7
:1025F000A47F2CBF9B1803F5A47303F26E23184429
:102600007F4A804B0721E0FB023118464FF09613BA
:10261000E3619623238478A3D3E90023FDF760FDCB
:10262000564620F07F4040F2E2430BFB05F103FBEE
:1026300006F64B1E3344B3FBF6F31FFA83FB06FB8F
:102640000BF3994260605D4680F0A0806C48591A97
:10265000A1FB000168A3D3E90023FDF741FD20F0B1
:102660007F408044B4F80421B4F84031A9EB070955
:102670004D44ADB213442B44A4F84031638D134450
:102680001D4494F837306585DB0900F0A480216C87
:10269000A36C5B4F01FB0233039A01FB1233A3646B
:1026A0000023C4F8C03014F079FC054694F8B80053
:1026B000C0F3420014F074FC054406FB05F5524BD0
:1026C000504805F5742505F23F25A3FB0535AD0CF3
:1026D000A36C25640BFB05FB72085B44963A93429E
:1026E00028BF1346C4E91123059B40F2E24909FBC8
:1026F00003F307212365EBFB07013FA3D3E9002385
:10270000FDF7EEFC049BA8EB00084048A0FB03305B
:10271000800A09FB00F0A0FB070137A3D3E90023DF
:10272000FDF7DEFC751B20F07F47019B2385029B94
:10273000A4F8763131462046A4F826A00FF004FD17
:10274000334B218D3344881DB3FBF6F39AB290428C
:10275000A4F8702104D2C1F57F41FA310A4492B243
:10276000009BA4F86C2113B10023A4F878314346F0
:102770002A4639462046FFF777FC94F8423143F069
:10278000010384F8423107B0BDE8F08F1C48C91A34
:10279000A1FB000118A3D3E90023FDF7A1FC20F061
:1027A0007F40A8EB00085DE7039B013515FB03F5AF
:1027B000BAF1050FADB24FF4FA7B3FF6FFAE4FF022
:1027C00096130AF10106E36196232384B6B20F2023
:1027D0004FF4FA7329E7049B0948A3FB000106A301
:1027E000D3E90023FDF77CFC20F07F473546013715
:1027F0009BE700BFAFF300808D49FD1A0700000082
:1028000000CA9A3B8C49FD1A83DE1B435917B7D186
:102810007FC3C901000000002DE9F04F04460B689A
:1028200090F820701668D3F800A0E38CD0F822004E
:1028300095B015464A7CADF84C30FF2AC7F380139B
:1028400088460C9212908DF83F3040F020829946D5
:102850001A4612AB93E803000DF1400B1090ADF84F
:102860004410FF090AF18701D4F800C00A915B46C1
:102870003846CDF82CC00DF0ABFD0A99002840F089
:10288000EE8196F880310A9069F3C71367F38613D7
:1028900086F880311098BBF80430C6F88701A6F896
:1028A0008B31DAF88730C6F881318B88A6F885310C
:1028B000638E94F83410A9722B81D4F82E306B609B
:1028C000D4F83E30C5F8223005F1220094F84230A9
:1028D0000371052103F0ECFF95F8273000F03F006D
:1028E00060F3050385F8273094F84330C3F30401FF
:1028F00085F82810218FE982012803F01F0389B28F
:1029000040F2AD811B3303F01F030B2B00F2A781B4
:10291000063989B240F67A4399420A9A00F29F81B9
:10292000D8F800305A60638F2B83E98ADAF83820B0
:1029300040F2E24303FB01F7E18E0A91002A00F026
:102940000B829AF8191040F6C41240F6A6637F294C
:1029500088BF1A460D92002130460FF009FC94F80A
:10296000433096F8B8205B0963F3430286F8B82039
:1029700014F014FB814696F8B800C0F3420014F03E
:102980000FFB09EB000307FB03F3CF4A03F57423A6
:1029900003F23F23A2FB03239B0C2B637B08963B94
:1029A0006B6394F8353040F2E24202FB03F36B6450
:1029B000A38FA6F87631394630460FF0C5FBC34BDE
:1029C000C34AC6F87C213B44B3FBF7F39AB2A6F89E
:1029D0007021298B881D824204DDC1F57F41FA31C7
:1029E0000A4492B2A6F86C216B68C6F8BC30DAF8DB
:1029F0003830002B00F0AB814FF00109E20700F105
:102A0000B3814FF4807323849AF81B0013F052FCB7
:102A100004F12F03002800F04F81A26AC4F82F2090
:102A2000A28D9A800C9BFF2B00F09881BDF84C3052
:102A30001298A4F82D30C4F82900BBF80430A4F88B
:102A4000273010989DF83F30C4F8230084F82230D6
:102A5000EB8AE3862B8B2387B6F87631638796F86B
:102A6000B830C3F3420384F83C3030460DF066F9C9
:102A70000023A882E08085F8A730D8F804B00B982E
:102A8000214606F08DF9AB8AABF806301C23DBF843
:102A900000408BF80430B9F1000F40F043818BF80F
:102AA00020900AF063FB002840F020815946204620
:102AB00006F088F995F8499095F848B009F00709AB
:102AC0000121484614F066F80BF0070B04460BF0A2
:102AD0000300283009F00303C000CBF3400B20FAB9
:102AE0000BF02833B0F5A47F4FEAC303C9F34009C4
:102AF00038BF4FF4A47023FA09F3B3F5A47F2CBFB9
:102B0000C01800F5A47000F26E23724A7248234484
:102B10000721E3FB00214FF09613C5E9033310466C
:102B200067A3D3E90023FDF7DBFA20F07F40706054
:102B3000D8F80C300A982A6B40F2E24101FB0031D0
:102B40002F390D9B891A1944BD1A0C1B0022022132
:102B5000012003F061FDDAF83830A3B11F68384670
:102B60000BF098FCC21C5D4B0097D2B201210020F3
:102B700005F0B0F9012800F0008197F846306FF3B6
:102B8000000387F8463050460AF066FE0746524872
:102B90004BA3D3E90023A4FB0001FDF7A1FACDF874
:102BA00004A0D8F808304D49009120F07F4BBA1CA2
:102BB0003B3BD2B25B440121002005F0CDF9012856
:102BC00000F0D4809AF81830DB0700F1B680304668
:102BD0000DF0B4F8404BA5FB0359044638A3D3E9E4
:102BE000002328464946FDF77BFAD8F808303C4ACE
:102BF0000792A3F13B083B4B069620F07F47A7FBCB
:102C00000331E81A384B05934FF4F873089373684F
:102C10004FF0000ACDE903A34FF0070303FB0711B0
:102C200069EB01014FF47A720023FDF759FA07347A
:102C3000E4B2CDE90170CDF800B04346224601214F
:102C4000504605F057F810F0FD0F40F09D8001222E
:102C50000221104603F0E0FC15B0BDE8F08F002221
:102C6000CAF8082095F82C300B9862F3000385F819
:102C70002C30E56801262146267106F091F8286877
:102C80002E71294606F09EF815B0BDE8F08F0DF1C3
:102C9000400B10460DF13F015A4612F02FFD9DF8F2
:102CA0003F9094F8207009F102095FFA89F98DF8D4
:102CB0003F9009F00102D4E5C4F82F009880B1E6F6
:102CC0008D49FD1A0700000083DE1B437FC3C90145
:102CD000404B4C008C49FD1A00CA9A3B1D4D010027
:102CE0006D4C01008D49FD1A954C01005946204656
:102CF00006F056F8DAF834B05046DBF800400AF037
:102D0000ABFD10F0FF0020D100231222ABF806002B
:102D10008BF808308BF80420AA8AABF80A208BF8CD
:102D20000930C3E695F8273043F0400385F8273093
:102D3000281D12F0DBFA2885B1E60023012200935A
:102D40001846114605F0C6F841E700DEDCE794F8C6
:102D50002030C3F3401951E60D93FCE50022C4F87E
:102D60002920A4F82D2068E600DE4AE606F0B8F82F
:102D700082453FF427AF00DE24E706F0B1F8874232
:102D80003FF4FBAE00DEF8E600DE60E70000000086
:102D90002DE9F04F8BB0CDE904011F460020BDF8AE
:102DA00060309DF85490BDF858A0BDF85CB09DF817
:102DB0006450039316460CF0FFFC002800F0898055
:102DC00009F001080446404605F004FA0290B8F103
:102DD000000F77D1149B02993A4640460DF0F8FA5D
:102DE00000287AD1012D74D894F8443065F3020399
:102DF00084F84430636904F110020692002B7CD001
:102E000063691D6807F0010A93F848000293C0F354
:102E1000C00100F0070013F0BBFE94F84410029BC1
:102E2000DFF8E4C2DA8901F003032833C1F340017B
:102E3000DB00CB40B3F5A47F38BF4FF4A47300EBA5
:102E4000430000F5EC700244B0480721E2FB0C019E
:102E5000ABA3D3E90023FDF743F920F07F4068607E
:102E6000304612F099FFB4F8443003F0BF0363F02A
:102E7000FF03A4F84430A6B3A9F10203012B40F2EA
:102E8000278194F8621069F3830184F8621094F842
:102E900044106AF3451184F8441014990968A1613B
:102EA00014998988A1830399A184DDE9042304F19D
:102EB000100000960021FEF753FDA06500200BB026
:102EC000BDE8F08F062103F04BFB002882D11220D1
:102ED000F5E70C200BB0BDE8F08F0B200BB0BDE880
:102EE000F08F13F0EDFA0028C6D014993846324618
:102EF00013F0C8F884F84500BEE705F039FF0690E6
:102F0000002800F0F7800CF00DFF0546002800F0C7
:102F1000EE80143003F0E0FC05F11003002840F0CF
:102F2000EB80032105F11800079313F01FFDE86EF5
:102F3000079BA5F828B04FF6FF72A5F826A0AA8433
:102F4000002800F0D08005F15C0105F160020793D4
:102F500003F012FBB5F8582022F4EF6222F00702CA
:102F600042F48C7242F00102A5F8582095F87220C4
:102F700022F007024FF0000B85F872207F22A5F89F
:102F8000B620C5F86CB0A5F870B0A5F82AB0C5F8A1
:102F90002EB005F1320012F053F995F8372060F3A6
:102FA000050285F8372001210DF1270013F0DEFC22
:102FB0009DF82710564A039BA5F87631A2FB010223
:102FC000D20802EB4202A1EB820195F83720079B61
:102FD00085F839B002F03F0285F8372095F83C209B
:102FE000A5F840B1053122F0070240F2E24085F831
:102FF000381085F83C20298D464AA5F878B100FBA9
:103000000AFA06205244A5F8740101F1060CB2FB3D
:10301000FAF290B26045A5F872B1A5F86EB1A5F8C4
:10302000700102DD0638401A80B2A5F86C0128460E
:1030300007930FF021F8514628460FF085F84FF01E
:10304000000B069BC5F8483185F844B10DF0B4F982
:1030500095F8802160F3020285F880210DF0B2F925
:1030600095F8802160F3C50285F8802195F842210A
:103070006BF3410285F8422105F1C4000EF006FE13
:1030800095F88021149B07F0010A6AF3C71285F8AE
:1030900080214FF09612C5E907221A68C5F88721EA
:1030A00095F880219988029BA5F88B1169F3861207
:1030B00085F880211A68C5F881219A88079BA5F8B0
:1030C00085216361C5E902BB85F800B02D619BE6EF
:1030D000002012F085FE94F8443043F04003C146CE
:1030E00084F84430CDE605F16400E8662BE70698E5
:1030F00005F044FE0720E2E600DE12E7AFF30080B1
:103100008D49FD1A0700000000CA9A3B8C49FD1A40
:10311000ABAAAAAA7FC3C9012DE9F04F04468DB01E
:1031200090F82070A38D806AADF82C30E3070E462E
:103130001546C7F3C0110A90C7F3401700F1FF808E
:1031400000232384B37C707C13F001031CBFD4F8EC
:103150002230C4F82F3004F12F0214BFE38CC4F8DE
:103160002F30FF28938004F1290804F1230200F096
:10317000CB8004F1220112F0C1FA94F82230BDF89C
:103180002C200A98C4F82900023384F82230A8F8C9
:1031900004203368D3F800A0EB8AE3862B8B2387C7
:1031A000BAF82430638713F0F7FE84F83C00D5F8B2
:1031B000009048460CF0C2FD0021A882E0804846FD
:1031C0000EF0D6FF002385F8A730D6F804802068DB
:1031D000214605F0E5FDAB8AA8F806301C23D8F897
:1031E000004088F80430002F40F09D8088F820705F
:1031F0004146204605F0E6FD95F84800B5F816B0C2
:10320000F46840F2E243C0F3C00100F0070003FBA2
:103210000BFB13F0BDFC0022A4EB000802210120EF
:1032200003F0FAF950460CF08DFA4B4CA8FB044819
:1032300047A3D3E90023054641462046FCF750FF4B
:10324000CDF804A0B3684549009120F07F476A1D7E
:103250003B3BD2B23B440121002004F07DFE10F044
:10326000FD0F70D14FF0000A534604220121CDF822
:1032700000A0504604F02EFE48460CF05FFD0546C7
:10328000354833A3D3E90023ABFB0001FCF728FF4B
:103290001946334BB6680893324B069340F27233AB
:1032A000CDF81C900993D9F804308346CDE904A3E6
:1032B000104600234FF47A72FCF712FF2A4B0722C4
:1032C000A7FB0331CDE902B002FB0711E01A68EB5E
:1032D00001014FF47A720023FCF702FF07353B3EF1
:1032E000EDB2CDE9007033462A460121504604F084
:1032F0001DFD10F0FD0F24D10122022110460DB05A
:10330000BDE8F04F03F088B90023BDF82CC00A983F
:10331000C4F82930A8F8043084F82210C4F8230037
:10332000A2F804C035E795F8273043F0400385F84C
:103330002730281D11F0DAFF0127288556E700DE27
:10334000FEE600DED8E700DE8CE700BFAFF30080CA
:103350008D49FD1A0700000000CA9A3BD54D0100B7
:10336000D94D0100E14D01008D49FD1A000000001A
:10337000032870B50D4610D00738C3B20F2B11D8F3
:1033800080B20CF0E3FC044660B190F93730002BBA
:103390000BDA40682860204670BD00200BF022F94F
:1033A0000446D0B90024204670BD90F85800184E4D
:1033B000C0F3C00100F0070013F0EAFB154A00F269
:1033C000FE400721E0FB062110460FA3D3E90023AE
:1033D000FCF786FE20F07F40DCE7FF2211460BF071
:1033E00009F90B4A0B4B0721E0FB0231184606A3F3
:1033F000D3E90023FCF774FE20F07F4028602046CC
:1034000070BD00BFAFF300808D49FD1A07000000BA
:1034100000CA9A3B8C49FD1A70B588B01E46134607
:1034200006AA029207AA019205AA00920024224A43
:10343000079411F025FEFF2834D0069B1F48072172
:10344000A3FB000201FB032119A3D3E90023FCF72E
:1034500047FE044600B13E34079D1949059BA5F57A
:103460007422A2F510728A4214D814480721A3FBD3
:10347000000201FB03210EA3D3E90023FCF730FE79
:10348000104BA3FB053504EB954404443460002045
:1034900008B070BD05F1E87505F5D435013B05F5BB
:1034A000A575E2E76FF00900F2E700BFAFF3008017
:1034B00000CA9A3B00000000755001008D49FD1ABA
:1034C000BFBDF07F83DE1B432DE9F043C66847682C
:1034D00073683D491A68D0F80090A7F57423A3F5E6
:1034E00010738B4283B0804607D907F1E87707F560
:1034F000D43709F1FF3907F5A57773685168DD8A7C
:10350000CDF8049006F1100301AA0220FFF784FF12
:1035100000284ED10199A1EB09031B0237D40846BC
:10352000494604F0C3FD034628480721A3FB0002D7
:1035300001FB032122A3D3E90023FCF7D1FD346969
:103540000444002C346109DB40F2E24305FB03F341
:10355000A3422FD2E41AA342FCD33461D8F800303E
:103560001A48A3EB0903A3FB0002072101FB032177
:1035700013A3D3E90023FCF7B3FD154BA3FB0737D7
:10358000A0EB97402044306103B0BDE8F08348468B
:1035900004F08CFD03460D480721A3FB000201FB4C
:1035A000032107A3D3E90023FCF79AFD3469241A09
:1035B000C7E73469002CD1D103B0BDE8F08300BF68
:1035C00000CA9A3B00000000BFBDF07F8D49FD1A84
:1035D00083DE1B4300000000F0B5C468636883B05D
:1035E0000546002B5CD116F069FC94F92C0016F00E
:1035F000B7FCA17A607A01F00101C0F3820016F0F5
:10360000A1FC627A252102F01C02082016F00AFDB6
:10361000414B019301A816F0F1FC404940F25B6078
:1036200016F0A2FD237AC3F3420262F3061323725B
:10363000204613F0BDFE12F043FF58BB637A9B0790
:103640001FD127682E68384613F05AFA06446A6874
:1036500006F10E01012016F08FFF17F0E3F8204667
:103660000AF008F9811C3246C9B2384613F04AFA0A
:10367000054610BB204613F0F5F9E0B9002003B071
:10368000F0BD012012F008FB4178821C007816F092
:1036900013FFD6E7607A10F0030018BF0120F1E7AE
:1036A00093F82C309A079ED01D48214616F0DAFB7D
:1036B00016F004FDE2E700DEE0E71A4A1A491B486B
:1036C00040F211431BF061F9194B0721A5FB0303DD
:1036D00001FB05310EA3D3E90023FCF701FD1549D9
:1036E000024615481BF051F9002585F31188BFF3F8
:1036F0006F8F0323184602DF1048214616F0B2FBF5
:1037000016F0DCFC6FF08B00B9E700BFAFF3008070
:1037100000CA9A3B00000000D6BE898E5555550060
:103720007D6C01004C01020098010200D0FF0100F5
:103730008D49FD1AC80102009C010200AD6F010015
:103740002DE9F047C46884B0002307460DF1070156
:1037500004F1140066688DF8073013F0EBFD0546A0
:10376000002800F0DD80337B06EB8303D3F8108064
:1037700098F8003003F00F03072B40F0C78003A92F
:10378000404614F0ADF8002840F0C880039A002AA3
:1037900000F09F80937851781B0203F4F8530B4399
:1037A00000F09780238992F800A00133238116F05E
:1037B00085FB96F92C0016F0D3FB96F80990B17AA8
:1037C0004FEA591901F00101484616F0BBFB4FEAD8
:1037D0008902FF21082016F025FC6B4B029302A8FA
:1037E00016F00CFC0AF03F0A684940F25B6016F0E4
:1037F000BBFC504613F098F998F802303F2B36D8AE
:10380000AB789A0602D0EB78DB0669D400236048D7
:103810002362214616F026FB16F01AFE284616F003
:1038200031FC26683D68304613F06AF9054405F11D
:103830000E017A68012016F09FFE16F0F3FF204675
:103840000AF032FEC11C2A46C9B2304613F05AF9BA
:10385000054600286AD1204614F054F9204613F09A
:1038600001F900285ED1002004B0BDE8F0870DF119
:10387000070106F1180013F05DFD8046002853D0C3
:103880002146444816F0EEFA962016F069FE4846A6
:1038900016F08CFC9DF80730A3B912F011FE58B950
:1038A000737A9907BAD0012012F0F6F94178821C98
:1038B000007816F001FEB1E7707A10F0030018BF2F
:1038C0000120F1E76B68C8F804302B89A8F80830AC
:1038D000E3E73148214616F0C5FA16F0EFFBC2E7E0
:1038E00020462946256214F0E3F821462B4816F0BD
:1038F000B9FA4FF4967016F033FEB37A03F0010371
:1039000019464A46484616F0F9FC87E700DE03A947
:10391000404613F0E5FF00283FF438AF00DE35E7FE
:1039200000DE20E700DE9EE700DEA9E71C4A1D4915
:103930001D484FF4A4731BF028F81C4B0721A5FB6E
:10394000030301FB05310EA3D3E90023FCF7C8FBF9
:103950001749024617481BF018F8002585F311880F
:10396000BFF36F8F0323184602DF0948214616F084
:1039700079FA16F0A3FB6FF08B0075E7AFF30080C8
:1039800000CA9A3B00000000D6BE898E55555500EE
:103990001D79010045790100617A0100217B010058
:1039A000D401020098010200D0FF01008D49FD1AE8
:1039B000240202009C0102002DE9F041C46894F940
:1039C0002830002B8CB0C0F2E680636805460E46B6
:1039D000002B40F0D58094F828306FF3000384F872
:1039E000283016F06BFA94F9440016F0B9FA94F8FE
:1039F0003400012100F0070016F0A4FA94F83420F6
:103A000092000820252102F01C0216F00BFB94F80E
:103A1000343023F01803012084F8343005F000FB23
:103A2000002800F0BF80203016F026FB764B0B9369
:103A30000BA816F0E3FA754940F25B6016F094FBB0
:103A400094F82800C0F34100253013F06DF8704859
:103A5000214616F007FA94F828309B0603D46368D1
:103A6000002B00F08A80962016F07AFD00231A467B
:103A70001946184616F0E2FB12F022FD002840D14C
:103A800094F8283013F0180F57D1D4F800802F681D
:103A9000404613F035F807446A6807F10E0100202C
:103AA00016F06AFD16F0BEFE16F0E2FC20460BF0A2
:103AB00055FE411DC9B240463A4613F023F88046F0
:103AC000002875D116B9236C002B3FD163687BB1F8
:103AD0002A68504BA2616A68E26104F1180199609A
:103AE000646201220221002002F0CAFD00285DD19B
:103AF000204612F0B7FF002856D100200CB0BDE8D8
:103B0000F08194F82800C0F3C00012F0C5F8074611
:103B10000DF12B0012F0F6FB79788046BA1C38784C
:103B200016F0CAFC94F834209DF82B009200414610
:103B300002F01C0216F03CFFA7E7012012F0ACF8DF
:103B40004178821C007816F0B7FC9EE7324A079253
:103B5000324A059240F2F31200930892CDE90366CF
:103B6000CDE9016606943B463146042204F0C2F8D2
:103B700010F0FD0FAAD000DEA8E716F069FC7BE785
:103B8000636893F82C30D90705D4636893F82C3018
:103B90009A077FF520AF2248214616F063F916F008
:103BA0008DFAAAE700DE3EE700DEA6E700DE9FE72B
:103BB0001C4A1D491D4840F2E5131AF0E6FE1C4B55
:103BC0000721A8FB030301FB08310DA3D3E9002360
:103BD000FCF786FA1749024617481AF0D6FE002568
:103BE00085F31188BFF36F8F0323184602DF134854
:103BF000214616F037F916F061FA6FF08B007DE779
:103C000000CA9A3B00000000D6BE898E555555006B
:103C1000E13C00002C020020AD7E01002D7F010060
:103C20007D6C01003002020098010200D0FF01000B
:103C30008D49FD1A7C0202009C010200ED7F01000B
:103C400038B5044614F086F994F8283094F8282002
:103C5000C3F34103013303F00303032B08BF002325
:103C600063F3420214BF03F12500252084F82820C5
:103C700012F05AFF63680BB123694BB904F014FAD0
:103C8000C11C002016F0ECFCBDE8384016F0CABD9F
:103C900016F06CFD054604F007FAC11C002016F072
:103CA000DFFC16F0BFFD16F061FD294604F0FEF9B9
:103CB000094A03460721A0FB020201FB032104A3DA
:103CC000D3E90023FCF70CFA23691B1A236138BDE2
:103CD00000CA9A3B000000008D49FD1A0000000058
:103CE0002DE9F04F8DB0044616F028FA10F0FF00D1
:103CF00013D1FF238DF829008DF827008DF82A3085
:103D00008DF8283012F060FFA348214616F0AAF87B
:103D100016F0D4F90DB0BDE8F08F16F031FA054673
:103D200016F0FEFB8DF8270016F004FC8DF8280035
:103D300016F0A4FE8DF8290016F082FE8DF82A00F8
:103D400016F0B0FB064616F091FBEDB2074612F0F6
:103D50003BFF002DD8D0012005F062F90546002870
:103D600000F0F88195F8203003F00F03072B05F1E0
:103D7000200900F0E5809DF82730002B3FD19DF809
:103D80002980B8F1000F40F0FD8042464FF0FF0A55
:103D900041465346204614F03BFB0028B4D09DF822
:103DA000298095F82020616800238DF82B30F6B229
:103DB00002F00F0300294AD0616891F82C1088079F
:103DC00045D4072B40F0EA8094F834305A079BD052
:103DD00094F8282012F0010296D10DF12B010191E7
:103DE000CDF800A04B460121204614F059FB0028D5
:103DF00040F0A18095F8203003F00F0379E094F8AB
:103E000028009DF82810C0F3C00012F085FA9DF834
:103E100029809DF827208246BAE7012B46D195F8E4
:103E200021200C2AE6D195F82020CDF800A01946D3
:103E300000230193D20905F12803204614F0BCF9B0
:103E4000002840F0B88095F8203003F00F036BBBDA
:103E500095F821309A1F1F2A44D894F8282002F0A0
:103E60002102202A08D1D4F804B0BBF1000F00F0E1
:103E70009D81063B1F2B35D8636833B195F8203000
:103E800003F00F03072B7FF43FAF9DF82B500097F3
:103E90003346524641462046019514F0E3F9002886
:103EA0003FF432AF10307FF42FAF33E7062BCFD083
:103EB0004521D94011F0010140F05681012B11D16B
:103EC00095F821300C2B95D195F82020CDF800A045
:103ED0000DF12B030193D20905F12803204614F0BC
:103EE0006BF940BB95F8203003F00F03072B3FF42C
:103EF0006BAF042B7FF408AF95F82130063B1F2BE6
:103F00003FF602AF94F82830DB077FF5FDAE16F0E0
:103F100045F995F820300278C3F38013B3EBD21F34
:103F20007FF4F2AE0830062205F122011BF0C5FD38
:103F300000287FF4E9AE95F82130002B9CD1E3E610
:103F40000DF12A0301930DF1290300930DF12702CE
:103F50000AAB4946204614F06FFF9DF82730834690
:103F6000002B40F0DE809DF82980B8F1000F40F072
:103F7000F3804FF0FF0ABBF1000F3FF412AF9DF842
:103F8000272005E79DF82A0012F0EAF99DF829801C
:103F90009DF827208246FBE61980010094F828103E
:103FA000090740F1CA80002B7FF437AF95F8213024
:103FB000063B1F2B96D8042005F032F800283FF46A
:103FC000A3AE16F037FC236C074643B9A38F40F22B
:103FD000712202FB03F3B0FBF3F203FB1207236829
:103FE0005A68B14B0721A2FB030301FB0231ACA3CA
:103FF000D3E90023FCF774F8A0F2A2331F3B62EB75
:104000000202BB4272F10002FFF47EAE16F020FA0B
:1040100063680793504612F05BF994F834305B06FE
:10402000814640F11B81002800F01881834601275A
:1040300016F0B4F8CDE9027B0BAB049305F1220333
:10404000019395F82030C3F380130146074600938F
:1040500000220123204614F093FA384616F012F895
:1040600016F062F8002840F017819048214615F0BC
:10407000F9FE002E40F0F980626892F82C3043F08F
:10408000010382F82C3094F8283043F0800384F840
:10409000283004F0E1FF172202714FF6FF72C28050
:1040A00095F820E006463B46CEF3401E00F1200284
:1040B00007F1200C1D6858689968DF68D7601033D5
:1040C000634515605060916002F11002F2D11B68E7
:1040D000136096F82030B4606EF3451386F82030F4
:1040E00016F044FBB8F1000F30610B9B736108BF01
:1040F0004FF0FF0A86F819A094F8343013F040030B
:1041000003D0B9F1000318BF0123B27E63F30002AC
:10411000B27604F0A1FF3146F060306804F0CAFFC7
:10412000F8E594F828009DF82810C0F3C00012F0BC
:10413000F3F89DF8298082461DE7BAF1FF0F8DF84C
:104140002CA0C2F3801B12D094F8352052453FF4C6
:104150002AAF7CE600DE05E69DF82A0012F000F9A1
:104160009DF82980824606E795F8213081E605F121
:1041700022010BAA5846079112F046F90799002828
:104180003FF461AE94F83430C3F340135B457FF4E1
:104190005AAE062204F108001BF08FFC00287FF4C1
:1041A00052AE95F8203003F00F03FCE6962016F08F
:1041B000D7F9584615F0FAFFCDE9007B3346414662
:1041C0005246204614F04EF800287FF49DAD15F0BD
:1041D000E5FF06460322337862F30303337095F854
:1041E00020303278C3F3801363F3C7120C2332708C
:1041F0005046737012F06CF894F8342057063AD594
:10420000C8B33178324641F0400102F8021B016820
:10421000C6F8021083889380D5F82230B360EB8C07
:10422000B381304615F02EFF15F07EFFB0BB16F0BF
:10423000F9FA94F8283043F0010384F8283095F80F
:104240002030190705D194F8343043F0080384F87E
:1042500034301748214615F005FE5BE594F82870C8
:1042600004F1360BC7F38017E2E616F00BF9079B53
:1042700083F8A60000E794F828303278C3F380135F
:1042800063F38612334603F8022BD4F83620C6F8BF
:104290000220628F9A80BFE700DEE6E600DEC6E716
:1042A00000CA9A3B000000008D49FD1AB58001004C
:1042B0002D800100000000002DE9F047C46882B0A5
:1042C00007460DF1020120460BF07EFB90F92830E5
:1042D000002BC0F2D88043680546002B40F0C88010
:1042E0002379854A6FF3861323710023138015F019
:1042F000E5FD95F9440015F033FE6079012100F0E9
:10430000070015F01FFE627992000820FF2102F0DD
:104310001C0215F087FE012004F082FE002800F048
:10432000B980203015F0A8FE744B019301A815F058
:1043300065FE734940F25B6015F016FF207900F0CE
:104340003F0012F0F1FB21466E4815F08BFD9620E0
:1043500016F006F9627902F00702012310460021E7
:1043600015F06CFF12F0ACF8002859D195F8283000
:1043700013F0180F73D1D4F800903E68484612F03D
:10438000BFFB06EB00087A6808F10E01002016F06A
:10439000F3F806466079D4F808A000F00700012180
:1043A00015F07EFE0644607900F0070002285644AE
:1043B00034D004280CBF4FF4BC73282301211E44C1
:1043C00015F070FE304416F0E5F916F02BFA16F0F1
:1043D0004FF820460BF0EEFA811D4246C9B248461E
:1043E00012F090FB064600285AD16B686BB13B680F
:1043F000AB617A68444BEA616D6201221835022193
:104400009D6002F03DF9002848D1204612F02AFBB9
:10441000002841D1002002B0BDE8F0871823CDE785
:1044200095F82800C0F3C00011F036FC06460DF1E7
:10443000030011F067FF71788046B21C307816F0E7
:104440003BF862799DF80300C2F30202920042F049
:104450000202414602F01E0216F0AAFA8BE7012082
:1044600011F01AFC4178821C007816F025F882E7DA
:10447000436893F82C30DA0705D4436893F82C305E
:104480009B077FF52DAF2148214615F0EBFC15F079
:1044900015FEBFE700DE44E700DEBBE700DEB4E761
:1044A0001B4A1C491C4840F251231AF06EFA1B4B60
:1044B0000721A6FB030301FB06310DA3D3E900236B
:1044C000FBF70EFE1649024616481AF05EFA002562
:1044D00085F31188BFF36F8F0323184602DF12485C
:1044E000214615F0BFFC15F0E9FD6FF08B0092E757
:1044F00000CA9A3B000000005A7F0020D6BE898E79
:1045000055555500CD8E01004C020020598A0100FE
:104510009002020098010200D0FF01008D49FD1AAF
:10452000280302009C010200BD860100000000007B
:104530002DE9F04F8FB005460E46174615F0FEFDEB
:1045400010F0FF0015D1FF238DF831008DF82F00FA
:104550008DF832308DF8303012F02CFB002E5CD00C
:104560007E48314615F07EFC15F0A8FD0FB0BDE881
:10457000F08F15F005FE044615F0D2FF8DF82F00E0
:1045800015F0D8FF8DF8300016F078FA8DF831006C
:1045900016F056FA8DF8320015F084FFC3B2079377
:1045A00015F064FFE4B2069012F004FB9CB3032004
:1045B00004F036FD044670B390F8203003F00F038A
:1045C000072B00F1200A26D190F821301BB30DF102
:1045D000320301930DF1310300930DF12F020CAB67
:1045E0005146284614F028FC9DF82F208346002AC7
:1045F00040F0A6819DF83190B9F1000F40F0C681DE
:104600004FF0FF08BBF1000F28D04346494628462B
:1046100013F0FEFE10BB002EA2D195F83430D9065F
:1046200040F1898104F018FD0146002800F0C382A2
:104630000A230B718D60EB6A0868CB6004F03AFDC9
:1046400095F83430DA0640F176816FF3041344486C
:1046500085F83430294615F005FC85E76B680022A3
:104660008DF833202BB16B6893F82C1011F00201F8
:104670007CD06B68002B00F075816B68002BCAD171
:10468000002E00F0AA8133791B0612D4EB6A1BB10D
:1046900093F90430002B0CDB0DF13303002201935E
:1046A000CDF8008053461146284613F0F9FE002845
:1046B000B1D0A6603379A27EC3F3801363F30412F2
:1046C000A276337943F0800333710023EB6204F068
:1046D000C3FC16F04BF8206116F0ACF8069983463F
:1046E000384615F0DFFCA37E069A62F38203A376B8
:1046F000079BABEB00006061002B40F02F817F2017
:10470000A37E9DF833202076B9F1000F03F0F70364
:1047100008BF4FF0FF0862F3410384F81980A376C5
:10472000002E00F03B81069A0E4B0096394650460B
:1047300014F0F2FAA37E092260F3C713A37620686F
:104740002271214604F0B6FC94F91A30002BFFF6D2
:104750000DAF054A13880133138001E7BD860100C0
:10476000DD830100998A01005A7F002094F82230ED
:1047700058067FF57EAFCDE90081534601222846D9
:1047800013F08EFE00283FF474AF002E00F0078275
:10479000042004F045FC00283FF4E2AE089616F031
:1047A00049F82B6C834643B9AB8F40F2712202FB70
:1047B00003F3B0FBF3F203FB120B2B68A0485A681B
:1047C000DFF880A207F0030303F12B011733C7F3CF
:1047D000400CC900DB0021FA0CF123FA0CF30B4466
:1047E000AAEB030AA2FB0001072303FB021192A319
:1047F000D3E90023FBF774FC8244BAF11F0A63EB90
:104800000303DA4573F10003FFF405AF404611F0EE
:104810005FFD95F834305A06834640F1D381002875
:1048200000F0D08109904FF0010A15F0B7FC099B08
:104830000DAACDE902A3049204F12402019294F896
:104840002020069BC2F38012014682460092284631
:104850003A4613F095FE504615F014FC15F064FC32
:10486000002840F0E78115F0DDFF962015F078FE76
:10487000384615F09BFC0899734815F0F3FA079B2E
:10488000002B40F0BE816A6892F82C3043F001039F
:1048900082F82C3095F8283043F0800385F82830D2
:1048A00004F0DAFB172202714FF6FF72C280044651
:1048B000534600F120020AF1200E1F6858689968DB
:1048C000D3F80CC0C2F80CC01033734517605060A9
:1048D000916002F11002F0D11B68136094F820304F
:1048E000A56043F0200384F8203015F03FFFB9F1B4
:1048F000000F0D9B206108BF4FF0FF0884F819805E
:10490000636195F8343013F0400303D0BBF100032A
:1049100018BF0123A27E63F30002A27604F09CFB81
:10492000089BE060DC60002E7FF420AE474A1388CD
:10493000013313801AE6E96A454815F093FA13E645
:1049400095F828009DF830100892C0F3C00011F0CF
:10495000E3FC9DF83190089A804653E615F092FDED
:10496000C0B2CDE695F828309B067FF586AE002EC6
:1049700072D03379580600F1068194F822207F2AFC
:1049800077D86A68002A3FF47FAEE9E59DF83200E7
:10499000089211F0E5FC089A804633E6069A2D4B02
:1049A00000953946504614F0B7F9A37E092260F30A
:1049B000C713A37620682271214604F07BFB94F98B
:1049C0001A30002B80F2068195F8343043F0100342
:1049D00085F834300FB0BDE8F08FEB6A1BB193F966
:1049E0000430002B16DB0DF1330300220193CDF8C8
:1049F000008053461146284613F052FD00283FF42C
:104A00000CAEEB6A33B995F83430D8063FF50AAEF0
:104A1000002191E7A560EB6AE3601B79A27EC3F3F6
:104A2000801363F30412A276EA6A137943F08003D9
:104A300013714CE6AFF3008000CA9A3B00000000FF
:104A40008D49FD1A28FDFFFF318801005A7F0020A3
:104A5000BD860100998A0100EA6A002A00F0AD8053
:104A6000137959063FF509AE94F822307F2B7FF673
:104A700004AE0DF1330300220193CDF800805346BC
:104A80001146284613F00CFD00283FF4F6AD042033
:104A900004F0C6FA00283FF4BEAD962015F060FD84
:104AA000384615F083FB15F079FB0378032262F397
:104AB0000303037094F820300278C3F3801363F388
:104AC000C7120C23027043708246404611F000FC6E
:104AD00095F834305A0640F1828000287FD09AF849
:104AE0000020534642F0400203F8022B0268CAF845
:104AF000022082889A80636ACAF80830238DAAF857
:104B00000C30504615F0BEFA15F00EFB002840F0B0
:104B10008F8015F087FE04F09FFA09232371002E81
:104B200079D04548A660314615F09CF9337943F0B9
:104B30004003337115F01AFE206115F07BFE0699D3
:104B40000546384615F0AEFA079B2D1A6561002B15
:104B50005DD17F21A27E9DF83330217602F065027F
:104B60005B00B9F1000F42F0080223F07D0308BF9B
:104B70004FF0FF081343206884F81980A37621467C
:104B800004F098FAF2E4EA6A002A7FF469AF6A68EE
:104B9000002A7FF4E5AC1B067FF57EAD89E5EB6A64
:104BA0000893002B3FF42FAF042004F039FA0028BB
:104BB0007FF4F5AD31E500DE3AE56B68002B3FF49C
:104BC00012AF2AE595F828A005F13603CAF3801A3A
:104BD00009932AE6194A13880133138030E595F8C2
:104BE00028309AF80020C3F3801363F386125346EB
:104BF00003F8022BD5F83620CAF802206A8F9A8073
:104C000079E715F03FFC6B6883F8A6003BE615F0EA
:104C100039FCC1B29EE7A560EB6AE3600848214613
:104C200015F020F9EA6A137943F04003137181E724
:104C300000DE6EE700DE16E6098801005A7F0020DC
:104C4000E1870100000000002DE9F043C468A28A5A
:104C50004FF6FF739A4283B000F00281064614F0CB
:104C6000B9F93389628B208CA3831A4492B2104421
:104C700094F82730E28380B2411C21845D064FF016
:104C80000001618304F1220100F1AA8003F03F00DA
:104C90000B4694F82810009004F1290010F0DEFA79
:104CA0000546D4E90C31A26BA08BA36303FB002261
:104CB000E36B8A4294BF9B185B188B4228BF0B465C
:104CC000626C216CE3630A4494F849306264002208
:104CD00094F82C10226494F86220C3F3020363F367
:104CE000061112F0040284F82C1000F08A8015F0EE
:104CF000E5F894F9A70015F033F9201D15F07EF9B9
:104D00002389A17A40F25B6043EA014115F02CFA55
:104D1000284611F009FF2146594815F0A3F8A0894B
:104D200015F01EFC94F8482094F84900C2F3C00323
:104D3000002102F0070200F0070015F07FFA20467C
:104D400014F004FAD4F800803768404611F0D8FE19
:104D50000744726807F10E01002015F00DFC814632
:104D600015F034FD002015F04BFDE36B94F849007D
:104D700003F12F02636C00F00700012103EB4205F1
:104D800015F08EF94D44054494F8490000F00700F1
:104D9000022834D004280CBF4FF4BC73282301210F
:104DA0001D4415F07FF9284415F0F4FC15F060FB64
:104DB000A18A07313A46C9B2404611F0A3FE054622
:104DC000B0B1B37A13F0020629D000252D48214650
:104DD00015F048F815F072F9284603B0BDE8F083E5
:104DE0000A4603F03F03218D10F084FA054658E788
:104DF000204611F037FE002839D10025ECE71823B2
:104E0000CDE7D4E9130101F0CFFB00287FF46FAFA9
:104E100094F8623043F0040384F8623067E71A4A7A
:104E20001A491B4840F2591319F0AFFD19480721E0
:104E3000A5FB000301FB05310FA3D3E90023FBF71A
:104E40004FF915490246154819F09FFD86F3118860
:104E5000BFF36F8F0323184602DF6FF08B05B5E7B2
:104E60000F48214614F0FEFF15F028F9C5E700DED3
:104E7000C3E700BFAFF3008000CA9A3B0000000008
:104E8000A9930100356C010034030200980102006F
:104E9000D0FF01008D49FD1A880302009C01020029
:104EA0007D6C010000000000F0B5C468A28A4FF6D6
:104EB000FF739A4285B000F0AF80054614F08AF87F
:104EC0002B89628B208CA3831A4492B2104494F8ED
:104ED0002730E28380B2411C21845E064FF000013E
:104EE000618304F1220168D403F03F000B4694F87B
:104EF0002810009004F1290010F0B0F90646204671
:104F000003A914F0E9F9039B94F862101A7861F38D
:104F1000C3021A70039A94F862301178C3F3400305
:104F200063F38201117014F0C9FF94F9A70015F022
:104F300017F8201D15F062F82389A17A40F25B6012
:104F400043EA014115F010F9304611F0EDFD0399E7
:104F5000204614F097F92146374814F083FFE08982
:104F600015F0FEFA94F8490000F0070015F01EF95C
:104F700027682E68384611F0C3FD064406F10E017D
:104F80006A68012015F0F8FA15F04CFCA18A073187
:104F90003246C9B2384611F0B5FD0646A8B1AB7A23
:104FA00013F0020517D000252448214614F05AFFBB
:104FB00015F084F8284605B0F0BD0A4603F03F031B
:104FC000218D10F097F9064699E7204611F04AFD29
:104FD00048BB0025EEE71A4A1A491B484FF4807374
:104FE00019F0D3FC19480721A6FB000301FB063189
:104FF0000FA3D3E90023FBF773F8154902461548C0
:1050000019F0C3FC85F31188BFF36F8F0323184693
:1050100002DF6FF08B05C7E70F48214614F022FF2F
:1050200015F04CF8D5E700DED3E700BFAFF3008002
:1050300000CA9A3B00000000BD910100356C0100E0
:105040009403020098010200D0FF01008D49FD1A6F
:10505000E40302009C0102007D6C010003488368A8
:10506000DB6903B118476FF0570070476CFC010013
:10507000024883689B6903B1184770476CFC0100C4
:1050800010B4034606480A4681680C691CB11946EB
:10509000234610BC18476FF0570010BC704700BF84
:1050A0006CFC010010B50F4C20461AF077F8A8B13F
:1050B000A3685B6A0BB120469847FFF7D9FFA36846
:1050C0002BB11B6C1BB10849064800229847A36806
:1050D0001B6A0BB103489847002010BD6FF0150004
:1050E000FBE700BF6CFC0100ED5000002DE9F04F24
:1050F000804E814FB3688FB00393039BDB6B002B13
:1051000040F0EA80B468A36B002B40F0ED80E36AC6
:1051100023B13046984708B9FFF7A0FFFFF79EFF7D
:1051200050B13B68B3B975480022002318F000F86D
:10513000386078B9FFF79CFFB368DB6A13BBDFF810
:10514000C081704D98F80030032BD6D8DFE803F00B
:105150001F3395B63B68D9681A8AB368DB6873B1A8
:1051600030469847014638680C3019F0EDFD386834
:10517000048A002CE0D101F089F83C60DCE76FF094
:105180005701F0E7304698470028B6D0D7E75E4C85
:1051900001212046FFF774FF0028AED02078431E7F
:1051A000012B01D90528CDD119F06BFA0123286014
:1051B00088F80030C6E7DFF850A1DFF850919AF880
:1051C000000019F05EFA2968401A4844FFF758FFBA
:1051D0002B681B1A04462B60002B6BD19AF8000039
:1051E000421E042A16D8DFE802F004171503130044
:1051F0000220CDE900330022002301F0C7F8DFF8D8
:1052000010B10346CBF8000040B988F8000074E7FD
:105210001020EEE70020ECE70420EAE79AF800000F
:10522000022823D005281CD0012822D199F8022079
:105230002A6019F026FA3549024603F10C0019F0EC
:1052400072FDDBF800000C3019F096FD2B689842D7
:1052500011D2DBF8000001F019F8032388F80030C0
:1052600028E0B9F80220C2F30D02E1E7B9F8022004
:10527000DEE70022DCE70223F0E7DFF894902968FC
:10528000D9F800301A8AD8681044FFF7F9FED9F827
:1052900000100B8A03440B822B68A3EB0009044621
:1052A000C5F80090B9F1000F04D11A481AF083F83C
:1052B00088F80090002C7FF445AF1EE7296821296B
:1052C00028BF212105A8FFF7DBFE2B681B1A044627
:1052D0002B60002BEED1C1E73046984700287FF4C1
:1052E00011AF0FB0BDE8F08F3046984700287FF42B
:1052F0000EAFF6E76CFC0100782000201C030020B4
:10530000677F002074200020667F0020627F0020DD
:10531000702000200403002038B5094D4FF0FF3203
:105320004FF0FF33284617F003FF044601F066F8FC
:1053300010B1204600F0AAFF18F034FBEEE700BFE2
:105340000403002070B5184888B001F063F800220B
:105350000023CDE9062300236FF00802CDE90323E3
:10536000CDE9013300931149114B12484FF480628B
:1053700018F06EF910490F480B4D104E104C1AF0F2
:10538000E9F84FF0FF324FF0FF33284617F0D0FE18
:10539000014630461AF00FF8A3685B69002BF0D085
:1053A00020469847EDE700BFEC020020C07F0020B8
:1053B00019530000B8030020A00602001C030020BF
:1053C0006CFC0100014B1B68184700BF1000002057
:1053D00030B585B004460D461022002168461AF00B
:1053E00064FB02238DF802302A46044B01932146C8
:1053F000684618F0E9FE05B030BD00BFC553000097
:1054000080B505460E461746984618F06FFB0346D2
:105410001AF0C6FBDFF81890044649F800304246FF
:1054200030463946A84754F8090000F0C5FB00BFD4
:10543000080000002DE9F047058B04462807904638
:1054400011D4022905F0070540F0CC80204619F060
:10545000C4FA78B10138218B042811D8DFE800F0B4
:10546000C2106D85950001290CBF45F0100545F06F
:105470002005258388F31188BFF36F8FBDE8F0877F
:1054800001F0070AAA4500F0A5800027B9463E466C
:10549000A368002B00F0BC8041F00801218388F351
:1054A0001188BFF36F8FA168002900F0BA800D68E2
:1054B000002900F0B680D1F80480334652462046D9
:1054C000C047002D76D02B6829461D46F0E701F035
:1054D00007035A1F012A1BD8002221F00701062BBF
:1054E000276889B2C4E9002209D13B4603E0628BF8
:1054F000013262831B68002BF9D141F00201218344
:10550000204619F06AFA00287AD041F0200176E0AE
:10551000042B0AD121F0070189B22183204619F01A
:105520005CFA10B141F020012183218B01F0070AC0
:10553000AA454FD00027B946AAE7236921F0070101
:1055400041F00601062DD3F8009021832DD1B9F149
:10555000000F3FD041F00801218388F31188BFF389
:105560006F8F3A492046C84729E021F00701236997
:1055700041F0040189B2042DD3F804902183E6D0D0
:1055800000273E464FF0040A82E721F00701236915
:1055900041F0050189B2052DD3F808902183D6D0BA
:1055A00000273E464FF0050A72E700273E464FF0BF
:1055B000060A6DE72B4687E7B9F1000FD1D1EFF36B
:1055C0001188202383F31288BFF36F8F238B23F07E
:1055D00008032383258BEA062ED525F010032383A9
:1055E00005F007056669218B002EBFF670AF00231A
:1055F0002768C4E9003321F0070141F0010121834C
:10560000218B01F0070AAA454FF000097FF440AF53
:10561000002F9CD041F00801218388F31188BFF34B
:105620006F8F002FC8D03D6839463346524620461A
:1056300019F0FFF92F46F4E7AB067FF51BAF25F015
:105640002003238305F0070500E700BF5FEA0100A0
:10565000014B036000207047A8FE010008B5034815
:10566000034A0021121A19F0DEFA08BDB80300201F
:105670008C7F00200748084A084908B5121A19F01B
:10568000D4FA0748074A0849BDE80840121A19F039
:10569000CCBA00BF00000020B8030020E40B0200D9
:1056A0000000002000000020E40B020038B5054691
:1056B0000C4699B1D1E901230F48096819F058F94E
:1056C000D4E90423E1680D4819F052F9E1690C4866
:1056D00019F04EF9A1690B4819F04AF9012D05D1CD
:1056E000EFF305810848103919F042F921462846A0
:1056F000BDE8384017F0DCBBAC060200DC06020057
:105700000C0702001C0702004B07020030BFFFF726
:10571000FDBF00BF2DE9F0410B4EDFF8308006EBF6
:105720000807CC1B05463246094920461AF095F970
:10573000A01942460021083C1AF0B7F96C6707F13E
:105740000800BDE8F08100BF000000000400000078
:105750007CFE0100054B5A699B689A421FBF044AB0
:10576000536843F080535360704700BF247F00208C
:1057700000ED00E02DE9F843324D8046324889467D
:10578000174619F0F5F8AB6ADE0622D52F4819F056
:10579000EFF81124AB6A1D0703D52D4819F0E8F87E
:1057A0001224284DAB6A980715D52A4819F0E0F85D
:1057B0006E6BAB6A190642D52748314619F0D8F806
:1057C000B9F1000F03D0AB6A23F08003AB6213245E
:1057D00003E01024DEE76FF015061A4DAB6ADA0716
:1057E00003D51E4819F0C4F81424AB6A9B0603D5F0
:1057F0001B4819F0BDF81524124B9A6AD50602D43D
:105800009A6A90070AD55B68190507D54146304664
:1058100000F0B8FA10B180F309880224094B9A6AA3
:10582000920642BF5A6A22F400525A629A6A42F0C1
:10583000FF029A6200233B702046BDE8F8836FF0B8
:105840001506C4E700ED00E05F07020076070200DE
:10585000AA070200BE070200D7070200EE070200F7
:105860000E08020010B51D4C1D4819F081F8A36AFE
:10587000990130D51B4819F07BF81E20A36ADA0184
:1058800003D5194819F074F81F20144CA36A1B03A0
:1058900003D5164819F06CF82120A36A590303D5E3
:1058A000134819F065F822200C4CA36A9A0303D51B
:1058B000104819F05DF82320A36ADB0303D50E48D6
:1058C00019F056F82420054A936A6FEA03436FEAF9
:1058D0001343936210BD1D20D0E700BF00ED00E030
:1058E0003E080200570802006B080200860802000A
:1058F000A5080200CB080200E608020070B5244C9F
:10590000064624480D4619F033F8A36AD90435D564
:10591000214819F02DF81720A36A1A0503D51F484E
:1059200019F026F818201A4CA36A9B050FD51C48BD
:1059300019F01EF8A16BA36A180407D5194819F0CD
:1059400017F81EB1A36A23F40043A3621920104C78
:10595000A36A590503D5144819F00AF81A20A36A56
:10596000DA050DD5114819F003F81B20084A936A8F
:1059700043F47F43936200232B7070BD1620CBE766
:10598000A36A9B04F2D50A4818F0F2FF1C20EDE749
:1059900000ED00E01209020029090200AA07020036
:1059A0003B090200550902006B0902008709020049
:1059B0000E0802002DE9F0415B4B5F688AB0044697
:1059C000C7F30806002585F31188BFF36F8F02F037
:1059D0007F43B3F17F4F06D102F00C03082B13D1A4
:1059E000524818F0C5FF00252C464FF00008F31E62
:1059F0008DF80780092B00F28680DFE803F00A7A31
:105A00007E7684848484848210074CBF0C460125F2
:105A1000EBE74748444E18F0ABFF8DF80780F36A78
:105A20009A0704D5434818F0A3FF002330E0F36A37
:105A3000002B01DA4048F6E7F36A5B00F5D53F48F2
:105A400018F096FF7369A26943F480737361BFF322
:105A50004F8FBFF36F8F736932F8022C23F480737A
:105A60007361BFF34F8FBFF36F8F4DF602739A428E
:105A700009D0B36ADBB253B30DF10702012120460E
:105A8000FFF778FE33E021682D4818F071FF236896
:105A90009DF80720C2B902AE04F1200720686168B2
:105AA000324603C20834BC421646F7D1099AB5B350
:105AB000C2F3080121B96FEA52226FEA4222099229
:105AC00002A91846FFF7F2FD0AB0BDE8F081B36AFB
:105AD00013F47F4F05D00DF107010120FFF70EFFF2
:105AE00005E0B36AB3F5803F9FD3FFF7BBFE0346E3
:105AF000CEE70DF107020021C1E70DF107010020FB
:105B0000ECE710488FE7104B1049114817F4F87F65
:105B1000A6F1100218BF194618F02AFF85E722F4F3
:105B2000FF7222F00102CAE700ED00E0CE09020098
:105B3000FA090200120A0200340A0200430A0200B3
:105B4000630A0200800A0200B5090200A0090200EF
:105B5000A50A0200044B5A6942F010025A615A69C0
:105B600022F008025A61704700ED00E0EFF3088070
:105B7000EFF3098101B57246FFF71CFF01BD00BFBD
:105B80000B4880F3088816F03BFB202080F3118837
:105B900008484FF40461401880F30988EFF314803B
:105BA0000221084380F31488BFF36F8F00F0B2F82E
:105BB00080950020C0870020084B9B6883420BD152
:105BC000EFF3058343B1064B5A6842F080525A60A6
:105BD0005A6A22F400425A6217F08EBF247F0020D6
:105BE00000ED00E014498A684FF030001044EFF3F4
:105BF000098C80E8F01F202080F31288BFF36F8F9C
:105C00000E4F4FF000664A698A603E60506F0C4C40
:105C10002060906F0023936780F3118804B51046CD
:105C200000F014F9BDE8044002F1300090E8F01FE4
:105C30008CF3098870470000247F002004ED00E009
:105C40007C2000201EF0040F0CBFEFF30880EFF360
:105C50000980816911F8021C0229FFD001B5724642
:105C600018F0E5FF01BD00BF40B2002807DB044A81
:105C70004109012300F01F00834042F821307047A2
:105C800000E100E040B200280CDB4309064900F0C7
:105C90001F0020330122824041F82320BFF34F8FA1
:105CA000BFF36F8F704700BF00E100E0054B420972
:105CB00000F01F0053F82220012303FA00F01040E7
:105CC000704700BF00E100E040B20028A8BF00F12B
:105CD000604001F10101B8BF064B4FEA4111ACBF72
:105CE00000F5614000F00F00C9B2B4BF195480F84C
:105CF0000013704714ED00E0044B054A23F07F03C6
:105D00009360BFF34F8FBFF36F8F704700000000A9
:105D100000ED00E008B5FFF7EFFF0B4AD2F888303E
:105D200023F47003C2F88830EFF3148323F00403E4
:105D300083F31488BFF36F8FFFF790FCFFF79AFC93
:105D400000F05AF817F07CF900ED00E042F8203C32
:105D5000009B42F81C3C0A49019B42F8183C029BFC
:105D600042F8143C21F001014FF0807342F8043CEA
:105D700042F8081C0023203A02658367704700BF81
:105D800001540000094A0346906870B113F1160FE0
:105D9000406E05D0A0F140029A4205D8834203D25A
:105DA000814228BF0020704700207047247F0020D8
:105DB00008B515460B4A0C4B9060426F1A600E46B0
:105DC00000F044F82C4686F309880020034B9847DE
:105DD0002046002100220023014C204753EC010003
:105DE00001540000247F00207C200020014B102261
:105DF0001A61704700ED00E0044800232021C2181A
:105E00000133272B82F80013F9D1704700E100E03D
:105E100008B5EFF30583064A103B02EBC30152F8C5
:105E2000330049688847BDE80840FFF793BC00BFCE
:105E3000ACFC0100024B034A0348012100F076B894
:105E40000000012000000020A8FE0100426E054B6A
:105E5000403A1A60044A4021C3E901121846012160
:105E600000F06EB88020002000000B15084AC2F830
:105E700098000B6823F01F03034343F01003C2F89C
:105E80009C308B6843F00103C2F8A030704700BF1C
:105E900000ED00E02DE9F043DFF8608085B00E46AC
:105EA0001F4604464FF00009B14523DA6068D8B1B7
:105EB0003FB1411E08421BD11F2819D9236819423E
:105EC00016D12368019318F0E7FEA36803430393F8
:105ED000D8F89050C5F30725D0B2013DA84207D8A5
:105EE00001A9FFF7C3FF421C09F101090C34DBE7EC
:105EF0006FF01502104605B0BDE8F08300ED00E03C
:105F0000044B0522C3F89420BFF34F8FBFF36F8F6C
:105F1000704700BF00ED00E0BFF35F8F024B00222F
:105F2000C3F89420704700BF00ED00E010B5034CAB
:105F300001232278FFF7AEFF207010BD687F00209C
:105F400008B50B4A00231278FFF7A4FF10F1160FD3
:105F500007D0084A0021D2F89030C3F307239842B3
:105F600000DB08BDC2F89800C2F8A0100130F2E7CB
:105F7000687F002000ED00E02DE9F043534B544CC6
:105F8000D3F890302568C3F307239D4285B000F213
:105F90009A80FFF7C1FF00200C2685421AD14D4C94
:105FA0004D4F25706846FFF753FBDFF82081DFF87F
:105FB0002C9106460025AE4213D123784349002098
:105FC000D1F89020C2F30722934276DBFFF798FFC7
:105FD000002042E0616806FB0011FFF747FF013037
:105FE000DBE7009800EB05114FEA051CCB683B404E
:105FF000B3F5000F48D00AD8B3F5001F30D0B3F581
:10600000800F36D0B3F5801F10D00135D3E7B3F140
:10601000807F42D0B3F1007FF7D150F80C30886810
:106020004A6818F039FE40F4802009E050F80C303E
:1060300088684A6818F030FE40F0885040F43020FC
:10604000CDE901230390D8F890302078C3F30723DB
:10605000013B98422AD96FF0150005B0BDE8F083E6
:1060600050F80C3088684A6818F016FE40EA0900BB
:10607000E6E750F80C3088684A6818F00DFE40F0EA
:10608000C06040F40030DBE750F80C3088684A68A4
:1060900018F002FE40F08270D2E750F80C308868A9
:1060A0004A6818F0F9FD40F08870C9E701A9FFF7C8
:1060B000DDFE237801332370A7E7C1F89830C1F8DB
:1060C000A00001337CE74FF0FF30C6E700ED00E0B1
:1060D000B4FE0100687F00200000F0FF00000811FE
:1060E00008B50649064821F00701C1F1005202F542
:1060F000803218F0FEFB002008BD00BF47A1002041
:106100008C20002070B54169867A0B4D044659B148
:10611000437ADB0706D42C2303FB06535B6A1B6818
:106120009B689847002363612C20214606FB0050A2
:10613000BDE8704019F04AB934030020024B2C220C
:1061400002FB0030704700BF34030020827A064B08
:106150002C2101FB02339A6A1B7F1B33801A23F028
:106160000303B0FBF3F070473403002038B5074B4E
:10617000827A2C2404FB02335B6AD3E901240C608D
:106180001568FFF7E3FF04FB005038BD340300201F
:106190002DE9F04385B005466846039190461C46BC
:1061A00019F0FAFADDE90067EFF31189202383F390
:1061B0001288BFF36F8F6B8B002B41D02A8B9A42D2
:1061C00025D900220023284616F0B2FF0446F0B17C
:1061D00089F31188BFF36F8F039B002B41D03246A8
:1061E0003B46684619F0FDFAA27A264B2C2101FBAA
:1061F000023320465B6A1B6803A91D68DDE90023A2
:10620000A847606170BB2046FFF77CFF24E0698BE4
:106210004B1E6B8389F31188BFF36F8F2B7F2A8B03
:10622000AC6A1B3323F00303521A02FB0344154BE1
:10623000154AEB1A9B105343A3722B7FE372CBE7F3
:1062400089F31188BFF36F8F23464246284616F024
:106250006FFF04460028BFD10024204605B0BDE8EA
:10626000F0836361012300252381039B6382E27A2B
:106270006560294604F1180019F017FC636925824E
:10628000E360EAE734030020A38B2EBA70B50D4C0F
:106290002C2500B970BD037A4668002BFAD0013B6B
:1062A000DBB20372002BF5D1C3604360837A05FB38
:1062B00003431B6A13B198473046EAE7FFF722FF12
:1062C000FAE700BF34030020044A0123C2F8403536
:1062D0004FF080420020C2F87835704700E001405E
:1062E00020B1034B800143F001031847704700BF02
:1062F000A0FE010070B50446807AFFF71FFF6169B8
:10630000054649B1637ADB0704D4436A1B6820461B
:106310009B689847002363612146284619F056F888
:10632000034B1B681BB1BDE870402A20184770BDA5
:106330009820002008B5034B186819F03CF800209D
:1063400008BD00BF9C200020811EC9B21E2938B59F
:10635000044609D80A4820FA01F1C90704D50948BA
:1063600018F0ABFC054610B90025284638BD013CA5
:10637000054BE4B20C30195D18F0DEFCF5E700BF08
:10638000410000408C030020CF0A0200F8B501282C
:10639000DDE90676044609D0042804D1144818F033
:1063A0008CFC054620B900252846F8BD1148F6E7C3
:1063B000013CE4B21F2C9CBF0F4B195D00F10C0493
:1063C00088BF0021204618F0B7FC002FECD0002E2B
:1063D000EAD0204618F0D0FC864203D92846FFF7C1
:1063E00055FFE0E732463946204618F09CFCDBE7D3
:1063F0003403002060030020CF0A0200038A014614
:1064000023B1034B186883689B68184712207047B4
:106410001400002010B5084B084C1860206818F0D4
:10642000BDFE30B1206806498368BDE810401B6896
:1064300018476FF0120010BD9C20002014000020AF
:106440003563000070B54FF0FF320D464FF0FF335B
:106450000021064618F0E0FC044660B90A4A0B49E0
:106460000B481A2318F091FA84F31188BFF36F8F49
:106470000323184602DF022104F10C0018F04DFC42
:1064800006704570204670BDEF0A0200250B020021
:10649000290B020000F1070C2CF0030C10B4541E61
:1064A0001860A4B2ACF80020023A93B201FB04F2E7
:1064B0004FF0000C40F802C074B103FB011403FB61
:1064C00001F22044121B4FF6FF7C013B9BB2634557
:1064D0008050A0EB0100F8D110BC70470346006863
:1064E00010B102680AB91A60704700F1070C2CF06D
:1064F000030CD11DBCF800C021F003010CF1FF3CDE
:10650000A1F800C0EFE700BF0B687BB1073323F0B1
:1065100003031A88013292B20346D1F800C043F84F
:1065200007CB23F003031A80086070470122F3E7CA
:1065300002FB0100704700BF401A90FBF2F080B2EE
:10654000704700BF531E11449BB242B1DB43013878
:10655000CA1811F8013D00F8013F9142F9D1704786
:10656000014402E010F8013B1BB98842FAD1002037
:1065700070470120704700BF10600860704700BF7F
:106580000A6803460068904205BF00220A600020A6
:106590001A607047D2F800C0CCF80000D2F800C0F2
:1065A000CCF8041010607047884203D01AB14368D9
:1065B00013607047002070470B68834209D02AB1EE
:1065C000586810601A680A6018467047002BF9D1A5
:1065D000FAE70023F8E700BF2DE9F041DFF830804B
:1065E0000C4E0C2706F130044546221D2146284654
:1065F0000C3CFFF7C1FFA642A5F10805F5D1043F09
:106600003B1DA8F12008A6F13006EBD1BDE8F081D2
:106610001C210020A821002010B403468C469AB10A
:1066200001EB4101144803EB4304090101EB840130
:106630000144487A0C7AA04204BF0130087210BCB1
:106640006146184614F096BA01EB41020A4C120159
:1066500000EB400302EB830323449C7ADA7AA242E4
:1066600001D010BC704701329A72044B01225A5477
:1066700010BC14F0AFBA00BF24210020A0200020DD
:10668000F8B506461C460D4602B322786378D21A46
:1066900012F003023AD1274F71004FEA450C314402
:1066A000AC44890001EB0C1101330431DBB27A18E0
:1066B000606823702146FFF76DFF1F4B01222946BA
:1066C00030465A5514F086FA0020F8BD14F06CFAE2
:1066D0000028DAD02946304614F058FA0028D4D0E1
:1066E00005EB450206EB4601124F6378120102EBFF
:1066F00081023A447100907AD27A90424FEA450C76
:106700000CD02078C01A10F00302C8D0012A03D0A0
:106710000133DBB22370D0E71046F8BD2278D21ADD
:10672000920702D00233DBB22370D4E90203984708
:10673000CAE700BF24210020A02000202DE9F04F4F
:10674000DFF8649119F8003089B0002B5AD0DFF8D7
:106750005CA13C2204234FF0000B00EB400712FB2E
:1067600000330324CDE904BB09F800B00AEB071796
:10677000039302948346B8460023B96A58F8240F5D
:10678000079307AAFFF710FF044607AAB4B1079DB5
:106790002E786978761A06F00306012E35D02B780C
:1067A000591A01F003010129DBB23DD1D7E90901F2
:1067B000FFF7FAFE044607AA002CE8D197F82E301E
:1067C00097F82F209A4203D087F82F3001230493A3
:1067D00097F82C3097F82D209A4203D087F82D3067
:1067E00001230593029B5D1EEBB2FF2B0293A7F1E1
:1067F0000C07C0D1049AD846DDF814B012B1BBF131
:10680000000F45D009B0BDE8F08F01396970079BD2
:10681000D3E902039847079D2A786978D3B2521AC0
:1068200002F00302012A21D0B86A019300224146F6
:10683000FFF7C2FE6C60019B6A786B702B789B1A25
:1068400003F00303012B08D0D7E9090107AAFFF7DA
:10685000ABFE012E044698D10EE0039B6A702946D8
:1068600020460AEB0302FFF795FEEDE7D7E90901A1
:1068700007AAFFF799FE0446029B8BB101235946F4
:10688000584609F80B3014F0A5F909B0BDE8F08FAF
:106890005A464146404609B0BDE8F04F14F06AB987
:1068A000002C8BD0EAE700BFA0200020242100208C
:1068B0004B1EDBB271B1411E00EB030C002011F83E
:1068C000013F23B15A1E01301340C0B2FAD16145D5
:1068D000F5D1704708467047F0B5514D83B0074673
:1068E000032601240421384610F040F838681F239D
:1068F00020FA03F2013BDBB2FF2B4FF0000C4FF00C
:10690000010E14D020FA03F101F001018A4232D0C5
:106910000CF101021C2BD2B24ED9192A3BD094465D
:106920004FF0010E0A46013BDBB2FF2BEAD180EAB1
:10693000050301930DF1040C0DF1080E00221CF863
:10694000013B23B1591E01320B40D2B2FAD1E645C8
:10695000F5D1012A07D983B2B3EB104F28D1C3B2C6
:10696000B3EB106F24D1013E16F0FF06BAD16FF0E1
:106970000D0003B0F0BD0EF10102D2B2062A2CD9EF
:1069800004FA03F271B120EA020000210CF10102C5
:10699000D2B2192AC3D1013304FA03F329B15B42FD
:1069A0001840C4E710430121F0E7013B1843BEE75C
:1069B0003860002003B0F0BDAFD0012AADD104FA99
:1069C00003F239B120EA02000021BCF1010FDDD051
:1069D0000A46A8E710430121F7E701D01C2B02D992
:1069E00096460A469FE7BCF1000F0AD1012202FA3F
:1069F00003FE69B120EA0E008E4661460A46F4465F
:106A000091E71C2BECD0BCF1010FD8D09646E8E7FB
:106A1000114640EA0E00944696460A4683E700BFB8
:106A2000D6BE898E30B5037E0568FF2B14D003EBEC
:106A300043028B4205EB021227D04FF0000C01E01D
:106A400099420BD09E4613789468FF2B03EB4302C8
:106A5000A44405EB0212F3D1002030BD714517D0DC
:106A60000FFA8EFE137890680EEB4E0E4FEA0E1E54
:106A7000FF2B05F80E3006D003EB430305EB0313A1
:106A80009A6802449A60604430BD9E464FF0000C04
:106A900013780376E4E700BFA2EB010C1CF4000FAF
:106AA00010B4836844690AD12CF07F4C6344A3423C
:106AB0000DD8E41A00234461836010BC7047891A22
:106AC00021F07F418B4208D95B1AA342F1D91B1BED
:106AD00000244461836010BC70470C44E41AE9E769
:106AE0002DE9F843284DBDF82C7004464FF02C0ECC
:106AF0000EFB045E084604EB840104EB4104DEF85F
:106B0000041001EBC00605EB8405F47811F8308021
:106B1000717804F1010C5FFA8CFCE04598BF4FF0EE
:106B2000000C61452DD0716804EB44044FEA041950
:106B300001EB04144FF0040801F809806360089B1E
:106B4000A360099BE3600A9B23610C9BA361119BDB
:106B500063620D9BE3610E9B23620F9BA362109BFC
:106B6000E36202236270A782A37086F803C0DEE9A5
:106B7000083698472B4641460022B047A078BDE82A
:106B8000F8830120BDE8F883E42100202DE9F04FCF
:106B90000346407AD3E9004587B0002800F0FD8025
:106BA000421ED2B205EBC2029A468B46039205956D
:106BB0002346039A516856780491BBF1FF0F66D0C3
:106BC0000BEB4B044FEA0418CDF804B013F808B0EF
:106BD00003EB041400254FF0FF0C84F800C0DAF832
:106BE00000709AF8182007EB08096245D9F80810D8
:106BF00018BF02960ED1CAE0091A06D1B9F81E8054
:106C0000BEF81EE0F04500F2B680B85DFF2894465D
:106C10006DD0024602EB420607EB061E3601DEF897
:106C200008008842E8D9029EC9F80810BCF1FF0F9D
:106C300089F8002064D00FFA8CFC0CEB4C0C4FEA66
:106C40000C1C019807F80C00FF2A06D002EB420248
:106C500007EB0217BA68521ABA60A2780132627062
:106C6000002DAAD0AA6A4FF000012970A97022B1A4
:106C7000E96A019300209047019B6268002A9CD139
:106C8000AA6A2262EA6A6262BBF1FF0F98D1039A94
:106C9000049F9278994606EB4601701CB2424FEA77
:106CA000011CC6B207EB011568D0039B17F80C1046
:106CB0001878B04208BF00260429ECD16A7802EBAC
:106CC000420809EB0814012094F801E0A1788E45F0
:106CD0004FEA081818D04FF0000307F80C30AA6AE2
:106CE000A8700AB1E96A9047039B9A78D3E70246F5
:106CF000BCF1FF0F029EC9F8081089F800209AD154
:106D000001988AF818009FE70192AA8ADAF814100D
:106D10004FF6FE7082424B4607D04FF6FF70121AB4
:106D2000B2FA82F2520984F82C206A6AA262EA68F6
:106D300062602A690293002363622262AA8A4FF684
:106D4000FD70824288BF1A46A283AA69A261EA69DD
:106D5000E2602A6A2261AA68A26063616A682046CA
:106D6000FFF79AFEE2784FF0000342F00102E3835E
:106D7000E270029B2FE7029E014655E703990598B2
:106D800081424B46A1F1080207D0039211E707F8B0
:106D90000820019A8AF818205FE707B0BDE8F08F55
:106DA0002DE9F04F447E01238FB08376002C40F014
:106DB000B880037EFF2B814600F0B28013F034F8D8
:106DC000D9F81420D9F81C3099F81880D9F800A007
:106DD000801A20F07F45AB4294BF00230123B8F115
:106DE000FF0F0493A3467AD0059408EB48080AEBFA
:106DF00008144FEA0818A368AB426FD8A0781AF8B5
:106E00000880ED1A9B4463781B1ADBB2012B62D118
:106E1000A26AA3690393002A00F0F2801668002E8C
:106E200000F08280002B40F09280049B002B00F049
:106E30000C8104230393137A590700F0FB80137A23
:106E40006FF302031372E78BE2786FF300027B1C8F
:106E5000E27094F82C209BB2E383002A73D0A28BBB
:106E60009A4270D2A26A002A00F04881137A03F095
:106E70000703012B67D00126002051685060A36AE8
:106E80001A7A60F302021A72A078E7680138A070DB
:106E90000FB36369D9F8142094F803C0ABEB030374
:106EA000134423F07F40626A23690CF0010C002E2A
:106EB00040F0B780B4F81EE0CDE900C37346B84790
:106EC000039BE683002B049B18BF01230493E37804
:106ED00066F30003E370B8F1FF0F86D1059C99F8C3
:106EE0000B3099F80A209A4208D10132D2B2022A14
:106EF0001ABF14462346002389F80B4009EB83038D
:106F00000022C3F80CB0D9F8244089F81A204B4667
:106F1000012204210320A4460FB0BDE8F04F6047D2
:106F200084760FB0BDE8F08F039B002B66D0049BE6
:106F3000002B84D1D9F81C305B4580D8B8F1FF0F05
:106F400011D1049E98E7A378013BA370C3E7049B8B
:106F5000002B7FF470AFD9F81C309B45FFF46BAF6A
:106F6000B8F1FF0F47D0039BE78B07939C46A38B99
:106F70006668DDF81CE0BB429CBFFB1A99B208EBC7
:106F8000480388BF39460AEB031301FB06610691EB
:106F900099688E452DD3CDE90C70CDF82CC0DDF865
:106FA0001CC0CDF81C90DDF80C90CDF82880CDE900
:106FB000085B8E46A346B0461446986A9A6910B19B
:106FC000006800284FD1002A4DD11B78FF2B07D035
:106FD00003EB43030AEB031399688E44E645ECD9AF
:106FE0002246DDE90A8C5C46DDE9085B0D98DDF898
:106FF0001C90CDF80CC0002A00F0978000263BE7DB
:10700000039BA3B1049B002B7FF41DAFD9F81C3068
:107010009B45FFF418AFB8F1FF0FA4D104990E46B9
:1070200033E7CDE900C34FF6FF73B84753E7039E3C
:1070300000212AE7A08BE18B88423FF600AF0121B7
:1070400061F302031372E78BFEE6D9F81C305B454F
:107050003FF6EFAEB8F1FF0F53D04FF0040CE78BC3
:10706000CDF81CC083E7DD8B9F8B5E68BD422AD2C2
:10707000002E41D1002CA8D0304626682EB1B9F19F
:10708000000F02D1724496423FD2BD429DD3DA78BE
:107090009BF8031002F0010601F00105AE4204D88E
:1070A0004A40D50791D400288FD02246DDE90A8CCA
:1070B0005C460C9FDDF81C90DDE9085B002A32D1AC
:1070C000CDF80CC0C0E69EB1E81B80B2B8F1000F4D
:1070D0000AD000FB0660401A069981422CBF0020AE
:1070E0000120002CC9D1D0E74046002CC5D1CCE707
:1070F000002CC1D12046CAE72846E7E7A078012640
:1071000096E70423049E0393B6E62246DDE90A8C43
:107110005C46DDE9085BDDF81C90CDF80CC0002E64
:107120003FF48DAE87E61668F7E716461146ACE6E3
:107130002DE9F04F8FB0837E0090002B40F0A282AB
:10714000437E0C93002B7AD10098837AC27A012176
:1071500041769A424169079100F0F3830133DBB233
:10716000022B00990ABF0C9A1A46134601EB8202C1
:107170008B72D268079B0592134423F07F434B61C7
:107180000126009C237E089312F04EFE677A236846
:1071900001937B1E65680490DBB2002F00F0E7844A
:1071A00005EBC30A0027FF2303930D960997DAF82E
:1071B00004B04FF000092F469AF803009AF80280B5
:1071C0000FFA88F404EB440408F1010340454FEA48
:1071D0000416DBB20BEB041400F010819AF80020C7
:1071E0009A4208BF00238AF802301BF80620617813
:1071F000042A3AD9019801EB410300EB0315082A50
:107200004FEA03130293A8786B7822D81B1A13F065
:10721000FF032CD1062A1CD1009BDB7E8B4251D070
:107220000BF80690A36A84F80290002BC4D00020CB
:10723000E16A98479AF803009AF80280C0E7446A26
:107240000421034601220420A4460FB0BDE8F04FFC
:1072500060470BF806904FF00103A370A36A002B60
:10726000AAD0E16A01209847A6E79846A8E7052A30
:107270001FD162684AB9A2683AB9E2682AB922699C
:107280001AB9626932F07F42E3D0012B1CD0009B17
:1072900004215C6A3D4601220846A0470123AA4515
:1072A00009938AF80280AAF1080300F0AD809A469B
:1072B0007DE7012B00F09C81062AE8D1009BDB7E54
:1072C0008B42ADD16168B5E1DDF800804046FFF743
:1072D000A9FBA860D8F81410049B059A5B1A23F048
:1072E0007F431344984240F2BD81C01A6B68002B63
:1072F00052D0A38A002B4FD0013B9AB2A282D5F87C
:1073000004C0EB8B604523D90CF1010806970A9164
:107310001AE06A6ADFF80CE2834996448E4584BF1E
:1073200002F1E87202F5D4324746296A94BF6746F3
:1073300002F5A572013BC01B521A9BB260456A62FE
:10734000EB8340F21582A28A9342E2D8069F0A9903
:10735000934220D2CDE90A710CF10102D5F820E068
:1073600006926A6ADFF8BC816F497244904488458E
:10737000674606D8A2F1E872A2F5D432069FA2F5BC
:10738000A57201339BB26A62EB83A28A9A423844A7
:10739000E7D8DDE90A71AA8363680344AB60A26899
:1073A0006B69A86A13446B6128B103681BB1D4E907
:1073B00001329B1A4360049A2846FFF76DFBE2688E
:1073C000AB691344AB61226993428CBF9B1A0023C3
:1073D000AB61A37D1BB1EA7863F30002EA70E37D41
:1073E00013B1013B85F82C30DDE90121039B535497
:1073F0006B786278039201336B7011E73D46AA45C2
:10740000AAF108037FF453AF0D9E099F0099089BD2
:1074100091F818B0BBEB030518BF0125002E00F052
:10742000B081049B079AD1F800809B1ABBF1FF0F33
:1074300023F07F495DD04FF0000A0996CDF804A0F3
:107440000695C2460E46C846DDF8149005970BEB2C
:107450004B050AEB05142D01A3684B4500F25F8331
:10746000019AA178E08B1A4401926278521AF1696C
:107470008B4234BFC91A0021A9EB0309A8EB03080A
:1074800024BF4FF0FF33F376F161A16AD2B2002935
:1074900000F064810B68A769002B00F04C81002F7D
:1074A00040F04C81022A00F035830023A3601AF8D3
:1074B000053033766168A36A002940F003812BB15F
:1074C0001B7A03F00703012B00F0DF803AB1012A99
:1074D00000D020B1236A13B1616A01209847A378D4
:1074E000637096F818B0BBF1FF0FB0D1069D099EEE
:1074F000059F009C089B039920465B4518BF3546B5
:10750000FFF744FBD4F800B001954FF0000C38466B
:10751000009B1A7EFF2A164600F0448315464FF062
:10752000FF0804E05A2B17FF592B177F1D462BB27B
:1075300003EB43030BEB03171B01BC6A21463CB171
:1075400094F808E00EF0070EBEF1010F00F0FD8187
:107550001BF80330FF2BA846E8D10746019D1046D3
:10756000BCF1000F00F01381089B934200F0EF8202
:10757000002F00F021810646FF2E00F02083089B9B
:10758000FF2B00F00383DDF80080D8F8003006EB15
:10759000460603EB06139F68002F00F0D58212F019
:1075A00043FC0A260446D8F81430E21A22F07F423F
:1075B000974206F1FF3602F1030259D9BA422CBFB5
:1075C0009B18DB1923F07F452846D8F828309847C8
:1075D00012F02AFC021B2B1B22F07F42033223F005
:1075E0007F439A4246D9002E00F072810446DAE7C2
:1075F000062A3FF411AEDDF800804046FFF712FA8C
:10760000AB78A8606B7098F81B2063789A427FF47F
:1076100007AE1BF80630062B3FF454AE009AFF234A
:10762000D3761BF80630062B3FF44CAE082B3FF404
:1076300049AE0499009B5A698B1A1D0209D4059A18
:1076400023F07F4313440099CA699A4288BFCB61F3
:10765000E6E5059B521A22F07F4293428CBF9B1AAB
:107660000023F0E76A6913441B1A6B6100203DE6B2
:1076700001230C93009A00235376937E0C9A1A43AD
:1076800040F095800FB0BDE8F08FA378C4F8089063
:107690006370079B019A71699A1822F07F42204615
:1076A000FFF7FAF9039B0AF805306378CDF80CB0C0
:1076B0000133DBB2637096F818B0BBF1FF0F7FF4B3
:1076C000C6AE13E723B11B7A03F00703012BDCD00E
:1076D000B4F81EC0BCF1000F4ED1B4F81CC0E64691
:1076E000481C0290D4E9087300220494704604E018
:1076F00001388E46441C724412D0DFF8B4E2AD4C1F
:107700003B449E44A645F3D8DDF808E0A3F1E873B6
:107710000138A3F5D433441CA3F5A5737244ECD10E
:10772000049C94F82C006362002800F0E080A260C2
:10773000A4F81EC0ADE7002F3FF4B7AE022A7FF4D5
:10774000B4AE00287FF4B1AE0B7A03F00703012B2F
:107750003FF4ABAEF76186F81BB0A6E6A769002F31
:107760003FF4A3AE022A7FF4A0AE0028F2D09CE63C
:10777000069F0A99A28AEBE5A37863704FF0000E8A
:10778000AEE7009C03992046FFF700FA207E089B95
:1077900098427FF4EDAE002F00F0EC81009B002DAD
:1077A00040F042825D769B7E002B3FF46BAF009BE6
:1077B00001225C6A032146E5009B5A7A5C68531EED
:1077C000DBB20125002A3FF4D6AECDE9064504EB35
:1077D000C3030193019B5E78DA785B68B24218BFFD
:1077E0001D466CD036B206EB4606330105EB061695
:1077F000EB5C012B4ED0022B56D1D6E901C19CF88F
:107800000040009AF368D6F810E0D2F80090D3F860
:1078100000805069FF2CD6E905AB02D00A6882428D
:107820005FD0009A4FF00008147E0860FF2C2DD026
:10783000CDE90256CDF810C05646CDF814E09A4670
:1078400009E0BA684244B04788B919F80540BB68F6
:10785000FF2C98443FD004EB440509EB0517204664
:10786000B9695B462D01002EEBD10029EDD0DDF882
:1078700014E0DDF810C0BA68DDE902565346BEF1E7
:10788000000F02D0796ACEF8001090448CF80040C6
:10789000C3F80080B36A4FF00002B27013B1F16A0E
:1078A00000209847019BDA7801994E780B780136D1
:1078B000F6B2B34208BF0026B2424E7092D1019A8E
:1078C00006998A42A2F1080300F02281019381E720
:1078D00000DE044667E6DDE90256DDF810C05346D7
:1078E000D4E704EB4404220119F802409EE79045D6
:1078F0007FF61DAF8646481C0290029C0A95704692
:1079000005E08E4672440130904580B212D9DFF80E
:10791000A0E0284D3B449E44AE45F2D8A646A3F1D4
:10792000E8737244A3F5D43301309045A3F5A573F1
:1079300080B2ECD8049C0A9D636260441FFA80FC0C
:10794000F5E60C9B05931E461BE4BA68002A40F03E
:107950004B81D7F818A0BAF1000F06D10A68002AA7
:1079600000F03D810C464FF0040A009A6168D2692C
:107970000291043205922268914280F0DA80A2EBF3
:10798000010E1BF803200792FF2A00F0D280D64593
:10799000C0F0CF800022AEEB0A01CDE90310D14642
:1079A00005989446CDE9058516469846079B3BE029
:1079B0005A2B17FF592B177F351F6544754528BF74
:1079C00075460AEB000296450CD34D450AD3BA69B9
:1079D000002A4BD0227A120748D4B5EB0A0201D014
:1079E00082424AD28A6A22B1127A02F00702012A3E
:1079F00032D08A6982B3496871B30432B44402EB6D
:107A00000C00BA69002A00F08180217A0907AEEBE8
:107A10000A0200F1A9801BF803300026FF2B2CD0AE
:107A20000AEB0C09CE4528D303EB43030BEB031100
:107A30001B018D682E44042EBED8BD6985B1257A00
:107A400015F00805BDD088690399B444043060443A
:107A5000814228BF0246DEE71BF803300022DDE743
:107A60008A69B444043262441046D4E70028B9D08D
:107A7000A5EB0A058542B5D3024602990498069DF6
:107A80004346114461601BF80360DDF81480FF2E4B
:107A900000F0B2804FF0FF099C4600E00E4631B284
:107AA00001EB41010BEB011E0901DEF808309342A6
:107AB00080F0BC801BF80110FF29B146A2EB030245
:107AC000ECD16346FF2EBA6015D0B8F1FF0F1BF85A
:107AD000031058D00FFA88F202EB420212010BF8A1
:107AE000021036B206EB460632011BF802100BF804
:107AF00003100BF80250FB8B013BFB83237A02221D
:107B000062F3020323724FF0010C01E5024682E7A3
:107B1000079D43E600287FF4C8AC042714E64A46D4
:107B20009B1AA360009B069D099E059F93F818B0C1
:107B3000DFE4029A62601BF80330FF2B08BF0022CB
:107B40005AD00023BB60D6E7009B5F762FE6002F5C
:107B50007FF419AD009B5A7A5C68531EDBB2002A91
:107B60003FF411AD654630E61146002270E7FF2371
:107B700003934BE4009B5A7A5C68531EDBB2002AE5
:107B80007FF423AE0AE6009A1176AAE712F04CF9C8
:107B9000044612F025F9009B1E7E00287FF4F3AC0A
:107BA0005C61F0E40746019D1046BCF1000F3FF414
:107BB000EEAD089BFF2B21D0002F3FF4FDAD12F05E
:107BC0001FF9044628B3009A00235376937E002BB6
:107BD0007FF4EDAD56E5B96A00297FF4BFAE00DE53
:107BE0004FF0040ABC6AC0E600DED7F818A0BAF16C
:107BF000000FF0D0BC6AB8E6BA607CE7002FDED197
:107C0000009B5A7A5C68531EDBB2002AD7D06546C7
:107C1000DBE5009DE86112F007F96C766861AB7EE8
:107C2000002B3FF42FADC2E51E7EA5E461469C46C5
:107C30000B46ACEB0201CEF808104E4642E700BFFF
:107C4000F8B5069E9DF81C50089CB8B9144F3A60D0
:107C50005A1E39727B727E60D2B273B106EBC202D9
:107C60005460114612F808398E4203EB4300A5EB2D
:107C7000030304EB0014DDB2F2D10DB10120F8BD15
:107C8000099B3B620A9B7B62FF240B9BBB623C7699
:107C900012F0CAF87D817861FC76FD612846F8BD56
:107CA000E421002040B9064B1A7EFF2A01D1187248
:107CB00070476FF00F0070476FF01500704700BFFE
:107CC000E421002010B40A4B2C2202FB0032546A3B
:107CD0005CB100EB800200EB420003EB8003A446A2
:107CE000012210BC03210220604710BC704700BF76
:107CF000E421002010B58AB00C9C00940D9C0194E6
:107D00000E9C0294BDF83C400394109C0494119C7A
:107D10000594129C0694139C0794149C08940024C8
:107D20000994FEF7DDFE0AB010BD00BF10B4039C3D
:107D30000294049C0394BDF814400494069C05949A
:107D4000079C0694089C0794099C08940A9C099433
:107D500000240A9410BCFEF7C3BE00BF10B4BDF8E7
:107D60001040049410BCFEF7BBBE00BF2DE9F84FD5
:107D7000294DBDF834609DF83880044608462C2112
:107D800001FB045104EB840704EB470405EB840575
:107D90004C6804EBC00E14F830909EF803409EF837
:107DA000017004F1010C5FFA8CFCE14598BF4FF0C3
:107DB000000C67459DF844902AD0DEF8047004EB6F
:107DC00044044FEA041A07EB04144FF0050B07F8BC
:107DD0000AB063600A9BA3600B9BE3600C9B23616A
:107DE0000F9BA362109BE36202236270A68284F859
:107DF000168084F81790A3708EF803C0D1E9083676
:107E000098472B4600220421B047A078BDE8F88FA0
:107E10000120BDE8F88F00BFE421002010B588B034
:107E20000A9C00940B9C01940C9C0294BDF8344075
:107E300003949DF8384004940F9C0594109C06947C
:107E400000240794FFF792FF08B010BD2DE9F04120
:107E50001F4D064608462C2101FB065E06EB8604F4
:107E600006EB4404DEF8046005EB840706EBC0056E
:107E700016F83060EC78697804F1010C5FFA8CFC3C
:107E8000664598BF4FF0000C61451DD0696804EB52
:107E90004404260101EB04144FF0060801F80680A3
:107EA0006360069BA362079BE36202236270A37078
:107EB00085F803C0DEE9083598473B4600220421D7
:107EC000A847A078BDE8F0810120BDE8F08100BF9F
:107ED000E42100202DE9F0411E4D064608462C21E4
:107EE00001FB065E06EB860406EB4404DEF8046044
:107EF00005EB840706EBC00516F83060EC7869786E
:107F000004F1010C5FFA8CFC664598BF4FF0000C41
:107F100061451BD0696804EB4404260101EB04149D
:107F20004FF0070801F80680A362069BE362022374
:107F30006270A37085F803C0DEE9083598473B46B8
:107F400000220421A847A078BDE8F0810120BDE807
:107F5000F08100BFE42100202DE9F0411F4D0646CD
:107F600008462C2101FB065E06EB860406EB440462
:107F7000DEF8046005EB840706EBC00516F83060F8
:107F8000EC78697804F1010C5FFA8CFC664598BFC7
:107F90004FF0000C61451DD0696804EB44042601D4
:107FA00001EB04144FF0080801F806806360069B9B
:107FB000A362079BE36202236270A37085F803C08B
:107FC000DEE9083598473B4600220421A847A078FF
:107FD000BDE8F0810120BDE8F08100BFE421002070
:107FE0002DE9F041234D064608462C2101FB065E93
:107FF00006EB860406EB4404DEF8046005EB840718
:1080000006EBC00516F83060EC78697804F1010CD5
:108010005FFA8CFC664598BF4FF0000C614525D097
:10802000696804EB440426014FF6027801EB04145E
:1080300021F80680C4E90123069BE360079B2361C6
:10804000099B63610A9BA3610B9BA3620C9BE36288
:108050000223A37085F803C0DEE9083598473B4644
:1080600000220421A847A078BDE8F0810120BDE8E6
:10807000F08100BFE421002070B50A4D2C2202FBE4
:108080000052D2E9083604460846984704EB8403B8
:1080900004EB430305EB8303B4460022BDE87040C4
:1080A00004216047E421002011F0BEBE401A20F0F8
:1080B0007F40704701480021704700BFDF51010039
:1080C000012868B51E4604D0022812D050B1012004
:1080D00068BD002007F02EFBB8B190F95400307055
:1080E000002068BDC8B205F0AFFB70B190F93C004C
:1080F000F5E70846154607F035FE30B115B990F999
:10810000B700ECE70EF04AFDE9E7022068BD00BFCA
:1081100070B5054692F900007F2804BF002010705A
:1081200014460E460EF03CFD012D207004D0022DA9
:1081300015D05DB1012070BD002007F0FBFAB8B189
:1081400094F9003080F85430002070BDF0B205F092
:108150007BFB68B194F9003080F83C30F4E730469E
:1081600007F000FE20B194F9003080F8B730EBE75B
:10817000022070BD38B50C4605460EF00DFD287086
:108180000EF00CFD207038BD38B5054600200C46B9
:1081900005F08CFB10B104F0E9FFA0B1002007F05E
:1081A00017FB10F0060F0ED13DB9084B44B1206803
:1081B0001860A2889A80002038BD054B002CF6D1AB
:1081C0001C609C80F7E70C2038BD00BF18220020FF
:1081D000102200200128034605D8044A0448002B39
:1081E00008BF104670470020704700BF18220020CB
:1081F0001022002001280AD8064A074B002818BF81
:108200001346186808609A888A80184670470023C9
:1082100018467047102200201822002010B504468E
:108220000EF0DCFB68B90EF097FF78B910F0B6F8E5
:1082300088B910F0C7FE98B92046BDE8104014F088
:10824000A9BF00DE0EF088FF0028EFD000DE10F09E
:10825000A5F80028EDD000DE10F0B4FE0028EBD029
:1082600000DE2046BDE8104014F094BF08600148CD
:1082700014F090BFF449002014F08CBF2DE9F84FA2
:1082800089462A4D99F8003095F84012472B88BF4F
:108290000B469A423ED05C1CE4B29246482C35F81C
:1082A00033200280834608BF002405EBC303002669
:1082B00001274FF012081AE0012833D0C3F80480D8
:1082C00089F8004095F84032472C98BF23469A45DC
:1082D00021D01AB20133DCB235F83200BBF80010FD
:1082E000482C08BF0024884205EBC20313D158680C
:1082F00060B1FF28E0D9027902F00302013A012AB5
:108300000CD912225A6007F049FDD9E701365F60A7
:10831000F6B2D5E700263046BDE8F88F0136F6B252
:108320000122EFE70136F6B2CAE700BF442200207F
:108330002DE9F047374F3B8898425DD913F0FF0590
:1083400028D0DFF8D4A0DFF8D4809AF82D40DFF8E9
:10835000D0909AF82C300134E4B20B2C08BF0024E2
:10836000A342404618D0FEF7B9F8064648468EB1FB
:10837000FEF7B4F8002841D006609AF82D304AF88C
:1083800023003B888AF82D40013D013B15F0FF0595
:108390003B80DED1BDE8F0873B88002BFAD0DFF8C8
:1083A00084A01E4D9AF845401D4E4FF00008013440
:1083B000E4B2112C9AF8443008BF0024A3422846A6
:1083C000E8D0FEF78BF881463046B9F1000FE1D0D6
:1083D000FEF784F8C0B1C9F80480C0F800909AF89C
:1083E00045304AF823003B888AF84540013B9BB260
:1083F0003B80002BDBD1CDE70546A2E7304607499D
:10840000BDE8F047FEF780B848460449BDE8F047AC
:10841000FEF77AB8E42400206C470020E82400200E
:10842000542600208C2400202DE9F84F324B334F86
:10843000DFF8CC90DFF8C0B0181D062224214FF0E1
:108440000008A7F81C80FEF725F82D4B062208210E
:10845000181DFEF71FF897F81CA07C7F0626013434
:10846000E4B2072C08BF0024A245484613D0FEF70B
:1084700035F80546584675B1FEF730F8002836D075
:10848000C5F8048005607B7F47F82300013E16F0A5
:10849000FF067C77E3D11B4B1D22181D4FF4927110
:1084A000FDF7F8FF184B2D22181D0821FDF7F2FFEC
:1084B0001548FEF713F8B0B1144A111FFEF75CF827
:1084C0001148FEF70BF880B1114A111FFEF754F85E
:1084D000104B1A22FF201A80FFF72AFF0CF0A0FE93
:1084E0000020BDE8F88F00DEE6E700DEECE7044997
:1084F0002846FEF709F8CEE7D0470020AC48002018
:108500009C47002054260020E8240020E02400207E
:10851000D8240020E42400202DE9F041974D984E06
:1085200086B004AA02A90DF1070008F031F904464B
:10853000D5E9000103AAFEF737F8074650B3039BBD
:10854000002B6BD0187804AA02A908F039F9044668
:10855000002841D0DDE90313BDF808200F78ADF8FD
:108560000A20059308F03EF92146059ABDF80A0055
:1085700008F06CF9204608F0FFF805AA0DF10A0191
:10858000384608F01DF904460028EBD1306814F095
:1085900001FEC6E7002C3ED0049B05939DF80770B2
:1085A000BDF80830ADF80A3008F01CF92146059AEC
:1085B000BDF80A0008F04AF9204608F0DDF805AADF
:1085C0000DF10A01384608F0FBF804460028EBD10B
:1085D000306814F0DFFDA4E7039B05931B79013B92
:1085E0002C2B1ED8DFE803F01F43601D1F321D3205
:1085F000327C1D1D1D1D1D1D1D1D1D1D1D1F721FDE
:108600001D1D1D1D1D1D1D1D1D1D1D1D1D1D1D1D9A
:108610001D1D1D1D1F0006B0BDE8F08100DE039B7F
:1086200090E700DE7DE7554968680022FDF7C4FF4A
:10863000544B059993F8413238460B70524AFDF776
:10864000A9FF4F4B186814F0A5FD6AE74B4968680D
:108650000022FDF7B1FF059991F8203003F00F03D8
:10866000072B6DD0474B384693F84132E5E7434935
:1086700068680022FDF7A0FF059CD4F80880B8F1D7
:10868000000F09D098F80030002B72D098F8003015
:10869000013BDBB288F80030237B052B6BD8DFE889
:1086A00003F02C585C60642905A9384607F0E0FE09
:1086B000324968680022FDF77FFF059900293FF4E1
:1086C00030AF0B792E2B3FF42CAFCBE72B496868EA
:1086D0000022FDF771FF0599384607F0B7FE20E745
:1086E000264968680022FDF767FF0599384607F0BC
:1086F0007DF916E7204607F035F9244A0023237355
:10870000537F117F0133DBB2072B08BF002399424F
:108710001AD02760517F42F821405377B8F1000FFB
:108720003FF4FFAE98F80030002B7FF4FAAED8F893
:108730000830002B3FF4F5AED8F80C009847F0E66F
:108740003846F9F705FAECE600DEB8F1000FE9D19A
:10875000E7E62046F9F70CFDCFE7204605F0D0F814
:10876000CBE7204605F05EFFC7E7204606F096FF00
:10877000C3E700DE8AE700DEBFE700BFDC2400209D
:10878000F049002044220020D8240020AC480020DA
:1087900030B52F4B2F4C186087B011F013FB2378A6
:1087A000002B4ED02C492D4A2D4D05954FF0050C30
:1087B00081F808C02B4C04922B4A0220CDE90224F8
:1087C00004230D24CDE90014284A087408760B70A0
:1087D00000201721FFF734FA002837D101220021A9
:1087E000234816F0FDFD0EF07BF8044610B120463C
:1087F00007B030BDFFF718FE04460028F7D10EF091
:108800008FFC04460028F2D104F0E8FF044600285B
:10881000EDD10FF0C1FD04460028E8D106F0C4FDFB
:1088200004460028E3D110F0C1FB04460028DED145
:1088300007F06CFD04460028D9D101200DF0B6F9EF
:10884000D5E7FDF7C9FE01232370ABE700DEC5E7DE
:10885000F0490020697F00207C4C002029AC0100F9
:10886000C9AC010009AC01000C4A00209C4C00205E
:10887000F449002010B586B004F0C0FF00283BD1B9
:1088800006F0FCFE00283CD107F042FD00283DD157
:108890000024254B2046A3F840420DF087F92349D8
:1088A000234A244BA1F820419485A3F84440012297
:1088B0002146684616F094FD1F4B224621460320B0
:1088C000C3F808D0FDF7DCFE10BB4FF0FF324FF0CD
:1088D000FF33684614F098FC04F09AFFD0B968465C
:1088E00011F0B8F9FFF7A0FDE0B90021012006B0B2
:1088F000BDE81040FFF748BC00DE06F0BFFE0028D0
:10890000C2D000DE07F004FD0028C1D000DEBFE7C2
:1089100000DEDAE700DE684611F09CF9FFF784FD1F
:108920000028E2D000DEE0E744220020CC4800200E
:108930006C4700208C2400204800002008B5FFF779
:1089400099FF0EF003F800B108BDBDE80840FFF73D
:10895000A9B900BF2DE9F04F2B4C2C4EDFF8B0A089
:1089600083B00746884604F5107900233B6094F8ED
:1089700041B2D6E9000101AAFDF716FE054690B303
:10898000019B49461A784046FFF778FC80BB94F873
:1089900040328DF8013094F8412283460DF10101F7
:1089A0000DF10200FFF76AFC4BEA000212F0FF0231
:1089B000F1D1019B1979012920D131467068FDF769
:1089C000FBFD51462846FDF79FFD124A1388192BDF
:1089D00011D80198104901331380FDF795FD01204E
:1089E000FFF7A6FCC1E70D495A464046FFF746FC93
:1089F00003B0BDE8F08F00DE1388EAE710463B6065
:108A000003B0BDE8F08F00BF44220020D424002032
:108A1000E8240020E42400205426002084240020A0
:108A200070B5724982B000234868019301AAFDF72E
:108A3000C3FD002800F097806D49FDF765FD019AA0
:108A400013792D2B19D8DFE803F01718181718170A
:108A50001B1B1B1818331818181818183818181852
:108A6000176F171717171717181818181818181836
:108A7000181818181818181703B900DE02B070BDBE
:108A800092F8203003F00F03072BF7D1D568002DA3
:108A9000F4D0574E1D242868ED68013C3146E4B2FD
:108AA000FDF732FD002DE9D0002CF4D100DEF2E715
:108AB000907906F02BFE02B070BD907904F0C4FEF0
:108AC0000446002800F08780A36B33B11B6893F83D
:108AD00046206FF3000283F846206569002D73D0AD
:108AE000EB6D002B7BD105F1500105F14C00FDF73A
:108AF00047FD0346002870D00026EB65286807F084
:108B000017F9606E3B496661FDF7FEFC3849206E3F
:108B10006666FDF7F9FC94F88030266666F300037C
:108B200084F8803002B070BD92F8203094683C2BFD
:108B3000256834D092F82130BBB995F862206B617A
:108B400063F3410285F86220002006F041FE0446EE
:108B5000002004F0ABFE40EA440010F0FF008DD18D
:108B60000DF0DAF88AE700DE66E7686E20B10023D0
:108B700020496B66FDF7C8FCA36A33B11B6893F804
:108B800046206FF3000283F84620636A002BDBD196
:108B900095F8802063F3000285F88020D4E76668AA
:108BA0000EB300236360F36D63B906F1500106F163
:108BB0004C00FDF7E5FC034698B13068F36507F01B
:108BC000B7F8D9E700DEF0E794F8803065F30003EA
:108BD00084F8803052E700DE76E700DE8CE700DEC6
:108BE00081E700DEE9E700DEDBE700BFD4240020F8
:108BF000E8240020542600202DE9F843046880462C
:108C0000A4B1594F594E0125204624680379122BEF
:108C100014D805FA03F240F2E9110A4240F09980B3
:108C200012F4812F74D100DE002CEDD10023C8F89E
:108C30000030BDE8F843FF20FFF77ABB163BDAB2FD
:108C4000172AF0D8172BEED801A252F823F000BF54
:108C5000C18C0000B18C0000D78C0000C18C0000DA
:108C6000C18C0000C18C0000C18C0000C18C0000D0
:108C7000278C0000278C0000278C0000278C000028
:108C8000278C0000278C0000278C0000278C000018
:108C9000278C0000278C0000278C0000278C000008
:108CA000278C0000278C0000278C0000C18C00005E
:108CB00090F820303C2B32D0022B3AD0002B46D1FA
:108CC0003B88192B32D8013331463B80FDF71CFC21
:108CD000002C99D1AAE7C0880F28A5D807F036F84C
:108CE000814600283BD0D9F86C30002B39D109F1EE
:108CF000600109F15C00FDF743FC00282DD0C9F8A4
:108D00006C00484607F014F8002C7FF47DAF8DE727
:108D10003146FDF7F9FB002C7FF476AF86E7134967
:108D2000FDF7F2FB002C7FF46FAF7FE700DE3B889E
:108D3000C9E70CF047F9002004F0AAFD00287FF4F1
:108D400073AF0CF0E9FF002C7FF45EAF6EE700DE3E
:108D50000379002BB4D100DEB2E700DECFE700DEFE
:108D6000C1E700DEC3E700BFE42400205426002052
:108D70000148FDF7B3BB00BFE82400200149FDF71F
:108D8000C3BB00BFE82400200148FDF7A7BB00BF1C
:108D9000542600200149FDF7B7BB00BF5426002030
:108DA000034B044A93F841320B70FDF7F3BB00BF4D
:108DB00044220020D8240020014B186814F0EAB99E
:108DC000F049002008B5064B064A93F841320B7073
:108DD000FDF7E0FB044B1868BDE8084014F0DAB971
:108DE00044220020D8240020F04900200C4991F8AA
:108DF000442091F845309A420AD8A3EB020C5FFA5E
:108E00008CFC604509D89A4207D051F8220070477F
:108E100011339B1ADBB29842F7D90020704700BF8C
:108E20008C240020094A92F8441092F845308B4275
:108E300009D04B1CDBB2112B08BF002352F82100D4
:108E400082F8443070470020704700BF8C24002017
:108E500000B50D4A92F841C292F840E20CF10103CC
:108E6000DBB2482B08BF00239E4509D022F83C0006
:108E700002EBCC0CCCF8041082F841325DF804FB14
:108E800000DE00231B80FFDE44220020022810B5F4
:108E90000C4602D00B68022B07D004484FF0FF327B
:108EA0004FF0FF3314F0B0F9206810BDF4490020F2
:108EB00004490A680AB11046704702460860104625
:108EC000704700BF40220020044A136823B1984233
:108ED00006BF002111600023184670474022002081
:108EE000014B1868704700BF4022002004490A68FF
:108EF0000AB110467047024608601046704700BF2E
:108F000088240020044A136823B1984206BF002138
:108F1000116000231846704788240020014B186810
:108F2000704700BF8824002030B505682B7887B0D3
:108F3000EBB1044601220021684616F051FA0D4BB0
:108F4000C5F80CD0AB602B788BB10B4B00221146CF
:108F500003209C60FDF794FB38B94FF400420023D6
:108F6000684614F051F907B030BD00DEF5E76FF048
:108F70007700F8E77982000038000020F0B5254E30
:108F8000336885B00C461746002B36D0994215D170
:108F90000223039303AB0246009303211E4B0020E0
:108FA000FEF798FF022805460CD0039B022B09D13F
:108FB00095B133680BB19C4221D014B36FF02D00F2
:108FC00005B0F0BD15484FF0FF324FF0FF3314F0FD
:108FD0001BF9039D002DECD13846FFF7A5FF336840
:108FE0000BB19C4211D0002CE8D10028E8D010F140
:108FF000780F08BF002005B0F0BD3160C8E700233E
:1090000033606FF0770005B0F0BD35600028D7D031
:10901000EDE700BF402200206D820000F4490020EF
:109020000C4991F82C2091F82D309A420AD8A3EBE4
:10903000020C5FFA8CFC604509D89A4207D051F8BF
:10904000220070470B339B1ADBB29842F7D90020FD
:10905000704700BF6C470020094A92F82C1092F824
:109060002D308B4209D04B1CDBB20B2B08BF0023E9
:1090700052F8210082F82C3070470020704700BF62
:109080006C47002038B50C46054607F07BFB207086
:1090900021462846024ABDE83840FDF77BBA00BFAA
:1090A000E02400200122024B11460020FDF7E8BA1F
:1090B0002800002070B50C46054607F063FB2146EA
:1090C0002070064A2846FDF765FA0122BDE8704087
:1090D000034B11460020FDF7D3BA00BFE024002067
:1090E000280000202DE9F0431A4D9DF81C8095F8CA
:1090F00021C10CF1010E5FFA8EFEBEF1090F9946F7
:1091000095F8203108BF4FF0000E73451DD014466E
:1091100005EB4C1CE36807460E46106851689268E0
:1091200064460FC49CF81C30CCF8186008F00108A5
:1091300023F0030343EA0803CCE904978CF81C30BE
:1091400085F821E16046BDE8F0834FF0000C6046F1
:10915000BDE8F083CC480020054890F8203190F815
:1091600021219A4214BF00EB43100020704700BF3A
:10917000CC48002001460B480A7890F82131082A93
:1091800084BF90F820210A70934208D0531CDBB2B0
:10919000092B08BF002300EB42100B707047002022
:1091A000704700BFCC4800202DE9F04F3D4E96F8A7
:1091B000201196F8213187B08B42039047D04FF0B1
:1091C000000906EB41110B24CDF81090CA46CB469E
:1091D000CDF80890CDF814900D7FD1F80080CF68BD
:1091E000C5F3400205F00105002C4FD0013CE4B26C
:1091F00082B396F8211196F82031994227D0013395
:10920000DBB2092B08BF0023994286F820311ED01B
:1092100006EB43115B01C868002ADDD135BBBBF109
:10922000000F37D0BAF1000F029A08BF42460292EF
:1092300008BFBA460A7F9507CED4D2071DD483450E
:10924000F3582BD08245C7D1029A9A42C4D107B0B5
:10925000BDE8F08F144B0398996011460192FDF719
:109260000FFA019A0028C4D000DEC2E7049A7AB14E
:10927000B9F1000F08BFB946DCE7BAF1000FABD176
:10928000049B8342E3D04845A6D1E0E700DEADE78A
:109290000497CFE7BB46CDF81480CBE7059A9A42F6
:1092A000D0D1D4E7CC48002018000020054B1A7F0D
:1092B000597F914204D053F8220010B10C3070470E
:1092C00000207047AC480020074A117F92F81DC06B
:1092D0008C45034606D052F821201AB102F10C0049
:1092E0001373704700207047AC48002070B5134AD4
:1092F000117F537F8B421ED04B1CDBB252F82140B2
:10930000072B08BF00231377ACB102230025266882
:1093100023712560A06007F035FA094A20702146C4
:109320003046FDF737F90122064B11462846FDF776
:10933000A7F9204670BD0024FBE700BFAC48002021
:10934000E02400202800002010B582B0049B9C7A05
:109350006FF341049C720024CDE900440DF0B0FC91
:1093600002B010BD10B50346007F1A699969012447
:1093700082B02040CDE9000458690DF0A1FC08B985
:1093800002B010BD7730FBD000DEF9E70B8A002B6E
:109390003CD030B5054683B001F10C000C4615F009
:1093A000E3FC012817D0022803D06FF0150003B0AA
:1093B00030BD01A9204602F055FE019919B12B6973
:1093C00028461B6898470028F1D12046FCF75EFF2D
:1093D000002003B030BD002301A92046019301F015
:1093E00071FA01460028F0D02B6928461B6898477F
:1093F0000028DCD1019D002DE7D0284603F09EFB1C
:1094000068710199034815F0D6FFDEE76FF015008B
:10941000704700BF0451002010B50469FFF78EFAB1
:1094200028B90448FCF7C8FB0020206010BD00DE0E
:10943000F7E700BF40040020F0B50546076989B092
:109440000E46174815F079FF4FF0FF3200211548FE
:1094500015F0C6FF1348FFF79BF90446E0B93E60DC
:10946000114816F0EEFA104803F080FB00200021AE
:109470006FF00702CDE90601CDE90324CDE90144EF
:109480000A4B0B4900954FF460720A4814F0E0F85B
:109490000949084816F05EF8204609B0F0BD00BF43
:1094A000045100201C510020F4500020BD94000005
:1094B00000840020400400201CFF01002DE9F04F33
:1094C00085B00369DFF8A882DFF8A892DFF8A8A2C8
:1094D000DFF8A8B2019306464FF0FF324FF0FF339A
:1094E0000321404614F0A6FD002840F0A881D8F8DA
:1094F0000C3003F4FE13B3F5804F00F0A880D8F8C9
:10950000203003F4FE13B3F5004F00F02581D8F8A6
:10951000343003F4FE13B3F5803F00F08181002462
:10952000D8F80C3096486FF39433C8F80C30D8F85C
:1095300020306FF39433C8F82030D8F834306FF30C
:109540009433C8F834308F4B1D68BFF35B8F50E8FD
:10955000003F23F0010240E800210029F7D1BFF3CA
:109560005B8FD80703D500220023C9E90023002D13
:1095700040F34081DAF80030DBF80020EB1A1344A6
:10958000814A1360D9F80020002A00F060815179E7
:10959000002C65D1042950D9052940F05581002BB4
:1095A0009AD0D9F804101368C9F800308A4200F044
:1095B000738103924FF0FF334FF0FF320820FCF726
:1095C000C3FE04462146039802F0CAFD039B002215
:1095D0001A6003A8FFF710FBDAF80030ED1ADBF889
:1095E00000301D44684B1D60D9F800302BB15B7909
:1095F000DA1E012A1CD9052B18D0002C3FF46CAFC1
:10960000019F204615F05DFB05462146002015F020
:1096100078FB2B8A012B0446294630461CD93B682F
:10962000984714F0BFF9002CEBD155E7002DE4D09A
:109630000021564814F056FDDFE7022971D800DEFC
:109640004B1E012B039240F2328100DEBEE7D8F8B8
:10965000103000229A6062E72846FCF717FEE0E728
:10966000CA1E012A40F2E480052900F0F480591C4A
:10967000627900F0C780511ED9F80000052900F278
:109680002181DFE801F003031D1D3403042A039444
:1096900000F2BE80022A1AD10121002000220023FC
:1096A00015F0BAFB04460398E4B1214602F0A6FD8A
:1096B000039B00221A6003A8FFF79EFA019FA0E710
:1096C000314A01231360002840F0DD80039402201A
:1096D0004FF0FF324FF0FF33FCF736FE044603989D
:1096E000002CE2D1046003A8FFF786FAF4E6002814
:1096F00040F0C980002B00F0C68003944FF0FF3289
:109700004FF0FF330820FCF71FFE04462146039864
:1097100002F026FD039B00221A6003A8FFF76CFAF3
:109720006BE7D9F804301168C9F80010934212BFF2
:109730000392C9F8041003934FF0FF324FF0FF3348
:109740000220FCF701FE0446002C3FF43FAF0398D3
:10975000214602F053FD39E7D8F824000022002307
:1097600013F052FD002840F09D80376925E000BFCE
:10977000580000203804002064510020605100206F
:109780003C51002068510020F0500020F45000208F
:1097900073BB4FF0FF334FF0FF320021132015F061
:1097A0003BFBBDF80A100546224603F0AFF93B68C3
:1097B00029463046984714F0F5F80DF10A0103A840
:1097C000FFF7C8F8039B04460028E1D1002B3FF4C3
:1097D000A6AEFFF725F9039C204603F0AFF96071B0
:1097E00003993A4815F0E7FD039B002BE5D196E677
:1097F00000DECEE7364A4FF0FF331360002C3FF413
:109800006BAE62790394042A49D9052A3FF476AFF6
:1098100000DE039B00221A6003A8FFF7EDF95BE668
:10982000D8F838000022002313F082FC044677E6C3
:109830002848002114F056FC254B1B6817E704301C
:109840003FF455AE00DE52E600DE0392FDE6002C4A
:109850007FF40DAF40E6002BEAD16279531E052B51
:1098600030D801A151F823F08D9600008D960000AC
:109870008198000081980000879800008D96000074
:10988000134A01231360D9F80430002222605BB12F
:109890001C60C9F804401FE6C9F8043089E6002AB4
:1098A000B6D0F7E600DE60E7C9E9004414E6022915
:1098B0007FF442AF204601210022002315F0ACFACC
:1098C000044641E700DE0394A2E700BF04510020F4
:1098D000F0500020F450002010B514F013F8054C9F
:1098E000204615F036FD204615F027FDBDE8104056
:1098F00014F01CB804510020038800B5C3F34413CE
:1099000003EB430C8444B2FA82F29CF802E0520961
:10991000013362F3000E03EB43038CF802E0F1B174
:109920000A88C2520278D30612D1531C03F01F03D7
:1099300063F304020270028863F3491202F478733D
:10994000202B028004BF6FF3491202805DF804FBF4
:109950000388C3F34413013303F01F03EBE7C15241
:10996000E0E700BF2DE9F04FDFF8B89183B0D9F8F8
:1099700000609DF834400194002E5EDB07460D46E2
:109980001446984661D0DFF8A0A14FF0000B05E027
:109990000BF1010B5E450AF1200A56D05146062212
:1099A000204616F08AF80028F2D11AF8013CAB42A2
:1099B000EED15E4C4FEA4B1104EB4B1B9BF807308A
:1099C00023FA07F2D50778D5072F3AD108EB4803D9
:1099D00001EB430323444FEA48071A7AD20603F106
:1099E000080600F085800C9A5AB352781D7B4FEA26
:1099F000121CBCEB151F40F08A80DDF830C093F8D4
:109A00000BE09CF800C02D02120205F4706502F410
:109A1000706242EA0C0245EA0E0595425CD1B378C9
:109A2000DB070ED4019B43B907EB080301EB4303AB
:109A300023449A7A42F001029A72002003B0BDE8F2
:109A4000F08F012003B0BDE8F08FDFF8E4A03749C4
:109A5000DAF800B0D4F800C0019A4FEA4B13581C52
:109A600041F800C00844A4888480CC180120CD545B
:109A7000B8400833E071C85A2E4D2840C8525C18CF
:109A8000062010FB0830E3882B40E380A3892B409D
:109A9000A381638A2B40638208440C99FFF72CFF53
:109AA0000F2ED6BF731C0BF10103C9F80030102B29
:109AB00008BF0023CAF80030BFE7062000FB0810EB
:109AC0000121B94008300B43019A0C998BF80730FB
:109AD0002044FFF711FFB0E70C9A83F80BC05278CF
:109AE0001A73019B73B9B37843F00103B370A4E711
:109AF000062000FB08100830019A0C992044FFF75B
:109B0000FBFE9AE7B37860F30003B37095E7062392
:109B100003FB081101F10800019A0C992044FFF79A
:109B2000EBFE8AE77051002075510020745100202F
:109B30006C51002000FCFFFF2DE9F04F89B0054675
:109B400007939DF84C300593149B1C9C06939DF83D
:109B5000543004939DF9583001930C349DF95C30D6
:109B6000029320461B9B03930E4602219DF86870CA
:109B7000DDF84890BDF860A0DDF864B0904615F0BF
:109B8000CCF83E22027007F11A02427001212046F1
:109B900015F0C3F802460D21117007F11901204696
:109BA000C9B215F0BAF80122A0F8015002700446BB
:109BB0000BF0C8FD049B984243D8231DB9F1000F58
:109BC00033D0079AE270D9F800206260B9F8042017
:109BD0009A8096FAA6F6B6FA86F6013684F80B80D5
:109BE000A672BBF1000F35D09BF801301B0923731F
:109BF000019B637315F00405029BA373A4F80FA0E7
:109C000004F1120318D0059A069962740A68C4F820
:109C100012208A889A80039927763A4604F119001F
:109C200009B0BDE8F04F15F018BF84F80390C4F8F0
:109C30000490A3F80490CCE76574C4F812509D809A
:109C4000E9E71846221DE11C0BF058FDE3780233CA
:109C5000E370BEE7FF23CAE72DE9F0411A4C6468C0
:109C6000A40004D51646194A1268120701D4BDE8AB
:109C7000F08103F10C0405460F462046022115F041
:109C80004CF840F63E4303800121204615F045F88C
:109C90000346042220461A700B2115F03EF8057089
:109CA000A0F801603DB97B68BA68C0F80720C0F829
:109CB0000330BDE8F0814FF00008C0F80380C0F821
:109CC0000780BDE8F08100BF0800002000000020F0
:109CD0002DE9F04F594D04460B4695E8030087B037
:109CE0000490ADF81410080C55498DF81600496819
:109CF00089007DD51546534A1268D20478D5274687
:109D000093F8189017F8020B93F819B0430679D41A
:109D10000023C0F38011CDE900333A4600F00F0074
:109D2000FFF720FE002863D1237803F00F03012BF7
:109D300061D094F80180A8F1060A08F114035FFAD3
:109D40008AFA08F11308DBB203935FFA88F85646E3
:109D50000C350221284614F0E0FF039B43703E239C
:109D600003700121284614F0D8FF03460D221A7013
:109D70004146284614F0D1FF01230370237803F0F5
:109D80000F0318336B44054613F8083CA0F8013064
:109D90000BF0D8FC58453DD958462A1DE91C0BF05C
:109DA000ADFCEB780233EB7001226A81FF220023C5
:109DB0002A73C9F100097F22214685F80E90EB73C2
:109DC0002B746A7311F8082B02F00F00012805F1BB
:109DD000120729D06B74C5F81230BB80324605F1EA
:109DE000190085F818A007B0BDE8F04F15F035BE92
:109DF00007B0BDE8F08F1A2306464FF01908039309
:109E00008246A5E7002108463B465A460BF092FDE4
:109E100020787DE72378C3F38013EB70D4F8023009
:109E20006B60BB882B81BFE7C2F3C0126A74A36862
:109E3000C5F812308B88BB80D0E700BF3CFF010023
:109E400008000020000000202DE9F04F95B090465A
:109E5000139341F020030C939DF88030289D0D93BF
:109E60009DF888300E939DF990300F939DF878906F
:109E7000BDF89430BDF89CB0299E2B9F95F800C08A
:109E800010930246139B12921B781193239B6446F6
:109E90002A2C93F900A028BF2A24269B0793109B05
:109EA00006930F9B0894CDE904A30E9B0393219B7B
:109EB00002930D9B01931F9B00933B680A933368A9
:109EC000119A0C98099341464B46FFF735FE3368CB
:109ED000234433602B781B1B2B7002204FF4A022ED
:109EE0000023FCF731FAABEB040B1FFA8BFB0146A6
:109EF0003860002858D02A9814F0F2FE95F800C077
:109F0000BCF12A0FC9D8129AD2686146002A45D0FE
:109F1000E34546D9BCF1000F64D1239B7F21197022
:109F200092F822108C0659D092F82310C8074CBF23
:109F300002F12A0002F124008B0748BF06300C070B
:109F400048BF0230CB0607D58178139B4909013100
:109F5000197092F8231003308C0648BF12304B065C
:109F600003D5239B10F9011B197092F82210C1F33D
:109F700005010131CCB202F12201411AC9B2A1425C
:109F800003D2611A50FA81F0214692F821408C42A6
:109F90000DD84FF0000300212B708C468B453FF607
:109FA00071AF15B0BDE8F08F00DE3968A3E730600F
:109FB00092F821C0ACEB010C5FFA8CFCDC456146E9
:109FC00084BF59465FFA8BFC594585F800C0FFF401
:109FD00059AFBCF12A0F3FF655AFE2E702F123007B
:109FE0000121D2E7139B129293F800A0239BCDF896
:109FF00044A093F90040A2466446269B0793109B19
:10A0000006930F9B0894CDE904A30E9B0393219B19
:10A0100002930D9B01931F9B00933B680A93336847
:10A02000119A0C98099341464B46FFF785FD33681A
:10A03000234433602B781B1B2B7002204FF4A0228B
:10A040000023FCF781F9ABEB040B1FFA8BFB0146F5
:10A05000386038B12A9814F043FE2B782A2BCCD8DC
:10A06000129A5AE700DE3968F4E700BF2DE9F04F95
:10A07000A9B07F241F937B4B8DF88A405B688DF8D5
:10A080008B409D004FF00004CDE924448DF88C40B6
:10A090008DF88D408DF88E408DF88F408A4603D51F
:10A0A000714B1B68D90410D4DAF80C4054B127ADB9
:10A0B000002627942346E4681E602846FEF79CFD90
:10A0C000002CF6D129B0BDE8F08F164680461C94CE
:10A0D0000BF038FBDAF80C901490CDE91544CDE97B
:10A0E0001D44D346119413941A94129417941B94FC
:10A0F0004F46209698F802509BF819309BF81A901A
:10A100000F939BF81830199315F03F064FEA9513FB
:10A11000C9F34000C9F34012189300F0708198F819
:10A12000033013F0010608F1040400F08281DA45DF
:10A1300000F0F081DAF80C10594500F0EB810021B5
:10A1400010910E4613F0020108F10A0400F0768126
:10A15000DA4500F0BB81DAF80C10594500F0B68101
:10A160004FF0000C614606345A0748BF013413F023
:10A1700008021CBF2246023413F010000E9013D0C8
:10A18000DAF80C000E90584500F0CA81DA4500F06C
:10A19000CE8194F802E0BEF15F0F4FEA5E1000F24C
:10A1A000C98101300E900334980602D560881A9058
:10A1B00012345B0648BF14F9010BC5F3050508F11D
:10A1C000020305F10105A4EB0303EDB2DBB258BFB6
:10A1D0007F20AB4206D8A5EB030E1EF0FF0E1CBF7E
:10A1E00074442B4698F80150AB423FD2EB1ADDF88D
:10A1F00058E0DBB21D4675441F2D3FDCDA4500F008
:10A200001F8119F0100F40F00481DDF890E0119AE1
:10A21000139D002A08BF35461395109D18BF15469B
:10A22000129A1195002A159D04BF62460D46159598
:10A230001292BEF1000F00F03F81179A1A4493B2B8
:10A2400017930BF07FFA149A0F991346824228BF96
:10A250000B461493002F00F0108107F12008BB4635
:10A26000FF6847E708000020000000200024DDF818
:10A2700058E0254675441F2D2346BFDD249F209EB0
:10A28000002F00F0AE810227119B002B00F0968179
:10A2900000241B9B0093119A1C9B13990194072087
:10A2A000FFF760FB002840F0A2816401E4B2129B3A
:10A2B0001BB11C9B43F004031C93199B169A269612
:10A2C0005B425DB29DF88E309342C0F050812A2BE4
:10A2D00000F24D81324608931B9B07931A9B1C99F1
:10A2E0000A92CDE90553149B0393129B0293159B8D
:10A2F0000193119B00932143259B09930C469DF9E3
:10A300008B3004939DF88F20139B1F992046FFF7F5
:10A3100013FCDDF89080B8F1000F00F051810220AD
:10A320004FF4A0220023FCF70FF804F09F0444F040
:10A33000080480462690002800F06A814146304695
:10A3400014F0CEFC9DF88C30179A934201D32A2B3F
:10A3500025D9179B09931B9B08931A9B1E981F9A3C
:10A360000C96CDE90653149B0493129B0393159B03
:10A370000293119B0193139B009326AB0D9324AB87
:10A380000B9323AB0A930DF18A03059321460DF13C
:10A390008D03FFF759FD9DF88C30DDF89880089308
:10A3A0001B9B07931A9B249A0992CDE90553149B92
:10A3B0000393129B0293159B9DF98A200193119B95
:10A3C000009344EA47100492139B1F999DF88D2037
:10A3D000CDF82880FFF7B0FBDAF80C40002C3FF4F2
:10A3E00071AE27AD002627942346E4681E602846F8
:10A3F000FEF702FC002CF6D129B0BDE8F08F08F181
:10A4000003040E96314601231096B44632467F204F
:10A41000E8E60E9A002A57D19DF88F508DF88D509E
:10A420008DF88C3024948DF88A00A646CDF878B04B
:10A43000EDE613F0020110967FF48AAE8C4693E6A7
:10A440000E9B8DF88F304FF000038DF88E30002377
:10A4500025930F9B1493189B1C93109B119300231F
:10A46000CDE912C68DF88B0015911B921693CDF88D
:10A4700074A01793002F7FF4F0AE0E9B209E003B3C
:10A4800018BF0123B9465F00249B002B7FF4FCAE6C
:10A49000119B002B40F0D580002F00F0D5801B9B36
:10A4A000002B00F0BD809DF98B307F2B00F0B48035
:10A4B000002740241197FAE6259900294BD0169AD7
:10A4C0001A4493B21693BCE60E9DA7E700284BD121
:10A4D000DAF80800016891F86210C1F381010E9169
:10A4E00082B190F8282098F80010C2F38012B2EBE5
:10A4F000D11F0AD1363006222146219315F0DDFA0C
:10A50000219B10B90E99A4462DE60E9AA44642F05E
:10A51000020128E698F800601094C6F3801611E650
:10A52000A80900283FF432AE00200E903BE6002F31
:10A530007FF42FAE0E9800283FF4C4AD27AD002461
:10A54000064627963346F6681C602846FEF754FBFD
:10A55000002EF6D1B6E525948DF88B008DF88E305F
:10A560001693CDF874B06CE6A446FE21FBE5169B6D
:10A5700009931B9B08931A9B1F9A1D981C990C9674
:10A58000CDE90653149B0493129B0393159B0293EE
:10A59000119B0193139B009326AB0D9325AB0B935B
:10A5A0000DF18E030A930DF18B0305930DF18F03CB
:10A5B000FFF74AFC9DF88E30269A8CE61C4676E61C
:10A5C000DAF80C40002C3FF47DAD27AD46462794C9
:10A5D0002346E4681E602846FEF70EFB002CF6D1E9
:10A5E00070E5119B002B3FF45AAF022451E6DAF8D4
:10A5F0000C40002C3FF466AD27AD0026279423467F
:10A60000E4681E602846FEF7F7FA002CF6D159E5FB
:10A6100000DEDDF8988091E6259B002B7FF448AFA3
:10A62000DAF80C40002C3FF44DAD27AD00262794FE
:10A630002346E4681E602846FEF7DEFA002CF6D1B9
:10A6400040E53C464F4624E6119C30E670B5054691
:10A65000022002F06FFD044660B1074B012118880B
:10A6600014F0DDFB012106460C3014F056FB0C23E0
:10A6700003702E60204670BD587F002070B50546DF
:10A68000012002F057FD044660B1074B01211888F4
:10A6900014F0C5FB012106460C3014F03EFB0C23E0
:10A6A00003702E60204670BD587F00202DE9F041D8
:10A6B000013886B01446112813D8DFE810F02C00BA
:10A6C00048005E0012001200700012008200A1001B
:10A6D000B400120012001200C600E50012001200C1
:10A6E00017006FF0150006B0BDE8F081CB68DA788E
:10A6F000997818880AF05AFB704B06460121188891
:10A7000014F08DFB012105460C3014F006FB067099
:10A7100025600020E7E7694B0D21188814F07FFBC6
:10A720000D2120600C3014F0F8FA4FF002140023D1
:10A730004FF4806103220370C0F80140A0F80510B7
:10A74000C271037243728372C3720373E1E75B4B9E
:10A750004121188814F063FB412120600C3014F073
:10A76000DCFA002104463E2200F8031B15F09DF997
:10A7700046F2A733A4F80130CBE7504B09211888E3
:10A7800014F04DFB092120600C3014F0C6FA03468A
:10A79000002203F8012BC0F801205A60B9E7C9680C
:10A7A0000020FDF7F1FC454B0121188814F037FB20
:10A7B000012105460C3014F0B0FA00230370256027
:10A7C000A7E73F4E3D4F0FCE01AD0FC53368388828
:10A7D0002B70122114F023FB122120600C3014F096
:10A7E0009CFA0446002301AE04F8013B84460FCED8
:10A7F0002D78CCF801006160A260E360257488E7E1
:10A800002E4B1821188814F00AFB182120600C30F8
:10A8100014F083FA00230446012100F8023B0FF0F4
:10A8200057FA607075E7254B2121188814F0F7FA64
:10A83000212120600C3014F070FA0146002301F849
:10A84000113B01300FF094FA63E71C4BD1F80C80F8
:10A85000188898F80060B8F80150052114F0DFFA64
:10A86000052120600C3014F058FA024698F90330A4
:10A8700002F8043FAFB2044639463046FDF748FCC3
:10A8800066702070658044E7CB681E78B3F801508D
:10A890000A4B0521188814F0C2FA052120600C30FB
:10A8A00014F03BFAAFB20446031D3946002230468D
:10A8B000FDF706FC6670207065802AE7587F00204F
:10A8C00044FF01002DE9F043038A93B00022022BDC
:10A8D0000D9235D904460E460C30032114F03CFA93
:10A8E000228A83789A422BD30088D14FC0F38523E4
:10A8F000082B1FFA80FC3880C0F309050DD8C3B1BE
:10A90000013B072B15D8DFE813F0200014002C00C2
:10A910007901AB01140014007D003F2B09D10DAA71
:10A9200021462846FFF7C2FE163041F00B81B7F8EA
:10A9300000C00121604613B0BDE8F04314F081BAB5
:10A940000024204613B0BDE8F083062D01F0D4802A
:10A950001D2DEED1E368188805F0C2FB014638884A
:10A96000E9E7352D00F2B4812C2D00F29681012DFE
:10A9700000F0DF81032DDCD1AE48AF49AF4AB04BC8
:10A980004FF0FF34046041F6FF754FF0FF34C1E92A
:10A99000004500200021C2E900011F200021C3E979
:10A9A0000001FDF767FF01213888A64D14F037FA42
:10A9B000012104460C3014F0B0F900260670A24ABA
:10A9C000A248A34B166006602022A2481E603146B2
:10A9D0000D942E6015F069F8BFF35B8F9E4B53E822
:10A9E000001F41F0010143E80012002AF7D1BFF334
:10A9F0005B8F9A4B1868314613F074FBFEF76CFFBF
:10AA00000D9C9EE7681E7A2893D801A353F820F086
:10AA1000FFB700008BB70000B1B7000033A90000FA
:10AA200019B700004FB700003BB7000077B7000030
:10AA300005B70000EFB60000DBB60000B1B60000BD
:10AA40001FB60000FFB50000DDB50000BFB5000077
:10AA50009FB500001BB90000F7B80000D7B8000090
:10AA6000ADB800009DB8000061B800003FB800001C
:10AA700025B80000BBB900008FB900006BB9000019
:10AA80003BB900000FBA0000E7B9000045BA00006A
:10AA900019B3000033A9000033A9000033A9000056
:10AAA00033A9000033A9000065B4000045B40000DC
:10AAB0001DB40000FBB30000C7B3000093B3000057
:10AAC00071B300004FB3000033A9000047B5000088
:10AAD00011B50000BBB400008BB40000C3BA000085
:10AAE00081BA0000F1B20000A7B200005DB2000020
:10AAF000E9B10000D5B10000C1B1000081B1000092
:10AB00006FB1000033A9000033A9000033A9000091
:10AB10003BB10000EDB00000D5AF000033A900004C
:10AB200033A9000033A9000033A9000033A90000B5
:10AB300033A9000033A900008DAF000033A9000045
:10AB400033A900006DAF000035AF0000B1B00000C8
:10AB500033A9000033A9000033A9000033A9000085
:10AB600033A9000033A9000033A9000033A9000075
:10AB700033A9000033A9000033A9000033A9000065
:10AB800033A9000033A9000033A9000033A9000055
:10AB900033A9000033A9000033A9000033A9000045
:10ABA00033A9000033A9000033A9000033A9000035
:10ABB00033A9000033A9000033A9000033A9000025
:10ABC00033A9000033A9000033A9000033A9000015
:10ABD00033A9000033A9000033A9000033A9000005
:10ABE00033A9000033A9000033A9000033A90000F5
:10ABF00033A9000033A9000073B00000681E0828C4
:10AC00003FF697AE01A353F820F000BFF3AD00006C
:10AC10009DAD000077AD000033A9000033A900000E
:10AC200033A9000033A9000033A9000057AD00008C
:10AC3000587F00207051002008000020C004002030
:10AC40000000002034510020685100206451002091
:10AC500060510020405100203C510020385100201C
:10AC6000052D7FF466AEE368604604211E8814F06B
:10AC7000D6F8042104460C3014F04FF80546E91CC0
:10AC8000B0B205F0BBFAA5F80160287000284DD1DC
:10AC9000EB785B425BB2EB7053E6A5F12D00082820
:10ACA0003FF647AE01A353F820F000BF5DAE0000B1
:10ACB00033A9000033A9000033A900001DAE000035
:10ACC00033A90000FDAE000033A900008FAE0000E4
:10ACD0007B2D00F01A877C2D13D1E3681E885988DC
:10ACE000B0B205F0DDFA03210546388814F097F874
:10ACF000032104460C3014F010F80570A0F8016030
:10AD00001FE6632D7FF415AEE268A94B1168196048
:10AD100052685A606046012114F081F8012104460E
:10AD20000C3013F0FAFF002303700AE67F23EB7068
:10AD300007E6E2689F4B1168196052685A6029461D
:10AD4000604614F06CF8294604460C3013F0E5FF19
:10AD500000230370F5E56046072114F060F8072131
:10AD600004460C3013F0D9FF0146002001F8010B16
:10AD7000FDF740FAE5E50921604614F050F8092195
:10AD800004460C3013F0C9FF0346002203F8012BE0
:10AD90006021C0F801205A604171D2E5604641212E
:10ADA00014F03DF8412104460C3013F0B6FF0021A9
:10ADB00005463F2200F8021B14F077FE7E497F4AC9
:10ADC0007F4BC5F81A10C5F821200121C022C5F813
:10ADD0002530E423802085F82E10AA7142F2282124
:10ADE000EB7204222023E870A5F80F10EA756B704F
:10ADF000A7E50921604614F012F8092104460C3039
:10AE000013F08BFF4FF4506100236E4A01800D2137
:10AE10008370C3700171C0F8052092E5E3686A4D44
:10AE20001E780121604613F0FAFF012104460C3020
:10AE30000D9413F072FF2B68002B00F07F86634B9C
:10AE40001B68002B40F07A860370002E00F0B2865B
:10AE5000012E00F0C1861223037072E5E36860469C
:10AE600004211E8893F8028013F0D9FF04210446C0
:10AE70000C3013F052FFB7B20546C31C42463946A8
:10AE80000220FDF71DF9A5F80160287059E54E4B29
:10AE9000E5681B68002B40F380864C4B1B68002B39
:10AEA00000F06E862C78002C00F05E860020484E64
:10AEB000044603460CE036F811309A42A3EB020335
:10AEC00010D826F811302A78C3B29A4240F24C8644
:10AED00005EB83030130B3F80110B3F803200F2909
:10AEE0001444E8D90121604613F099FF012104467A
:10AEF0000C3013F012FF1223037022E5E3680121E6
:10AF00006046B3F803501E8813F089FF0121044600
:10AF10000C300D9413F001FF2B4A1368002B40F006
:10AF200014861A2E40F215860A2D28BF0A256D4276
:10AF3000156006E5E4682546E37815F8070BA27866
:10AF400061780395A5790295657901952479009436
:10AF50000EF040FE01210546388813F060FF012104
:10AF600004460C3013F0D9FE0570EAE4E068C179BC
:10AF70000AF0D2FD01210546388813F050FF012167
:10AF800004460C3013F0C9FE0570DAE46046032174
:10AF900013F045FF032104460C3013F0BEFE0146BA
:10AFA000002301F8023B0130FDF7E4F8C9E400BFDB
:10AFB000C004002008000020F7FFFF7F3030F8F7C2
:10AFC000FFE3801CF105FFFF685100203451002091
:10AFD000405100200220E46802F0ACF8002840F064
:10AFE0009387637A03F0FD02DB0740F11D87012A96
:10AFF00000F21A876089227894F80180A378A189E9
:10B00000268AB4F812C0B4F814E0032840F283870B
:10B01000032940F28087B51FADB240F67A494D450D
:10B0200000F27987BCF5FA7F80F07587AEF10A05EA
:10B03000ADB240F676494D4500F26D870CF1010541
:10B04000ADB206FB05F5B5EB8E0F80F264870334D5
:10B0500000940124CDE903CECDE901860594F7F7EC
:10B0600097FE014618B9002009F004FF0146388810
:10B0700061E4E468A579E378A27820786119E61D97
:10B0800091F907C061780295CDE9036C6579019566
:10B09000247900940EF0F6FC01210546388813F05F
:10B0A000BEFE012104460C3013F037FE057048E463
:10B0B000E46825467F2615F8070BE378A2786178C7
:10B0C000CDE90356A5790295657901952479009417
:10B0D0000EF0D8FC01210546388813F0A0FE0121AE
:10B0E00004460C3013F019FE05702AE40DA8E4683C
:10B0F000FFF7ACFA0346002840F0218720780028AB
:10B1000000F096866278002A00F09286CB4A13609F
:10B11000CB4A1360A288618804F0BAF901210C2897
:10B120000546388808BF002513F079FE0121044642
:10B130000C3013F0F2FD057003E40DA8E468FFF78E
:10B1400085FA002840F0F886A578EA0702D5012D97
:10B1500000F02D870121388813F061FE012104469B
:10B160000C3013F0DAFD11230370FFF7EABB0DA8D2
:10B17000FFF76CFA002800F05F860D9CFFF7E1BB3B
:10B180000DA8E468FFF762FA002840F08585207872
:10B190000EA901F0F5FF0446002840F072859DF8E5
:10B1A000380002F063FE01210546388813F037FEAF
:10B1B000012104460C3013F0B0FD0570FFF7C1BB50
:10B1C0000DA8FFF743FA0646002800F044860D9CC0
:10B1D000FFF7B7BB0DA8FFF739FA0646002800F0C5
:10B1E00057860D9CFFF7ADBB0DA8E568FFF72EFA5B
:10B1F00088BB6C78002C00F0A5862E4604F1FF3841
:10B20000A4F1020E05F1040C804540F3F686C3B2AA
:10B210005A1CD2B2944240F2A986AEEB030250FA15
:10B2200082F296F802900CEB8202334602E09342DF
:10B2300000F09C869979494503F10403F7D1012177
:10B24000388813F0ECFD012104460C3013F065FD45
:10B25000122303700D940D9CFFF773BB0DA8E468D7
:10B26000FFF7F4F9002840F0338520780EA901F0AB
:10B2700087FF0546002840F02085E378A2786178B2
:10B280009DF838000434009403F068FD0121054660
:10B29000388813F0C4FD012104460C3013F03DFD45
:10B2A0000570FFF74EBB0DA8E468FFF7CFF9002843
:10B2B00040F0868520780EA901F062FF054600283F
:10B2C00040F07385E378A27861789DF83800043403
:10B2D000009403F083FA01210546388813F09FFD9E
:10B2E000012104460C3013F018FD0570FFF729BB4F
:10B2F0000220E46801F01EFF002800F0EC84012128
:10B30000388813F08CFD012104460C3013F005FD44
:10B310000C230370FFF715BBE268168892780023B0
:10B32000CDE90233CDE900330221B0B204F008FECA
:10B3300003210546388813F072FD032104460C30C2
:10B3400013F0EBFC0570A0F80160FFF7FABAE368B0
:10B3500018880AF0D7FB0121388813F060FD01211D
:10B3600004460C3013F0D9FC00220270FFF7E9BA52
:10B37000E36818780AF0AEFB01210546388813F01F
:10B380004EFD012104460C3013F0C7FC0570FFF799
:10B39000D8BAE36818680E909A889B798DF83E3089
:10B3A00060460721ADF83C2013F039FD0721044623
:10B3B0000C3013F0B2FC0546411C0EA80AF056FBF7
:10B3C0002870FFF7BEBAE36818680E909A889B79D8
:10B3D0008DF83E3060460721ADF83C2013F01FFD8C
:10B3E000072104460C3013F098FC0546411C0EA8BA
:10B3F0000AF002FB2870FFF7A4BA6046022113F09E
:10B400000EFD022104460C3013F087FC05460AF0BD
:10B4100099F9002368702B70FFF793BA0AF094F93A
:10B4200001210546388813F0FAFC012104460C304E
:10B4300013F073FC0570FFF784BA00BF6C51002055
:10B4400070510020E0680AF0C3F9012105463888F0
:10B4500013F0E5FC012104460C3013F05EFC05708E
:10B46000FFF76FBAE06800F11702C11D0AF03EFE57
:10B4700001210546388813F0D2FC012104460C3026
:10B4800013F04BFC0570FFF75CBAE3689A785978C3
:10B4900018780023CDE90233CDE900330EF09AFB92
:10B4A00001210546388813F0BAFC012104460C300E
:10B4B00013F033FC0570FFF744BAE36899781888F5
:10B4C000B3F80540CD0703D5DA7842F00302DA700D
:10B4D0008A0703D51A7942F003021A71D9781B79C9
:10B4E00041EA0302032A00F245854E0700F0108569
:10B4F0005D0700F00D8514F003021CBF04F1FF345A
:10B5000004F0010204F03EFE01463888FFF713BA4A
:10B51000E3681A78D10744BF07215970960744BFE2
:10B5200007229A709978587804F022FE0121054686
:10B53000388813F074FC012104460C3013F0EDFB45
:10B540000570FFF7FEB9E368604605211E8813F019
:10B5500066FC052104460C3013F0DFFB05462A1D6E
:10B56000B0B2E91C04F0E0FDEB782A792870002BDA
:10B5700093FAA3F3B3FA83F308BF4FF0FF33013319
:10B58000EB70002A92FAA2F3B3FA83F308BF4FF0EC
:10B59000FF330133A5F801602B71FFF7D2B9E068E2
:10B5A00009F0C8FF01210546388813F038FC012155
:10B5B00004460C3013F0B1FB0570FFF7C2B909F077
:10B5C0008FFF01210546388813F029FC012104462C
:10B5D0000C3013F0A2FB0570FFF7B3B960460221EF
:10B5E00013F01DFC022104460C3013F096FB0023DF
:10B5F0000370054609F072FF6870FFF7A2B9304684
:10B6000009F06CFC01210546388813F008FC012183
:10B6100004460C3013F081FB0570FFF792B901204E
:10B62000E46801F087FD0546002840F06D8420881D
:10B630006188B4F80F60B4F811C0B4F813E0031FC8
:10B640009BB243F6FC72934200F265840B1F9BB2DF
:10B65000934200F26084B31F9BB240F67A42934259
:10B6600000F25984BCF5FA7F80F05584AEF10A03EC
:10B670009BB240F67642934200F24D840CF10103F6
:10B680009BB206FB03F3B3EB8E0F80F24484637925
:10B690002279CDE904E5CDE9026C0634A57901955E
:10B6A0000094F7F775FB014600283FF4DDACDEE4BB
:10B6B0000120E46801F03EFD0346002800F091827D
:10B6C0000121388813F0ABFB012104460C3013F044
:10B6D00024FB0C230370FFF734B90DA8E468FEF7D0
:10B6E000CDFF002800F0E5830D9CFFF72AB90DA8D7
:10B6F000E468FEF7C3FF0346002800F0F1830D9CC9
:10B70000FFF71FB90DA8E468FEF7B8FF002800F0A6
:10B7100067830D9CFFF715B9E1680120FCF734FD44
:10B7200001210546388813F07AFB012104460C30CC
:10B7300013F0F3FA0570FFF704B90DA8FEF79EFFAA
:10B740000546002800F03F830D9CFFF7FAB8012062
:10B75000E46801F0EFFC002800F0638201213888E2
:10B7600013F05DFB012104460C3013F0D6FA0C23D4
:10B770000370FFF7E6B80DA8E468FEF77FFF002826
:10B7800000F040830D9CFFF7DCB80421604613F005
:10B7900046FB042104460C3013F0BFFA0346002296
:10B7A0001B2007211A7058709A70D970FFF7C9B81A
:10B7B0006046092113F033FB092104460C3013F0D5
:10B7C000ACFA0346002503F8015BC0F801505D6048
:10B7D0000646FCF76FFC2B460A4661F30703C1F3EC
:10B7E0000721120C61F30F2362F31743120A62F36D
:10B7F0001F63C6F80100C6F80530FFF7A2B8E2687B
:10B80000D64B1168196052685A606046012113F0E6
:10B8100006FB012104460C3013F07FFA002202706F
:10B82000FFF78FB8E268114602F10C0331F8020B02
:10B830000A3209F08BFB01463888FFF77CB8604676
:10B84000092113F0ECFA092104460C3013F065FAD3
:10B85000002300F8013B08210BF088F8FFF771B8CE
:10B86000E06800230EAA00F110010FF07FFA38887B
:10B87000112113F0D4FA112104460C3013F04DFAC3
:10B880000646002306F8013B0EAD07460FCDC7F86C
:10B8900001007160B260F360FFF753B8E368188885
:10B8A00004F0F8FB01463888FFF745B8E3686046C6
:10B8B00008211E8813F0B3FA082104460C3013F057
:10B8C0002CFA0546E91CB0B204F084FBA5F801602F
:10B8D0002870FFF736B8E06809F08AFC01210546B8
:10B8E000388813F09CFA012104460C3013F015FA45
:10B8F0000570FFF726B8E16800224B88088803929C
:10B900000C890294CC88019489880091114604F036
:10B9100017FB01463888FFF70EB8E06809F09EFE75
:10B9200001210546388813F07AFA012104460C30CB
:10B9300013F0F3F90570FFF704B8E26800231078FC
:10B940000121CDE90233CDE900331A460EF042F968
:10B9500001210546388813F062FA012104460C30B3
:10B9600013F0DBF90570FEF7ECBF0921604613F018
:10B9700056FA092104460C3013F0CFF903467849F2
:10B9800078481860002259601A72FEF7DABFE3683F
:10B990001E8800220621B0B209F0F6F903210546FF
:10B9A000388813F03CFA032104460C3013F0B5F943
:10B9B0000570A0F80160FEF7C4BFE26832F8026BC0
:10B9C0000021B0B209F0E0F903210546388813F0F0
:10B9D00026FA032104460C3013F09FF90570A0F8F5
:10B9E0000160FEF7AEBF0EA80EF034F90321054644
:10B9F000388813F014FA032104460C3013F08DF943
:10BA00000570BDF83820A0F80120FEF79ABFE36862
:10BA10007F249A785978187804940023CDE902336A
:10BA2000CDE9003301230EF02DF8012105463888B9
:10BA300013F0F5F9012104460C3013F06EF905708E
:10BA4000FEF77FBFE16800220E884B8803920889C9
:10BA50000290C888019089880091B0B2022104F058
:10BA60006FFA03210546388813F0D9F903210446FB
:10BA70000C3013F052F90570A0F80160FEF761BFB9
:10BA80000DA8E568FEF7E2FD002840F01381287854
:10BA90000EA901F075FB0446002840F00081691CE6
:10BAA0009DF8380002F0D0F901210546388813F0DE
:10BAB000B6F9012104460C3013F02FF90570FEF79A
:10BAC00040BFE0680024C378827841780078CDE9EF
:10BAD0000244CDE900447F2404940DF0D3FF0121FA
:10BAE0000546388813F09BF9012104460C3013F009
:10BAF00014F90570FEF725BFE3689978188804F0FB
:10BB00008FFA01463888FEF716BFE3681E880EA933
:10BB1000B0B204F08DFB05210546388813F07FF99B
:10BB2000052104460C3013F0F8F80570A0F8016008
:10BB3000BDF83830A0F80330FEF703BF0C230370C4
:10BB4000FEF7FFBE0D9CFEF7FCBE0C230370FEF754
:10BB5000F8BE12230370FEF7F4BE00BF0000002001
:10BB6000FFFF030000FFFF3FC34AC4491368086892
:10BB700023441360002112F0B5FA0D9CFEF7E1BEDC
:10BB80000121604613F04BF9012104460C3013F0FB
:10BB9000C4F812230370FEF7D4BE0121604613F0EF
:10BBA0003EF9012104460C3013F0B7F80C23037062
:10BBB000FEF7C7BE2B68002BFEF6C3AEB04AAE4BF5
:10BBC000B048002111602022196013F06EFF2B682D
:10BBD0005B422B60FEF7B5BE2B68002BEEDDFEF757
:10BBE000B0BE2078002800F08C816278002A00F036
:10BBF0008881A54A1360A54900220B60114603F015
:10BC000047FC01210C280546388808BF002513F0A1
:10BC100006F9012104460C3013F07FF80570FEF799
:10BC200090BE23792288012B0AD061888A4200F2D3
:10BC300076811F2A40F27381B1F5804F00F26F8147
:10BC40000021CDE90911CDE90711CDE90511A07B4E
:10BC50000490607B0390E01D0290A07901906079D0
:10BC60000090084601F0BEFA01210546388813F01D
:10BC7000D6F8012104460C3013F04FF80570FEF79A
:10BC800060BE0121388813F0CAF8012105460C3046
:10BC900013F043F80D9504700D9CFEF752BE012180
:10BCA000388813F0BCF8012105460C3013F035F844
:10BCB0000D9504700D9CFEF744BE0121388813F0E9
:10BCC000AEF8012104460C3013F027F80D940570EE
:10BCD0000D9CFEF736BE2078EF2800F28181B4F883
:10BCE00001806379B4F80350227A08F0180118290A
:10BCF00045EA0345E3880BD043EA02439D4200F244
:10BD00003C811F2D40F23981B3F5804F00F235811F
:10BD1000237D032B00F23E81A27D022A00F23A81AC
:10BD2000032B00F037810EA901F03AFA06460028ED
:10BD300040F08C81E37C8DF83330237E0A93E37DE1
:10BD40000993A37D0120013B00FA03F3DBB20893C2
:10BD5000637D0793237D013B00FA03F3DBB2069377
:10BD60000DF133030593A37C0493637A039304F1E9
:10BD70000C030293E37A0193A07A00902A460723EA
:10BD800041469DF8380001F02DFA02210546388819
:10BD900013F045F8022104460C3012F0BEFF057086
:10BDA0009DF833204270FEF7CCBD0121388813F096
:10BDB00036F8012104460C3012F0AFFF0D940570E7
:10BDC0000D9CFEF7BEBD0221388813F028F8022131
:10BDD00004460C3012F0A1FF05704570FEF7B1BDAE
:10BDE000224612F8011B01F0A3FF01210546388805
:10BDF00013F015F8012104460C3012F08EFF057087
:10BE0000FEF79FBD224612F8011B01F023FF01211E
:10BE10000546388813F003F8012104460C3012F06F
:10BE20007CFF0570FEF78DBD38881121FEF783BDBC
:10BE30004FF0FF33FFF76CB902F046F801210546D9
:10BE4000388812F0ECFF012104460C3012F065FF37
:10BE50000570FEF776BD0221388812F0E0FF02215E
:10BE600004460C3012F059FF054601F0FDFF2E701C
:10BE70006870FEF766BD00BF605100203851002099
:10BE800064510020405100206C510020705100206E
:10BE90000321388812F0C3FF032104460C3012F04E
:10BEA0003CFF054601F0DEFF2E70A5F80100FEF70D
:10BEB00048BD6379B4F80320B4F801102078A47960
:10BEC0000094F5F701FD01210546388812F0A7FF1F
:10BED000012104460C3012F020FF0570FEF731BD41
:10BEE00021780246F4F794FB01210546388812F0C8
:10BEF00096FF012104460C3012F00FFF0570FEF78B
:10BF000020BD4FF0FF3376E638880C21FEF713BDD5
:10BF10001221FEF70FBD38881221FEF70CBD01215A
:10BF2000388812F07CFF012104460C3012F0F5FE37
:10BF300012230370FEF705BD0D9CFEF702BD0D9C9C
:10BF4000FEF7FFBC2B78002B7FF479A901F050FCA1
:10BF500001210546388812F062FF012104460C30A9
:10BF600012F0DBFE0D940570FFF775B90130043651
:10BF7000FFF74AB91121FEF7DDBC0121388812F024
:10BF80004EFF012104460C3012F0C7FE112303704E
:10BF9000FEF7D7BC0121388812F041FF0121044689
:10BFA0000C3012F0BAFE11230370FEF7CABCE07821
:10BFB0002378E288A1886478009400F0010040F0C2
:10BFC0000200F5F781FC29460646388812F027FF63
:10BFD000294604460C3012F0A0FE0670FEF7B1BCF4
:10BFE0000121388812F01BFF012104460C3012F0A9
:10BFF00094FE12230370FEF7A4BC05F1020811E0C1
:10C0000098F80330B8F8012029789DF83800F4F743
:10C01000FFFA08F10408013C064658B914F0FF067F
:10C0200008D0344698F800000EA901F0A9F8064699
:10C030000028E5D00121388812F0F1FE01210446E4
:10C040000C3012F06AFE0670FEF77BBC01213888C6
:10C0500012F0E5FE012104460C3012F05EFE06707F
:10C06000FEF76FBC2DE9F84300230B60038A032B16
:10C070002ED9054688460C30042112F06DFE2B8A1D
:10C080004788B0F80090BB4222D31B2F20D803F082
:10C090007FFE4FEA193633460446F8B19B0817D1A4
:10C0A000D6B1012E14D12379677166F30103237190
:10C0B000E9683A46E01D13F0D0FC2146C9F30B00B5
:10C0C00003F072FE08B9BDE8F883204603F066FE6F
:10C0D0006FF01500BDE8F8830226E4E70F4B1B68FC
:10C0E0009B0117D54FF0FF324FF0FF330220FAF7D4
:10C0F0002BF90221C8F800000C3012F00EFE4FF4AC
:10C100008D730380D8F8000001210C3012F005FE79
:10C11000012303706FF06800D5E700BF080000201E
:10C12000F8B50E4B1B68DB0600D4F8BD02F10C0419
:10C1300006460D462046022112F0EFFD034640F26E
:10C1400005421A802046042112F0E7FD00270770FF
:10C15000A0F801503278C270F8BD00BF080000207E
:10C1600070B590F82030C68803F00303013B012B23
:10C1700001D900DE70BD044601F10C0528460421FA
:10C1800012F0CBFD94F8203003F00303022B0CBF18
:10C1900046F4005346F48053038094F821304380E2
:10C1A00094F82110284612F0B8FD94F8212004F1EB
:10C1B000230113F052FC0D4B1A68002ADADD0C48FB
:10C1C0000C4903680968591A91420AD201330F2EAB
:10C1D000036009D8084A32F81630013322F81630C5
:10C1E00070BD00DE0368F1E700DEF3E76851002070
:10C1F0006451002060510020405100202DE9F04F93
:10C200000379C688032B89B004460D4600F1200748
:10C210001DD0053B182B30D8DFE813F03300840223
:10C22000710297022F002F0052022F002F002F00C3
:10C230002F002F002F00A4012F002F002F006501D9
:10C240000301EC0023020C02F901D801B20090F8BE
:10C250002330033B0E2B10D8DFE813F0B7020F009A
:10C260000F00DE02A9020F0034030F000F00F702D7
:10C2700018030F0083020F00100000DE09B0BDE8B4
:10C28000F08FCC4B077EA67E94F8198093E80300CC
:10C290000B0C8DF81E3094F82030ADF81C107F4246
:10C2A00059067FB20690C6F3400600F12183C24BC7
:10C2B0005B6803F00053002E40F05383002BDDD069
:10C2C000BE4B1B689B07D9D5CDE9006694F82000CA
:10C2D00004F1220BC0F3801133465A4600F00F00E0
:10C2E000FDF740FB0028C9D194F8203003F00F037C
:10C2F000012B00F0F08394F82130A3F1060A9A1D77
:10C3000005335FFA8AFADBB25FFA82F90593564683
:10C310000C350221284612F000FD3E23037080F800
:10C3200001900121284612F0F8FC034602221A70FF
:10C330000599284612F0F1FC0123037094F820308F
:10C3400003F00F0320336B44054613F8083C437099
:10C3500009F0F8F9804580F0B0834046EA1CA91C3A
:10C3600009F0CCF9AB780233AB7085F809A00A3537
:10C3700004F128013246284613F06FFBAF557DE7E4
:10C380008D4B5B6898007FF579AF8C4B1B68190566
:10C390007FF574AF0C350221284612F0BEFC40F246
:10C3A0003E6303800121284612F0B7FC0C23037082
:10C3B0000521284612F0B1FC94F820300370A0F853
:10C3C000016094F82120002A92FAA2F3B3FA83F3D1
:10C3D00008BF4FF0FF330133C37094F8222092FA64
:10C3E000A2F3002AB3FA83F308BF4FF0FF330133FF
:10C3F000037143E70A4638463146FFF791FE0F2E98
:10C400003FF63CAF6E486F49046831F816306E4A0B
:10C410002344036013680020013B21F816001360D9
:10C420002CE7F80700F1478394F82070002F00F004
:10C430006D82614B5B6899007FF520AF5F4B1B6895
:10C4400040F20122134203F400783FF417AF0C3599
:10C45000002F40F065825C4A136801331360B8F125
:10C46000000F00F0D9820221284612F056FC41F656
:10C470003E7303800121284612F04FFC03460A2236
:10C480001A7028461E2112F048FC0770A0F80160BF
:10C4900094F82130C37094F822300371D4F823301B
:10C4A000C0F80530B4F82730A0F80930D4F82F30A0
:10C4B000C0F80B30B4F83330A0F80F30D4F829307E
:10C4C000C0F81130B4F82D30A0F81530E38EA0F884
:10C4D0001730238FA0F81930638FA0F81B3094F821
:10C4E0003C304377CAE6344B5B689B0040F1EF81F8
:10C4F000324B1B685F0340F1EA810C35022128466C
:10C5000012F00BFC40F63E1303800121284612F086
:10C5100004FC132303700821284612F0FEFB054695
:10C52000A07900F04FFE287094F82030C3F38013F8
:10C530006B70D4F82230C5F80230E38CEB80667E55
:10C5400009F000F9864205F1020704F1220880F0A3
:10C5500056823A46691C304609F0D0F86B780233AF
:10C560006B708BE6144B5B6899007FF587AE134BBD
:10C570001B689A037FF582AE0C350221284612F023
:10C58000CCFB40F23E6303800121284612F0C5FB3C
:10C59000122303700521284612F0BFFB237A037093
:10C5A0000546A07900F00EFE687063896B80637A9F
:10C5B0002B7163E680FE01000800002000000020CF
:10C5C000605100204051002034510020CC4B5B686A
:10C5D0009B007FF553AECB4B1B681F037FF54EAE20
:10C5E0000C350221284612F098FB40F23E430380AE
:10C5F0000121284612F091FB1423037003212846E1
:10C6000012F08BFB068094F82030837036E6BE4B28
:10C610001B681A027FF532AE0C350221284612F053
:10C620007CFB40F2572303800221284612F075FB61
:10C63000068023E6B24B5B6819044FF000047FF5D7
:10C640001DAE0C350221284612F067FB4FF44C73E7
:10C6500003800321284612F060FB0470A0F80160FB
:10C660000CE6A74B5B689A007FF508AEA54B1B68EC
:10C670005B077FF503AE0C350221284612F04DFB17
:10C6800040F63E2303800121284612F046FB034674
:10C69000032228461A70092112F03FFBFD0700F122
:10C6A000208294F820300370A0F80160638CA0F819
:10C6B0000330A38CA0F80530E38CA0F80730DDE54B
:10C6C0008F4B5B689C007FF5D9AD8E4B1B68D80300
:10C6D0007FF5D4AD0C350221284612F01EFB4FF435
:10C6E0009F7303800121284612F017FB112303706A
:10C6F0000021284609B0BDE8F04F12F00EBB90F8BB
:10C70000203003F00F03072B04D190F82130002BC9
:10C7100040F0B5812A462146384609B0BDE8F04FC1
:10C72000FDF7D6BA90F8203003F00F03072BF1D1B4
:10C7300090F82130002BEDD001232A4621463846BF
:10C7400009B0BDE8F04FFDF791BC90F8203003F040
:10C750000F03072BDED190F82130002BDAD0042311
:10C76000EBE7674B5B689A0040F1B780654B1B684D
:10C770009B0640F1B2800C350221284612F0CDFA1A
:10C7800040F63E3303800121284612F0C6FA062304
:10C7900003700A21284612F0C0FA0680A38C438059
:10C7A000E38C8380238DC380638D038166E590F8DD
:10C7B00024300E2B7FF462AD0B46324600211A2046
:10C7C00009B0BDE8F04FFDF747BA4D4B5B689A00E2
:10C7D0007FF554AD4B4B1B68DB067FF54FAD0C3539
:10C7E0000221284612F099FA40F63E5303800121B7
:10C7F000284612F092FA052303700C21284612F005
:10C800008CFA034623F8026B616AA26AC0F8021030
:10C810005A60A38D438131E5394B1B681F064FF0E9
:10C8200000047FF52BAD0C350221284612F075FA75
:10C830004FF4816303800421284612F06EFA01232D
:10C840000470A0F80160C37018E52D4B1B68180533
:10C850004FF000077FF512AD0C350221284612F08B
:10C860005CFA034640F60C021A802846082112F0B2
:10C8700054FA0770A0F8016094F82430C370B4F83B
:10C8800025308380B4F82730C380F7E41C4B90F840
:10C8900024401B6819067FF5F1AC0C3502212846AF
:10C8A00012F03BFA4FF4816303800421284612F012
:10C8B00034FA002C08BF1F2400230470A0F8016084
:10C8C000C370DBE40B4632463946002078E7F0B20D
:10C8D00009B0BDE8F04F00F075BC0023CDE902338C
:10C8E000CDE900331A220221304603F029FBC5E4CA
:10C8F000002104F122034246084609F01BF8D6E461
:10C900000800002000000020C004002094F822004D
:10C9100004F12903FF2204F1230109F00BF888E553
:10C92000B8F1000F40F0AD800221284612F0F5F971
:10C9300041F23E3303800121284612F0EEF9012333
:10C9400003701221284612F0E8F9C0F80180C0F8FF
:10C950000580C0F80980C0F80D8080F8118007704C
:10C960008CE4002B3FF48AAC674B1B685A057FF5BB
:10C9700085AC94F8200000F00F03012B40F0C0803C
:10C98000002304F12206C0F38011CDE900333246C2
:10C9900000F00F00FCF7E6FF00287FF46FAC0C35C9
:10C9A0000221284612F0B9F941F23E230380012109
:10C9B000284612F0B2F903460B221A7028461121BC
:10C9C00012F0ABF940F201130380054608F0BAFEFD
:10C9D000804580F08880EA1C4046A91C08F08EFE45
:10C9E000AB780233AB7094F82030C3F3C0136B7292
:10C9F000A36AC5F80A30A38DEB812F743EE494F846
:10CA00002030C3F380136B70D4F82230C5F80230A5
:10CA1000B8F80430BB8031E40221284612F07DF9D9
:10CA200041F23E3303800121284612F076F9034695
:10CA300001221A702846122112F06FF90770A0F82F
:10CA4000016094F82130C37094F8223003F00103A0
:10CA50000371D4F82330C0F80530B4F82730A0F8BB
:10CA60000930E38EA0F80B30238FA0F80D30638FD0
:10CA7000A0F80F3094F83C304374FFF7FFBB02235B
:10CA80005BE60221284612F048F941F63E73038026
:10CA90000121284612F041F90A2303701E2128467D
:10CAA00012F03BF904461D220021013012F0FDFF77
:10CAB0002770FFF7E3BB00DEB6E494F82030C3F341
:10CAC0008013AB70D4F82230C5F80330BBF80430C3
:10CAD000A5F8073049E40B2305934FF00C09B24643
:10CAE00016E400DEDDE594F82030C3F38013AB706C
:10CAF000D4F82230C5F80330B388A5F8073072E7C0
:10CB000000DE94F820003BE70000002070B500F143
:10CB10000C040E4620460221154612F0FEF840F2A3
:10CB2000135303800521204612F0F7F80123037008
:10CB3000A0F80160A0F8035070BD00BF0379032B7B
:10CB400008D0053BDBB2182B01D900207047064AFC
:10CB5000D05C704790F8203003F00303032B14BF20
:10CB600005200420704700BF58FF0100144B4FF010
:10CB7000FF32D0B51A60134B134C144A20604FF0AB
:10CB8000FF3641F6FF77C3E90067114B1148124C9D
:10CB900000260027C2E90067104A1F26002700214F
:10CBA000C3E900670E4B1160016020220D4821602F
:10CBB000196012F07AFFBDE8D040FCF78DBE00BFCF
:10CBC000705100200800002038510020C0040020CF
:10CBD00000000020645100203451002068510020E2
:10CBE000605100204051002000B583B00E4B0599E4
:10CBF0000E4ACB1A9B08A2FB032313F47F7FC3F3D7
:10CC000087020DD102320091094BD2B201210020DE
:10CC1000FBF760F910F0FD0F04D103B05DF804FBE1
:10CC200000DEEFE700DEF8E7C053002015F9AC1B8B
:10CC3000B1CD000000B50C4A0C4B821A9208A3FB40
:10CC4000023283B0920802320090094BD2B2012125
:10CC50000020FBF73FF910F0FD0F02D103B05DF8A3
:10CC600004FB00DEFAE700BFC053002015F9AC1B3F
:10CC7000D5CD000010B50C4650B9064B002201215D
:10CC800002209C60F9F7FCFC00B910BD00DE10BD6D
:10CC900000DEF2E794000020416A11B10868FCF759
:10CCA00091B87047F8B505682F6E0646002F3AD048
:10CCB0006C6E00232B66002C3CD000211723696684
:10CCC00023714FF6FF73E3801E2204F1200012F05F
:10CCD000ECFE3C2384F82030A6606B6BDBB1214670
:10CCE0003846FCF75DF8154B154AEB1A9B08A2FB7A
:10CCF000032313F47F7FC3F3870112D16C6B1223DC
:10CD000023713C224FF6FF73E18022726381B5F8F4
:10CD100076302768637221463846BDE8F840FCF754
:10CD200051B800DEEAE700DE6C6E2F6E00232B6642
:10CD3000002CC2D100DE6C6EBFE700BFC0530020E4
:10CD400015F9AC1B38B54B7F174A0C4604EB83032F
:10CD500092F800C01A6A1549137881F800C013F0E0
:10CD60000E0F01D1D8B938BD03F00F03072B07D040
:10CD70000028F8D0FCF7B4F88442F4D000DE38BDC7
:10CD80009378C3F381150028EDD0FCF7A9F884420D
:10CD9000E9D0EB07F2D56369002BEFD138BDFCF782
:10CDA0009FF88442F7D138BD6C7F00206B7F002054
:10CDB00000B17047064B10B502460C460220012117
:10CDC0009C60F9F75DFC00B910BD00DE10BD00BF2E
:10CDD000E400002000B17047064B10B502460C4637
:10CDE000022001219C60F9F74BFC00B910BD00DE68
:10CDF00010BD00BFB4000020014610F8103B7BB10D
:10CE000010B50B4B98608A6872B90A4C084B002227
:10CE1000C1E9024011460120F9F732FC10B910BDFA
:10CE2000FFF740BF00DE10BD00DE9868EDE700BFF1
:10CE3000D4000020A5CC000038B5124C20460AF0E2
:10CE4000A7F934F8042C6178A4F11C0322F443728E
:10CE5000002003EB810122F00202C4E903006061BB
:10CE600042F00E0294F864401A83096A022262F3C7
:10CE700042044FF4006506229D6683F880400870E6
:10CE80004A7038BDDC53002038B5134C6569EB6D32
:10CE9000B3B905F1500105F14C00F9F771FB0346F8
:10CEA000C0B1EB65286802F043FF0025606E656144
:10CEB000FBF770FF206E6566FBF760FF256638BDE7
:10CEC00000DE05F1500105F14C00F9F759FB03466E
:10CED0000028E6D100DEE4E7C0530020002878D126
:10CEE00030B53D4C94F88030D90785B057D563698B
:10CEF00053B193F82C2042F0020283F82C2063698E
:10CF000093F82C30DA0752D43348FBF7D1FF844230
:10CF100055D1237EDB0703AD0DD5022103912F4BA5
:10CF20000095032101220020FAF7D4FF2946FBF7E0
:10CF3000ADFF002836D102220321284B00950020A6
:10CF40000392FAF7C7FF2946FBF7A0FF50BB24481E
:10CF5000FBF7EAFF002836D11F48FBF7B5FF8442F4
:10CF60002FD1A36B1BB1186801F0A8FA08BB636945
:10CF70000BB1FFF789FF656B3DB100236363286840
:10CF8000FBF7FCFE2846FBF705FF94F880300020F5
:10CF90006FF3000384F8803002F000FC60B10020E1
:10CFA00005B030BD0C48FBF78FFF84420FD10C2039
:10CFB000F6E77830DBD0FAE708F0AEFEEFE700DE08
:10CFC000A7E700DECDE77830C6D000DEC4E700DE9C
:10CFD000EDE70020704700BFC05300206D820000C5
:10CFE000D053002010B4047804F00F0402F1FF3C89
:10CFF000072C1FFA8CFC26D0022C14D0012C3FD019
:10D000004B781033DA00A4BB43781033DB0002F511
:10D010006D7203F5B37113440CFB01334FF6FE70D0
:10D02000184010BC7047417810BC0CEB8C03C3EB6C
:10D030000310400001F1100300F5EA70DB0003FB70
:10D04000020290B27047417810BC03F0030008441C
:10D050000930C000C3F34003D8400CEB8C0C10FB2C
:10D0600002F0CCEB0C1C00EB4C0000F5EA7080B237
:10D070007047062CC8D04FF43B734FF4F371CBE7E5
:10D0800040F27C4340F21621C6E700BF03788BB123
:10D0900010B50E4B00F110019960826892B90C4CEA
:10D0A0000A4B0022C0E9024111460120F9F7E8FAD3
:10D0B00030B910BD416B11B10868FBF783BE7047F2
:10D0C00000DE10BD00DE9968E9E700BFA400002083
:10D0D00099CC0000836B1B681A7801462AB19A68C4
:10D0E000DAB9104AC3E90221704700B502F0FF0027
:10D0F0000D4A0E4B8A1A9208A3FB023283B09208A3
:10D10000023200910A4BD2B20121FAF7E3FE10F08D
:10D11000FD0F04D103B05DF804FB00DEE1E700DEA3
:10D12000F8E700BF35CC0000C053002015F9AC1B58
:10D13000D5CD00000B4A137823B90128107006D012
:10D14000002070478342FBD06FF015007047064AFD
:10D15000B2F8723003F0EF0343F01003A2F872301C
:10D16000002070476A7F0020C0530020034B1878CE
:10D17000A0F10200B0FA80F0400970476A7F0020F9
:10D18000064B93F87220D20606D593F8733083428B
:10D1900002D100200870704742207047C053002021
:10D1A000074B93F87220D20604D483F87300002052
:10D1B0000870704793F873308342F8D007207047A7
:10D1C000C053002038B9064B93F87220D20603D51D
:10D1D00093F873007047002300DE93F873007047E4
:10D1E000C05300202DE9F04F8846C249C24C074683
:10D1F00003C98BB094F880C008900CF0010C9DF826
:10D200006800039057EA0C079DF87400ADF82410ED
:10D2100002909DF854909DF85C509DF860109DF828
:10D220006CE09DF870A09DF8780040F05D81072BC0
:10D2300000F0BD80012B03F128036B4494F819C062
:10D2400013F808BC84F874E094F872304FF0010EC3
:10D250006EF3840C84F819C023F0300C4CF0300CC1
:10D2600008BF002284F872C003F01006238BA26668
:10D2700005F0070501F003016D0023F4437323F06B
:10D28000020345EA01251D43A37E258360F3410384
:10D29000A376637F04EB83031D6A2A7802F00F03F1
:10D2A000002E77D16BF303022A7002F00F02072AD7
:10D2B00000D06E704FF0010B2A7802F00E01B1FA27
:10D2C00081F1490902F0EF0261F3451282202A70D0
:10D2D00002F00F02D040C20700F1838094F8801062
:10D2E0009DF8502062F342014E0784F88010C8B2C6
:10D2F0000CD5014669F3C30184F88010169916987D
:10D300000968C4F881107D4980888880297801F0F7
:10D310000F00012800F0A881072800F0F58002F036
:10D3200001066A78002A69D0012B00F0E981072BF9
:10D3300000F0E6812B7866F386136FF3C7132B702A
:10D3400024612D7805F00F05072D64D094F829305D
:10D3500004EB8303DA6ABBF1000F40F0B280002ACD
:10D3600000F0AF801378507823F03F0343F00403BC
:10D3700013709DF8503011789B0103F0400301F0C9
:10D380003F010B43137008B90623537038460BB0A6
:10D39000BDE8F08F5B4500F07B8102F00F02072AA9
:10D3A00000F082802A786BF303022A7082E718F07B
:10D3B000100F4BD018F0200F40F00682504B07930F
:10D3C00018F0080F94F872305FFA88FC40F0EA8198
:10D3D0000CF0030C0CF128030DEB030C1CF80C3CB7
:10D3E00028E7012B3FF47AAF072B3FF477AF6A7839
:10D3F000002A40F0918184F840206FE766F386119F
:10D4000062F3C711062329706B7024612D7805F033
:10D410000F05072D9AD1BBF1000FB7D0394809F09D
:10D42000EBFE384809F0C6FE364809F0B1FE10F0B0
:10D43000FF0040F07F8194F8293004EB8303DB6A1E
:10D440001A78587065F303021A709FE708F0030317
:10D45000032B00F0A58118F0080F40F0A181039B79
:10D4600084F874E0042B04BF4FF0010CCDF80CC01D
:10D4700094F819E018BF03F0070C6CF3840E94F8CD
:10D480001AC094F8723084F819E04CF0010C84F85A
:10D490001AC023F0300C4CF0300C84F872C003F04A
:10D4A00010064FF0070BE1E6A26B002A00F06F8137
:10D4B0000021697010680493A16301F085F8049B52
:10D4C00070E7104809F098FE0E4809F073FE0D4809
:10D4D00009F05EFEC0B2002840F02C8194F829309B
:10D4E00004EB8304E26A3DE70C2738460BB0BDE845
:10D4F000F08F00BF88FE0100C0530020415400207F
:10D5000003040200E8530020AB7868F38713AB7084
:10D51000AB1C04932E1DBBF1000F00F0C680AB784E
:10D5200000213F2BE97040F22181CDE904113346FF
:10D530008E462A786EF386122A7018F0040208D0FC
:10D5400095F803C04CF0020C09F00102063685F88C
:10D5500003C095F800C062F3C71C059A85F800C0A7
:10D560002AB1EA7842F0080202330236EA70049ADD
:10D57000002A00F095800333EA7842F01002033667
:10D58000EA7001B1013318F0400F08D0049A002A64
:10D5900040F0E780EA7842F040020136EA70AA1CC7
:10D5A000B21AD2B2022A76D902F1FF3C0CF03F0C3B
:10D5B0006A70AA786CF30502AA7001B1013BEA789F
:10D5C00052060AD5199A002A00F0E68012787F2ABE
:10D5D00000F0DF8006F8012C013EBAF1040F627EF4
:10D5E0000ABF4FF0010A0AF00701514661F34712E2
:10D5F0006276049A02B1033BEA78D00600F19C807F
:10D60000059901B1023B11070AD51B88029A26F839
:10D61000023CC3F3032303EB021306F8013C023E72
:10D6200094F87230029A62F3030384F87230EB7854
:10D630009A0700F18C80DB067FF582AE07AB019381
:10D640000DF11B030093634814AB00220121F3F793
:10D650004BFD002840F0A280A36B9DF81C205A755A
:10D660009DF81B3063776BE6930103F0400301F0F4
:10D670003F012A4643EAC9130B4302F8083B1699B7
:10D680000968A96016990C23898891806B7057E608
:10D690004FF0000B10E6EE1C4FF0000C012287E764
:10D6A00018F0030F3FF46DAF66E7EB7895F802E0F2
:10D6B0008DF8183003F01001D807049103F0080129
:10D6C00003F0020C059103F040014CBF05F10A0381
:10D6D0003346BEF13F0F85F803B009D818F0200E8D
:10D6E00006D1049810B10398042803D01E4644E0E4
:10D6F0004FF0000EBCF1000F3FF41BAF063318E7EC
:10D7000094F84020344905F1080012F0A6F994F885
:10D71000403006336B700DE6052A57D9063AD2B26F
:10D720002D48049305F1080184F8402012F095F982
:10D73000049BD3E5072729E6033E0AF007020021F0
:10D740003046039300F072FEEA78039B58E7169B7D
:10D750001B6846F8063C169B9B8826F8023CEB7833
:10D7600069E7039A042A7FF415AF18E718F0200C34
:10D770007FF4DBAECDE904CC614602F0010EEA781D
:10D7800042F001023346EA7005F10A06B2E76A7018
:10D7900008E6199900220A7000221BE70746F5E502
:10D7A0001227F3E5627E84F874E04FF0010B6BF30F
:10D7B0008402627623F0300242F0300284F8722054
:10D7C00003F010063A4651E51127DFE500DE6A78DE
:10D7D000A4E700BFC05300200154002008B500F0AA
:10D7E0007BFB00B108BDBDE80840FFF725BB00BFCB
:10D7F00008B50020FFF772FB002008BD08B5002027
:10D80000FFF76CFB014B0020187008BD6A7F0020F9
:10D8100010B500F077FBA0B90A4C94F872200346CB
:10D8200063F3041204F11C0084F87220A36309F06E
:10D83000C1FC04F1280009F0BDFCBDE81040FFF771
:10D84000FBBA10BDC0530020024B00280CBF184685
:10D8500000207047C0530020044A054B801A8008FE
:10D86000A3FB0030C0F38F00704700BFC0530020FF
:10D8700015F9AC1B044A0068044B801A8008A3FB0E
:10D880000030C0F38F007047C053002015F9AC1B67
:10D8900038B9054890F8803013F0010F08BF002018
:10D8A00070470020704700BFC053002028B9044BC8
:10D8B00093F8800000F0010070470020704700BF1F
:10D8C000C053002048B9064B93F8800010F00100C7
:10D8D00004D0587E00F0030070470020704700BF5E
:10D8E000C053002038B9054890F8723013F0100F7B
:10D8F00008BF002070470020704700BFC0530020C1
:10D9000010B58468B4F8783082B053B1B4F876209A
:10D910009A4206D3616B00224323A4F878200B724D
:10D9200010E0E16F91B3A26E40F27123A2FB0323DA
:10D930008A4273F100034FF0000027D3616BE06768
:10D940003C230B72184B194AE31A9B08A2FB0323D2
:10D9500013F47F7FC3F3870222D112204FF6FF73A7
:10D960000871CA804B81B4F876304B72A06B78B1E5
:10D97000006800F08FFDC21C0D4B0094D2B2012153
:10D980000020FAF7A7FA30F002030BD102B010BD65
:10D990000232084B0094D2B20121FAF79BFAF2E767
:10D9A00000DEDAE700DEF1E7C053002015F9AC1B1A
:10D9B00075CC0000D5CD00002DE9F0418B7882B008
:10D9C00013F03F0318BFCB788DF800300546C07EBA
:10D9D0000C4608F02BFB3E4B1B78022B06462078AA
:10D9E00001D143062BD4C0F38010FAF7F3FB036890
:10D9F000C5F887308388A5F88B305EB3237843F071
:10DA000040032370A2782378970603F00F0323D0F6
:10DA1000E2788DF80420072B44D004F10208474631
:10DA200033683B60B388BB80237803F00F03012B7E
:10DA30001AD0072B14D0384602B0BDE8F081EB6E47
:10DA4000C5F88730B5F87030A5F88B3005F16C005B
:10DA5000002ED3D10646D5E7072BDED100DE25E028
:10DA60009DF800309907E6D5E87E08F0F7FA00281F
:10DA7000E1D0237843F080032370A3789A0619D06D
:10DA80002378E2788DF8042003F00F03072B1AD0D7
:10DA90000368C8F806308388A8F80A30384602B010
:10DAA000BDE8F0819DF80430D807D7D504F102080D
:10DAB000271DB5E7237803F00F03072BE8D100DE1D
:10DAC00008F10208E4E79DF80430DB07F7D5F7E733
:10DAD0006A7F002070B5037803F00F03072B82B034
:10DAE00004460E4614D183789A099B0627D0C37842
:10DAF0008DF80030012A07D9234B93F8292003EB36
:10DB00008203DB6A5B782BB39DF80030DD072AD5F2
:10DB100025461D482946FFF74FFF2B785B061BD48F
:10DB2000237803F00F03072B02D1A3787F2B03D9AF
:10DB300015483146FFF740FF002002B070BD012AB2
:10DB4000FAD9114B93F8292003EB8203DB6A5B7847
:10DB5000002BF1D10C20F0E70621F8F701FD002899
:10DB6000DED11220E9E7D806E6D5074B9B6B5A7D3C
:10DB700003EB82039D69AB789906DDD0EB788DF8D5
:10DB80000430DA07C5D4D7E7C05300201F2953D883
:10DB90002DE9F041437F00EB830390461F6A3A78FA
:10DBA000822302F00F02D340DA0782B00D4604460A
:10DBB0003AD40DF107011C3009F086FB3A7803785E
:10DBC00002F00F0223F01F03134303703B78027827
:10DBD000C3F3401363F3451202703B78D2B2C3F330
:10DBE0008013394663F38612027011F8023BD2B2F9
:10DBF000DB0963F3C712064600F8022B062211F078
:10DC00003AFF2A46414606F10800063511F025FF85
:10DC1000757094F88030DB0710D49DF80730637777
:10DC2000002002B0BDE8F08180F840100A46413083
:10DC3000414611F012FFF3E71220704794F82930A3
:10DC400004EB83033146DA6A2046F2F7DDFF002851
:10DC5000E3D0E6E710B90248FFF798BF0C20704701
:10DC6000C05300201F295ED82DE9F04190F82930DB
:10DC700000EB830382B0DE6A0F460446904600F153
:10DC80002805002E40D028460DF1070109F01CFBA5
:10DC9000037823F03F03314643F00403037011F887
:10DCA000022BDBB2C2F3801203F03F0343EA82137C
:10DCB0000370BB1D437005460622023011F0DBFEE7
:10DCC0003A46414605F1080011F0C7FE94F880304D
:10DCD000DA0707D49DF8073084F82930002002B015
:10DCE000BDE8F081627F04EB82024123116A0A7869
:10DCF00002F00F02D340DB07ECD52A462046F2F7AC
:10DD000083FF0028E6D0EAE7284609F041FAC0B2CE
:10DD100058B994F8293004EB8303DE6A0423337086
:10DD200006237370AFE7122070470720D7E700BFC4
:10DD300010B90248FFF796BF0C207047C05300206F
:10DD400010B5406991F802E0407A00F0E004802CC0
:10DD5000C0F3411C08BF40220CF10604C0F380113F
:10DD600004EB020000F103004FEAC00008BF1346B5
:10DD7000C8401EF0400F00F5EA704FEA9E120ED028
:10DD80000CF12B03DB000CF1160CCB404FEACC0C52
:10DD900003F598732CFA01FC6344184410BD022A61
:10DDA000FCD11A190CF1150C4FEACC0C03322CFAE9
:10DDB00001F3D200CA4003F598731344184410BD10
:10DDC000426990F825C0517E02EB810200EB8C0382
:10DDD000D269996A5378927891F802C0C2F3050229
:10DDE0003E339B1A4A78CCF3050C3E32A2EB0C0270
:10DDF000DBB2D2B2FFF7A4BF0860704738B5059D0B
:10DE00009DF810C02C4614F8101B0131C9B22970BE
:10DE100099B10B49C1E900028A7A0B816CF30002C7
:10DE2000084B8A720022CC60996001201146F8F7F5
:10DE300027FC00B938BD00DE38BD00DEE9E700BFD1
:10DE4000645400200401002010B50C46FFF74AFD81
:10DE500030B12368C366A388A0F87030002010BDDD
:10DE6000422010BDFB2070470120704770B5FFF7BE
:10DE700039FD20B3044690F8800010F001051BD155
:10DE8000A36B4BB11E68A56306F1240009F0B4F939
:10DE90000C493046F8F738FB04F11C0009F090F902
:10DEA00004F1280009F08CF994F872306FF3041330
:10DEB00084F87230284670BD0C25284670BD422576
:10DEC000284670BD9454002008B50020FFF7CEFF0F
:10DED0000C2818BF002008BD10B50748202108F005
:10DEE00061FD044628B9054B054801224821F8F791
:10DEF000D1FA204610BD00BF745400209454002075
:10DF00009854002008B50448044B01224821F8F732
:10DF1000C1FA002008BD00BF98540020945400208E
:10DF200070B50020FFF7DEFC00B3836BF3B11D6812
:10DF300095F8452095F84430934217D10133DCB26F
:10DF4000022C15D006203823264610FB043006EBA1
:10DF5000460605EB4606284407F072F996F83D3070
:10DF600060F3050386F83D3085F84540002070BD1C
:10DF7000002638203446EAE72DE9F04F89B01446F0
:10DF80004A7805908E1C00208DF81800BDF848E0F6
:10DF9000139802961AB18A78970640F042818A78DF
:10DFA00000276FF305028A70B84601970397B946B8
:10DFB000BA460D78227805F00F0522F03F022A4379
:10DFC00022700A782578C2F3801262F386152570D4
:10DFD0000A78EDB2D20962F3C715224606F1020CA7
:10DFE00002F8025B8D7894F802B00492AD0965F3F3
:10DFF000871BDD0784F802B040F1C6809DF81850F9
:10E0000045F001058DF8185004F10A05BAF1000F2A
:10E0100001D001F10A0C9A0740F19A809DF818A0EE
:10E020004AF0020A06358DF818A0B9F1000F01D0A8
:10E030000CF1060C13F0080900F0C4809DF818904C
:10E0400049F008098DF818904FF00209D0F801B096
:10E0500080F80090C0F8015005304D44039A0AB191
:10E060000CF1020CDA0640F1BF80C0F801509DF8B7
:10E07000189049F010098DF818904FF0030980F8B6
:10E0800000900530019A002A00F0B5804FF0000999
:10E090009DF818A01AF0100F0CF1030C18BF0335EF
:10E0A000B8F1000F40F0B38047B19DF8187047F009
:10E0B00040070CF1010C01358DF8187091F802A0A1
:10E0C0004F78CAF3050AACEB06060AF1010AF6B26C
:10E0D0005FFA8AFA564500F2B880BA4500F2E68047
:10E0E000AAEB0606F7B20CEB0702029213F4807853
:10E0F00000F0B68090F80080C0F80150B8F1000F31
:10E1000008BFB846077045440530049AAA1AD2B22F
:10E11000022A9CBFE51C01229E0540F1A7804E7893
:10E12000029BD0F80110C0F80130A6EB0A0690F867
:10E1300000A0F6B206700530BAF1000F40F0CF80B3
:10E14000002940F033810299CDF810A0D6469BE01B
:10E150001EF0020F7FF469AFB9F1000F3FF46AAF10
:10E160009DF818A091F800904AF0020A8DF818A0C6
:10E1700094F800A04FEAD91969F3C71A063584F854
:10E1800000A00CF1060C55E7049A1EF0010F02F1F5
:10E1900002057FF43BAFBAF1000F3FF43CAF9DF8AE
:10E1A00018C00D784CF0010C8DF818C094F800C020
:10E1B000C5F3801565F3861C254605F80ACB01F1E9
:10E1C0000A0C28E71EF0080F3DD1039A002A00F040
:10E1D0008D809DF8189049F00809E34602358DF8C6
:10E1E00018900CF1020C3DE71EF0100F7FF44AAFBF
:10E1F000019A002A7DD19DF818A0DDF804901AF04C
:10E20000100F18BF0335B8F1000F3FF44DAF9DF864
:10E21000188048F020080CF1120C12358DF8188087
:10E2200042E7CF788DF81C7007F00802039207F0E0
:10E23000100207F0010A07F0020907F02008019216
:10E2400007F04007B5E6CB4608E76FB3CA1C13F4E6
:10E25000807802924FF0010A4FF000077FF44AAF36
:10E260001EF4807F04BFED19B8464EE75E0521D449
:10E270001EF4007E40F09A804E780299CDF810E0AE
:10E28000A6EB0A06F6B2F24606EB0E03FB2B22DCE7
:10E2900093197344FF2B34DD01325244324402702F
:10E2A000452009B0BDE8F08FBA461FE71F2009B02E
:10E2B000BDE8F08F4E78D0F801300493A6EB0A0643
:10E2C00090F800A00299F6B2D64606EB0E03FB2B9F
:10E2D00000F10500DCDD072009B0BDE8F08F5646EF
:10E2E0004FF0000AD646CDF810A0CDE7DDF80CB00F
:10E2F000B8E69DF8189049F010098DF81890E1469D
:10E30000C6E6A378501E60F30503A3700AEB06036C
:10E31000134463703246284611F0ADFB049B23B1D1
:10E3200052461946A81911F098FBA378980639D0DF
:10E33000029BDE1BB8F1000F55D19DF818707906CD
:10E3400005D516F8013C05F8013C013E013DBA0631
:10E3500041D4019B03B1033EFB0648BF033DB9F125
:10E36000000F04D049460322284611F084FB039B8A
:10E3700003B1023E38070BD5BBF1000F3BD09BF831
:10E38000003005F8023C9BF8013005F8013C023DE5
:10E39000B90718D4FA0710D4A3789B061CBF9DF8C0
:10E3A0001830E370002009B0BDE8F08FA3786270E8
:10E3B000013A62F30503A370B7E70622B11FA81F55
:10E3C00011F059FBE8E7063E063D06223146284695
:10E3D00011F051FBDEE7123E123D12223146284673
:10E3E00011F049FBB5E7A5EB08053A46314628464A
:10E3F00011F041FBA1E7DDF814C00B489CF8722036
:10E4000002F00F0230F81210C1F30B03013120F8B3
:10E41000121005F8023C9CF872201B0A03EB021351
:10E4200003F0FF03B1E700BF7454002070B5037818
:10E430006FF30503037004460E46154608F0AEFD63
:10E440002278124B32288CBF0020012060F3861204
:10E450002270A3FB062319095B0C04D00C4AA2FB13
:10E4600006260123710920786170002D95FAA5F226
:10E47000B2FA82F263F3C71008BF4FF0FF32C1F364
:10E48000042303EB42132070A37070BD8988888831
:10E49000B5814E1B08B503494822F8F74DF8C0B2C4
:10E4A00008BD00BF9854002008B503490068482201
:10E4B000F8F742F8C0B208BD9854002070B518496A
:10E4C00048220446F8F738F8C6B2F01C04F11002EE
:10E4D0002146C0B2FAF752FD054638B994F84630E5
:10E4E00060F3000384F84630284670BD10F1780FC1
:10E4F000FAD040F66D230B4A0B490C4810F045FA50
:10E500000B482A46314610F040FA002383F3118865
:10E51000BFF36F8F0323184602DF284670BD00BF8C
:10E520009854002074FF0100B8FF0100D0FF0100E3
:10E53000F0FF010070B505462248F7F7CFFF00282D
:10E540003CD0044600F1100300F12406AB623046D3
:10E55000656108F02FFE304608F01AFE064638BB0B
:10E56000022104F1180008F001FA022104F136003A
:10E5700008F0FCF994F8445084F84550062303FB56
:10E58000054305EB450504EB450503F1380006F0AE
:10E5900057FE95F83D3060F3050385F83D3094F85B
:10E5A0004630246166F3000384F84630204670BD8F
:10E5B00000230449AB622046F7F7A6FF002420465B
:10E5C00070BD00BF9454002010B50446243008F0FC
:10E5D00013FE20460249BDE81040F7F795BF00BF83
:10E5E00094540020024B00280CBF184600207047AE
:10E5F000985400208C4690F8251000EB81011346BA
:10E60000896A6246FFF79CBB08B5054B01229860FA
:10E6100002211046F8F734F800B908BD00DE08BD45
:10E62000F40000208268526912688260FFF768B9BE
:10E630002DE9F84FC3F34008002A75D0834603F054
:10E640000307DBF804B1DFF88CA11E460D46144623
:10E650000637BBF1000F67D06B7822783B446FF32D
:10E66000050203332270DB000B9A23FA08F303EB55
:10E67000020908F093FC94F800C032288CBF0020F7
:10E68000012060F3861CAAFB09021009520C84F8D1
:10E6900000C004D0504BA3FB09235809012294F871
:10E6A00000C06070002E96FAA6FEBEFA8EFEC0F381
:10E6B000042308BF4FF0FF3E03EB4E1362F3C71C69
:10E6C00084F800C0A370D5F80431002B5DD09BF80E
:10E6D000022092060BF1030426D0E8789BF8032071
:10E6E00020BB05F1030C8AB1D40763D502F0020107
:10E6F00002F004050BF10A0402F0080201B106342D
:10E70000410748BF0CF1010C05B1013400071ED4CC
:10E7100002B102349BF80320D10605D5DBF804B121
:10E720001D46BBF1000F97D1BDE8F88F05F1040C31
:10E7300000F00101A2B909B105F10A0C10F00205BF
:10E7400032D04107E6D500070CF1070CE0D5002ACE
:10E75000E0D09CF8002022709CF801206270D8E77D
:10E7600009B105F10A0CD10754BF0BF104040BF1F8
:10E770000A0410F0020F02F0020102F0040518BFB3
:10E780000CF1060C02F00802B8E708F053FD03464E
:10E79000D0B19BF8012018460232594611F05DF9BC
:10E7A0000346C5F8040192E74207B3D50CF1010C0A
:10E7B0002A46ABE702F0020402F0040502F0080268
:10E7C00024B10BF10A049FE700DEE2E70BF1040439
:10E7D0009AE700BF89888888B5814E1B2DE9F04FE4
:10E7E0008DB08B469A46FFF77DF8002800F0DB815C
:10E7F00090F88030DB0706460BD490F872309D0607
:10E8000034D51BF0FD0F71D10C2528460DB0BDE8A5
:10E81000F08FBBF1020FF7D990F872309F0625D523
:10E82000BBF1040F2BD8152323FA0BF3DB0740F1C0
:10E83000B081002209ABBBF1040F8DF82420CDF884
:10E84000252003931DD10DF11F0301930DF11E032C
:10E8500000934FF40071039B30461746F2F744FCD7
:10E86000B8460546002D00F08C80CEE7BBF1040FC2
:10E87000CAD004D8152323FA0BF3DA073ED509AB27
:10E880000393B06B437D00EB83030DF11F01143044
:10E89000D3F8188008F018FD0024039D0746A14610
:10E8A0004FF40073CDE900953A46414630468DF865
:10E8B0002490CDF82590FFF75FFB9DF824300028C9
:10E8C00040F0458123449CB204EB0A03FB2B00F388
:10E8D0006F81D8F80431D7F80421002B00F03C8177
:10E8E000002A00F0EF8117469846D9E7BBF1040FE4
:10E8F000C5D8152323FA0BF3DC079AD4169B8DF8A1
:10E9000024A0BBF1010FCDF8253002D0BBF1030FDD
:10E91000B5D10DF11F0201920DF11E0209AB00925B
:10E920004FF40071102230460393F2F7DDFB4528C7
:10E93000054600F0F480002D7FF467AFB06B00282F
:10E9400000F0EB80BAF1BF0F00F1140040F26681D5
:10E95000169BCDF82530CDF82A3008A9BF238DF8B5
:10E9600024308DF8293008F0AFFC9DF820209DF868
:10E970001F300AF141059A42EDB2804640F0958180
:10E980004746B36B002B00F0C8801BF0FD0400F07D
:10E99000EC80002D00F091800023CDE90433BB789A
:10E9A00013F03F0318BFFB788DF8203008F042FCCD
:10E9B0000446002800F08D810023E3706370072374
:10E9C00023709DF8203013F0080117BF082104F1CF
:10E9D0000309E17004F10409D8074CBF07F10A00EC
:10E9E000381D9B0704F1020248BF063011B10388AD
:10E9F00029F8023BA9EB02035FFA83FAA378BAF184
:10EA0000020F6FF38713A3709CBF04F103094FF04B
:10EA1000010A002D40F0D180049B5344FF2B00F3EA
:10EA2000F9806370A3780AF1FF3262F30503A370E3
:10EA3000049B002B40F03D81737EDDF825907A78B1
:10EA4000C3F34115154499F8002009356FF3050209
:10EA500089F80020ED00C3F380124FEA5318D54027
:10EA600008F09CFA32288CBF0020012098FAA8F305
:10EA7000B8F1000FB3FA83F308BF4FF0FF335B0127
:10EA800089F8023099F8003003F03F0343EA80131D
:10EA900089F80030B04B05F59675A3FB05352D09B7
:10EAA00089F80150D7F8040120B10023C7F80431D8
:10EAB00008F02CFCC7F80441B36B96F88020D1070E
:10EAC00016D51C6894F8463013F0010100F0BB80A5
:10EAD00008AD294606F11C0008F0F6FB00220146AD
:10EAE0003046F2F791F8054600287FF48EAEB36BFE
:10EAF0009DF81F205A75BBF1010F50D0ABF10303F5
:10EB0000012B4CD996F87230BBF1010F94BF002253
:10EB1000012262F3451386F87230002575E6169AD5
:10EB2000CDF825209DF829200DF11F030193AAEBB4
:10EB300002020DF11E0300938DF82420039B102286
:10EB40004FF400713046F2F7CFFA0546F3E6452858
:10EB50003FF4B8AE00DEB5E60546002A3FF482AECB
:10EB600000DE002D3FF40DAF4FE6039B8DF824A08F
:10EB7000CDE90043169BCDF825303A464FF480632B
:10EB800041463046FFF7F8F9002840F0A680B36B05
:10EB900093E7169B8DF824A0CDF82530B6E69DF8B6
:10EBA0001E307377AEE7422528460DB0BDE8F08FE2
:10EBB000B84500F08980072527E69DF82430DDF868
:10EBC00025102A461944484610F047FF039B01933D
:10EBD000002300933A464FF4047341463046FFF752
:10EBE000CBF9002852D1049A0AEB05031344FF2BFA
:10EBF00010DCA37816990AF1FF3262F30503A370C3
:10EC0000049BEB18A944534463702A46484610F00D
:10EC100024FF0DE7B8453DD04525F6E508A908F0E5
:10EC200053FB9DF820109DF81F20914203463ED1D2
:10EC3000D3F8040120B10022C3F8042108F066FBD8
:10EC40000027B8469DE6B26E40F2712342F6DC30F2
:10EC5000E2FB030140F2E2420023F1F741FAA08611
:10EC6000F9F722FA08AD0E30089029462046F2F74F
:10EC70002FF8089902462046F2F76AF858BB94F834
:10EC8000463043F0010384F8463022E7B84506D009
:10EC90000546BAE5B36B9DF81F205A75BCE7B36B08
:10ECA0009DF81F205A750546AFE500DE68E600DED8
:10ECB000BEE705991A46169B29441944484610F0A8
:10ECC000CCFEB9E600DE0EE6B36B9DF81F205A7548
:10ECD00071E700DE70E60D2597E5452838D1039DE4
:10ECE000169BCDF82530CDF82A303A464FF4826392
:10ECF0004146CDE9004530468DF824A08DF829A085
:10ED0000FFF73AF9169BCDF82530CDF82A309DF85B
:10ED10002E300493AAEB030A5FFA8AF305938DF869
:10ED200024308DF82930CDE900454FF482633A460E
:10ED300041463046FFF720F928B9049B002B3FF4E9
:10ED400026AF00252BE600DE049B002BF9D11EE741
:10ED500000DEB36BB1E600BF898888882DE9F04FEB
:10ED60008FB00F46DDF860B01E46FEF7BBFD0028F1
:10ED700000F0DD80437F00EB830304461B6A1D78AF
:10ED800005F00F05072D09D0032F02D11F2E40F2E9
:10ED9000C780122528460FB0BDE8F08F90F880306C
:10EDA000DB0700F1B880032F01D0002EF1D0A36B58
:10EDB000002B00F0D9815A7D03EB82039B690493F9
:10EDC0009B787F2B40F2E58094F88030D80702D5FD
:10EDD000002E00F0A38094F8293004EB83030DF19A
:10EDE000270104F12800D3F82C9008F06DFA17F0F1
:10EDF000FD038046039300F09F80042F00F08D8177
:10EE0000012F8DF82860CDF829B040F0E7800DF192
:10EE100026030AA9002201930DF125030591009311
:10EE200020460B461146F2F75FF905460028B1D19E
:10EE3000059B01931027009740F201234246494663
:10EE40002046FFF799F84528054600F00081002D7F
:10EE5000A0D1BF2E40F2A881BF238DF82D3006F13E
:10EE60004103DBB2069340F20123CDF82EB00793A5
:10EE700098F8023013F03F0318BF98F803308DF86C
:10EE8000243008F0D7F98246002800F0BE819DF8B2
:10EE9000243000228AF803208AF8012007228AF809
:10EEA000002013F008020EBF0AF103010AF1040169
:10EEB0000822084618BF8AF80320D9074CBF08F17A
:10EEC0000A0108F104019B070AF1020748BF063155
:10EED00022B102460B8822F8023B10469AF8023013
:10EEE000C71BFFB26FF38713022F8AF8023003D8D3
:10EEF0000AF1030318460127069B002B40F03781D7
:10EF0000069B3B443344FF2B40F3BD80C84500F0D3
:10EF1000548145253EE7032F3FF449AF0C2539E7DF
:10EF20005A4631460FB0BDE8F04FFEF79BBE422572
:10EF300028460FB0BDE8F08F8DF82830CDF8293085
:10EF40000AAB5A4600270695C3460593BA461D46A6
:10EF50009046CDE900A55A4649464FF40473204631
:10EF60008DF82DA0CDF82EA0FFF706F8A8B99DF8D2
:10EF70002DC06744BFB2BB19FB2B7BDCD9F8043131
:10EF8000DBF804116BB1002900F00C818B46994627
:10EF9000DFE7002E3FF41FAFFBE64528E7D000DE99
:10EFA000E5E743460A46D84661469B4602B100DE85
:10EFB000452800F0C68000238DF825308DF82630D6
:10EFC000002840F01A81039B002B40F0A280039B95
:10EFD00006931D464FF40473079349E7032FAFD1FF
:10EFE0000DF126030AA9002201930DF125030591D5
:10EFF000009320460B461146F2F776F805460028A6
:10F000007FF4C8AE002E7FF413AF88F80160A36BC5
:10F010009DF826205A759DF82530637798F80030C2
:10F0200098F8012003F0400343F0070388F800300C
:10F03000002A40F0C78098F8003062F3861388F801
:10F0400000309DF8273084F829300025A2E6059B82
:10F0500001939DF82D300097F31A8DF82830424621
:10F0600040F2012349462046CDF829B0FEF784FF3F
:10F070000546ECE6D945069D7FF48CAE9DF8273019
:10F0800084F8293086E68AF801309AF80230013F88
:10F0900067F30503324659468AF8023010F0DDFC6A
:10F0A000637EDDF8297098F80120C3F341151544FB
:10F0B0003A7809356FF305023A70ED00C3F3801218
:10F0C0005E09D54007F06AFF32288CBF002001207E
:10F0D00096FAA6F3002EB3FA83F308BF4FF0FF337E
:10F0E0005B01BB703B7803F03F0343EA80133B7046
:10F0F000494B05F59675A3FB05352D097D70D8F8AC
:10F10000040120B10023C8F8043108F0FFF8C8F862
:10F1100004A1039B012B94D179E700200AABCDE930
:10F1200000038DF82800CDF829004FF40073424603
:10F1300049462046FEF720FF054600287FF42AAE08
:10F140007FE79DF832300693C91A00238DF82530E9
:10F150008DF82630039B8DF82D10002B57D14FF4DE
:10F1600004733546079383E600DEA36B23E69DF820
:10F170002D30DDF82E10069A1944064610F06DFC6D
:10F18000059901910799002241F010030092494628
:10F1900042462046FEF7F0FE68BB069B1E44304602
:10F1A0002E46ADE600DEF1E6D8F804010028B0D026
:10F1B000C8F8045108F0AAF8ABE7A36B9DF8272024
:10F1C0005A75A6E698F80230049898F8001002469E
:10F1D0006FF3871388F8023012F8043BC3F38013EF
:10F1E00063F38611434603F8041B4168C8F8041012
:10F1F00092889A8025E7C84501D00546CAE59DF862
:10F20000273084F829300546C4E500DE3FE6069B3A
:10F21000002BA4D17DE700BF8988888870B588B0AD
:10F220001C460D9D9DF830C02E4616F8103B01334C
:10F23000DBB22B70002B65D03849394B0C81C1E90A
:10F2400000028A7ACE606CF300028A720022996012
:10F2500001201146F7F714FA002855D1B5F84230CD
:10F2600043B10134A4B2A34228D91B1BA5F84230F4
:10F2700008B070BDB5F840000028F9D0002CF7D0D8
:10F28000284A294BAA1AA3FB0232C2F34712002ACA
:10F290003ED1002301210532A5F84200D2B2CDE9CA
:10F2A0000533CDE90311CDE9013300931846F8F792
:10F2B000B5FD10F0FD0FDBD000DED9E7B5F860102A
:10F2C000D9B1184A1944184BAA1AA3FB0232091BD8
:10F2D000C2F3471289B2FAB900230532CDE903130C
:10F2E000CDE90533CDE901330093D2B201211846AF
:10F2F000F8F794FD10F0FD0F08D10023A5F8423077
:10F3000008B070BD00DE97E700DEA7E700DEF4E797
:10F3100000DEB5F84000BCE700DEDDE7F854002071
:10F3200034010020145500201F85EB510368D96D6E
:10F3300011B10868F9F746BD704700BF00B17047CA
:10F34000064B10B502460C46022001219C60F7F7DF
:10F3500097F900B910BD00DE10BD00BF24010020E8
:10F3600003788BB110B50E4B00F1100199608268E3
:10F370009AB90C4C0A4B0022C0E902411146012007
:10F38000F7F77EF938B910BD0369D96D11B1086876
:10F39000F9F718BD704700DE10BD00DE9968E8E798
:10F3A000140100202DF3000000F0C0BA70B591F8F0
:10F3B000623043F001030C46064681F862300530A6
:10F3C00001F11002C0B2F9F7D9FDA8B900F0EAFACC
:10F3D000056A064615B12B689C4201D0002070BD1D
:10F3E00000F064FB08B178301ED1336A002BF5D0F1
:10F3F0009D42F3D100DEF1E710F1780F054613D0FE
:10F4000040F29123094A0A490A480FF0BEFA0A4815
:10F410002A4631460FF0B9FA002383F31188BFF36F
:10F420006F8F0323184602DF0C2070BD0800020016
:10F43000B8FF0100D0FF0100F0FF010070B5134CD0
:10F4400094F862309B0701D5606910B10C252846FD
:10F4500070BD2146FFF7AAFF05460028F7D194F8B2
:10F460006230E66D60F3410384F8623036B1E065E6
:10F470003068F9F783FC3046F9F78CFC0020FEF782
:10F4800007FA0028E3D106F047FCE0E71455002016
:10F4900000285FD0F0B5754C94F8623013F0020686
:10F4A0008BB00D46174657D1590708D50120F8F7FC
:10F4B00091FE0621F7F754F8002800F0C48045BB00
:10F4C00094F8380094F86230A4F84050C0F3C100BA
:10F4D000C3F38106A4F86050E56506F05DFCB4F85E
:10F4E000443094F8382003F0BF0363F0FF03920622
:10F4F000A4F8443003D5B31E012B40F2A780B4F822
:10F5000040305A48A4F842300BB0BDE8F040F2F762
:10F5100053BA5749B4F84C2042F2107305FB03F379
:10F52000A1FB03135B0AB3FBF2F39BB2A4F84030D8
:10F53000002F37D1A4F86070F9F71AFC05460028AF
:10F5400000F09180F9F720FC0346002800F0888045
:10F55000056037E0FFF772BF002971D0002A6FD035
:10F56000B4F84020002A6BD0B4F86020002A67D09D
:10F57000580707D50120F8F72DFE0621F6F7F0FF12
:10F58000002860D03A4A42F2107305FB03F3A2FB55
:10F5900003235B0AB4F84C20B3FBF2F39BB2A4F84C
:10F5A000403001263349324807FB01F1A0FB01013D
:10F5B000B5EB513F47D2490AB1FBF2F1C91AA4F8A1
:10F5C0006010002394F8380094F86250E365C0F3AB
:10F5D000C10006F0E1FBB4F8443094F8382003F0A1
:10F5E000BF0363F0FF03A4F844309306C5F381051D
:10F5F0000BD5023D012D08D8002006F0F1FB94F850
:10F60000443043F0400384F84430002E3FF477AF99
:10F6100000231948059009AD01220221CDE90322FA
:10F62000CDE9013309910695009303210522A4F841
:10F6300042301846F8F7F2FB2946F9F727FC18B1D3
:10F640000C200BB0F0BD12200BB0F0BD284606F028
:10F65000C7FB94F8443043F0400384F844304EE74D
:10F660002846F9F78BFB0720EEE700BF1455002072
:10F670005917B7D1008813006D82000008B5FFF755
:10F68000DDFE054B93F844206FF3020283F844201B
:10F69000BDE8084000F058B9145500208168B1F861
:10F6A000603003B17047B1F84030002BFAD0B1F8A8
:10F6B0004230002BF6D100B51148124AA1F8403073
:10F6C000081AA2FB0020C0F3471083B098B9CB6D95
:10F6D000421D4FF00B0CD88083F804C0D2B20091C9
:10F6E000094B01210020F8F7F5FB10F0FD0F04D1C4
:10F6F00003B05DF804FB00DEE9E700DEF8E700BFD9
:10F70000145500201F85EB513DF3000038B9084B1C
:10F7100093F8622060F3410283F86220704700DEB4
:10F72000002292F8623062F3410382F86230FFDE19
:10F7300014550020024B00280CBF184600207047CB
:10F7400014550020034A044B801AA3FB0030C0F379
:10F7500047107047145500201F85EB51044A00687C
:10F76000044B801AA3FB0030C0F34710704700BF62
:10F77000145500201F85EB51024B834218BF002017
:10F78000704700BF145500200068034B984214BF17
:10F7900000201030704700BF1455002038B90548CC
:10F7A00090F8623013F0020F08BF0020704700206D
:10F7B000704700BF14550020044A92F8623003F0ED
:10F7C000020318430CBF1046002070471455002058
:10F7D000A0B90B4A92F8623013F002000FD05069C2
:10F7E00092F838100038C1F34012C3F3400303FA13
:10F7F00002F318BF012043EA8000704700207047E1
:10F800001455002050B9064B93F8620010F0020026
:10F8100005D093F83800C0F3C1007047002070474E
:10F820001455002010B5039C9DF808C022780132C1
:10F83000D2B22270A2B10B490860887A0B810A4BC0
:10F8400000226CF30000103488724A60CC6099602A
:10F8500001201146F6F714FF00B910BD00DE10BDFF
:10F8600000DEE8E7885500205401002038B5036A1F
:10F870000446EBB1616A31B1002363620868F9F7AD
:10F880008FFAF9F799FA256A2868FFF775FFEA6A8F
:10F8900004F110039A4204BF0023EB62236A4BB1C8
:10F8A0000023236220460449BDE83840F6F72CBE09
:10F8B00000DEDFE700DEF3E7A0550020036A0BB1AE
:10F8C000FFF7D4BF00DEFFF7D1BF00BF68B108B5B6
:10F8D0000B6A6BB10748084B0022C3E902100121F3
:10F8E0000220F6F7CDFE08B908BD704700DE08BD5E
:10F8F00000DEEFE7FDF8000064010020036A6BB151
:10F90000037803F0FF023BB1012A09D183684BB9A8
:10F91000054BC0E902307047FFF7A8BF00DEEFE7F4
:10F9200000DEF3E700DEF3E7BDF8000008B50448A9
:10F93000044B01223021F6F7ADFD002008BD00BFC9
:10F94000A4550020A055002008B50448044B01220E
:10F950003021F6F79FFD002008BD00BFA455002010
:10F96000A055002038B585682B6A6BB11C6820460D
:10F97000FFF702FF78B194F86230DB0710D4284615
:10F98000BDE83840FFF772BF00DE1C682046FFF775
:10F99000F3FE0028EFD100DE94F86230DB07EED5ED
:10F9A00038BD00BF024B00280CBF1846002070472E
:10F9B000A455002008B5034900683022F6F7BCFDC5
:10F9C000C0B208BDA455002038B5056849B12B6AFE
:10F9D0000C4643B11868FFF7CFFE003818BF01206E
:10F9E0002070286A38BD00DEF4E700BF70B58B6870
:10F9F000054618680C46FFF7BFFE002836D0E368BE
:10FA0000A1680122227133B31E68336A002B40D0F3
:10FA10001868FFF7B1FE00282ED090F86230DB079F
:10FA200011D4336A002B38D0336A002B33D03378AB
:10FA300003F0FF0213B3012A31D1B368002B30D198
:10FA4000194BC6E9023621462846F9F7A9F9BDE85F
:10FA50007040F9F7B1B9CB6A002BD5D121462846C1
:10FA6000F9F79EF9BDE87040F9F7A6B9A36801223D
:10FA70002271002BC8D1F1E700DE70BD3046FFF7E0
:10FA8000F5FE21462846F9F78BF9BDE87040F9F7F5
:10FA900093B900DEBCE700DEC9E700DEC4E700DEA4
:10FAA000CBE700DECCE700BFBDF8000038B5134956
:10FAB00030220446F6F740FD04F1100506302A46D0
:10FAC0002146C0B2F9F75AFA50B110F1780F00D0C0
:10FAD00038BD2846F9F728FA10B110F1780FF7D1A0
:10FAE0000749084B0022C3E9024103200121F6F730
:10FAF000C7FD08B9002038BD00DEFBE7A455002093
:10FB00006DF800004401002008B5054B0022986004
:10FB100011460120F6F7B4FD00B908BD00DE08BDAE
:10FB20007401002083685A6892F82730DB0900F1DD
:10FB3000080101D0F2F770BEF3F7EEBA2DE9F041FB
:10FB40000668254982B004464FF4C8723046F6F77D
:10FB5000F3FC04F14C05214609F03AFA206D01AAA4
:10FB60002946F6F729FD08B3DFF870804FF6FF77D6
:10FB700098F8412298F84012531CDBB2482B08BF7A
:10FB80000023994223D008EBC20128F83270019A71
:10FB90004A6012680260019A106088F84132206D54
:10FBA00001AA2946F6F708FD0028E1D1D6F8480158
:10FBB00006F5A47138B10023C6F84831F9F77AFA8E
:10FBC00002B0BDE8F08100DED6F84801F3E700DEC0
:10FBD00000231B80FFDE00BFC80400204459002022
:10FBE00010B50C4630B92046F9F78CF9844200D0A4
:10FBF00000DE10BD00DEF6E710B50C4630B9204639
:10FC0000F9F774F9844200D000DE10BD00DEF6E79B
:10FC100010B50C4640B9074B0246012102209C60FA
:10FC2000F6F72EFD20B910BDF9F75AF98442FAD043
:10FC300000DE10BD9401002000B9704710B50C46DD
:10FC4000F9F76CF9844200D110BDF9F749F9844203
:10FC5000FAD000DE10BD00BF70B5164B1648164E28
:10FC600010224FF4C871F6F715FC00244FF6FF750B
:10FC7000A2B24FF4C8713046F6F75AFC0134102C8A
:10FC80008584F5D10D4B0E4C181D07222421F6F763
:10FC900001FC0C4B4722181D0821F6F7FBFB02F074
:10FCA000CFF90949094A0323002020600B70137023
:10FCB00070BD00BF04560020C80400204458002036
:10FCC000CC5B0020085600206E7F00206D7F002056
:10FCD00010B5044614F8103B73B10F4B9C6082685A
:10FCE000B2B90E490C4B0022C0E9021411460120A2
:10FCF000F6F7C6FC50B910BD03F0FF02084B1146E1
:10FD000001209C60F6F7BCFC0028F4D000DE10BD9A
:10FD100000DE9C68E5E700BF8401002009FB0000CD
:10FD2000740100200148F6F7D9BB00BF045600203B
:10FD30000149F6F7E9BB00BF0456002002494FF421
:10FD4000C872F6F7F9BB00BFC80400200F280246AE
:10FD500004D803484FF4C871F6F7EABB0020704797
:10FD6000C80400200F280ED810B5044622460748C4
:10FD70004FF4C871F6F7DCFB18B1838CA34200D1B5
:10FD800010BD002010BD0020704700BFC804002037
:10FD90000148F6F7A3BB00BF445800200149F6F71D
:10FDA000B3BB00BF445800200F2800F2AF802DE9FC
:10FDB000F04104460E46584822464FF4C871F6F703
:10FDC000B7FB054600285AD0838CA34257D1534A2B
:10FDD00092F8411092F840004B1CDBB2082B08BF90
:10FDE0000023984261D022F8314002EBC1014E60FD
:10FDF00082F841302B7803F0FF00002B47D0484FAA
:10FE00003B68062B55D8DFF81C81474B00220121A7
:10FE100003209D60F6F734FC95F93730002B3FDB6B
:10FE2000424C434D0FF00EF92168411AC1F30E0206
:10FE3000A2FB0523D20BC90B42EA4342DB0BE1FBD9
:10FE4000052395424FF0000171EB03051BD33948A0
:10FE50003D680168013574790C4404603648A4FBA0
:10FE60000001214452EA030404BF01220023F0F7F9
:10FE700037F93D60C8F800000020BDE8F0816FF060
:10FE80001500BDE8F081206001252A48E3E709F06C
:10FE900009FD95F93730224FDFF88880002BBFDA53
:10FEA0002146284604F04AFFBAE76FF06800BDE833
:10FEB000F08195F8723095F85820DFF86880C3F328
:10FEC000001302F003009B0000F10901DBB22430B3
:10FED000C2F340020344C900D140DB00D34001F526
:10FEE00096721344D8F80000144AB2FBF0F29A421A
:10FEF0000FD950009631013800EB4100C01A49007B
:10FF0000B0FBF1F0C0B209F0CDFC7EE76FF0150058
:10FF100070470020F7E700BFC8040020885B00207E
:10FF200000560020FC550020A4010020F8550020B8
:10FF300000CA9A3BF45500200050D6DC00E6DF0CE6
:10FF40002DE9F04F85B00F28BDF83890BDF83CA0E2
:10FF5000BDF840B0039215D804460E461C48224610
:10FF60004FF4C8711F46F6F7E3FA054650B1B0F8F2
:10FF70002480A04506D176B1022E07D0012005B01D
:10FF8000BDE8F08F022005B0BDE8F08F039BABB950
:10FF900002F0F4FA0EE0119B0193CDF800B0534645
:10FFA0004A46394602F080FA0028ECD195F93730FC
:10FFB000002B07DB002005B0BDE8F08F039902F0AD
:10FFC000EDFAF7E74146284604F0B8FEF2E700BF35
:10FFD000C80400200F281FD870B504460D460F48EE
:10FFE00022464FF4C871F6F7A3FA064658B1838C3F
:10FFF000A34208D102F008FA38B103682B600379F4
:020000021000EC
:100000002B71002070BD022070BDD6F832302B60FD
:1000100096F836302B71F4E702207047C8040020B0
:100020000F2870B502D90224204670BD05460C4643
:1000300016482A464FF4C871F6F77AFA064610B306
:10004000838CAB421FD11A2C04D8042C16D812244E
:10005000204670BD292C01D03B2CF8D121463046DA
:1000600002F09CF904460028DED196F93730002BC7
:10007000DADA2946304604F061FED5E7044BE34066
:10008000DB07EBD4E3E70C24204670BDC804002056
:10009000200038040F2870B516D8044622460F48B1
:1000A0004FF4C871F6F744FA054668B1868CA6424B
:1000B0000AD1012102F0C0F8044618B995F9373089
:1000C000002B04DB204670BD0224204670BD28466C
:1000D000314604F033FE204670BD00BFC804002046
:1000E0000F2870B515D8044622460E484FF4C87143
:1000F000F6F71EFA054660B1868CA64209D102F0D9
:10010000B3F8044618B995F93730002B04DB2046C4
:1001100070BD0224204670BD2846314604F00EFE14
:10012000204670BDC80400200F281CD870B50446B6
:100130000E4615464FF4C87102460C48F6F7F8F91A
:10014000034670B1828CA2420BD190F85840C4F3A0
:100150000204347093F85930C3F302032B7000206B
:1001600070BD022070BD0220704700BFC80400208F
:10017000024A034B10701970002070476E7F0020F8
:100180006D7F00202DE9F0430F2883B024D804466A
:10019000884617464FF4C871024617481E46F6F7C0
:1001A000C7F90546C0B1B0F82490A14514D1D0F8E4
:1001B0002031DB0515D50124009433463A464146EB
:1001C00002F0C4F8044618B995F93730002B0DDB5E
:1001D000204603B0BDE8F0830224204603B0BDE80A
:1001E000F0831A24204603B0BDE8F0834946284630
:1001F00004F0A4FDECE700BFC80400200F2813D8CA
:1002000038B504460D46094822464FF4C871F6F742
:100210008FF938B1838CA34204D190F8B6302B709B
:10022000002038BD022038BD02207047C8040020DD
:100230000F282FD838B504460D46174822464FF4EC
:10024000C871F6F775F918B3838CA34220D1C38C1B
:10025000B0F87021052B0FD801339BB202FB03F3DA
:100260000E494FF4FA7202FB03F3A1FB0313C3F32D
:100270004F332B80002038BD03FB02F2074940F2C8
:10028000E24303FB02F2A1FB0212C2F34F33F0E799
:10029000022038BD02207047C80400205917B7D18A
:1002A0000F282FD838B505460C4617482A464FF474
:1002B000C871F6F73DF9844610B3838CAB421FD169
:1002C000C38C42F2107202FB04F1052B01F1FF31E5
:1002D0000DD801339BB24FF4FA7202FB03F31944B9
:1002E000B1FBF3F189B2ACF87011002038BD40F2D7
:1002F000E24202FB03F31944B1FBF3F189B2F2E7E6
:10030000022038BD02207047C8040020FFF7A4BCBB
:100310002DE9F84304F03CFE204FDFF88490DFF82D
:100320008480002524E0E81D04F110022146C0B2BB
:10033000F8F724FE0646B0B110F1780F13D040F262
:100340004D734A46414618480EF01FFB1748324687
:1003500029460EF01AFB002383F31188BFF36F8F39
:100360000323184602DF01350023102DE3660AD06F
:10037000AAB24FF4C8713846F6F7DAF804460028F6
:10038000D1D100DECFE70A490A4AA1F84030A2F8ED
:100390004032BDE8F843FFF75FBC00BFC80400204F
:1003A00048000200B8FF0100D0FF0100F0FF01008B
:1003B000885B002044590020014B1878704700BF2B
:1003C0006E7F0020014B1878704700BF6D7F0020C2
:1003D0002DE9F84F1C4E81468A46174698464FF045
:1003E000000B02E0BBF1100F2AD01FFA8BF52A4652
:1003F0004FF4C8713046F6F79BF80BF1010B044639
:100400000028EFD0838CAB42ECD190F88051B7EB51
:10041000D51FE7D10622414600F287100FF04DFBB1
:10042000C5F380150028DDD14D45DBD104F28110E4
:10043000062251460FF041FB0028D3D1012000E0F5
:100440000020BDE8F88F00BFC80400208B6808605A
:100450001B681A782AB19A6832B9044AC3E90221A2
:1004600070470846FFF75EBB00DEF6E725FB00009D
:10047000F8B50B68DE880F2E32D80C460746324698
:1004800019484FF4C871F6F753F8054638B3838C12
:10049000B34224D102F0BEF8226892F8203003F073
:1004A0000303032B08D10123137122683946284620
:1004B000BDE8F84002F0C2B853B995F842319B0745
:1004C00003D53D2385F84431226801231371F8BD1B
:1004D00095F842319A07FAD53D2385F844312368CF
:1004E00001221A71F8BD00BFC804002010B5B0F891
:1004F00024C004464FF6FF7084450CD0A4F80431A4
:100500002046C4E93F1201F029FE94F8423113F06D
:10051000010002D110BD00DEF0E76FF3000384F8A4
:1005200042316FF08B0010BD2DE9F041304D314F5D
:1005300095F84120064627E042464FF4C8713846F8
:10054000F5F7F6FF034650B3828C6168904527D1DA
:100550000A79487902F00302022A2AD050BB03F13B
:10056000C40001F0B7FB95F8412095F840309A425D
:1005700006D00133DBB2082B08BF002385F84030DA
:10058000013E16F0FF0627D095F84030934223D065
:1005900035F83380B8F10F0F05EBC304CCD961688F
:1005A0000B796FF301030B714FF6FF70F8F750FCF6
:1005B000D9E798B193F88D21D007D0D56FF3000219
:1005C00083F88D210A7902F003000128C7D10220A7
:1005D00060F301020A71C2E7BDE8F08193F88D2152
:1005E00042F00102404683F88D21F8F731FCBAE76A
:1005F000885B0020C80400202DE9F041324A1468CD
:10060000A04205460B4604BF00211160808CA5F86E
:100610004E01182282B0012185F84C2185F86831FD
:10062000284601F0A5FD05F1C406284601F0B4FDF9
:10063000304601F037FB304601F06CFB044638B31E
:100640000379DFF8888003F00303032B0CBF034614
:1006500000230360404605F16007F5F73FFFA8B1AE
:1006600021463A46F5F796FF304601F053FB044623
:1006700070B1037903F00303032B0CBF034600237F
:1006800003604046F5F72AFF0028E9D100DEE7E7DE
:10069000AA8C0F4B00950732D2B201210020F7F748
:1006A00019FC10F0FD0F08D14FF6FF73FF20AB844B
:1006B00002B0BDE8F041FFF737BFF8F711FC854203
:1006C000F2D000DEF0E700BFCC5B0020085600202F
:1006D00011FC000038B505460120FFF725FF05F1A4
:1006E000C40001F017FBA8B1037903F0030304462B
:1006F000032B0CBF2346002307482360F5F7EEFECB
:1007000030B105F160022146BDE83840F5F742BF3F
:1007100000DEF6E738BD00BF0856002041B32DE9E2
:10072000F0414D1EDFF84C80EDB200F1C40700F13E
:10073000600612E0237903F00303032B0CBF23466A
:1007400000232360F5F7CAFE80B1013D3246214601
:10075000EDB2F5F71FFFFF2D06D0384601F0DAFAAB
:1007600004464046002CE5D1BDE8F08100DEECE710
:10077000704700BF085600200149F5F7C5BE00BF0D
:1007800008560020014B93F841027047445900205D
:1007900000B50A4B93F840C293F841E2F4450BD000
:1007A00080F800E033F83C00088003EBCC035B6882
:1007B000136018685DF804FB0020FBE74459002033
:1007C000074B93F840C2844508D003EBCC0033F8C4
:1007D0003C300B80436813601868704700207047F6
:1007E00044590020094A92F8401292F841328B4253
:1007F00009D04B1CDBB2482B08BF002352F8310054
:1008000082F8403270470020704700BF44590020F2
:1008100000B50D4A92F841C292F840E20CF1010392
:10082000DBB2482B08BF00239E4509D022F83C00CC
:1008300002EBCC0CCCF8041082F841325DF804FBDA
:1008400000DE00231B80FFDE4459002070B5537981
:10085000144605460E46002B3BD0237903F00302D5
:10086000032A0CD04FF6FF72954204BF6FF30103C9
:10087000237121462846BDE87040F8F7E9BA4FF6E3
:10088000FF739D4206D133689C421CD0002BF0D0F0
:1008900000DEEEE70F2D1ED817482A464FF4C87128
:1008A000F5F746FEE8B1214601F096FE33689C421A
:1008B000ECD111482A464FF4C871F5F739FE10B152
:1008C000838CAB4200D000202146BDE8704001F08F
:1008D00009BC00DEC1E700DE0020214601F07CFEFD
:1008E000D1E700DE214601F077FE3368A342E0D075
:1008F000002BBED0CCE700BFC80400201B207047EF
:10090000704700BF90F8423143F0020380F8423153
:10091000704700BF90F842316FF3410380F84231D5
:10092000704700BFB0F84031B0F80421981880B289
:10093000704700BF0278038E12B1581E80B2704714
:10094000418DB0F804215818104480B2704700BFA0
:1009500010B50B68C0F83230044632300B790371A1
:100960000521F5F7A5FF94F8373060F3050384F807
:10097000373010BD08B50022D0E91701F5F714FE95
:10098000B0FA80F0400908BD8A690B4600219961E0
:10099000B2B103211171818CD18093F8201002F142
:1009A000200031B91B7A052B08D0062B03D000DEBE
:1009B000704702F0D9BD1A231371704702F0B6BD1B
:1009C00000DEE6E770B504460D4600F173063346D7
:1009D00000223B3105F12B000AF0C8F9D4F87B1056
:1009E000C4F89C10D4F88C10D4F87F20C4F8AD1053
:1009F000D4F89010D4F87730C4F8A020C4F8B1101F
:100A000094F8AC2094F88B10C4F898300023D4F8F4
:100A10007300C4F8940063F3000142F0010284F80B
:100A20008B10C4E9293384F8833084F8843084F847
:100A3000853084F8863084F8873084F8883084F8EC
:100A4000893084F88A3084F8AC202946204601F0A9
:100A500067FA0646B8B1301D02F068FDF3796B7392
:100A60003146204601F072FA204602F067FA40F261
:100A700006636B8194F8723023F0180343F0180377
:100A800084F8723070BD00DEE5E700BFF8B50646B9
:100A90000C4601F045FA054688B32F1D384602F092
:100AA00023FDEB7963732946304601F04FFA304657
:100AB00003F07CFEAB68EA68C4F84720C4F8433012
:100AC0002B69C6F89030A5690023A361ADB103235B
:100AD0002F792B71B38CEB8005F12001204602F0B9
:100AE000EBFC2E2F02D00423A372F8BD2868294600
:100AF000F8F768F90423A372F8BD00DEE7E700DE2B
:100B0000CBE700BF70B504460D4601F001FA10B9FD
:100B10000623AB7270BD04F173063346002205F163
:100B20003B0105F12B000AF021F9D4F87B10C4F841
:100B30009C10D4F88C10D4F87F20C4F8AD10D4F8F1
:100B40009010D4F87730C4F8A020C4F8B11094F80D
:100B50008B2094F8AC10C4F898300023D4F87300BC
:100B600084F8833063F30001C4E9293384F88430C6
:100B700084F8853084F8863084F8873084F88830AB
:100B800084F8893084F88A3042F00103C4F8940074
:100B900084F8AC1084F88B302946204601F0C0F967
:100BA0000646A8B1301D02F0B7FCF3796B733146ED
:100BB000204601F0CBF9204603F0F8FD4FF4C16365
:100BC0006B8194F8723043F0080384F8723070BD82
:100BD00000DEE7E770B50C46897A82B005460A293F
:100BE00000F23E81DFE801F00A1E2326789E495775
:100BF00066690600002A65D002B070BD002AFBD1EC
:100C0000237A062B4FF00101284648D001F0A2F9C3
:100C10002146284601F07CF9002840F0C2800223DA
:100C2000A372E9E7002AE7D101212846EEE7002A6E
:100C3000E2D1EDE7012A00F09F80042ADCD10121F6
:100C40002846009301F09AF9009BDA780D2A00F00B
:100C5000ED80112A00F0FA8000DE1F2384F8203096
:100C6000284603F09FFD21462846FFF78DFE2846C3
:100C700002F014FA0023A372BEE7032ABCD10121BB
:100C8000284601F07BF900262846FFF743FE284658
:100C900084F820603AE0002AAED10121284601F014
:100CA00059F92146284601F033F9002845D1082397
:100CB000A372A1E7002A9FD1F3E7062A9CD1284618
:100CC000FFF720FE2146284601F022F9002840F0D7
:100CD00091800A23A3728FE7022A26D0042A8BD19F
:100CE00001212846009301F049F92846FFF712FE3A
:100CF000009BDA780D2A00F0A180112A00F0A8806C
:100D000000DE1F232846002684F8203003F04AFD29
:100D1000214628462673FFF737FE284602F0BEF923
:100D2000A67269E7002A7FF467AF2146284601F0E2
:100D3000EFF8D0B90523A3725EE72146284601F0FB
:100D4000EFF80646002800F08780301D02F0F8FB1F
:100D5000F37963733146284601F0F8F8284602F02B
:100D6000EDF840F60933638146E72146284602B094
:100D7000BDE87040FFF726BE2846CDE90023FFF707
:100D8000C1FD019B009A59689868C4F84700C4F8EF
:100D90004310D968C5F8901040F204532273638160
:100DA0002AE72146284601F0BBF80646002851D024
:100DB000311D204602F05AFBF37963733146284611
:100DC00001F0C4F8284602F0B9F8D6F81230D6F887
:100DD0001620C4F83F20C4F83B30D6F81A20C5F8D6
:100DE0008C2040F203432846638102B0BDE8704086
:100DF00003F0D4BC2146284601F092F8064668B3B9
:100E0000301D02F0A7FBF37963733146284601F0E9
:100E10009DF8284602F092F84FF60173638195F829
:100E2000723023F0180385F87230E5E61B79062B43
:100E30003FF414AF1A2B3FF411AF0EE71B79062BCA
:100E40003FF460AF1A2B3FF45DAF5AE75B79EEE7F2
:100E50005B79F4E700DEABE700DE76E700DECFE7A4
:100E600000DEC9E670B50C46897A82B005460D29C8
:100E700000F22E81DFE801F05F676A9B9F07070C95
:100E80001836393E5053002A00F0A78002B070BDDA
:100E9000002AFBD12146284601F03AF8002840F00C
:100EA000F1800723A372F1E7022AEFD1A0690023A2
:100EB000A361002800F0298103230371AB8CC38058
:100EC000237A052B00F00981062B00F0038100DE58
:100ED0002146284601F01CF8002840F0AA8009238A
:100EE000A372D3E7002AD1D1F2E7002ACED10B2397
:100EF000A372CBE7072AC9D12846012101F02AF8BD
:100F00002846FFF7FFFC2146284601F001F800289B
:100F100071D10C23A372B9E7002AB7D1F3E7082AED
:100F2000B4D140F20233638195F872306FF3041349
:100F300085F87230AAE7002AA8D1237A062BD6D0EA
:100F40000223A372A2E7002AFAD09FE7012A9DD1CB
:100F500011462846019300F0FDFF2846FFF7D2FC1A
:100F6000284601F0E3FF019B5A689968C4F82510F0
:100F7000C4F821201A7B84F829205A7B84F82A207F
:100F8000D3F80E20D3F81210C4F83F10C4F83B2059
:100F9000D3F81630C5F88C302146284600F0B8FF4B
:100FA00010BB204600F0F6FF0323A3726EE7002A71
:100FB0007FF46CAFF0E7032A0CD0042A7FF466AF0D
:100FC000062140F20362072384F82010A4F84D2084
:100FD000A3725BE70523A37258E72146284602B0B7
:100FE000BDE87040FFF78EBD2146284602B0BDE83F
:100FF0007040FFF74BBD2146284600F091FF0646A2
:10100000002800F08480301D02F0A4FAF3796373A5
:101010003146284600F09AFF284603F0C7FB40F609
:101020000D33638195F872306FF3C30385F8723026
:101030002CE72146284600F073FF0646002868D0BA
:10104000301D02F073FAF37963733146284600F0DD
:101050007DFF284603F0AAFB284603F031FD00235C
:10106000A3720121284600F089FF2846FFF752FCB1
:10107000284601F05FFF95F8723043F0100385F8C1
:10108000723003E72146284600F04AFF0646002852
:1010900041D095F8103194F84E10301D1BB1D5F8A1
:1010A00020315B071DD402F05FFAF3796373314698
:1010B000284600F04BFF284603F078FB284603F053
:1010C000FFFC94F82030062B11D0242B3FF4DEAE29
:1010D00000DEDBE61A230371FAE6203002F026FA7E
:1010E000F6E60A4694F84D1002F04AFADDE70121CF
:1010F000A172284600F042FF2846FFF70BFC284665
:1011000002B0BDE8704001F015BF00DED4E600DE9D
:1011100079E700DE94E700DEBBE700BF92F823C06A
:10112000ACF1040C02F12003BCF10D0F08D8DFE88C
:101130000CF00E14170707070711070B0707070B1B
:101140003D2380F8443170470422FFF743BD01225C
:10115000FFF740BD0622FFF73DBD0222FFF73ABD73
:101160000322FFF737BD00BF13460022FFF732BD51
:1011700092F823C0ACF1030C02F12003BCF1080F7C
:1011800006D8DFE80CF01205050F0505050C09006F
:101190003D2380F8443170470822FFF763BE0722E1
:1011A000FFF760BE0222FFF75DBE0122FFF75ABEC5
:1011B0008B7A042B04D002D9053B082B03D8704747
:1011C00005238B72704700DEF9E700BF8B7A042B92
:1011D00004D002D9053B082B0AD87047062040F2FC
:1011E0000362072381F82000A1F84D208B7270471D
:1011F00000DEF2E7887AA0F10400B0FA80F040093E
:10120000704700BF13460022FFF72CBE70B591F85F
:10121000263091F82720042B0C4603D8032B01D04D
:10122000042A0DD91343112113F0070384F8221067
:101230004FF001050CD184F822300125284670BDFD
:10124000032A0DD0134313F007034FF00005F2D02B
:10125000A68CFFF76FFB801B0304EFD42823EAE77B
:10126000112381F822300125F2E700BF10B50C46AA
:1012700089690023A36149B394F82130DB0720D5A5
:101280000B792E2B20D11D230B71838CCB8094F8EE
:10129000223081F8203090F85930C3F3020381F8EE
:1012A000223090F85830C3F3020381F821300868E7
:1012B000F7F788FD94F821306FF3000384F82130AC
:1012C00010BD01230B71F2E700DEDCE700DED3E79F
:1012D00010B58A7A032A82B08E4603461CD0052AAE
:1012E00006D00221184602B0BDE8104000F046BE0C
:1012F00090F93720002A3ADBBEF826204AB39EF840
:1013000026202AB193F8581062F3061183F858107A
:1013100008228EF80A20E4E790F93720002A24DA20
:10132000144993F858C09EF8202003C94CEA0202E1
:1013300002F0070202AC04E9030008326A4412F822
:10134000082C62F3061C062283F858C08EF80A2087
:10135000C7E793F85820C2F3020161F3061209218E
:1013600083F858208EF80A10BBE700DED8E700DECD
:10137000C2E700BF90FE010091F8202030B594072D
:1013800040D402F0070313F0010535D1032B94BFBD
:10139000002301234FEA830E754691F8203065F350
:1013A000020381F82030C3F3C202DB062DD412F011
:1013B000010424D1032A94BF002201224FEA820CA7
:1013C000644691F8203064F3C50381F8203090F82A
:1013D000583003F00703AB4208BF4FF0000E81F80E
:1013E00026E090F8593003F00703A34208BF4FF0FE
:1013F000000C81F827C030BD4FF0010ECDE74FF053
:10140000010CDEE70225AE46C7E70224A446D8E772
:10141000F8B5CE690C460546002E50D0637B666158
:101420000022162BE26106F104070BD0182B30D0F6
:1014300000DE2846314600F089FD2846BDE8F84028
:1014400001F07CBD94F8203095F88021C3F3C203ED
:1014500063F3C50285F8802194F8202095F8803147
:1014600062F3020385F8803194F8203095F8582013
:10147000C3F3801363F3C302394685F8582020462E
:1014800002F094F80221284600F064FD0223A372C2
:10149000CFE721462846FFF76FFFE38C43B9A384CB
:1014A0003946204602F0C6F84FF605736381C0E75F
:1014B000FFF740FA2B8D063303449BB2EFE700DEC3
:1014C000CE69ABE738B505460C4601F027FD10B1F3
:1014D0000123A37238BD284603F04EF90028F7D146
:1014E0002146284600F014FD0028F1D0284603F0DC
:1014F00041F90728ECD02846012103F035F92846A8
:101500000D2103F035F9162321466373284600F0B8
:1015100007FDE06121462846BDE83840FFF778BF67
:1015200038B505460C4601F0F9FC10B10423A3724E
:1015300038BD2146284600F0EBFC0028F6D005F126
:10154000C40000F0E5FB0028F0D12846FFF712FAAE
:101550000028EBD0182321466373284600F0E0FCF6
:10156000E06121462846BDE83840FFF751BF00BF83
:1015700030B5034690F858C093F9374001F00300A6
:1015800093F85910002C0CF0070502F0030201F04B
:10159000070E20DB1AB162F3020183F8591088B1FB
:1015A00093F8581060F30201024683F858109542F0
:1015B00018BF012006D030BD0028FCD060F3020126
:1015C00083F8591093F8590000F00700B0EB0E00B3
:1015D00018BF012030BD002AEED062F3020C83F860
:1015E00058C00028E3D060F3020183F85910DEE709
:1015F000F0B50C46897A85B006461546092900F2F1
:10160000E780DFE801F00505193A65946EE5B00A58
:10161000002D00F0D78005B0F0BD042DFBD1214690
:10162000FFF724FE304601F039FD0021304603F07B
:101630009FF80023A372EEE7032DECD190F837302A
:10164000DB0900F01D81AC4B90F8582093E80300B3
:1016500094F82030134304AD03F0070305E90300B9
:1016600010336B44022113F8083C63F3061241F671
:10167000060386F85820638124E0012D00F0AB803A
:10168000062DC8D1002103F06FF8D6F8203123F4DD
:101690008073C6F82031204600F07CFC94F821309D
:1016A0001A2243F0010384F8222084F8213096F8AE
:1016B0005830C3F3020262F30613092286F8583049
:1016C0000221A272304605B0BDE8F04000F056BCE1
:1016D000002DA0D12146304605B0BDE8F040FFF70F
:1016E0001FBF052D00F0BF80062D00F0A880022D41
:1016F00091D190F93720002A80F2FC8002213046F7
:10170000019303F031F8019B2046194601F088FF50
:1017100021463046FFF77AFD0546204600F03AFCA8
:10172000002D40F0CC8094F82730ABB10EE0032DB3
:101730007FF471AF90F93730002BC0F2D980E58C7F
:10174000002D00F0A18094F826302BB196F8582097
:1017500063F3061286F85820304601F0F9FB08239F
:10176000A3720221AEE7002D7FF455AFFFF7DAF840
:10177000A38CC01A03043FF54EAF94F8272094F8C9
:1017800026103046FFF7F4FE29460746304602F0A1
:10179000EBFF84F82250002F40F0A88094F820201E
:1017A000D20994F8213062F3000384F8213096F8CE
:1017B0005830C3F3020262F30613092286F8583048
:1017C000A27228E7214605B0BDE8F040FFF77ABED7
:1017D00000DE05B0F0BD0221019302F0C5FF019BC0
:1017E00094F820201946204602F00707C2F3C205EC
:1017F00001F034FF0221304600F0ACFB94F82030B9
:10180000C3F3C2022A4062F3C5031F4067F3020319
:1018100084F8203096F93730002B0CDB94F8203018
:1018200013F0380F01D05A0705D194F8203023F077
:101830003F0384F82030204600F0ACFB4AE700214B
:1018400002F092FFD6F820311A2223F48073C6F8F2
:10185000203184F82220204600F09CFB94F82130AF
:1018600043F0010321E71946204601F097FE94F862
:101870004E3084F822300021304602F075FFEAE74E
:1018800041F203736381C6E62946304602F06CFFDD
:1018900094F8203094F8212084F82250DB0963F377
:1018A000000284F8212096F8582002F0070296F8EA
:1018B000581062F30611092386F8581050E70021EA
:1018C000304602F051FF94F822300BB186F84431D3
:1018D00094F8203094F82120DB0963F3000284F8A7
:1018E000212096F8582002F00702E0E7012258E78D
:1018F00000DE24E700DE01E790FE0100F8B5CD69C7
:101900000C4606468DB3637B65610022172BE261AE
:1019100005F104070BD0182B11D000DE3046294604
:1019200000F014FB3046BDE8F84002F03FBF3946F6
:10193000304601F05FFE41F603036381EEE7214686
:101940003046FFF719FDE38C43B9A384394620469E
:1019500001F070FE4FF605736381DFE7FEF7EAFFE3
:10196000338D063303449BB2EFE700DECD69CAE74F
:1019700038B505460C4602F009FF10B10223A372E8
:1019800038BD2146284600F0C3FA0028F6D0284684
:1019900002F0F0FE0728F1D028460D2102F0E8FE03
:1019A000172321466373284600F0BAFAE061214606
:1019B0002846BDE83840FFF7A1BF00BF38B505464F
:1019C0000C4602F0E3FE10B10423A37238BD214699
:1019D000284600F09DFA0028F6D0284602F0CAFEFC
:1019E0000728F1D005F1C40000F092F90028EBD1EE
:1019F0002846FEF7BFFF0028E6D028460D2102F05A
:101A0000B7FE182321466373284600F089FAE06187
:101A100021462846BDE83840FFF770BF70B50C4638
:101A2000897A06461546092900F2A280DFE801F00E
:101A30005D6209050D0514A02C4E022D00F0938067
:101A400070BD002D00F0898070BD002DF8D12146B9
:101A5000BDE87040FFF7B2BF032DF1D11946204613
:101A600001F0DEFD21463046FFF7D0FB054620465B
:101A700000F090FA002D00F0898094F82230282B95
:101A800019D186F8443116E0002DD9D1FEF74AFF6E
:101A9000A38CC01A0304D3D494F8272094F82610FA
:101AA00084F822503046FFF763FD94F8213060F34C
:101AB000000384F8213096F85830C3F3020262F331
:101AC0000613092286F85830A27270BD042DB7D1D2
:101AD0002146FFF7CBFB304602F0F2FF00213046F3
:101AE00002F046FE0023A37270BD002DA8D1012391
:101AF000A37270BD1946204601F06EFD94F82020B7
:101B000096F88031C2F3C200C3F3C2010140C3F3AF
:101B10000203C2F30200034043EAC10322F03F0282
:101B2000134384F8203096F93730002B0ADB94F801
:101B3000203013F0380F1DD194F8203023F03F03EC
:101B400084F820300221304600F004FA012D7FF4A1
:101B500077AF96F83730DB090FD021463046BDE825
:101B60007040FFF705BF2146BDE87040FFF7B0BBEE
:101B700000DE70BD5A07E5D1DEE7204600F00AFA24
:101B800021463046BDE87040FFF718BF304602F0EE
:101B900013FE0823A37270BD92F823C0ACF1070CAA
:101BA00002F12003BCF1110F0AD8DFE80CF0200984
:101BB00009090909090909091D09090909091A1762
:101BC00000B5242383B080F84431019101F066FA16
:101BD000019900238B7203B05DF804FB0222FFF72A
:101BE00007BD0122FFF704BD0522FFF701BD062254
:101BF000FFF7FEBC13460022FFF7FABC1346032290
:101C0000FFF7F6BC38B58B7A082B02D002D8072B29
:101C100010D038BD092B0DD105460C46FFF726FB29
:101C2000284601F03BFA0021284602F0A1FD0023DE
:101C3000A37238BD00DE38BD10B592F823E0BEF1C6
:101C4000160F02F120030BD0BEF1180F0DD0242384
:101C50000C4680F8443102F033FF0023A37210BD1C
:101C6000BDE810400122FFF7D9BEBDE810400322B5
:101C7000FFF7D4BE13460022FFF7D0BE1346022260
:101C8000FFF7CCBE00230422FFF7C8BE0023037079
:101C900043608360C3600361704700BF0378013312
:101CA0000370704703785BB9C3687BB102691AB1EE
:101CB000816861B10B6082600023C360036170477B
:101CC000013BDBB20370002BEED0704770474360DE
:101CD000F1E700BF03783BB100230C300B60436891
:101CE00043B1196041607047002304300B604368C2
:101CF000002BF6D101604160704700BF00230B60EC
:101D0000836813B1196081607047416081607047DA
:101D1000406870470346406828B1996802685A6075
:101D2000884208BF9A6070474078A0F10C00B0FA72
:101D300080F04009704700BF4078A0F10800B0FA79
:101D400080F04009704700BF4078A0F10200B0FA6F
:101D500080F04009704700BF4078A0F11700B0FA4A
:101D600080F04009704700BF4078A0F10D00B0FA44
:101D700080F04009704700BF4078A0F10100B0FA40
:101D800080F04009704700BF4078A0F10900B0FA28
:101D900080F04009704700BF4078A0F10600B0FA1B
:101DA00080F04009704700BF4078A0F11800B0FAF9
:101DB00080F04009704700BF4078A0F10300B0FAFE
:101DC00080F04009704700BF4078A0F10500B0FAEC
:101DD00080F04009704700BFF8B5064608460D463A
:101DE000F4F77CFB044680B100274560067247612A
:101DF00087612C22394620300DF057FE4FF47F4387
:101E0000FF2262726381A381A7732046F8BD00BFE1
:101E10004078A0F10200B0FA80F04009704700BF9E
:101E20004078A0F10100B0FA80F04009704700BF8F
:101E30004078A0F10200B0FA80F04009704700BF7E
:101E40004078A0F10900B0FA80F04009704700BF67
:101E50004078A0F10100B0FA80F04009704700BF5F
:101E60004078A0F10100B0FA80F04009704700BF4F
:101E70004078A0F10200B0FA80F04009704700BF3E
:101E80004078A0F10900B0FA80F04009704700BF27
:101E90004078A0F11800B0FA80F04009704700BF08
:101EA0004078A0F10100B0FA80F04009704700BF0F
:101EB0004078A0F10100B0FA80F04009704700BFFF
:101EC0004078A0F10900B0FA80F04009704700BFE7
:101ED0004078A0F10300B0FA80F04009704700BFDD
:101EE0004078A0F10300B0FA80F04009704700BFCD
:101EF0004078A0F10300B0FA80F04009704700BFBD
:101F0000416809B1F4F700BB00DE4168F4F7FCBAA0
:101F1000024B1868003818BF01207047C401002028
:101F200010B50448F4F7DAFA04460430FEF7E8FC8A
:101F3000204610BDC401002008B50120F6F756FF69
:101F4000003818BF012008BDF6F76CBFC430FFF79A
:101F5000D5BE00BF38B590F8363105460C461BB1EA
:101F60001C4385F8364138BDC430FFF797FE95F81D
:101F700036311C4385F8364138BD00BF90F8363104
:101F800023EA010180F8361101B17047C430FFF730
:101F900089BE00BF836943B11A792E2A04D02E224C
:101FA0001A71836902691A60704700DE8369F3E77A
:101FB00083694BB11A792E2A00D0704701221A7119
:101FC00081690868F6F7FEBE00DE8369F2E700BFAC
:101FD0008B6913B11A792E2A08D0CB692BB1D0F8AE
:101FE0003C211A60CB69C0F83C3170471B68D0F8BF
:101FF00038215A608B6901221A718B69C0F8383117
:10200000EBE700BFF8B50D4F05463846F4F766FA22
:10201000044680B1002647600572466186612C2225
:10202000314620300DF041FD4FF47F43FF226272B4
:102030006381A381A6732046F8BD00BFB4010020D0
:1020400010B50A4B102258685021F4F723FA084BB8
:10205000102258685021F4F71DFA064BBDE81040D5
:10206000586840222C21F4F715BA00BFBC010020AB
:10207000B4010020C401002038B50446002500F05A
:10208000E1FF2046C4E9365584F8E45002F0FAFC3A
:10209000C4F80851C4E93A5584F8F650A4F8F4504D
:1020A000A4F8F850C4F80B51A4F82851C4F8105102
:1020B000C4F81451C4F81851C4F81C51C4F8205184
:1020C000C4F82451F5F7F6FF94F8723084F83651CD
:1020D000C4E94801C4E94E5523F0180384F872306E
:1020E000258638BD08460149F4F70EBAC401002020
:1020F00010B5B0F8E24082B0034624B1A1420FD23D
:10210000641AA0F8E240B3F8F20020B181420FD285
:10211000401AA3F8F20000231846137002B010BD55
:10212000019200F0A1FE019A58B1037A0A2B03D064
:1021300022236FF07300F0E790F820306FF0730007
:10214000EBE700DEF1E700BF034B0B44B3FBF1F319
:10215000A0F8F830704700BFFF59620210B504467E
:1021600002F098FC2046BDE8104000F073BF00BFAD
:1021700010B5044611B1012907D010BD02F0C0FC12
:102180002046BDE8104000F0ADBF02F0CDFC204677
:10219000BDE8104000F0B4BF70B5D0F83841064635
:1021A00034B1206821464468F6F7FAFD002CF8D1D6
:1021B000D6F83C410023C6F838313CB1054D2046E5
:1021C00024682946F4F7A0F9002CF8D10023C6F8BA
:1021D0003C3170BDC401002090F93730002B14DA77
:1021E00070B504460E46032009491546FFF7F4FD75
:1021F000014640B180F8206080F82150204600F070
:10220000FFFD002070BD0C2070BD0C20704700BF8A
:10221000BC01002010B5074904460120FFF7DCFD92
:1022200028B10146204600F0EBFD002010BD0C2037
:1022300010BD00BFBC01002038B504460D46022089
:102240000849FFF7C9FD58B190F8203065F3000345
:10225000014680F82030204600F0D2FD002038BD35
:102260000C2038BDBC01002010B5074904460420ED
:10227000FFF7B2FD28B10146204600F0C1FD002065
:1022800010BD0C2010BD00BFBC010020F8B50546F4
:1022900090F93700002825DB0F4605201249164625
:1022A0001C46FFF799FD0146E0B13B687A68C1F82A
:1022B0002520C1F82130337881F82930737881F8EE
:1022C0002A306268A36828462568E468C1F8374068
:1022D000C1F82B50C1F82F20C1F8333000F090FD29
:1022E0000020F8BD0C20F8BDBC010020F8B5054663
:1022F00090F93700002825DB0F46062012491646C4
:102300001C46FFF769FD0146E0B13B687A68C1F8F9
:102310002520C1F82130337881F82930737881F88D
:102320002A306268A36828462568E468C1F8374007
:10233000C1F82B50C1F82F20C1F8333000F060FDF8
:102340000020F8BD0C20F8BDBC0100202DE9F041B3
:1023500005468846072010499DF8186017461C4618
:10236000FFF73AFDA8B1E30008F0070803F03803CF
:10237000BF0143EA080307F040073B4343EAC613A3
:10238000014680F82030284600F03AFD0020BDE8E4
:10239000F0810C20BDE8F081BC01002038B5044676
:1023A0000D4600F0F1FE204602F054FC07490A20D9
:1023B000FFF712FD38B1014680F82050204600F0AA
:1023C0001FFD002038BD0C2038BD00BFBC0100201F
:1023D00038B590F93730002B12DB04460D460B2040
:1023E0000849FFF7F9FC014650B12B68C0F82230CC
:1023F0002B7980F82630204600F002FD002038BD01
:102400000C2038BDBC01002008B590F93730002BF6
:1024100008DB00F029FD20B1037A0B2B0CBF223022
:10242000002008BD02F0AEF9F5E700BF70B5064622
:102430000D4602F0A7F920B1037A053B012B0446B3
:1024400001D90C2070BD01463046FEF7D3FE0028AE
:10245000F7D029686A68AB68ED68C4F83750304631
:10246000C4F82B10C4F82F20C4F833302146FEF7EF
:102470009FFE002070BD00BF38B5054602F082F90E
:1024800020B1037A053B012B044601D90C2038BD4D
:1024900001462846FEF7AEFE0028F7D02846214622
:1024A000FEF794FE002038BD2DE9F8430546D0F82C
:1024B0002001BDF820801E4683070F46914617D4A1
:1024C00095F93730002B1FDB2A490820FFF784FCE1
:1024D0000446002C42D0237A082B0FD0092B16D0AB
:1024E00000DE2846214600F08BFC0020BDE8F88382
:1024F00020490920FFF770FC0446EAE7A4F8289079
:102500006685A4F82C80ECE71A20BDE8F883099BC7
:10251000E784A4F828906685A4F82C8003B31B8870
:102520002387099B5B886387099B9B88A387099BFB
:10253000DB88E387099B1B89A4F84030099B5B89F2
:10254000A4F8423095F93730002BCADA2846FDF757
:10255000F5FB0146284602F0F1FBC2E70C20C5E777
:10256000054A4FF0FF33C4E90E23A4F840304FF67C
:10257000FF73E5E7BC0100200000FFFF10B5044633
:1025800002F000F910B1037A092B00D010BD01460A
:102590002046BDE8104001F051BF00BF38B50446E9
:1025A0000D4602F0EFF810B1037A092B00D038BDC8
:1025B00080F8205001462046BDE8384001F042BF77
:1025C00008B502F0DFF828B1007AA0F10900B0FAEE
:1025D00080F0400908BD00BF38B505460C4600F044
:1025E00043FC10B14369A3420ED0284602F0CAF85A
:1025F00010B14369A34200D038BD224601462846A7
:10260000BDE8384002F0E0B901462246284600F015
:10261000E3FCEAE710B5044600F026FC18B10146D9
:10262000204600F0FDFC204602F0ACF8014620B147
:102630002046BDE8104002F0F7B910BD2DE9F04189
:1026400092F82130144605460E46002B42D092F8EF
:1026500023301E2B2AD9284600F006FC07462846C0
:1026600002F090F80146002F63D0FA7A94F82330F4
:1026700000284CD09342C07A55D03A7B002A61D0D2
:10268000984252D00A7B002A4FD1072B71D0112BD0
:1026900004D14A7B94F824309A4246D023463246ED
:1026A00039462846BDE8F04100F056BC454A52F88C
:1026B00023202AB104F12000904770B194F8233010
:1026C000022BC8D10123224631462846BDE8F041FD
:1026D00002F046BAFF2382F82330284600F0C4FBFC
:1026E00030B194F82320C37A9A420ED0037B63B9A9
:1026F000284602F047F8002851D094F82320C37AE6
:102700009A4202D0037B002BDDD0BDE8F0819342DA
:10271000C4D03A7B002AC1D1072B4DD0112B4BD00E
:102720000D2BBBD0CEE798421CD11F2385F8443136
:10273000EBE70028C6D0234632462846BDE8F041E4
:1027400002F0D6B8072B2CD0112B18D0B3F10D0204
:1027500018BF012298421FD00B7BEBB9002A9DD0F5
:102760002423E3E70A7B002ADFD1072B91D0112B2A
:1027700094D14B7B94F824209A42D6D08EE77A7B72
:1027800094F82430D21A18BF0122112804D0087BF3
:1027900010B9487B9842E1D1002ACCD1C5E7034665
:1027A00091E77A7B94F82430D21A18BF01220728C7
:1027B000EDD1002ABFD1B8E77A7B94F824309A4251
:1027C00080D16BE788000200F8B58D6900260C46C1
:1027D00007468E612DB3012603232B71BB8CEB8042
:1027E000237A022B05F1200112D0042B02D000DE47
:1027F00046B1F8BD637A0C2BF9D1384600F010FED3
:10280000002EF6D128682946BDE8F840F6F7DABA76
:10281000637A072B0DD0092BE9D1384600F04CFD27
:10282000E6E7FFF791FB05460028D5D100DE0071F1
:10283000FFDE204600F0ECFCDAE700BF70B506468C
:102840000C46FFF76DFB054600284ED0237A013B6E
:10285000291D092B06D8DFE803F0141A20270505E7
:102860000505052D00DEEB79637329463046FFF739
:102870006DFB237A0A2B24D03046BDE8704000F06F
:102880005DBB084600F09EFC1323E372EBE7304685
:1028900000F0CCFC0923E372E5E7204600F084FD5C
:1028A000FF236561E372DEE7084600F0A7FD0C2315
:1028B000E372D8E7204600F091FDFF236561E372E3
:1028C000D1E7F38CB6F8761140F2E24202FB03F353
:1028D00042F2107202FB013101393046B1FBF3F1D3
:1028E000BDE8704089B200F02FBB00DEAEE700BF4C
:1028F000F8B506460C4601F049FF20B10323002538
:10290000A3722846F8BD21463046FFF701FB054675
:102910000028F3D021463046FFF702FB074660B39C
:10292000237A022B07F1040020D0042B14D0012BB2
:1029300017D000DEFB79637339463046FFF706FB9C
:10294000304601F033FF0423A372304602F0B8F89A
:102950000023A3722846F8BD00F050FDFF23E37268
:10296000E8E700F039FCFF23E372E3E70146304675
:1029700000F080FCFF23E372DCE700DED0E700BF5D
:1029800038B50B7A013B0C460546092B10D8DFE819
:1029900003F0050509110F0F0F0F0F1DBDE838409B
:1029A000FFF7A6BF284602F08BF80023A37238BDBC
:1029B00000DE38BD90F80831002BF3D1FFF798FF07
:1029C0000028F4D0012385F8083138BD90F937305C
:1029D000002B02DB02238B7238BD02F071F894F8F1
:1029E00020300022A27285F8443138BD38B50B7A08
:1029F000013B0C460546092B14D8DFE803F005150A
:102A00000D231313131313324B7A072B04D0132BFC
:102A100002D0242385F84431284600F03FFB0023F0
:102A2000A37238BD00DE38BD4B7A072B01D0092BCD
:102A3000EFD194F82030DB07EED521462846FFF78A
:102A4000C3FEE9E74B7A0C2BE3D18B698BB12146AE
:102A50002846FFF7B9FE284600F020FB0023A372AA
:102A600038BD00F01BFB00221623A27285F844310A
:102A700038BDFFF761FA0028E9D1284600F05EFA78
:102A80000423A37238BD00BF70B50E7A731E0C46C6
:102A90000546092B06D8DFE803F0070E4D22050591
:102AA0000505053F00DE70BD00F038FA00285DD056
:102AB0000123A37270BD00F031FA0028F8D121463D
:102AC0002846FFF725FA0028F2D021462846FFF7CE
:102AD000B5FE6369002B08BF0326A67270BD90F88F
:102AE0000831002B3AD100F019FA0028E0D1214634
:102AF0002846FFF70DFA0028DAD021462846FFF7CE
:102B00009DFE6269002A4FF001030CBF03220222DE
:102B1000A27285F8083170BDFFF7FAF90028C7D016
:102B200021462846FFF78AFE1622022384F8202039
:102B3000A37270BD00F0F2F90028B9D121462846F1
:102B4000FFF7E6F90028B3D021462846FFF776FEC6
:102B50006369002B18BF0226A67270BD0C220023E9
:102B60004A728B61BDE87040FFF740BF214628469E
:102B7000FFF7CEF900289BD021462846FFF75EFEDE
:102B80006369002B0CBF03230223A37270BD00BF37
:102B90008B7A022B04D002D9033B012B07D8704754
:102BA0000B7A032B01D00A2BF9D1FFF71FBF00DEF0
:102BB000704700BF38B58B7A032B05D001D9042BA1
:102BC00000D138BD00DE38BD054692F823000C4622
:102BD000831E02F120016072172B0DD8DFE803F08D
:102BE0000C0C0C0C0C1B0C170C0C130D0C0C0C1FF0
:102BF0000C0D0C0C0C0C0C0D00DE21462846BDE81B
:102C00003840FFF7F3BE284600F020FCF5E72846E1
:102C100000F09EFBF1E7204600F0F6FAEDE72046D3
:102C200000F0BCFCE9E700BF38B58B7A032B05D870
:102C3000012B0AD8BDE83840FFF726BF042B03D18B
:102C40000B7A042B0C4601D000DE38BD0546FFF799
:102C500073F90028F9D021462846FFF7B5FD28462C
:102C600000F01CFA0023A37238BD00BF38B58B7A80
:102C7000012B06D002D9023B022B00D838BD00DE62
:102C800038BD054692F823000C46831E02F1200150
:102C90006072172B1AD8DFE803F00C1919191919EB
:102CA0001B19191923191B1919191319191919198C
:102CB000191F204600F09EFB08212846FFF74AF91D
:102CC00021462846BDE83840FFF75ABE00DEF7E748
:102CD000284600F00FFBF3E7284600F077FBEFE70C
:102CE000284600F0B3FBEBE738B58B7A0C46054677
:102CF000042B1AD8DFE803F0140F03100F000B7A2F
:102D00000A2B10D1284601F0DBFE94F82030002277
:102D1000A27285F8443138BDBDE83840FFF730BEB7
:102D200001238B7238BD00DEECE700DE38BD00BF4A
:102D300070B5044607F064FF68B1D4F8D85045B1C7
:102D4000D4F8DC202B68C4F8D830954208BFC4F80A
:102D5000DC30284670BD05460121032007F016FF30
:102D60002A46064601210320F3F756FCD4F8D85032
:102D700045B1D4F8DC202B68C4F8D830954208BFA0
:102D8000C4F8DC30002EE4D0012211460320F3F712
:102D900043FC284670BD00BFF8B506460C4607F058
:102DA0002FFF68B1D6F8D850AC421FD1A3690BBB36
:102DB0003046FFF7BDFF2046BDE8F840FFF7A0B85A
:102DC00005460121032007F0E1FE2A4607460121BE
:102DD0000320F3F721FCD6F8D850002FE4D00122CD
:102DE00011460320F3F718FCAC42DFD000DEA369E4
:102DF000002BDDD01B792E2BDAD100DED8E700BF07
:102E0000F8B505460C4607F0FBFE40B100232360F1
:102E1000D5F8DC30F3B11C60C5F8DC40F8BD0646DF
:102E20000121032007F0B2FE3246074601210320AC
:102E3000F3F7F2FB2660D5F8DC3083B11C60C5F8EF
:102E4000DC40002FEAD00122BDE8F8401146032003
:102E5000F3F7E2BBC5F8D840C5F8DC40F8BDC5F8CB
:102E6000D840C5F8DC40ECE770B5054607F0C8FE71
:102E700018B1D5F8D840204670BD04460121032082
:102E800007F084FE2246064601210320F3F7C4FB27
:102E9000D5F8D840002EEED0012211460320F3F7DA
:102EA000BBFB204670BD00BF38B50546FFF7DCFF11
:102EB000037A013B04460A2B2DD8DFE803F006060F
:102EC00006061A1A20141406260001460022284677
:102ED000FFF7AAFEA37B03B938BD21462846BDE80B
:102EE0003840FFF759BF01460022284601F076FA24
:102EF000F0E7014600222846FEF736F9EAE70146E8
:102F000000222846FEF776FEE4E701460022284626
:102F100001F0A6FADEE700DEDCE700BF90F8E4008F
:102F2000A0F10100B0FA80F040097047012380F859
:102F3000E4307047002380F8E4307047B0F8F83090
:102F4000A0F8E230704700BFA0F8E210704700BF61
:102F50000023A0F8E230704738B50C468969054671
:102F600010461A46F9B1217A01390A2932D8DFE828
:102F700001F0060606062222271D1D062C0021460A
:102F80002846FFF717FEA36923B11B792E2B1CBF20
:102F90000023A361A37B03B938BD21462846BDE8C1
:102FA0003840FFF7F9BEA3612061DCE721462846DF
:102FB00001F0C0F9E7E721462846FEF7AFF8E2E75F
:102FC00021462846FEF7E8FDDDE72146284601F0C8
:102FD0003DFAD8E700DED6E738B50B7A072B0C466A
:102FE000054619D00A2B944606D0032B04D0A37BA8
:102FF0000022626153B938BD624621462846FFF778
:10300000C7FDA37B00226261002BF4D02146284635
:10301000BDE83840FFF7C0BEFEF7F0FDE7E700BFB0
:1030200038B50B7A072B0C46054608D0A37B03B9AD
:1030300038BD21462846BDE83840FFF7ADBEFEF753
:10304000E1FDF3E70222002380F8E020A0F8E2305F
:10305000704700BF38B590F8E0300446032B1AD80B
:10306000DFE803F002100F10FFF7FEFE48B1057A0B
:103070002046FFF719FF0A2D14BF0123032384F80C
:10308000E03038BDFFF7F0FE0028FAD02046BDE85A
:103090003840FFF709BF00DE38BD00BF10B590F81B
:1030A000E0300446032B1BD8DFE803F00D020C02CE
:1030B000FFF7DAFE90B100230122A4F8E230827318
:1030C00084F8E03010BDFFF7CFFE28B100220123C5
:1030D000A4F8E220837310BD00DEF7E700DEEAE724
:1030E00000DE10BD90F8E030022B03D001D9032B95
:1030F00004D17047002380F8E030704700DE70474D
:1031000038B590F8E0300446032B3AD8DFE803F0F6
:103110000926121320462946FEF75AFF2846FEF7D5
:10312000EFFE2046FFF704FE05460028F2D10223F9
:1031300084F8E03038BDFFF7FBFD05460028F6D0E7
:1031400029462046FEF744FF2846FEF7D9FE2046D2
:10315000FFF7EEFD05460028F2D1E8E7FFF7E8FDAE
:1031600005460028E3D029462046FEF731FF2846D1
:10317000FEF7C6FE2046FFF7DBFD05460028F2D12C
:10318000D5E700DE38BD00BF38B50546FFF7D0FDF6
:1031900068B1044621462846FEF71AFF2046FEF78E
:1031A000AFFE2846FFF7C4FD04460028F2D10024F4
:1031B000A5F8E2402146284601F0D6FA85F8E0401D
:1031C00038BD00BF03780121122243F003030370CE
:1031D0004170C270704700BF03780121132243F091
:1031E000030303704170C270704700BF0B784FF04B
:1031F000020C43F0030307220B7081F801C0CA7070
:1032000090F84C300B7170470B7980F84C30704758
:103210000B784FF0020C43F0030307220B7081F888
:1032200001C0CA7090F84C300B71704710B50B7824
:103230000C460922082143F00303E17062702370F9
:1032400090F93730002BACBF0B460E23E370F4F738
:1032500031FF002261F30702C1F3072C0B0C6CF362
:103260000F2263F317421B0A63F31F626060A260C0
:1032700010BD00BF38B50C460546F4F71BFF237898
:1032800043F00303237009236370E370D5F8203102
:10329000217263F0FF031840020C0B0CC0F30725EA
:1032A0002071C1F30721100AA2711A0AE071657139
:1032B0006172A372E27238BD0B78092243F00303F6
:1032C0000B704A70CA70D0E94623100CC2F3072C69
:1032D0000A711A0C81F805C088714FEA102C0B7224
:1032E000C3F30720130A81F807C048728A72CB72B1
:1032F000704700BF2DE9F0414B68144F8E685A0F9C
:1033000082EA137202F001021F4000219318494122
:103310009B18054641F1000887EA0374F4F7CAFEDA
:1033200004EA0003C5F8203163F0FF0306F0EF065E
:103330003B4046EA0878C5E9463608EA0101012221
:10334000C5F8241185F81021BDE8F0812FCF87F74B
:103350002DE9F0414A68134F8E68530F83EA1273C8
:1033600003F00103D91807EA02074FF000025241A7
:10337000C918054642F1000487EA0178F4F79AFE7D
:1033800006F0EF0646EA0474C5E9467608EA00004E
:103390000C400123C5F82001C5F8244185F81031FF
:1033A000BDE8F0812FCF87F70B784FF0030C43F087
:1033B000030319220B7081F801C0CA7090F8203005
:1033C0000B7190F821304B71704700BF0B7980F87A
:1033D00028314B7980F82931704700BF0B780222E1
:1033E00043F003030B704A70CA7090F820300B71E1
:1033F000704700BF0B7980F8203070470378074A88
:10340000C0F805204FF0060C43F0030340F60C51C2
:10341000037080F801C0A0F803107047F105FFFFAA
:103420000B784FF0060C43F003030C220B7081F86D
:1034300001C0CA7090F80A310B71B0F80B31A1F8D5
:103440000530B0F80D31A1F807307047012380F83E
:1034500009310B7980F80A31B1F80530A0F80B3149
:10346000B1F80730A0F80D31704700BF10B50B78E8
:10347000172443F0030303224C700B70CA70D0F87A
:103480002130D0F825208A604B6090F829300B73EA
:1034900090F82A304B7301F10E0407F0B1FB0C21B8
:1034A00020B12046BDE8104003F06ABA2046BDE8CE
:1034B000104003F05BBA00BF0B78032243F0030314
:1034C0004FF0170C0B7081F801C0CA70D0F8213092
:1034D000D0F825208A604B6090F829300B7390F863
:1034E0002A304B73704700BF10B503780D210422BA
:1034F00043F0030341700370C270841807F080FB2F
:103500000C2120B12046BDE8104003F039BA204616
:10351000BDE8104003F02ABA03780121052243F0E8
:10352000030303704170C270704700BF037801212C
:10353000062243F0030303704170C270704700BF5E
:10354000037801210A2243F0030303704170C27023
:10355000704700BF037801210B2243F0030303707F
:103560004170C270704700BF037801714FF0020CC8
:1035700043F003030D22037080F801C0C27070474E
:103580000378017143F003034FF0030C0370112320
:1035900080F801C0C3704271704700BF0B7980F89A
:1035A0004D304B7980F84E30704700BF0B784FF0AC
:1035B000030C43F0030316220B7081F801C0CA709C
:1035C00090F82030C3F3C2034B7190F82030C3F35E
:1035D00002030B71704700BF0A7990F8203062F344
:1035E000C50380F820304A7962F3020380F8203066
:1035F000704700BF0B784FF0030C43F00303172212
:103600000B7081F801C0CA7090F88031C3F3C20317
:103610004B7190F88031C3F302030B71704700BF08
:10362000CB8883840B7980F826304B7980F827305B
:10363000704700BF0B784FF0050C43F003031822CE
:103640000B7081F801C0CA70838CCB8090F8263053
:103650000B7190F827304B71704700BF0A7990F8D2
:10366000203062F3C50380F820304A7962F3020308
:1036700080F82030704700BF0B784FF0180C43F0F3
:1036800003030F220B7081F801C0CA70C38C8B80BA
:10369000038DCB80438D0B81838D4B8190F834302B
:1036A0000B73C38EA1F80D30038FA1F80F30438F39
:1036B000A1F81130838FA1F81330C38FA1F8153012
:1036C000B0F84030A1F81730B0F84230A1F8193006
:1036D000704700BF0B784FF0180C43F00303102223
:1036E0000B7081F801C0CA70C38C8B80038DCB80B6
:1036F000438D0B81838D4B8190F834300B73C38ED7
:10370000A1F80D30038FA1F80F30438FA1F81130CD
:10371000838FA1F81330C38FA1F81530B0F8403073
:10372000A1F81730B0F84230A1F81930704700BF47
:103730008B88C384CB8803850B8943854B8983851C
:103740000B7B80F83430B1F80D30C386B1F80F3000
:103750000387B1F811304387B1F813308387B1F88C
:103760001530C387B1F81730A0F84030B1F81930E0
:10377000A0F84230704700BF8B88C384CB88038594
:103780000B8943854B8983850B7B80F83430B1F8F6
:103790000D30C386B1F80F300387B1F8113043877D
:1037A000B1F813308387B1F81530C387B1F81730FB
:1037B000A0F84030B1F81930A0F84230704700BF8F
:1037C0000B78002243F003034FF00C0CCA700B700F
:1037D00081F801C090F823300B71036B094AA2FBFA
:1037E00003239B0AA1F80530438DA1F80930038D0E
:1037F000A1F80730838DA1F80B30838CA1F80D3030
:10380000704700BF5917B7D10B7980F82330B1F852
:10381000053040F2E24202FB03F30363B1F80930E2
:103820004385B1F807300385B1F80B308385B1F8D3
:103830000D308384704700BF0B784FF0080C43F0C5
:10384000030301220B7081F801C0CA70038CA1F838
:103850000930D0F822304B6090F826300B72704758
:10386000B1F8093003844B68C0F822300B7A80F835
:1038700026307047F8B5CE6900230C46074615463A
:10388000CB6136B30F2D06F104010DD0112D13D0ED
:1038900075B100DEF379637331463846FEF756FBA7
:1038A000237A092B10D0F8BD2046FFF7E5FEF1E79B
:1038B0002046FFF785FFEDE7084694F8202094F8AE
:1038C0002110FFF75DFEE5E73846BDE8F840FFF759
:1038D00035BBFEF725FB06460028D3D100DED1E735
:1038E0008B6900228A6113B3192293F804C01A71FC
:1038F000828CDA8091F8202083F820204AB90A8D42
:103900005A844A8D9A848A8DDA84BCF12E0F0AD0AB
:103910007047C28C5A84028D9A84B0F87621DA847A
:10392000BCF12E0FF4D118681946F5F74BBA00DE3A
:10393000DAE700BF30B5C38C0A8D4C8D8D8D934274
:1039400085B002D1038DA34214D0012381F8223027
:1039500002950B6BCDE900240C7A91F82320898C19
:103960000391A4F10801B1FA81F14909EEF7F4FDE0
:1039700005B030BDB0F876315B1B18BF0123E5E719
:10398000F8B5CD6900230C4607461646CB618DB3CA
:10399000291D112E0AD8DFE806F0200909090909B6
:1039A000091C0909090909090909241400DEEB7930
:1039B000637329463846FEF7C9FA237A092B14D0D7
:1039C000F8BD084694F8202094F82110FFF7D8FDA0
:1039D000EDE72046FFF70AFCE9E72046FFF7F0FE97
:1039E000E5E72046FFF776FEE1E73846BDE8F84018
:1039F00000F0DCBEFEF794FA05460028C8D100DED0
:103A0000C6E700BF2DE9F0411B4E336804460D4662
:103A10002BB1834203D00123AB72BDE8F081204675
:103A2000FFF77CFA0028F6D1204600F0A5FE0746F5
:103A30000028F0D129462046FEF76AFA0028EAD08D
:103A40002046FCF777FF01218046204600F08CFEDF
:103A5000A5F8368085F834700F2229462046346058
:103A6000FFF708FF94F83730DB090CBF41F202037F
:103A700004236B81D1E700BFCC5B0020C38C052BF6
:103A800003D9028DB2F5486F01D9002070479342E7
:103A9000FBD8438DB3F5FA7FF7D200B5B0F82CC050
:103AA000ACF10A0189B240F6764E714502D9002088
:103AB0005DF804FB01339BB202FB03F3B3EB8C0F05
:103AC000F5D290F8340090428CBF00200120EFE73F
:103AD00038B504460D46FFF721FA20B9294620469D
:103AE000FEF716FA30B910212046FEF733FA032309
:103AF000AB7238BD04F1C400FEF70AF90028F2D118
:103B00002046FCF737FF0028EDD029462046FEF777
:103B100007FAAB69E86143B32E221A7195F8342095
:103B20000121002385F823102B634AB12B8DE98CEA
:103B3000B3FBF2F313FB02F39BB2994298BF2B85C0
:103B40002046FCF7F7FE238D063303442946AB8459
:103B500020460022FFF78EFE4FF606736B8120464B
:103B60001021BDE83840FEF709BAFEF7E5F910B9B3
:103B70000723AB7238BDAB69002BCDD1FEF7E4F95A
:103B80000346A861C8E700BF38B504460D4600F0FB
:103B9000FDFD20B929462046FEF7BAF930B91021BB
:103BA0002046FEF7D7F90923AB7238BD04F1C400F3
:103BB000FEF7AEF80028F2D12046FCF7DBFE002825
:103BC000EDD029462046FEF7ABF9E861FEF7B4F9DF
:103BD00010B90C23AB7238BDAB695BBBFEF7B4F90F
:103BE0002E23A861037195F834200121002385F864
:103BF00023102B634AB12B8DE98CB3FBF2F313FB3B
:103C000002F39BB2994298BF2B852046FCF792FEA7
:103C1000238D063303442946AB8420460022FFF758
:103C2000AFFE4FF60B736B8120461021BDE8384084
:103C3000FEF7A4B900DED1E770B506460C4600F0E9
:103C4000A5FD10B10623A37270BD0546214630467E
:103C5000FEF75EF90028F5D0112221463046FFF725
:103C60008FFE304600F02CFF237A092B04D1044B41
:103C70001A68964208BF1D600023A37270BD00BF82
:103C8000CC5B0020F8B5294A136806460C468BB178
:103C900083420FD002238B7200F078FD054620B9D5
:103CA00021463046FEF734F968BB2046BDE8F840AF
:103CB000FEF770B9218DF38C16609942628DA08D4C
:103CC00012D0A5690023A36175B303232F792B714B
:103CD000B38CEB8005F120012046FFF7CDFC2E2FA1
:103CE0001DD00423A372F8BD338D9342E9D1B6F8F9
:103CF00076318342E5D12046FEF75AF900220523AA
:103D0000A261A372F8BD4FF472632146238430464A
:103D1000FFF792FF2046FEF74BF9A561F8BD286832
:103D20002946F5F74FF8DCE700DECEE7CC5B002054
:103D3000F0B50C46897A83B005460C2900F2E18083
:103D4000DFE811F012001E002C00350041004C008D
:103D50006000DF0063006E007700B6000D00002AEF
:103D600000F0D48003B0F0BD002AFBD1237A082BE9
:103D700000F00481092B40F0C4800123A372F1E715
:103D8000012AEFD120461946FFF7D2FC2046FFF763
:103D900075FE28B940F61E7323842CE0012AE1D871
:103DA0002146284603B0BDE8F040FFF76BBF002A6C
:103DB000D8D10192FEF7C0F8019A002840F0F980AE
:103DC0000323A372CEE7032A00F09D80042AC9D101
:103DD0000F22062384F82120A372C3E7002AC1D151
:103DE00095F93730002B80F2C78094F8203073B1FA
:103DF0000F2384F821302146284603B0BDE8F04067
:103E0000FFF71ABF002AADD1F5E7002AAAD128464C
:103E100000F0BCFC002800F0B4800823A372A1E7E6
:103E2000002A9FD12146284603B0BDE8F040FFF7A5
:103E3000ABBE022A96D195F83720C2F3C011D20941
:103E400000F0AE8019462046FFF7DEFC218D628D22
:103E5000A68D8B1F9BB240F67A40834200F2BC8055
:103E6000B2F5FA7F80F0B880A6F10A039BB240F663
:103E70007640834200F2B080531C9BB201FB03F3F7
:103E8000B3EB860F80F0A8802846FCF753FDA38C87
:103E90001B1A47F6FE729BB2934240F2C48028235D
:103EA00085F84431284600F00BFE0023A37259E741
:103EB000002A7FF457AF2846FCF734FDA38CC01AC4
:103EC00003043FF54FAF21462846FFF733FD237A21
:103ED000092B00F0838094F82260002E40F08A8045
:103EE0002046FEF765F8A661284600F0E9FD237A32
:103EF000092BDAD1554B1A689542D6D100221A60A7
:103F0000D3E700DE2EE70523A3722BE7FEF714F8B4
:103F100000283FF427AFA369002B40F09480FEF700
:103F200013F82E23A061037194F83420012100239B
:103F300084F8231023634AB1238DE18CB3FBF2F3A1
:103F400013FB02F39BB2994298BF23852846FCF7E6
:103F5000F1FC2B8D063303442146A384284600221E
:103F6000FFF70EFD4FF60B7310212846638103B057
:103F7000BDE8F040FEF702B8A26153E70A23A3723E
:103F8000F0E621462846FDF7C3FF00283FF445AF81
:103F9000102221462846FFF7F3FC0A236381E1E65D
:103FA00084F84C10284600F0F1FB58B30D23A3729F
:103FB000D8E6A669A261002E43D003233779337176
:103FC000AB8CF38006F120012046FFF755FB2E2F26
:103FD00024D00423A372C5E61E2361E7284600F01F
:103FE000EBFB237A092B7FF476AF94F82030002B7B
:103FF0003FF471AF002384F8203021462846FFF7B4
:104000006FFC71E721462846FDF782FF0028CDD0DE
:10401000072221462846FFF7B3FC65E730683146A2
:10402000F4F7D0FED5E72046FDF7B4FF0B23A372CB
:104030002846FCF77FFCA38CC31A1A043FF592AE06
:1040400041E700DEB9E700DE69E700BFCC5B002096
:1040500070B506460C46FEF761FF10B10523A3724A
:1040600070BD054621463046FDF752FF0028F5D0C9
:104070002946304600F078FB112221463046FFF7F2
:10408000F9FB3046FFF70AF8237A092B02D0002308
:10409000A37270BD96F93730002B06DB064B1A6809
:1040A0009642F4D100221A60F1E73046FEF788FA12
:1040B0000028F3D0EBE700BFCC5B002070B50C46C6
:1040C000897A82B006461546072912D8DFE801F042
:1040D00009131C3C457A7D04002D00F0AD8002B030
:1040E00070BD002DFBD1237A082B00F09580092BA1
:1040F00003D000DEF3E7002DF1D12146304602B0B7
:10410000BDE87040FFF77EBC032D00F0D280042D87
:1041100000F08480012DE2D119462046FFF72CFBE8
:104120003046022100F020FB2046FFF7A7FC0028C4
:1041300040F0E48041F21E0323842146304602B061
:10414000BDE87040FFF784BF002DC8D1214630463E
:1041500002B0BDE87040FFF7BBBC032D00F0B98092
:10416000042D00F0B880022DB9D119462046FFF782
:104170004BFB228D608DB4F82CC0931F9BB240F690
:104180007A418B4200F2B280B0F5FA7F80F0AE80C7
:10419000ACF10A039BB240F676418B4200F2A68056
:1041A000431C9BB202FB03F3B3EB8C0F80F09E80A9
:1041B0002946304600F0D8FA2046FDF7EBFE0623EC
:1041C000A3728CE7002D8AD1B7E7002D87D1FCF7C9
:1041D000A9FBA38CC01A030481D42946304600F001
:1041E000C3FA21463046FFF7A5FB237A092B00F0DE
:1041F0008D8094F82250002D40F094802046FDF7E9
:10420000D7FEA5613046FEF749FF237A092B45D03A
:104210000023A37202B070BDA56197E7304602216A
:1042200000F0A2FAD6F8203123F002032046C6F8A7
:104230002031FDF7AFFE89E7FDF77EFE00283FF451
:104240004EAFA06900286FD02E23037194F834205C
:104250000121002384F8231023634AB1238DE18CCC
:10426000B3FBF2F313FB02F39BB2994298BF238591
:104270003046FCF75FFB338D063303442146A384AD
:1042800030460022FFF7F6FA4FF60673102130464B
:10429000638102B0BDE87040FDF770BE96F937301B
:1042A000002B2DDB224B1A689642B1D100221A60F6
:1042B000AEE75A791A2AB1D00021019300F054FADE
:1042C000019B5B7984F8203021463046FFF708FBDC
:1042D00098E75B79F6E7D0F820311A2223F0020341
:1042E000C0F82031214684F82020EEE70021304636
:1042F00000F03AFA1E2386F8443183E7204698E717
:104300003046FEF75DF90028CCD081E73046FEF755
:104310001FFE237A092B7FF46CAF94F82030002B1A
:104320003FF467AF0023CDE7FDF70EFEA0618BE7FA
:10433000CC5B002010B592F823C082B0044602F195
:104340002003BCF1110F0AD8DFE80CF02C09090991
:104350000909092509090909090909091E17242359
:1043600080F844310191FEF799FE01990B7A092BEF
:104370001FD000238B7202B010BD0322204602B072
:10438000BDE81040FFF79ABE0122204602B0BDE80A
:104390001040FFF793BE0422204602B0BDE8104053
:1043A000FFF78CBE0222204602B0BDE81040FFF7A6
:1043B00085BE94F93730002B06DB074B1A68944210
:1043C000D7D100221A60D4E720460191FEF7F8F811
:1043D00001990028F1D0CCE7CC5B002013460022E5
:1043E000FFF76CBE70B592F8235002F1200335B18F
:1043F0000F2D09D1BDE870400122FFF799BCBDE83F
:1044000070400222FFF794BC24230E4680F844310A
:10441000044600F055FB337A092B05D1044B1A688A
:10442000944204BF00221A600023B37270BD00BF23
:10443000CC5B002013460022FFF77ABC0023032246
:10444000FFF776BC00230422FFF772BC10B52423CB
:104450000C4680F84431FEF721FE0023A37210BD04
:1044600070B58B7A012B0C4605460AD9022B06D172
:10447000FCF758FA238CC01A030408D570BD00DE7F
:1044800070BDFEF74BFD88B10123A37270BD002102
:10449000284600F069F904F122012846FCF758FA91
:1044A0002846FEF7FBFD0023A37270BD284600F0EE
:1044B00063F90028E8D121462846FDF729FD0028A8
:1044C000E2D00121284600F04FF92846FCF732FAE5
:1044D0002B8D06330344214623842846FDF720FD17
:1044E000064660B1311D2046FFF7A6F9F3796373E4
:1044F00031462846FDF72AFD0223A37270BD00DE77
:10450000F0E700BF92F82330012B70B505460C464A
:1045100007D0242380F8443100F0D2FA0023A3729C
:1045200070BD8B7A012B04D013F0FD0FF8D000DEA4
:1045300070BD02F120012046FFF792F92846268C33
:10454000FCF7F8F9361AB6B247F6FE739E4202D867
:104550000223A37270BD282385F84431284600F059
:10456000AFFA0023A37270BD38B58B7A012B04D04B
:10457000022B0C4602D09BB100DE38BD0546FCF78D
:10458000D1F9238CC01A0304F7D404F12201284680
:10459000FCF7DEF9284600F093FA0023A37238BD39
:1045A00001238B7238BD00BF70B5D0F8E8500446C7
:1045B0001DB394F8F430012B03D1022384F8F030BA
:1045C00070BD29462046FDF7A3FC0028F5D02946FA
:1045D0002046FDF7A5FC064688B1311D2846FEF7AA
:1045E00005FEF3796B7331462046FDF7AFFC0123DE
:1045F000AB73002384F8F03070BD00DED9E700DE35
:10460000EBE700BF70B5D0F8E8500446A5B394F8C6
:10461000F430012B03D1012384F8F03070BD29461A
:104620002046FDF775FC0028F5D029462046FDF709
:1046300077FC064678B32046FEF716FC2A7A037A02
:10464000934206F1040019D0082B19D02A2194F8BE
:1046500010311BB1D4F820315B0716D4FEF784FF6C
:10466000F3796B7331462046FDF770FC0123AB7381
:10467000002384F8F03070BD00DEC8E72321E6E7B0
:10468000092A14BF2A212321E1E70A4694F8F710EA
:10469000FEF776FFE4E700DECDE700BF8B7B8BB152
:1046A000D0F8E83099420ED18A69A2B9D0F8ECC0AE
:1046B0001A68C0F8E8209C4508BFC0F8EC200846FE
:1046C000FDF71EBC704700DE8A6922B9D0F8E830D9
:1046D000002BF4D0EAE713792E2BF7D100DEF5E7B3
:1046E00038B5D0F8E8502B7A013B04460A2B39D86C
:1046F000DFE803F0060606061A1A241010062E003C
:1047000000222946FEF7F0FA29462046BDE8384047
:10471000FFF7C4BF29460022FFF78CFE294620463A
:10472000BDE83840FFF7BABF29460022FCF76AFD12
:1047300029462046BDE83840FFF7B0BF2946002291
:10474000FDF798FA29462046BDE83840FFF7A6BF96
:1047500029460022FFF708FF29462046BDE83840D9
:10476000FFF79CBF00DECFE780F8F610704700BF70
:10477000704700BF0020704790F8F500003818BF60
:1047800001207047D0F8E800704700BF90F8F400AF
:10479000A0F10100B0FA80F040097047012380F8D1
:1047A000F4307047002380F8F4307047B0F8F830E8
:1047B000A0F8F230704700BF0023A0F8F230704735
:1047C00038B5D0F8E840A4B10546D5F8EC20236808
:1047D000C5F8E8309442214608BFC5F8EC302846B9
:1047E000FDF7F6FB2046FDF78BFBD5F8E840002CE3
:1047F000EBD138BDF8B505460C4631B1042903D1DB
:10480000FFF7DEFF85F8F040F8BDD0F8E860002E35
:10481000FAD0337A90F8F67090F837E0112B12D86E
:104820003249012000FA03FC0CEA0101F1B10A2B24
:1048300015D05BB185F8F5402846FFF751FF0323FB
:1048400085F8F030F8BD00DE337AF0E792F82330D7
:1048500086F84C302846BDE8F840FFF7A5BE28464C
:10486000FFF73EFF052385F8F030F8BD1CF4386FE4
:10487000E9D00A2BF3D0002BE8D00FB90446D9E7D2
:104880001EF0800F10D1012F20D0022FBCD128465E
:10489000FEF7EAFA327A037A934222D0082B1ED02E
:1048A0002A2385F84431F8BD012FEED12846FEF7C2
:1048B000DBFA08B1FF23C372012385F8F5302846DF
:1048C000FFF70EFF032385F8F030F8BD92F8233090
:1048D00085F8F7302846BDE8F840FFF793BE092A6F
:1048E000DED1232385F84431F8BD00BF7FF40300F7
:1048F00038B50C468969054610461A46237AD1B167
:104900000B2B5BD8DFE803F00C06060606363646AE
:104910003E3E064E21462846FEF7A8F9A16921B180
:104920000B792E2B1CBF0023A36121462846BDE82E
:104930003840FFF7B3BEA26120610B2B3ED801A126
:1049400051F823F0B549010015490100154901004E
:10495000154901001549010075490100754901001B
:10496000954901008549010085490100154901006B
:10497000A549010021462846FCF7FAFBA169002958
:10498000CED1D2E721462846FFF72CFDA1690029A8
:10499000C6D1CAE721462846FDF74EF9A16900298C
:1049A000BED1C2E721462846FFF7ACFDA169002928
:1049B000B6D1BAE711460029B2D1B6E700DEA16947
:1049C0000029ADD1B1E700BF38B50B7A072B0C46F3
:1049D000054618D0A37B002262619BB1D5F8E83070
:1049E0009C4213D1A269CAB9D5F8EC101A68C5F86F
:1049F000E8208B4208BFC5F8EC202046BDE83840CF
:104A0000FDF77EBA38BDFDF739F9E3E700DEA269AC
:104A100022B9D5F8E830002BEFD0E5E713792E2B3B
:104A2000F7D100DEF5E700BF38B50B7A072B0C464F
:104A3000054616D0A37B9BB1D5F8E8309C4213D134
:104A4000A269CAB9D5F8EC101A68C5F8E8208B42FB
:104A500008BFC5F8EC202046BDE83840FDF750BA45
:104A600038BDFDF70FF9E5E700DEA26922B9D5F8F8
:104A7000E830002BEFD0E5E713792E2BF7D100DEDD
:104A8000F5E700BF0422002380F8F020A0F8F23000
:104A9000704700BF90F8F030052B0ED8DFE803F028
:104AA000060907030603D0F8E83023B97047FFF77B
:104AB0007BBDFFF7A7BDFFF713BE00DEF6E700BF23
:104AC00090F8F030052B04D8DFE803F00415130547
:104AD000040500DE7047D0F8E820002380F8F530A8
:104AE0005AB100230121A0F8F230917380F8F03020
:104AF0007047FFF759BDFFF785BD00DEF1E700BF46
:104B000090F8F030052B04D8DFE803F004090B041B
:104B1000050400DE7047002380F8F0307047FFF78F
:104B200071BDFFF741BD00BF90F8F03010B50446ED
:104B3000052B12D8DFE803F0030D09030803FFF784
:104B40003FFE042384F8F03010BDBDE81040FFF7AD
:104B50002BBDBDE81040FFF755BD00DE10BD00BF06
:104B6000F0B5044683B00E46154683B192F8233063
:104B70001B2B36D8DFF8D8C090F837100CEB430762
:104B8000C9097F781AB201238B403B404AD11846AD
:104B9000FDF738FA074610B300230360D4F8EC3071
:104BA0000BB31860C4F8EC0094F8F030052B4CD827
:104BB000DFE803F01E2C030606062046FFF7F4FC90
:104BC00039462046FFF76AFDD4F8E81039B12B4684
:104BD0003246204603B0BDE8F040FFF789BE03B07F
:104BE000F0BD0023D3E7C4F8E800C4F8EC00DBE72D
:104BF0002A4600212046FFF7FDFD39462046FFF7F3
:104C00004DFDD4F8E8100029E1D1E8E72046FFF790
:104C1000F9FC39462046FFF741FDD4F8E810002999
:104C2000D5D1DCE71CF812300A2BB0D10193FFF785
:104C3000C7FD0022A4F8F22084F8F52084F8F020C3
:104C40002046FEF7A1FA019BA1E700DEB8E700BF0E
:104C50000401020010B50446FFF7B2FD0023A4F8DA
:104C6000F23084F8F53084F8F03010BD00B97047A8
:104C700000DE704730B991F8B8306FF3000381F867
:104C8000B830704700DE91F8B8306FF3000381F858
:104C9000B83070472DE9F843099E9DF820800746FB
:104CA000B08C4FF6FF7188422DD039463046914680
:104CB0001C46FBF71BFC30BB33780133DBB233708F
:104CC0002BB3144DB6F84001AA7A2C8168F3000288
:104CD000013406F1100104440F4BAA720022E9606E
:104CE000A6F8404111460120C5E900799D60F1F721
:104CF000C7FC50B9FF20FBF717FC3046FF21BDE889
:104D0000F843FBF70BBDBDE8F88300DEF2E700DEF9
:104D1000D7E700BFD8700020CC010020012800D0C8
:104D2000704700B583B00191F4F7DAF80199814238
:104D300002D103B05DF804FB00DEFAE7C38D23B1B6
:104D400090F8B82012F0010300D0704710B542F07F
:104D5000010288B00B4C80F8B82007310122CDE960
:104D600002320690CAB2CDE90434CDE90033032102
:104D70001846F3F753F810F0FD0F01D108B010BD3D
:104D800000DEFBE7754C010038B50C461546FAF716
:104D9000E9FF48B11CB1BDE83840FDF76DBB2946BD
:104DA000BDE83840FDF742BB022038BD38B50C469F
:104DB0001546FAF7D7FF58B190F93730002B05DACE
:104DC0002A462146BDE83840FDF706BA0C2038BD1A
:104DD000022038BD704700BF00B9704700DE704741
:104DE0002DE9F843099C9DF820900646A08C4FF6CB
:104DF000FF71884234D03146204690461F46FBF76B
:104E000075FB68BB23780133DBB2237063B3B4F85E
:104E10004021164D7B1C1344A4F840310220FBF7BF
:104E200083FB02212046FBF779FCAA7A104B2F81E5
:104E300069F3000204F11001AA720022E960012066
:104E40001146C5E900689D60F1F71AFC50B9FF20D2
:104E5000FBF76AFB2046FF21BDE8F843FBF75EBC89
:104E6000BDE8F88300DEF2E700DED0E7F070002056
:104E7000DC01002070B505460020FAF75BFC044613
:104E800002F01EF810F0FF0009D11DB194F8443073
:104E9000DB071BD52046BDE87040ECF78DBD65698A
:104EA000EB6DA3B905F1500105F14C00F1F768FB7A
:104EB00088B12E68E865D6F8480150B1F3F75EFF77
:104EC0003046FAF735FF00236361032070BD00DE32
:104ED000E8E700DEF2E700DEEBE700BF2DE9F04196
:104EE00006460020FAF75AFC50B3436904463BB328
:104EF00093F82C2042F0020283F82C204769FFB17E
:104F000001460020FAF752FA0546B0B93F68D7F8D3
:104F1000480107F5A478B8B1F3F730FF172387F8F5
:104F20004C314FF6FF73A7F84E3110340223C7F807
:104F3000504187F86831C6F800802846BDE8F08106
:104F40000C252846BDE8F08100DEE5E770B50C468B
:104F500015461E46FAF706FFB8B190F872C01CF06D
:104F6000180C04D0BCF1180F08D00C2070BD3346CB
:104F70002A462146BDE87040FDF788B933462A46E7
:104F80002146BDE87040FDF7B1B9022070BD00BFF9
:104F900010B582B001A8FFF7A1FF044610B120466A
:104FA00002B010BDFAF7FAFB50B190F8623000225F
:104FB0006FF3410380F862304261204602B010BDB9
:104FC00000DEF2E738B583681D686C69B4B1002370
:104FD0006B61E36DC3B904F1500104F14C00F1F7CA
:104FE000CFFA0346D0B1E3652068FAF7A1FE95F841
:104FF00062306FF3410385F8623038BD00DE002374
:105000006B61E36D002BE6D000DE04F1500104F18A
:105010004C00F1F7B5FA03460028E4D100DEE2E7E0
:1050200070B50F2482B04FF6FF762046FAF79AFE4D
:105030000546684655B195F93730002B06DB00F080
:10504000FFF869462846FDF7C3F920B9013CA4B230
:10505000B442EAD1002002B070BD00BF08607047C2
:10506000032805D007380F288CBF00200120704787
:105070000120704707380F288CBF0020012070479F
:105080002DE9F04F95B01E460B1D0D930023CDE981
:105090001033CDE90933FF27044691468DF83F7060
:1050A0000B933D4698460DF1480A4FF0020B3C4BDE
:1050B000059311AB0020019310AB0093CDF818A01D
:1050C000CDF80C900490029033460DF13F0221463A
:1050D000CDF848B0F2F784FF022814D0129BC3B970
:1050E000FF2D19D03368434516D0002F55D0013F0E
:1050F0004FF0FF33FFB28DF83F30FF25D7E7214651
:105100000020F2F7B9FF129B022BF8D0129B002B64
:10511000E6D000DEFF2DE5D19DF83F00FF282DD021
:1051200013A9EEF725F90028C1D09DF83F000738F4
:10513000C3B20F2B18D9FF2DDDF84080139B0AD086
:1051400009990C934046F2F7B1FF0D9B0A9A9A1801
:1051500090420C9B14D8CDE90983119BD6F80080AE
:105160009DF83F500B93A2E780B2FAF7EFFD0028BD
:10517000E1D090F93730002BDDDA98E7FF2D08D029
:105180001E9B099A1A601F9B0B9A1A60209B0A9A11
:105190001A60284615B0BDE8F08F00DEA7E700BF13
:1051A0005D50010010B588B00C4607AA06A905ABF2
:1051B000CDE90121009301460C4A23460320FFF765
:1051C0005FFFFF280FD00328DDE9052303D0073850
:1051D000C0B20F2807D821681A4402320A4422605C
:1051E000002008B010BD6FF00900FAE7615001001F
:1051F00008B5094A034600681060052110461B796E
:105200001371F1F755FB054B1870FFF709FFF8F71D
:1052100087FE002008BD00BF007100206F7F0020C6
:10522000054B064A10B41F204FF0FF3425211C60A7
:105230001871117010BC7047007100206F7F002042
:10524000044A0549034610681860127908781A71F3
:10525000704700BF007100206F7F002030B504460A
:1052600000789DF80C5002FB01111F4A014482FB9B
:1052700001020A44521102EBC20002EB80028A1AB8
:10528000D0B2C1082070595C02F0070241FA02F264
:1052900012F001021FD1B0FBF5F405FB1404E4B2D7
:1052A0005D1E1046043300F1080E15F8011F5FFA69
:1052B0008EFE024611F0010F02F1010C4FEA51017E
:1052C00002D04CB1013CE4B25FFA8CF27245F1D1EC
:1052D00010469D42E7D130BDC11D891AC9B20729C8
:1052E0001046F6D830BD00BFA7C867DD42880088E9
:1052F00050407047F0B5344D344C48404FF0030CEB
:10530000060A5FFA80FE0EEB8E2E06EB862004EA7C
:10531000401705EA400605EA4E0004EA4E1E3E43E9
:1053200040EA0E0000EB002706EB062E06EB0E26E9
:1053300000EB0720360CC0F3074040EA062000EBE4
:1053400000100CF1FF3C08441CF0FF0C80B2D7D1D8
:1053500041401F48A0FB01400C1A00EB54004009DB
:1053600000EBC00400EB8400081AC0F3C40400F092
:105370000705145D2C41E407C0B21CD401FB03F304
:10538000561EC3F307430432604600F1080516F8C1
:1053900001CFEDB201461CF0010F01F101044FEA0B
:1053A0005C0C02D043B1013BDBB2E1B2A942F2D1C5
:1053B00008469642E9D1F0BD0730401AC0B207282E
:1053C0000846F6D8F0BD00BF102102004084080056
:1053D0004D91CFBA1A491B482DE9F0410023451ED3
:1053E000A1F1020C012606E00133082B01F10601B0
:1053F00000F1280022D003EB830215F83220D407F5
:10540000F2D59CF800409CF801E0D0F80080C2F38F
:10541000801206FA03F79A4001333C434EEA020237
:1054200087888F80082B8CF800408CF8012001F1D0
:10543000060141F8068C00F12800DCD1BDE8F081BE
:105440000E710020F97100202048214A2DE9F04713
:10545000204FDFF884800023951EA0F1020C012666
:1054600015F83310C90706FA03F926D53C7812F867
:10547000011C4CB1072901EB810405D818F8341040
:105480004C0701D5C90618D515F833109CF801E072
:105490009CF80040D2F800A0C1F3400199404EEAC8
:1054A000010144EA0904B2F804E08CF800408CF8E9
:1054B0000110A0F804E0C0F800A00133082B00F1AF
:1054C000060002F10802CBD1BDE8F0877A73002014
:1054D0003A730020717F0020F87100200820704787
:1054E00038B50020F8F7EEF9F0B9FAF78BF910F0BB
:1054F000010019D10D4C0E4D621E14F83030072BEF
:1055000003EB830105D815F831306FF3451305F827
:10551000313012F830306FF3000302F830300130D0
:105520000828EAD1002038BD0C2038BD397300208E
:10553000F87100202DE9F04F074683B00020F8F7FE
:10554000C1F900286DD1FAF75DF910F0010568D1B5
:105550003B78FF2B73D03F4E07F101094FF0FF0A54
:105560002C46A6F1020803F0010B06E059455CD079
:105570000134082C06F108060FD018F83420C2F3C5
:105580004001D207F2D4BAF1FF0F08BF5FFA84FAE4
:105590000134082C06F10806EFD1BAF1070F52D8F2
:1055A00018F83A2063F3410208F83A20022314FB6A
:1055B0000A34D7F8013048F804304444B9F80430CC
:1055C000A38097F800B0244C0BF0010B661E04E09A
:1055D0000135082D04F1280439D005EB8503DF00DF
:1055E00016F83330C3F38012DB07F1D55A45EFD1FB
:1055F0002046062249460AF060FA0028E8D1F35D09
:1056000043F02003F355EDB218F83A3008EBCA0224
:1056100043F0010308F83A305570002003B0BDE8AC
:10562000F08F0C2003B0BDE8F08F304606224946CB
:1056300001930AF042FA019B002899D1EDE7284630
:1056400003B0BDE8F08F072003B0BDE8F08FFF2561
:10565000DAE700BF3A730020F97100202DE9F0412C
:1056600006460020F8F72EF900283AD1FAF7CAF8D2
:1056700010F0010435D196F80080B8F1FF0F36D054
:105680001C4D0136AF1E08F0010804E00134082C5F
:1056900005F1080528D017F83430C3F34002DB07C2
:1056A000F4D54245F2D10622284631460AF005FAE1
:1056B0000028EBD107EBC4035B78072B08D80E4A10
:1056C00003EB830312F8331060F3451102F8331033
:1056D00017F834306FF3000307F834300020BDE8CA
:1056E000F0810C20BDE8F0810220BDE8F081204669
:1056F000BDE8F0813A730020F8710020072810B44B
:1057000019D80F4C00EB800C830014F83CC01CF03F
:10571000010F12D0034414F83330C3F380130B701D
:105720000121282313FB0013E118E35813608B8831
:1057300010BC9380704700DEE3E700DEEAE700BFBD
:10574000F87100200820704710B50020F8F7AEF877
:1057500008B10C2010BD0446FAF73AF80128F8D831
:10576000194B1A48197893F82820047064F3000143
:1057700064F30002197083F8282093F8501093F80E
:10578000782064F3000164F3000283F8501083F87A
:10579000782093F8A01093F8C82064F3000164F314
:1057A000000283F8A01083F8C82093F8F01093F853
:1057B000182164F3000164F3000283F8F01083F809
:1057C0001821204610BD00BFF8710020707F002016
:1057D0002DE9F04F83B083460020CDF800B0F8F7F4
:1057E00065F818B10C2003B0BDE8F08F0446F9F756
:1057F000EFFF0128F6D8DDF800B0DFF820811BF8B4
:10580000012B019202F0010308F1FF391E4604E06A
:105810000134082C08F1280841D004EB840209EB7C
:10582000C20519F83270FB074FEA840AC7F38012E9
:10583000EED5B242ECD14046062259460AF03DF977
:105840000028E5D13E467607019A07462BD4344D11
:1058500002F00108AE1E04E00137082F05F108052B
:1058600012D016F83730C3F34002DB07F4D54245B7
:10587000F2D10622284659460AF01FF90028EBD13A
:1058800006EBC706FF237370A244002019F83A30D4
:105890006FF3000309F83A3003B0BDE8F08F02203F
:1058A00003B0BDE8F08FDFF87CC09CF800305E1ECE
:1058B000023B062BF6B203D895F81780B04502D10B
:1058C0008CF80060C3E7184A02EB061302EB0812DB
:1058D000964605460FCB8EE80F00DFF850E005EB4B
:1058E000850309EBC30219F83330D80705D55907EA
:1058F00003D59EF81730B34207D00135082D0EF1BD
:10590000280EECD1009B1A78DAE7009B82F817800A
:105910001A78074B03F80850D2E700BFF97100204E
:105920003A730020707F002078710020F871002009
:10593000707100202DE9F8431D465B7903F0C00328
:10594000402B01D0BDE8F8838846F1B1DFF8A09084
:10595000002400F0010609F1FF3704E00134082CAF
:1059600009F12809EED004EB840317F83330D90786
:10597000C3F38012F2D5B242F0D106224846414626
:105980000AF09BF80028E9D1E2B2072ADAD8194FC9
:1059900002EB820317F83330DB07D3D502EB820228
:1059A000D40004F118032868F85007EB0309AB880A
:1059B000A9F80430002601E0102EC3D0B0B2FAF7E7
:1059C000D1F9013606224946054600F2871800281B
:1059D000F2D040460AF071F80028EDD101343B19AD
:1059E0003A59C5F887219B88A5F88B31AAE700BFF3
:1059F000F9710020F87100202DE9F84F82461A4E07
:105A00001AF8018B8946002408F00108771E03E08C
:105A1000082C06F128061BD004EB8402D50017F8E9
:105A20003230C3F38012DB0704F10104F0D54245A4
:105A3000EED10622514630460AF03FF88346002850
:105A4000E6D118357C1906212046F0F789FD10B9FA
:105A50000220BDE8F88F7859C9F80000A388A9F89A
:105A600004305846BDE8F88FF97100202DE9F04761
:105A70008246174E1AF8018B8946002408F0010867
:105A8000771E03E0082C06F128061DD004EB8402E3
:105A900007EBC20517F83230C3F38012DB0704F1BD
:105AA0000104EFD54245EDD10622514630460AF0B9
:105AB00004F80028E6D16B6A1A68C9F800209B88B0
:105AC000A9F80430BDE8F0870220BDE8F08700BFE8
:105AD000F971002010B504460020F7F7E7FE08B181
:105AE0000C2010BDF9F774FE0128F9D80CB1012C77
:105AF00003D1034B1C70002010BD122010BD00BF4D
:105B0000717F0020034B4FF47A7202FB00F01860A3
:105B1000704700BF087100202DE9F0478246002041
:105B20008846F7F7C3FE10B10C20BDE8F0870446A5
:105B3000F9F74EFE0128F7D81B4E1AF8019B771E85
:105B400009F0010903E0082C06F1280620D004EB37
:105B50008402D50017F83230C3F38012DB0704F15A
:105B60000104F0D54A45EED130460622514609F0EF
:105B7000A4FF0028E7D1B8F1000F0FD0B8F1010F52
:105B800009D17B5D43F010037B550020BDE8F08711
:105B90000220BDE8F0871220BDE8F0877B5D68F346
:105BA00004137B550020F1E7F9710020D0B5314C8A
:105BB0003149002304F1FF3C14F83320072A02EB9B
:105BC000820E05D811F83E206FF3451201F83E20F1
:105BD0001CF833206FF300020CF833200133082B3C
:105BE000EAD1264A264C002313700A7863F3000298
:105BF0000A7091F8282063F3000281F8282091F8B8
:105C0000502063F3000281F8502091F8782063F36C
:105C1000000281F8782091F8A02063F3000281F857
:105C2000A02091F8C82063F3000281F8C82091F801
:105C3000F02063F3000281F8F02091F8182163F35B
:105C4000000281F818210F4A13700F4B4FF0FF36F6
:105C50004FF0FF37C3E900670C4B236028B1BDE864
:105C6000D0400B490B4809F050BCBDE8D040094872
:105C700009F057BC39730020F8710020717F0020B3
:105C800008710020707F0020F81D0020A0BB0D00CF
:105C9000F15F0100C81D0020034A044B002814BF17
:105CA00010461846704700BF787300200C71002022
:105CB0002DE9F047067898462EB307468946924666
:105CC00000F12C05072426FA04F3DA070FD597F81C
:105CD00001C04CFA04FC8CEA090C1CF0010F2846A8
:105CE0004FF00602514602D109F0E7FE88B1013CAF
:105CF000631CA5F10605E6D10026FF2488F80040C4
:105D00003046BDE8F087FF2488F800403046BDE803
:105D1000F087E4B20126F1E7A8B110B50B4A12688A
:105D20004FF4004340F2E7300021E2FB03014FF45F
:105D30007A720023EAF7D4F9BDE8104002460B4618
:105D4000034807F033BC024809F0EBBB08710020A0
:105D5000C81D00200D4A08B50023138070B90C4BF4
:105D60000C4A1B780020108003B908BDF9F730FDFC
:105D70000028FAD1BDE80840FFF72CBB1846F9F718
:105D800041FDC307EBD4FFF75FFBE8E77873002022
:105D9000717F00200C7100200E4A08B5002313808B
:105DA000C2070ED40C4B0D4A1B780020108003B99B
:105DB00008BDF7F77BFD0028FAD1BDE80840FFF7E2
:105DC00009BB1846F7F77EFD0028EBD1FFF73CFB37
:105DD000E8E700BF78730020717F00200C7100207D
:105DE0002DE9F04F824689B009F0D4FC4B014FEA0F
:105DF000401BBBEB000B43EAD06363EB01039B004A
:105E000043EA9B734FEA8B0B1BEB000B41EB03093F
:105E10004FEAC90949EA5B794FEAD931CBF3103B24
:105E20004BEA494B0191BAF1000F17D16B4BD3E903
:105E30000023B3F1FF3F08BFB2F1FF3F0ED0BBEB31
:105E4000020261EB0303664909688A4273F10003A9
:105E5000ACBF4FF001094FF0000901E04FF001091C
:105E6000604EDFF884810024F71F0DE0254417F809
:105E7000353043F0020307F835300134082C08F1BF
:105E8000060806F1280626D004EB8403A50017F8BF
:105E90003330D807F1D5B9F1000F01D19907ECD40F
:105EA0002B1917F833305A0761D42B1917F83330F0
:105EB0001B07DBD504A9304608F097FF002840F007
:105EC0008A80BDF814300498A8F80430C6F81D8004
:105ED000C8F80000CAE7B9F1000F04D03F4B019A9F
:105EE000C3F800B05A60BAF1000F0BD00020F7F7EA
:105EF000CFFC044630B1FF238DF8103094F8802099
:105F0000570702D409B0BDE8F08FE27E072AF9D81E
:105F1000627F8DF80F3004EB82031D6A2B7803F04B
:105F20000F03072B07D1AB789E06EBD0EB788DF8EB
:105F30000830D80734D50DF10F0104F11C0001F031
:105F4000C3F96A7829460232054609F086FD002623
:105F500029462046F7F730FD9DF80F30FF2B0ABF8A
:105F60009DF810306377737509B0BDE8F08F307C11
:105F70001E4B0F2101EB001119440DF11F0C0DF107
:105F80000F0311F8010903F8010F9C45F9D106F13F
:105F9000170104A808F029FF002886D000DE84E756
:105FA000D906AFD5A66B737D06EB83039F69BB78DB
:105FB0009A06A7D0FB788DF80C30DB07A2D504A990
:105FC00006F1140001F080F97A783946023205466C
:105FD00009F043FDBCE700DE73E700BFF81D0020B9
:105FE00008710020FF7100204071002078710020AE
:105FF00010B50120FFF7F4FE0A4A12684FF400437F
:1060000040F2E7300021E2FB03014FF47A720023F3
:10601000EAF766F8BDE8104002460B46024807F072
:10602000C5BA00BF08710020C81D002007280FD87E
:1060300000EB8003084A12F833100B074FEA800C7C
:1060400006D58B0706D5844402EBCC02506A704714
:106050000020704700DEF6E7F871002007280CD812
:1060600000EB8003064A12F833104B0705D52823AE
:1060700003FB002202F11E0070470020704700BFA2
:10608000F87100202DE9F047894616460AB1FF2332
:106090001370154D002400F0010805F1FF3A09E0E6
:1060A0001EB13378FF2B08BF37700134082C05F17F
:1060B000280514D004EB8403E7B21AF83330C3F395
:1060C0008012DB07ECD54245EFD10622284649462F
:1060D00009F0F3FC0028E8D13846BDE8F087FF2737
:1060E0003846BDE8F08700BFF97100202DE9F04F78
:1060F000074685B000200E469046F7F7D7FB18B14B
:106100000C2005B0BDE8F08F0446F9F761FB0128CB
:10611000F6D8BA460DF10F021AF8010B5146FFF7F7
:10612000B1FF072840F2B8809DF80F90B9F1070F32
:1061300000F2AE8009EB8902D200594DD7F8011068
:106140000192531C09EB890BE9502B44BAF8041057
:1061500099803B7815F83B10009263F38611A9549F
:1061600030461021F0F7FCF9009BE95C60F38201F6
:10617000E95440461021F0F7F3F9009B019AE95CDD
:1061800000F0010060F3C30111F0040FE95405EBC6
:10619000CB0B4FEA890343D1002860D1183200218C
:1061A000A9502A443F4E918003EB090215F83210A2
:1061B00021F0120105F8321097F80080B71E08F0A0
:1061C000010804E00134082C06F1080616D017F87F
:1061D000342012F0010BC2F34001F3D04145F1D15C
:1061E000304606225146009309F067FC009B0028C8
:1061F000E8D107EBC40787F8019001E04FF0000BEE
:106200004B444FEA4B1215F8331042F0010221F0D3
:1062100021010A43002005F8332005B0BDE8F08FC6
:10622000DFF884E0DFF884C09EF800108BF81710C8
:106230000CF80190DFF878B04FF0FF3C0CEB011C3C
:1062400001318EF80010DC4406F10F01013E11F817
:1062500001E90CF801EFB142F9D100289ED0D61D1A
:10626000A81903EB0901D8F800B0D8F804E0D8F871
:1062700008C0D8F80C8045F806B005EBC101C0F89D
:1062800004E0C0F808C0C0F80C800020486285E730
:10629000072005B0BDE8F08F122005B0BDE8F08FF3
:1062A000F87100203A730020707F00207071002088
:1062B00078710020072807D8044B00EB800013F802
:1062C0003000C0F3C000704700207047F871002014
:1062D000072812D800EB8000094A12F8303013F07A
:1062E000080F4FEAC001C3F3C00007D0C3F340005A
:1062F0009B0703D50A44506A70470020704700BFCF
:10630000F8710020024B1B7803700248704700BFF1
:10631000707F00207871002050B1072913D80E4BF0
:1063200013F83120D20710D503EBC103587870471A
:1063300007290CD8094B01EB810213F83230DB0737
:1063400007D50846704700DEE9E700DEECE700DE2F
:10635000F0E700DEF5E700BF38730020F871002099
:106360000C4B1B7883420BD90B4B185C07280CD8BD
:106370000A4B00EB800213F83230DB0707D5704779
:1063800000DE054B185C0728F2D900DEF0E700DEDE
:10639000704700BF707F002070710020F8710020EE
:1063A00007280DD8084900EB8002830011F832203D
:1063B000D20707D5034411F83300C0F340107047EB
:1063C0000020704700DEF5E7F87100200C4B1B78C9
:1063D0007BB107290DD860B90A4801EB81028B0017
:1063E00010F83220D20709D50B4410F833004307C8
:1063F00001D401207047C0F30010704700DEF3E7BE
:10640000717F0020F87100201378FF2B19D12DE93E
:10641000F047194D0446AE46002303EB830C9E0063
:1064200015F83CC01CF0010003D0CCF3801CA4453F
:1064300009D00133082B0EF1280EEED10120BDE862
:10644000F0870120704701F1FF3877464FF0000CCC
:1064500017F801AF18F8019FCA450CF1010CE8D1FB
:10646000BCF1060FF4D11E44137015F836305A07EC
:10647000E5D5C3F30010E2E7F871002010B40E4B2D
:106480001C787CB1072A0DD80C4C02EB820C14F856
:106490003CC01CF0080F05D020B14B7903F0C003BD
:1064A000402B02D0002010BC7047282303FB024081
:1064B000073010BC08F086BC717F0020F871002006
:1064C000024B1878003818BF01207047717F0020F8
:1064D00000F04CBA08B5002304F048FC002008BDC9
:1064E000684620F007018D4601B503F0ABFCEFF7DD
:1064F00031F9BDE801408546704700BF08B50A4B39
:10650000D3F840213AB90120F0F718F9BDE8084066
:106510000220F0F713B90020C3F84001D3F840314E
:10652000F1F7D0FBEFE700BF00B000400020F0F72C
:1065300005B900BF90B90E4B0E4A19781078884201
:10654000CBB20DD10C480D4990F800C00133137047
:106550000B78634507D003780B70704700DEEAE7DD
:1065600000DE1378EEE700DE03780B70704700BFA3
:10657000727F0020737F0020777F0020767F0020CD
:106580000B4A0C4B117893F800C08C450DD0127853
:106590001A70094A094B18B911781878884202D044
:1065A00012781A70704700DEFAE700DEEFE700BFEE
:1065B000757F0020747F0020727F0020737F002091
:1065C00003F09CBD08B50B480B4B027819788A4242
:1065D0000CD00A4B017000220399996001201146EA
:1065E000F0F74EF800B908BD00DE08BD00DE1978EE
:1065F000EFE700BF727F0020737F0020EC010020D6
:106600002DE9F041304A314D12782B789A428AB008
:106610000E4605D12E4B2F4A1B7812789A424BD04A
:106620003768DFF8B48007F12D0424F07F44D8F8F0
:1066300000102046F1F73AFD10F4000002D10AB034
:10664000BDE8F081254A264B11781A7891421CD07A
:106650003046244BC168C8F800400022CDE907321B
:10666000214BCDE90322CDE90531CDE901222D23CE
:1066700000932C780134E4B23B46114610462C704E
:10668000F1F738FB0AB0BDE8F081114A11491278E0
:1066900009789142DCD01A780132D2B21A70002205
:1066A000124B009211461046F1F714FC10F0FD0F4A
:1066B000CED000DE00DECBE70768DFF81C8007F1F4
:1066C0002D0424F07F44C4E7767F0020777F0020EC
:1066D000727F0020737F0020B4730020747F00203D
:1066E000757F002035650100C565010081650100E9
:1066F0007A4A9368002B00F096802DE9F04F1368DA
:1067000089B08146002B46D04FF0FF338DF80A3018
:106710000DF10A00F2F72EFD044600283BD0037F5E
:106720009907F5D1857A15F00205F1D1C3684B457B
:1067300055D00668A8462F460DF10A00F2F71AFD5B
:106740008346F0B1027F9207F6D1827A9307F3D4A1
:10675000C268B8F1000F21D04A4558D0DBF800A03C
:1067600031465046F1F7A2FC00F4000000280DF17C
:106770000A001CBF5F465646F2F7FCFC8346002821
:10678000E0D1002F08BF274639463846FFF738FFCB
:1067900030F0020339D109B0BDE8F08F4A45804698
:1067A000DCD1237FE16843F0020323772046A3690D
:1067B0009847FF238DF80A300DF10A00F2F7DAFC52
:1067C00004460028E7D0037F9F07F5D1837A9E0710
:1067D000F2D4C3684B4502D000DED4F80C903F4A97
:1067E0004846D2E9001303AA98470646002843D03A
:1067F00010F1100F59D0394A00209368116898475A
:1068000016F10B0F10D08C36C5D000DEC3E7227F07
:10681000E16842F0020222772046A2699047D845FB
:106820007FF472AFC5E770472C4A0023D2F8089076
:10683000D2E9004802261360FF278DF80B700DF196
:106840000B00F2F797FC90B1037F9A07F7D40DB9CC
:10685000DB07F4D4C368A342F1D1037F826943F01C
:1068600002030377214690478DF80B70E7E7012577
:10687000AE420AD02E46E0E7237FA269E16843F0EA
:10688000020323772046904785E70022CDE90422C2
:106890000692039B00964946404604AA0794F2F7E5
:1068A00021FC00287FF477AFAFE7A37A43F002031F
:1068B000A3720DF10A00F2F75DFC014600283FF4D7
:1068C0006AAF037F9D07F4D1837A9C07F1D4FFF769
:1068D00097FE30F002033FF45EAF96E7B8730020F6
:1068E00010B5174808F05AFC30B3164B00249C60D2
:1068F00000F0C6FA00281EDB214601202246EFF7F1
:10690000E3F922460B200121EFF7DEF9214622466A
:106910001820EFF7D9F90C4B1022C3F804230120FB
:10692000EFF7A2F90B20EFF79FF91820EFF79CF98A
:1069300003F0A2FA204610BD6FF0120010BD00BF98
:106940004CFC0100B87300200010004008B500F0B6
:10695000A7FA002809DB0120EFF794F90B20EFF7E5
:1069600091F91820EFF78EF9002008BD034603487F
:106970008AB2194683681B68184700BF4CFC0100A7
:1069800030B4074DAB685C6834B18AB2A4460146A6
:106990000023284630BC60476FF0850030BC70474C
:1069A0004CFC0100034603488AB2194683681B6801
:1069B000184700BF4CFC010030B4074DAB685C6861
:1069C00034B18AB2A44601460023284630BC604751
:1069D0006FF0850030BC70474CFC01000020704710
:1069E00030B5044683B078B31D4B1A68824225D077
:1069F000FF250DF107008DF80750F2F7BBFB38B902
:106A00001AE0A1420AD00DF10700F2F7B3FB98B1EA
:106A1000037F9B07F7D4C168002CF2D1037F826902
:106A200043F00203037790470DF107008DF80750FC
:106A3000F2F7A0FB0028EBD103B030BD9B686BB12F
:106A4000014600209847D3E7054A9368002BCFD032
:106A500011680029CCD000209847C9E700DEC7E7BD
:106A6000B87300200020704710B50446F2F774FB9D
:106A70008CB90D4B9A68AAB11C6800229A601A6002
:106A800004B124680020F2F78FFB2046F2F72EFCB9
:106A900028B1002010BD0028F3D100DEF1E700DEB0
:106AA000002010BD00DEE7E7B8730020054A136838
:106AB00092681B1A18BF0123B2FA82F00B704009CA
:106AC000704700BFB87300206FF08B00704700BFA5
:106AD00010B548B10C4600F03FFA00280BDB204609
:106AE000BDE81040FFF7C0BF044803F0BBF9BDE8A4
:106AF000104003F0E3BA00DEF1E700BF596C01007B
:106B00002D20704710B51446F1F7CEFA2146F1F763
:106B1000CDFA034610F4000004D103330E2B88BFD6
:106B2000184610BD002010BD262810B504461DD003
:106B3000272813D0252809D00A281FD9272822D989
:106B400000DE2046BDE8104003F044BA022003F006
:106B50003BFA2046BDE8104003F03CBA502003F059
:106B600033FA2046BDE8104003F034BA1A2003F08F
:106B70002BFA2046BDE8104003F02CBA023040004A
:106B800003F022FAE5E70330400003F01DFAE0E7E6
:106B900003F07EBA03F084BA03F0E8B903F0EAB96F
:106BA00003F0EAB908B503F0A9FABDE8084003F01C
:106BB000C7BC00BF08B503F0A1FA03F0C1FCBDE8F3
:106BC000084003F065BC00BF08B503F097FA03F076
:106BD000B7FC03F09BFC03F039FFBDE8084003F06D
:106BE00057BC00BF08B50146114803F03BF903F05C
:106BF000B1FA60B103F0C2FD03F0A2F900F0ACF904
:106C000000280EDBBDE808400020FFF72DBF03F091
:106C100055FA03F0B3FD03F093F900F09DF9002855
:106C2000F0DA00DE0020BDE80840FFF71DBF00BF1E
:106C3000C165010010B5044603F060FA03F080FC62
:106C400003F064FC03F002FF03F022FC2046BDE8E1
:106C50001040FFF7C7BF00BF10B5044603F04EFA5F
:106C600003F06EFC03F052FC03F0F0FE03F010FCA6
:106C70002046BDE81040FFF7B5BF00BF10B5044681
:106C800003F03CFA0D48214603F0ECF803F062FAF9
:106C900040B100F061F900280ADBBDE81040002097
:106CA000FFF7E2BE03F00AFA00F056F90028F4DA22
:106CB00000DE0020BDE81040FFF7D6BEC165010030
:106CC0002DE9F04F89B01F469DF848B0FF2380465C
:106CD000894692468DF81F300DF11F00F2F74AFAEF
:106CE000002866D0037F9D07F6D1837A9C07F3D4F2
:106CF00005683E689DF81F300593044629463046D6
:106D0000F1F7D4F9BBF1000F4CD0BC4208BF00240E
:106D100026460DF11F00F2F72DFAD0B1027F910740
:106D2000F7D1827A9207F4D402680490294610467B
:106D30000392F1F7BBF9039A049B00F400000028CA
:106D40000DF11F001CBF15461E46F2F713FA00286E
:106D5000E4D1059B8DF81F30314B9A687ABB76BB26
:106D600024B1BBF1000F48D1BC4244D1FA681A608B
:106D7000C3E901893846D04704460DF11F00F2F7F8
:106D8000F9F9014650B1037F9A07F6D1837A9B0740
:106D9000F3D4FFF735FC30F002033FD1204609B0B1
:106DA000BDE8F08F0002B0D5FF23354605935C4661
:106DB000AEE71B4B9A680446002AD7D026464946C0
:106DC000CDF800B0534640463A46F2F78BF90146FB
:106DD00078B1BBF1000F09D1BB7A980706D4C6B1D0
:106DE0003046FFF70DFC30F0020310D16FF076044F
:106DF000D4E700DEEDE700DEB8E7CDF800B053469B
:106E00003A4649464046F2F76DF90028EED100DED9
:106E1000ECE7002C14BF26460E46E1E700DEBDE796
:106E2000B873002001F1100006F0B4B970B5054642
:106E30008AB00C460122002104A808F0D1FA0F4BB9
:106E4000019300260323694628460396029307F020
:106E500026FE002810DB4FF40043314640F2E730B5
:106E6000E4FB03014FF47A720023E9F739F9024693
:106E70000B4604A806F0C8F90AB070BD256E0100E3
:106E800010B5012004F0B4F80449002301244B603C
:106E90008C60CB60BDE8104007F001BEC8730020D5
:106EA00010B5012004F0A4F80449044607F072FE6E
:106EB0002046BDE8104007F049BE00BFC87300205F
:106EC0000C4B1A780AB10020704710B501201870D9
:106ED00004F08EF84FF4FA710446FFF7A7FF38B9B3
:106EE000204607F033FE02280CBF00206FF004009C
:106EF00010BD00BF787F002008B50A4BBFF35B8F41
:106F000053E8002F511C43E800100028F8D1BFF3CC
:106F10005B8F002A01DD002008BD04F071F800201D
:106F200008BD00BFC473002008B5002004F060F85D
:106F3000BFF35B8F074B53E8001F013143E800129A
:106F4000002AF8D1BFF35B8F0221BDE80840FFF7AC
:106F50006DBF00BFC473002008B50E4BBFF35B8F3D
:106F60001A68BFF35B8F002A11DDBFF35B8F53E814
:106F7000002F511E43E800100028F8D1BFF35B8FAB
:106F8000012A01DD002008BD04F050F8FAE76FF097
:106F9000770008BDC4730020052070473220704779
:106FA000014B33F8100070473C01020010B5044655
:106FB000FFF70AFE03F0A0FA2046BDE81040FFF7F5
:106FC00011BE00BF70B5457A867A82B0C5F38205DE
:106FD000044606F0010603F0BBF8FFF7E3FD962038
:106FE00003F0BEFA284633462A46002103F026F96C
:106FF0000120F2F715F800283BD0203003F03CF8D0
:1070000003F092F898BB1C48214602F02BFFFFF7D3
:1070100057FA08BB03F014FC00210446284603F08D
:1070200041F8022D044404F1A30413D0042D0CBF35
:107030004FF4BC732823002128461C4403F02EF88B
:10704000201A03F0A7FB03F0EDFB02B0BDE870408F
:1070500003F00EBA1823EEE70DF10700FFF752F91F
:10706000002201469DF8070003F0A2FCD2E700DEF3
:10707000C9E700DEC1E700BFE976010010B50446AC
:10708000FFF7A2FD03F038FA2046FFF7ABFD054BF2
:107090000021012208469C60EFF7F2FA00B910BD0A
:1070A00000DE10BDFC010020814208B50ED00B7A35
:1070B000DB0702D46FF08B0008BD0C4B1360FFF7A9
:1070C0001BFF00280FDB6FF00A0008BD0B7B01EBF4
:1070D00083010B691B7803F00F03012B14BF6FF0C2
:1070E0008B00002008BD00DEEDE700BF79740100D1
:1070F00010B548B10C46FFF72FFF00280BDB2046E8
:10710000BDE81040FFF7B0BC044802F0ABFEBDE89C
:10711000104002F0D3BF00DEF1E700BFAD6F010009
:1071200010B500F0A1FE044668B9084B0522181DF1
:107130004FF48471EFF7AEF9054B1C82054803222A
:10714000214608F04DF9204610BD00BF0C74002008
:10715000F8730020E073002010B500F087FE0446AD
:1071600068B9084B0522181D4FF48471EFF792F9A6
:10717000054B1C8205480322214608F031F92046C0
:1071800010BD00BF0C740020F8730020E0730020D5
:1071900010B504460648EFF7A1F930B103460020C8
:1071A000C3F804015870636010BD6FF00B0010BD90
:1071B0000C740020034600201870587098607047C7
:1071C000037842789A4212D070B5DCB200EB8403A7
:1071D00000260546074958685E60EFF795F9631C7D
:1071E000DBB2022B08BF33462B70304670BD6FF008
:1071F0000B0070470C74002038B5447800EB840312
:107200000546586820B1002209495A60EFF77CF919
:10721000631CDBB2022B08BF002305EB8305686803
:1072200020B1002302496B60EFF76EF9002038BDF2
:107230000C74002038B5214D2B7C6A7C9A4202D018
:1072400055F823404CB91E48EFF748F90446B0B151
:107250000023C4F80431204638BD1A4805F0FAFF6F
:107260002B7C6A7C9A42F3D00133DBB2042B08BF3B
:1072700000232B740023C4F80431204638BD114884
:107280004FF42032002305F0BFFFA8B90D4805F0E8
:10729000E1FF2A7C6B7C934209D0531CDBB255F88A
:1072A0002240042B08BF00232B74002CD0D100DE19
:1072B0000023C3F80431FFDE00DEE7E7F8730020A7
:1072C0000C740020E073002010B5027843789A42D5
:1072D00014D0D4B244700278944204D05A1C437043
:1072E000D3B2022B0ED01A4600EB82040B706068FA
:1072F00000B110BDFFF79EFF606010BD0133DBB22F
:10730000022BF0D100221346EEE700BF70B170B53A
:10731000074E044600252046D4F80441C0F8045125
:107320003146EFF7F1F8002CF5D170BD704700BF82
:107330000C7400202DE9F04702784378934205460B
:107340002DD0D7B200EB8709174CD9F80420174E7F
:1073500088460BE0D2F804A144F82120637430463B
:1073600005F018FF5246BAF1000F08D0617C207C6E
:107370004B1CDBB2042B08BF00239842EAD1013733
:10738000FFB2022F08BF0023C9F8042008BF1F4620
:107390004FF001022F7018BF3B4688F8002005EB24
:1073A00083056868BDE8F087F8730020E07300206B
:1073B00030B5037AC3F302130446002B93FAA3F00B
:1073C000B0FA80F008BF4FF0FF3083B000F1010049
:1073D00044D0217A5A1E134063F3061124302172DF
:1073E000FFF7A2FB00230DF1070104F10C008DF85B
:1073F0000730FFF79FFF0546A8B3284602F042FE7C
:107400002A78842302F00F02D340DB0716D40DF153
:10741000070104F11800FFF78DFF30B39DF8073026
:10742000ABB92146124802F01DFD962003F098F8F2
:10743000002002F0BBFE284603B030BD0D482146B7
:1074400002F010FD03F004F8284603B030BDD5F873
:107450000230C0F80230EB88C380E2E700DE237A16
:10746000C3F30213B5E700DEC7E700DED6E700BFCF
:10747000C56F0100A174010070B5C36804461E68A1
:10748000F0F712FE05463046FFF73AFB00232D1AAF
:10749000C4E9005323812046BDE87040ECF79CB856
:1074A00038B5044602F054FEFFF78EFB237A03F052
:1074B0007102012A05D1C3F3420262F3061323725B
:1074C000DBB213F0700F05D0636863B193F82C3012
:1074D0009B0708D503F010F8A36ABBB12046BDE8AE
:1074E0003840FFF77FBB2046FFF762FF05460120CB
:1074F00003F00CF9A16A034621B1D1E90312284631
:10750000E9F776FCBDE8384003F08CB90220F1F7CA
:10751000DBFE0028E2D100DEE0E700BF10B582B05C
:107520000446FFF7E9FC002809DB084A0849094836
:1075300000940023F1F708FF18B902B010BD00DE77
:10754000F3E77730F9D000DEF7E700BFD935000068
:10755000F1700100A97001002DE9F0410D46417A5A
:107560009DF818801746CA071E4609D5B8F1000FC6
:1075700017D02B78B7EBD31F1AD00020BDE8F081CD
:107580002946044611F8020B079AC0F38010FEF753
:107590003BFF0028EDD1637ADB07EED5B8F1000F91
:1075A000E7D1079B1878FEF7FBFE0028E1D1E4E75E
:1075B000062205F10801304608F07FFAB0FA80F0A3
:1075C0004009BDE8F08100BFF8B506460320174624
:1075D0001D46F1F725FDB0B10446F1F73DFD162338
:1075E00023713046F6F746F9E08045B97F232068DD
:1075F000237667762146F1F75DFD0020F8BD02F0A5
:1076000041FFC3B2F3E76FF06800F8BD2DE9F84F12
:107610001F460B9B9DF828909DF8305006460C465F
:1076200092466BB9437A03F00303012B2CD9002D4A
:107630003AD02378BAEBD31F4AD00020BDE8F88FA8
:1076400088460D9A18F8020BC0F380104146FEF7E9
:10765000DBFE0028F2D094F800B0BAEBDB1FECD1CF
:1076600004F108013846062208F027FA0028E4D180
:107670000D9B1B78FF2B1ED0F27AFF2A1BD0981A85
:10768000B0FA80F04009D9E711F8020B0D9AC0F367
:107690008010FEF7B9FE0028CBD1737A03F0030304
:1076A000012BCAD9002DC4D10D9B1878FEF778FEA6
:1076B0000028BED1C1E7CBF3801BCB45BDD10B98D1
:1076C0000622414608F0F9F9B0FA80F04009B5E722
:1076D000062204F10801384608F0EFF9B0FA80F00C
:1076E0004009BDE8F88F00BF2DE9F04F89B004468E
:1076F00002F024FDC0B250B9FFF766FA7648214681
:1077000002F0B0FB09B0BDE8F04F02F0D7BC02F0C8
:1077100037FD054602F004FF074602F00BFF03F0B9
:10772000ADF9824603F08CF9814602F0BBFEEDB262
:107730008046FFF749FA002DE0D01AF0FF0A7FD10A
:10774000FF208DF81F000120F1F76AFC0546002894
:1077500000F0A080237B04EB830305F1200B196963
:107760000B46FFB213F8026B06F00F00012808BFAA
:1077700001F1080995F8201001F00F0118BF4FF032
:1077800000090329C6F380125FFA88F84FEAD6167B
:107790005DD00529B2D195F821102229AED16168BA
:1077A0000029ABD091F82C108907A7D40DF11F0048
:1077B0000390CDE90197009659462046FFF726FF32
:1077C00000289BD00420F1F72BFC002896D04348DA
:1077D000214602F047FB02F071FC02F0A5FC0028F4
:1077E00056D1B8F1000F4DD1626892F82C3043F0B9
:1077F000010382F82C30F1F72FFC17224FF6FF73AC
:107800000271C3808460054602F0B0FF286103F076
:1078100011F800210446084602F044FC241A6C6169
:10782000BAF1000F11D09DF81F306B76F1F714FC00
:107830002946E8602868F1F73DFC09B0BDE8F08F03
:107840005FFA89F0FEF78CFD7BE7FF23EDE795F803
:1078500021100C297FF452AFB9F1000F7FF44EAF25
:107860000DF11F010191009759462046CDE90423EF
:10787000FFF772FE80B995F82010DDE9042301F0CE
:107880000F0186E702F0FEFD636883F8A600ABE710
:1078900000DEA6E700DE5DE70F48214602F0E2FACF
:1078A00002F0D6FD237E04EB8303D86902F0EAFBE5
:1078B00002F03AFC68B9A37A9807BED59DF81F205C
:1078C000434659462046FFF77FFE00287FF416AF57
:1078D000B3E700DEEFE700BFA17401007D70010097
:1078E000837813F03F0315D0C278D3074CBF00F163
:1078F0000A03031D900748BF0633100748BF023331
:1079000012F0100203D1134610460B60704700209E
:107910000B6070476FF01500F7E700BF10B5044625
:10792000FFF752F90320F1F7CFFC20B12046BDE864
:107930001040FFF757B900DE2046BDE81040FFF7C2
:1079400051B900BF30B5044683B002F001FCFFF727
:1079500029F96568962002F003FE6A7AAB7A52092B
:10796000104603F00103002102F068FC0120F1F74A
:1079700057FB002845D0203002F07EFB02F0D4FBFC
:1079800000283CD12048214602F06CFAFEF798FD11
:1079900018BB02F055FF0446687A0121400902F045
:1079A00081FB6B7A04445809022804F1A30412D025
:1079B00004280CBF4FF4BC73282301211C4402F09F
:1079C0006DFB201A02F0E6FE02F02CFF03B0BDE8CA
:1079D000304002F04DBD1823EFE70DF10700FEF730
:1079E00091FC6A7AC2F34212920042F0010201460F
:1079F00002F01D029DF8070002F0DAFFC9E700DE81
:107A0000C0E700DEB7E700BFD17B010070B50446D8
:107A1000856802F093FB88B120682146F1F74AFBA4
:107A20006A6892F82C3043F0010382F82C30FFF79B
:107A3000CBF82846BDE87040FFF7D4B8012620688F
:107A400026712146F1F71EFBE16808680E71F1F717
:107A500031FBFFF7B9F82846BDE87040FFF7C2B820
:107A600010B504460320F1F72FFCD8B10E4821468B
:107A700002F0F8F902F06EFB40B1FFF76DFA002852
:107A80000ADBBDE810400020FEF7EEBF02F016FB57
:107A9000FFF762FA0028F4DA00DE0020BDE81040AB
:107AA000FEF7E2BF00DEE1E7AD7A010002F026BB9F
:107AB00030B50B4683B0044601A91846FFF710FF06
:107AC000E8B9019DDDB1216891F8442002EB420341
:107AD00001EB4303062093F83D3000FB021203F054
:107AE0003F03C98E20893832FDF704FC2389013316
:107AF00023812B7860F305032B7003B030BD00DECB
:107B0000019DE0E7036A43B1D3F8041129B18B78F2
:107B10009A0602D0CB78DB0600D47047FFF7C8BFC7
:107B200070B5044682B0FFF73DF8206A666801A987
:107B3000FFF7D6FE002841D1019B002B3ED01878DC
:107B400000F03F00FEF7F0FF236AD3F80451002D48
:107B500037D02562AB789A0602D0EB78DB0613D4D7
:107B60001948214602F07EF902F064FC284602F032
:107B700089FA02F0D9FAF8B902F054FE204602B0B0
:107B8000BDE87040FFF7BEBF2146104802F06AF919
:107B90004FF4967002F0E4FC727AB37A520903F063
:107BA00001031046194602F0A9FB284602F06AFAC2
:107BB00002F0BAFA0028DFD000DEDDE700DE019B2C
:107BC000BDE700DEC5E700BF1D790100217B010094
:107BD0002DE9F04F8BB0044602F0B0FAC0B250B9B4
:107BE000FEF7F2FF9D48214602F03CF90BB0BDE8DC
:107BF000F04F02F063BA02F0C3FA054602F036FC19
:107C0000074602F08DFC064602F094FC02F036FFB7
:107C1000824602F015FF814602F044FCEDB2804638
:107C2000FEF7D2FF002DDDD01AF0FF03059340F0E0
:107C3000B180FF208DF827000120D4F80490F1F7DF
:107C4000EFF90546002800F0C5800DF1260104F18A
:107C5000140099F80C30FFF76DFB05F1200B00289C
:107C600000F0B680C17811F0020118BF00F10A01DE
:107C70000346049195F8201013F804AB01F00F01AE
:107C80000329CAF38012F6B24FEADA1A00F08980AB
:107C90000529A7D195F821102229A3D1D9F80410DC
:107CA00000299FD0049902960DF12700CDE900A18B
:107CB000039059464846FFF7A9FC002892D00420BB
:107CC000F1F7AEF9014600288CD0654802F0CAF8F9
:107CD00002F0BEFB02F062FA017821F03F0141F0B0
:107CE0000801017095F820100478C90961F3861421
:107CF0000470847895F820106FF3871484700478EA
:107D00000246C1F3801161F3C7140121047002F827
:107D1000031FAC6A4460C478AE8D068144F002044F
:107D2000C470D5F82240C0F80A40EC8CC48100F140
:107D3000100184788A1A62F30504821C891A8470FF
:107D4000417002F09FF902F0EFF9002844D1F1F7F9
:107D500083F9172303714FF6FF73C380C0F80890AF
:107D6000044602F003FD206102F064FD054699F827
:107D700009003946400902F095F9059B2D1A656105
:107D80006BB19DF827306376F1F766F9E0600BB0D0
:107D9000BDE8F08F5FFA89F0FEF7E2FA4AE7FF23C9
:107DA000F1E795F821100C297FF41CAF0DF12701A4
:107DB0000191009659464846CDE90623FFF7CCFBD2
:107DC00060B995F82010DDE9062301F00F015FE7A7
:107DD00000DE47E700DE38E700DEB8E799F8183044
:107DE00009EB8303DD69AB78990602D0EB78DA06FC
:107DF0001DD41A48214602F035F802F029FB284626
:107E000002F040F902F090F930BB2046FFF77AFE0D
:107E100099F80A309B07BAD59DF827205FFA88F3B6
:107E200059464846FFF7D0FB0028B0D0DAE6214695
:107E30000C48256202F016F84FF4967002F090FBA1
:107E400099F8092099F80A30520903F001031946FC
:107E5000104602F053FAD2E700DED6E71D790100A2
:107E60000D7A0100217B010000207047002070473F
:107E700010B582B00446FFF73FF8002809DB084A36
:107E80000849094800940023F1F75EFA18B902B0D6
:107E900010BD00DEF3E77730F9D000DEF7E700BF72
:107EA00041370000D16A0100C96A010000B970477A
:107EB00000DE704708B54B6823B14B6893F82C304F
:107EC000DB070AD481420B8E09D0ABB14B8E9BB934
:107ED000134801F0C7FF02F0F1F8002008BDDBB93C
:107EE00091F82830DA07F8D491F83430DB06F4D46E
:107EF0000C4801F0B7FFEEE70B6C13B16FF08B008D
:107F000008BD094B1360FEF7F7FF002802DB6FF096
:107F10000A0008BD00DEFAE74B8E002BE0D1D7E760
:107F2000B5800100413C00008D81010008B5064B81
:107F300003989860002211460120EEF7A1FB00B9DA
:107F400008BD00DE08BD00BF1C0200200021EBF7C9
:107F500033BD00BF10B5044682B0FEF735FE94F87D
:107F6000283094F834206FF3000322F0180284F8CC
:107F700028309B0684F8342001D4636853B39620DC
:107F800002F0EEFA002318461A46194602F056F996
:107F90000120F1F745F820B3203002F06DF8FEF72C
:107FA0008FFA40B902F064FA0F48214602B0BDE8EA
:107FB000104001F057BF0DF10700FEF7A3F994F848
:107FC00034209200014602F01C029DF8070002F0E6
:107FD000EFFCE7E702F03CFA0120F1F721F8002876
:107FE000DAD100DED8E700BFE13C000010B504465E
:107FF000FEF7EAFD02F080FA0420F1F765F920B1FE
:108000002046BDE81040FEF7EDBD00DE2046BDE88D
:108010001040FEF7E7BD00BF08B5FFF79BFF02F079
:1080200047F8BDE8084002F0FDBB00BF70B582B064
:108030000546FEF7B7FD02F00BFA0120F0F7F0FF5E
:1080400098B3203002F018F802F06EF858BBFEF733
:1080500037FAC8B902F0F4FB00210446084602F0E2
:1080600021F800210646084602F018F83444CB34C3
:10807000201A02F08FFB02F0FBF90D48294602B0EE
:10808000BDE8704001F0EEBE0DF10700FEF73AF9D1
:1080900095F834209200014602F01C029DF807007A
:1080A00002F086FCD6E700DED1E700DEC9E700BFBC
:1080B000E13C000030B5044685B0FEF785FD0DF1CA
:1080C0000F012046FEF7F2FC08B105B030BD0546B1
:1080D00002F012FA94F828200095C2F3410301330C
:1080E00003F00303032B08BF002363F3420284F869
:1080F00028202B46042229462846EFF7EBFE9DF860
:108100000F307BB1238E002B32D194F83430DA0655
:108110000FD494F92830002B1FDB2046FEF762FDB8
:1081200005B030BD0420F1F7CFF80028EAD100DE19
:10813000E8E76FF3041384F83430F0F78DFF01465D
:1081400000B30A230B718C60E36ACB600868F0F718
:10815000B1FF94F92830002BDFDA0B4B002101220C
:1081600008469C60EEF78CFA0028D6D000DED4E7F3
:10817000638E002BC9D194F8283043F0800384F833
:108180002830C2E700DEDCE70C02002070B5C368CF
:1081900004461E68EFF788FF05463046FEF7B0FC40
:1081A00000232D1AC4E90053238120460121BDE894
:1081B0007040EBF701BC00BF2DE9F8439DF820901B
:1081C000164680460D464A46194630461F46FEF77B
:1081D00055F90446A0B91DB198F834305B061CD49B
:1081E00098F82850C5F38013B3420CD0C5F3C105ED
:1081F000012D05D926B17B7903F0C003402B12D0A5
:108200002046BDE8F88308F136000622394607F01B
:1082100054FC0028EAD10124F2E74846FEF758F85A
:108220000028EDD1DCE7099B002BF4D0099A01234B
:108230001370F0E710B548B10C46FEF78DFE00282C
:108240000BDB2046BDE81040FEF70EBC044801F0F1
:1082500009FEBDE8104001F031BF00DEF1E700BFCC
:10826000B58001002DE9F04F83B0074603209DF84B
:1082700030A09DF83450884616469946F0F7D0FE57
:10828000002800F084800446F0F7E6FE4FF6FF7306
:10829000E38097F8343058075FD003F00703012BD1
:1082A0006FD0042B70D000DE94F8202002F00F0372
:1082B000042B5CD0072B52D10023FB62A76002F095
:1082C00055FA206102F0B6FA834697F83400514619
:1082D00000F0070001F0E6FEA37EABEB00006AF3BE
:1082E00082036061A376009797F83410294B5246B9
:1082F00001F0070104F1200000F00EFDA37E60F301
:10830000C713A3761B062AD597F8343043F0100321
:1083100087F834306FF00F07B9F1000F23D17F20B9
:10832000B8F1000F14BF3246FF22FF3EA37E207635
:108330004FEA450518BF012645EA461505F0220516
:1083400023F022031D4320686276A5762146F0F7CC
:10835000B1FE384603B0BDE8F08F05232371002736
:10836000B9F1000FDBD002F08DF8C0B2D8E797F872
:1083700034301907F3D5052363F3030284F8202072
:10838000EDE7062323718FE7082323718CE76FF055
:108390006807DEE7998A01000020704700207047D7
:1083A00010B582B00446FEF7A7FD002809DB084A95
:1083B0000849094800940023F0F7C6FF18B902B035
:1083C00010BD00DEF3E77730F9D000DEF7E700BF3D
:1083D0004D7F010035820100B57E010070B50B4C68
:1083E0000546FEF7F1FBE5602E68EFF75DFE0546FA
:1083F0003046FEF785FB00232D1AC4E90053238184
:1084000020460121BDE87040EBF7D6BA387900204C
:1084100090F828C01CF0080F02D132B90120704733
:10842000002AFBD11846FDF7BBBF10B5044608462D
:108430001946FDF7CBFF20B994F82800C0F3C0001F
:1084400010BD012010BD00BF70B582B0FF2B8DF8AC
:108450000730064607D090F83500C01AB0FA80F011
:10846000400902B070BD0C46154629460DF10702C1
:108470002046FDF7C9FF0028F3D096F83430C3F347
:108480004013A34202D0002002B070BD062229464C
:1084900006F1080007F011FBB0FA80F04009E0E7B0
:1084A0002DE9F04F85B005469DF838600F9F1446C2
:1084B0009C4611B1DB78D80741D59CF80130072BD9
:1084C00039D99CF803209107C2F3400818D50D2B29
:1084D00031D9E3461BF80A9BC9F3801A4FEAD91930
:1084E0001CB195F828301A0747D55B464A46214605
:1084F0002846CDE90E6705B0BDE8F04FFFF75CBE3A
:108500009CF80020C2F3801AD2091CB9012005B0E2
:10851000BDE8F08F95F828301B07F7D491460CF191
:1085200004010CF10A0BFF2E8DF80F600BD095F8AB
:1085300035309E421DD0002005B0BDE8F08F0846C2
:1085400005B0BDE8F08F0DF10F0250460191FDF727
:108550005BFF0028EFD095F834300199C3F3401346
:108560005345E8D1062205F1080007F0A6FA0028D5
:10857000E1D1B8F1000FC9D0B7E70CF10401D2E79F
:108580002DE9F0479DF8285047680C46AD019DF84D
:108590002010994605F04005237845F0250545EA69
:1085A000C11503F010031D4390460B9B257022223A
:1085B00062701A68C4F802209B88E380099B1968DE
:1085C000A1609B88A3817B68C4F80E30B97A3B898F
:1085D0006382012221756275B7F816A0064602F083
:1085E00029F949460546B8F1000F39D008F00303D0
:1085F0002B33C8F34002DB00D34040461D4401F05A
:1086000051FD33692D1A18F0040F14BF05F63C799B
:1086100005F65A2973BB0C9AC2F80090A375E3754E
:10862000FB8A23833B8B6383B38AA383D7F82230EF
:10863000C4F81E3097F8263084F8223097F82820A6
:1086400094F8233062F3040384F82330FEF7A4FC8B
:1086500094F8233060F3471384F82330BDE8F087A3
:10866000404601F01FFD336905F5DB69A9EB000900
:10867000002BD0D040F2E24303FB0AFA02F07CF870
:10868000012105464046D6F8108001F009FD2B185F
:108690004344002B01DB994501D95344F9E70C9A77
:1086A0001360054AA3EB0903A2FB0323627D9B0A27
:1086B0000132E3826275B3E75917B7D130B504468A
:1086C00083B0FEF781FAACB10DF107012046F7F750
:1086D0007BF99DF80730054663B1164B1B8813B331
:1086E0001DB195F92830002B0FDB2046FEF77AFAF2
:1086F00003B030BD0F4B1B88002BF6D10520F0F7DF
:10870000E3FD0028F1D100DEEFE70B4B0021012251
:1087100008469D60EDF7B4FF0028F4D12046FEF72F
:1087200061FA03B030BD0520F0F7CEFD0028D7D1A7
:1087300000DED5E75A7F00203C020020F0B50C4651
:1087400083B0074615461E46FEF72CFA01F080FE60
:10875000204601F091FC01F0E7FC00283ED1FDF736
:10876000AFFE48BB02F06CF87B790446012103F0B0
:10877000070001F097FC7B79044403F0070002280E
:1087800004F1A30416D004280CBF4FF4BC732823B3
:1087900001211C4401F082FC201A01F0FBFF02F0D1
:1087A00041F801F065FE3146284603B0BDE8F040CF
:1087B00001F058BB1823EBE70DF10700FDF7A2FD10
:1087C0007A79C2F30202920042F00202014602F0FC
:1087D0001E029DF8070002F0EBF8C3E700DEBEE7DB
:1087E00070B504460120A568F0F71AFC014638B1BF
:1087F000E86A044A23462031BDE87040FFF79EBF77
:1088000000DEF5E7E98E010010B504460120F0F71F
:1088100007FC40B1234600F12001044A2046BDE890
:108820001040FFF78BBF00DEF4E700BFCD8E0100E4
:1088300010B504460120F0F7F3FB40B1234600F1E8
:108840002001044A2046BDE81040FFF777BF00DE54
:10885000F4E700BF598801002DE9F04F83B00646C8
:1088600001F06CFC10F0FF074CD1FEF7A3F939467C
:108870003046F7F7A9F8F4680546002C00F0DE80D2
:10888000F7606B6893F82C206FF3000283F82C20BC
:1088900095F828306FF3C71385F828300127206832
:1088A00027712146F0F7EEFBE46827712068214626
:1088B000F0F700FC95F83430DA061AD56FF304139C
:1088C00085F83430F0F7C8FB0146002800F0B4808A
:1088D0000A238D600B71EB6ACB600868F0F7EAFB46
:1088E0005B48294601F0BEFA03B0BDE8F04F01F045
:1088F000E5BB5848314601F0B5FA03B0BDE8F04F8A
:1089000001F0DCBB01F03CFC814602F0B7F85FFAF5
:1089100080F802F095F85FFA80FA01F0A7FD0746AB
:10892000FEF748F900213046F7F74EF8F46805469F
:10893000002C00F086800023F360B8F1000F00F0F7
:1089400084805046FDF70CFD82465FFA89F2002ACA
:1089500097D001F023FC01900120F0F761FB8146E4
:10896000002870D099F8201001F00F02082A88D151
:1089700099F821200E2A84D199F822203F2A80D804
:1089800099F8232002F00302032A7FF47AAF09F159
:10899000240BC1F3801153465A462846FFF754FD75
:1089A00000283FF46EAF019B99F820101A78C2F3AB
:1089B0008012B2EBD11F7FF464AF19460231062258
:1089C00009F12A0007F079F800287FF45AAF6A68A5
:1089D000707992F8481060F3020182F848107179BA
:1089E000FF00C1F3020107F0080747EA011792F8F8
:1089F000481021F078010F4382F84870707992F89E
:108A0000491060F3020182F84910B8F1000F3FF4F9
:108A10004DAF99F8202094F82010C2F3801262F331
:108A2000C71184F82010D9F82420A262B9F82820B0
:108A3000A28584F819A039E700DE49E700DEF4607A
:108A40001FE700DE77E700DE8CE74FF0FF0A7CE7E8
:108A5000DD830100BD86010010B504460520F0F756
:108A600033FC20B12046BDE81040FEF707B900DE18
:108A70002046BDE81040FEF701B900BF884208B5A6
:108A800007D0F6F781FE00280CBF6FF08B000020A6
:108A900008BD00DEF5E700BF2DE9F04F074685B0C1
:108AA000FEF792F8D7F80C80B86898F80290012485
:108AB0004FEA591904FA09F4E4B23C73F6F764FE7C
:108AC0008246002800F0D280002398F9002098F810
:108AD00002500193002A4FEA052598F8012005F479
:108AE000F85545EA020598F80020B4BF4FF4967196
:108AF0001E2101FB05F5B4BF4FF49E712E2112F02B
:108B0000400F14BF32264FF4FA765D4A009105FB00
:108B100006F6A2FB06264FEA840B5A4A4FF0000CD9
:108B2000012120465FFA8BFBA2F800C001F00AFA8F
:108B30005A46FF21082001F075FA98F8000000F06D
:108B40003F00FDF7F1FF07F1200001F095FA019BCE
:108B5000B60C002B00F085804B48194601F082F9D5
:108B6000962001F0FDFC012322460021204601F061
:108B700065FBFDF7A5FC002857D19AF8283013F0C3
:108B8000180F47D17F6901212046FEF703F82F44D3
:108B9000BF1B381AA0F11001A0F10F08002001F04E
:108BA0008DFD8045074614D03848394A394940F28E
:108BB000671305F0EAFE434637483A46294605F072
:108BC000E4FE002383F31188BFF36F8F032318465D
:108BD00002DF009B012120461E44FDF7DBFF3744E6
:108BE0000346012120461F4401F05CFAB9F1010F50
:108BF000074418D0B9F1020F0CBF4FF4BC70282005
:108C0000384401F0D5FD01F00DFE05B0BDE8F04F90
:108C100001F02EBC0120FDF73FF84178821C00785E
:108C200001F04AFCAEE71820EAE79AF82800C0F302
:108C3000C000FDF731F882460DF10F00FDF762FB31
:108C40009AF8011080460AF102029AF8000001F039
:108C500033FC9DF80F004BF00202414601F0A8FEE4
:108C600090E70E48394601F0FDF879E7BB680093BC
:108C700001461846F6F7A8FE009B824625E700BF8E
:108C800083DE1B435A7F0020CD8E0100D0FF010000
:108C900090020200E002020000030200E98E0100DF
:108CA00010B568B10C46FEF757F900280FDB052018
:108CB000F0F70AFB68B12046BDE81040FDF7D4BECE
:108CC000054801F0CFF8BDE8104001F0F7B900DE2B
:108CD000EDE700DEEFE700BFBD86010010B582B012
:108CE0000446FEF709F9002809DB084A0849094843
:108CF00000940023F0F728FB18B902B010BD00DE85
:108D0000F3E77730F9D000DEF7E700BFB9420000A3
:108D1000A18C01007D8A01002DE9F04F0446007806
:108D200000F00F00072883B08946174698467DD18A
:108D30006678002E76D0A378980673D0E378D907AA
:108D40004CBF0A3404349A0748BF06345D0748BF55
:108D50000134180748BF0234D90663D5A378627876
:108D60001D0205F4F85515435CD05F2B4FEA531AEA
:108D700058D8227802F03F03242B53D809F003037C
:108D80001E4412F0800F06F1090614BF4FF49673CB
:108D90001E23C9F34001F60003FB05F5CE402B442A
:108DA00006F596718B423DD352064CBF32224FF4EA
:108DB000FA72204B05FB02F2A3FB0232920C3946F9
:108DC0004846019201F06EF94FF0010B03460BFA91
:108DD0000AF0C0B259469A46FDF7DCFE019A06F247
:108DE0008D431344534403449D421BD85846F0F727
:108DF00017F90546E0B10C9BAB60EC6001F01AFD81
:108E000039460446484601F04DF9A41B241A294668
:108E100040466C6101F026F801F050F9012003B0E2
:108E2000BDE8F08F002003B0BDE8F08F00DE7FE7E3
:108E300000DEE0E783DE1B43F0B50C46C978C907C6
:108E400083B040D5054617461E46FDF739FB98B955
:108E500095F8283013F0180F0BD00120FCF71CFFF9
:108E60002246334612F8041BC1F38011FCF720FFA1
:108E70003870012003B0F0BD95F828002546C0F3F6
:108E8000C000FCF709FF15F8041B3346C1F380113D
:108E90002A46FCF70DFF38700028EAD123785B06DC
:108EA000E7D50DF10700FDF72DFA9DF80730002BEF
:108EB000DFD0284601F016FE089B187001F0C0FDB7
:108EC000099B1870D5E7002003B0F0BD10B504462B
:108ED0000021F6F779FD6279214602F00702BDE82C
:108EE0001040EBF725BB00BF034680681A7B90F863
:108EF0003430DB0602D50021EBF71ABBC16AEBF771
:108F000017BB00BFF8B50546FDF75EFEF0F7CEF9DA
:108F1000044600283FD0214B214A1B781178A279C2
:108F200020485B0001F0010103F002030B4322F033
:108F3000030213431C4A01881278A180012020708B
:108F4000A371227219B195F92730002B04DB284652
:108F5000BDE8F840FDF746BE95F82C30C3F3021388
:108F6000022B16D0042B0CBF4FF4BC77282701F03E
:108F70004DFC064601F050FC361AE660EA6BC4E987
:108F800004270023EB636B642846BDE8F840FDF737
:108F900029BE1827EBE700DEBDE700BF7D7F00207C
:108FA0007E7F00205C7F00207B7F002008B501F0E1
:108FB000F1F802780346012161F301021A700020E2
:108FC00008BD00BF014B002018707047797F00205A
:108FD000704700BF30B40849084A094D094C0A4897
:108FE00000230B8013700949094A2B8023700370FA
:108FF0000B70137030BC70475C7F00207F7F0020B7
:109000005E7F00207E7F00207D7F00207C7F00200F
:109010007B7F0020814207D091F82C305B070BD575
:109020000B4B188840B97047094A0A4B12881978C7
:109030001AB941B100DE03E0064B1B78002BF9D1D1
:109040006FF08B00704701221A706FF00F007047AD
:109050005C7F00207C7F0020814207D091F82C307B
:109060005B070BD50B4B188840B97047094A0A4B70
:10907000128819781AB941B100DE03E0064B1B785B
:10908000002BF9D16FF08B00704701221A706FF03E
:109090000F0070475E7F00207C7F002038B50D46B2
:1090A00078B30446FDF758FF002847DBE2682389C0
:1090B000518B938301330B4492F92710538300297A
:1090C00013DBF0F7F3F8002836D0837923F003039D
:1090D000002243F002030121017082808371027239
:1090E0002846BDE83840FDF7BFBC2089136B916B63
:1090F00000FB03330B44516B8B4228BF0B46936339
:10910000DFE791F92730002B0ADB0D48294600F0F4
:10911000A9FE00F0D3FF95F862301B0708D438BDD4
:10912000084B1B88002BF0D1074B01221A70ECE78B
:10913000BDE8384001F032BC00DEC6E700DEB5E72E
:10914000058F01005E7F00207D7F002070B5064600
:109150000120EFF765FF054668B3002185F821106F
:1091600096F8494004F00704204600F0EBFE96F81C
:1091700062301B074FEA840211D542F001021F2121
:10918000082000F04FFF01F00DF82146024606F1DD
:10919000630001F05BFBBDE8704000F06DBF08208C
:1091A00042F001021B2100F03DFF05F12000BDE867
:1091B000704000F061BF00DECFE700BF38B5044665
:1091C000FDF7F0FC2C4AA08913880133138001F0CD
:1091D000C7F994F8482094F84900C2F3C00300F09E
:1091E000070002F00702002101F028F82046FFF7EF
:1091F000ADFF00F099FF00283BD101F021FB258A4B
:10920000034694F849000D35012100F007001D4484
:1092100000F048FF94F8493003F00703022B05449F
:1092200025D0042B0CBF4FF4BC73282394F84800BE
:10923000C0F3C00100F007001D4400F02FFF281A02
:1092400001F0A8FA0D4B1B881BB994F92730002BAD
:1092500005DA21460A48BDE8384000F003BE01F0B7
:1092600007F921460648BDE8384000F0FBBD182349
:10927000DCE700DEC1E700BF5E7F00205C7F0020EE
:10928000A993010070B590F84830054603F0070433
:109290000E462046C3F3C00100F054FE95F862303C
:1092A000A200DB0642F001020CD508201F2100F0CD
:1092B000B9FE314605F1840001F00EFBBDE87040B7
:1092C00000F0E0BE08201B2100F0ACFE3046BDE8F7
:1092D000704000F0D7BE00BFF0B5054683B001AACC
:1092E000C06C0F46296DEDF75FF995F862305A07AB
:1092F00006463BD448B3019C95F8613095F8602050
:1093000004341C4412B9627885F8602033B12378A4
:10931000012262F30103237095F8613095F8602013
:10932000D31A63702846F7F7E9FA637883422BD99A
:1093300060700121237803F00F03002243EA011338
:109340002370A2703C6003B0F0BD43F0040385F8C5
:10935000623000F01FFF0446124B1B78EBB12378FC
:1093600043F0100323703C6003B0F0BD43F00403EE
:1093700085F8623000F00EFF0446002EECD0237812
:1093800043F010032370EEE732682B6D9A42D0D180
:10939000044B19780029CCD1CCE7227863F304126E
:1093A0002270CFE7797F00202DE9F04F85B0044689
:1093B00000F0C4FEC0B250B9FDF7FCFBC448214622
:1093C00000F050FD05B0BDE8F04F00F077BE00F0B2
:1093D000D7FEC6B201F066F8DFF8F882C7B2FDF733
:1093E000E9FBB8F8003001200133A8F80030EFF7AE
:1093F00017FE0546002800F04E81002E69D1B64BBD
:1094000093F80080B8F1000F40F0ED8094F86220EE
:1094100003A9C2F3800B204601221A70FFF75CFFFC
:1094200094F92730002BB146C0F21481AB4B1B7866
:10943000002B00F0C880A648214600F013FD94F9E7
:109440002730002B80F22C8101F002F8039994F868
:1094500062200B7862F3C3030B7094F862300A78D1
:10946000C3F3400363F382020A702046FFF70AFF4A
:1094700000F05AFE002840F05C8101F0C7F9002896
:1094800000F09480B9F1000F00F09880A08A4FF6A8
:10949000FF73984200F05E814946F7F7B9F9B8F1D9
:1094A000000F0ED094F862301B0700F10681EFF731
:1094B000D3FD03232B71A38A2868EB802946EFF79D
:1094C000E1FDEFF7EFFD002F40F0BD8005B0BDE8F6
:1094D000F08F94F86220130705F1200B00F1D18082
:1094E00095F8203002F00101C3F38000884200F0BB
:1094F000B68094F9273081F0010161F30002002B5E
:1095000084F8622005DA94F82C3043F0080384F8DC
:109510002C30734B1A780AB1013A1A7094F8622011
:1095200012F0040A40F0E280D4E9130103AAEDF737
:109530003BF88146002800F0F180039A94F861100E
:109540000091043201920A44517871B194F862207A
:10955000D0060AD5D4F894200132C4F89420D4F867
:10956000982042F10002C4F89820009A114494F81F
:109570006020C9B2914280F0D98084F861104FF028
:10958000000994F92730002BC0F2FD8095F82030B7
:10959000DA065CBFDDE9001212F801A094F862203F
:1095A0005CBF8AF0100ACAF3001A5BE001F022F9EE
:1095B00001F026F9B9F1000F7FF468AFB8F1000FA0
:1095C0007FF470AF7FE7E08900F0CAFF94F84900AC
:1095D00000F0070000F0EAFD4248214600F042FC9E
:1095E00001F020F932E708F1FF3818F0FF0894F88D
:1095F000622083F8008008BF4FF0010AB04618BF10
:109600004FF0000AB14603A92046C2F3800BFFF7D2
:1096100063FEBAF1000F7FF40EAF94F92730002BF0
:1096200018DB002E3FF402AF95F82030D9063FF545
:10963000FDAE039B1A78D2063FF5F8AE5B78002B9F
:109640003FF4F9AEF2E600F01DFF84F8A60005B085
:10965000BDE8F08F636C002B7FF4EDAEE1E74FF0D7
:10966000000AD146C3F3C003C2F340018B4274D059
:109670004FF0000818491C4B002008700121197098
:10968000C1E700F08FFD028883782A848BF80230CE
:1096900094F8622024E700DE002E3FF4B0AE18E715
:1096A00000F00CFD00F040FD002874D194F8623009
:1096B0006BF3820384F86230DFE600F073FD95F807
:1096C0002120C11C05F1230006F0C7F9EFE600BF19
:1096D000058F01005C7F00207F7F00207C7F0020C1
:1096E000797F0020BD9101007E7F00206FF3820210
:1096F00084F8622000F04EFD94F92730002B0DDB3A
:1097000095F8203013F010090AD190F800A094F8D1
:1097100062208AF0100ACAF3001AA3E795F82030F5
:1097200094F862204FF0000AD1469BE766D000DE35
:1097300025E700DEA1E601F05DF801F061F8B9F17E
:10974000000F3FF4C0AEA08A4FF6FF73984251D18C
:109750004FF0000800DEA08A9EE60320EFF760FCD1
:10976000B0B194F8623083F0020384F8623095F867
:10977000213094F86220002B3FF47AAF10070CD40C
:109780004FF0010876E794F8622095F8203069E7F9
:1097900094F862206CE700DE88E701F0CDF800283D
:1097A00076D001F0F1F800285DD1D4F87330D4F808
:1097B0007720134305D195F8203003F00303032BE2
:1097C0003BD0344B3448022221461A7000F04AFB49
:1097D00000F074FC00F0A8FC68BB01F017F800284A
:1097E000A9D0B9F1000F3FF46EAEA08A4FF6FF7317
:1097F00098424AD04946F7F70BF862E60022A4F8EF
:109800006020206D04F14C01ECF7D6FE039A234B47
:109810001268C9F80020039AC2F800901A78DDF89F
:109820000C9022B9B8F80020052A7FF6AAAE1C4A8F
:1098300012781A70A5E600DECFE700F0AFFC43789F
:10984000272B0146BDD80333DAB2584606F005F996
:10985000D4F87330013BC4F87330D4F8773043F157
:10986000FF33C4F87730D4F873300133C4F8733061
:10987000D4F8773004F1730243F100035360054BD1
:1098800001221A7094F862207AE700DEA08AB1E71C
:1098900000DE86E77B7F0020058F0100797F0020B6
:1098A0007A7F0020024B1A7818701046704700BF6C
:1098B0007A7F002010B582B00446FDF71DFB00281A
:1098C00009DB084A0849094800940023EFF73CFDEA
:1098D00018B902B010BD00DEF3E77730F9D000DE32
:1098E000F7E700BF494C00009D900100599001002E
:1098F00010B582B00446FDF7FFFA002809DB084ADC
:109900000849094800940023EFF71EFD18B902B07A
:1099100010BD00DEF3E77730F9D000DEF7E700BFD7
:10992000A94E00009D9001001590010008B500F0BF
:10993000E5FB00F005FE0C4B0C4A19781378CB1AA6
:10994000DB0701D4117008BD094B186800F008FE50
:10995000084A094B12781B781046194600F0CEFCD5
:10996000BDE8084000F05EBF817F0020807F0020BE
:1099700070790020847F0020837F0020F8B50C469A
:1099800017461D46064600F02BFAFDF7CDFA0028D3
:1099900044DB00F093FA0698002100F063FA032CF0
:1099A0002FD80121013C01FA04F4E0B21C4B1D4CFC
:1099B0001970207000F0C6FA7D2F25DC07F17F03B7
:1099C000DBB2932B28D8384600F0D6FA00F0C8FA5C
:1099D00000277000023000F0F7FA134800F00EFB89
:1099E000124940F25B6000F0BFFB23786A0142EA53
:1099F000830202F0FC02FF21082000F013FB38462E
:109A0000F8BD00210420D1E77F2F02D100F0B2FA87
:109A1000DCE700F0ABFAD9E71127DAE700DEB8E7B8
:109A2000837F0020847F0020F005020055555500FB
:109A300010B500F083FBC0B228B900F05FFBBDE8B1
:109A4000104000F07DBD00F09BFB044600F056FB8B
:109A500000F076FD962000F083FD074A074B127850
:109A60001B7810461946E4B200F094FC1CB1044A7D
:109A700013880133138010BD847F0020837F002072
:109A8000607F0020F0B5144683B0072C9DF820704D
:109A90009DF9302028D80D46591E032924D8444E5C
:109AA0003178F1B91946434B00933B1E18BF01238F
:109AB000FFF764FFB0B9A7B93F4A137801331370B9
:109AC00000F06CFB0378457064F30303013C074628
:109AD0000370062C65D8DFE804F05E58524C46400F
:109AE0000A000C2003B0F0BD112003B0F0BD2A46DF
:109AF000AA21033005F0D9FF304C384600F0C2FAF5
:109B0000227802F003032B440933C2F34002DB0046
:109B1000D3402B4A03F26930A2FB0020400A40F2F6
:109B2000712202FB00F0C01A264B186000F018FDED
:109B3000254B22781B781046194600F0DFFB00F019
:109B400073F90022C11C012000F016FD00F06AFE2E
:109B500001230020337003B0F0BD2A46F02103300A
:109B600005F0A3FFC8E72A460021033005F09DFF5A
:109B7000C2E72A46FF21033005F097FFBCE71349EF
:109B80002A46033005F069FFB6E72A46552103301F
:109B900005F08BFFB0E72A460F21033005F085FF63
:109BA000AAE70B492A46033005F057FFA4E700BF98
:109BB000827F00202D990100817F0020847F00207A
:109BC0005917B7D170790020837F0020F00302007D
:109BD000F004020070B54A1E022A82B02DD8194E38
:109BE0001D4633782BBB184B00932B1E18BF012347
:109BF0007F22FFF7C3FE0446C0B9D5B900F0CEFA04
:109C000000F03AFA962000F0ABFC104A104B1278A4
:109C10001B781046194600F0BDFB00F005F92246FE
:109C2000C11C204600F0A8FC01233370204602B07E
:109C300070BD0C24204602B070BD1124204602B035
:109C400070BD00BF827F0020319A0100847F002018
:109C5000837F0020F8B51A4F3B784BB3194B1A4C51
:109C60001A4D1A88028000212278198029789142A1
:109C7000D3B21FD022780233DBB293422B700CD0C8
:109C80002026EFF3118086F31288BFF36F8F04F064
:109C9000F4FF23782A789A42F3D100F06FFDFDF7A4
:109CA0005BF9002809DB00F0ABF800203870F8BD44
:109CB0000C20F8BD00F002FAEFE700DEF3E700BF8A
:109CC000827F0020607F0020807F0020817F002035
:109CD0004FF080530246D3F8A410013107D04FF063
:109CE0008051D1F8A00010F0010009D17047D3F8DD
:109CF000A8304FF6FF719BB28B42F0D10020704725
:109D0000D1F8A4301360D1F8A8301371C3F307233E
:109D100063F03F035371D1F8903001331CD0D1F878
:109D20009430013318D0D1F89830013314D0D1F8E1
:109D30009C30013310D0D1F89030C2F80630D1F801
:109D40009430C2F80A30D1F89830C2F80E30D1F809
:109D50009C30C2F8123008E00023C2F80630C2F886
:109D60000A30C2F80E30C2F812300120704700BF2E
:109D700000234FF08052036043608360C360D2F8D9
:109D80008030013318D0D2F88430013314D0D2F8A7
:109D90008830013310D0D2F88C3001330CD0D2F897
:109DA00080300B60D2F884304B60D2F888308B6002
:109DB000D2F88C30CB60704700230B604B608B6017
:109DC000CB607047054B4FF480320021C3F8081573
:109DD000C3F84423C3F80423704700BF00B0004019
:109DE000054B1878421C1A7018B9044B01221A60EE
:109DF00070470120704700BF857F002000B0004001
:109E0000074B187848B10138C0B2187018B9054B23
:109E100001225A6070470120704700DE1878F2E78F
:109E2000857F002000B00040014BD3F80405704747
:109E300000B00040024B00F5A87043F820107047B6
:109E400000B00040044BD3F8103123B1034A044B57
:109E500010681B681847704700100040907D002074
:109E6000947D0020024A034B11601860704700BFC8
:109E7000907D0020947D00204FF080434FF0FF3212
:109E80000021C3F8002EC3F8042EC3F8081EC3F83F
:109E90000C2EC3F8101EC3F8142EC3F8182EC3F8E6
:109EA0001C2EC3F8202EC3F8242EC3F8282EC3F886
:109EB0002C2EC3F8302EC3F8342E70474FF080524A
:109EC0001B49D2F830310020C1F81805591C1FD0A9
:109ED000062B09D0174B4FF490514FF41052C3F892
:109EE0000018C3F804287047D2F83431033B042B20
:109EF000F0D8114AD25CB2B10D4AD2F8743723F0CF
:109F0000807323F0010343F08073C2F87437E1E7F4
:109F10004FF0704393F8E02F062ADBD1D3F8E83FE7
:109F2000C3F30313E2E7054AD35C002BD2D0E3E787
:109F30000010004000F00140FC050200F4050200A2
:109F4000704700BF054B02280CBF0421032140F2DB
:109F50000122C3F81015C3F85026704700100040C6
:109F6000014BC3F80C057047001000406FF027004C
:109F7000704700BF0420704703281ADC16D0002861
:109F800015DA031D1ADA10F1080F1ADA10F10C0FA6
:109F900011DA10F1100F07DA10F1150FCCBF6FF0C6
:109FA00013006FF0270070476FF00F00704700201C
:109FB0007047042070476FF00B0070476FF003008C
:109FC00070476FF007007047014BC3F808057047F2
:109FD00000100040084B00F07F00C3F85405D3F890
:109FE000182522F00072C3F81825D3F8182542F07E
:109FF0000072C3F81825704700100040084A00217D
:10A000000123C2F82C15C2F83035C378C2F82435C4
:10A010008178038843EA01431B02C2F81C3570476C
:10A0200000100040C2F38203A3F1020302F0030216
:10A03000B3FA83F3013A5B091B06022A98BF43F483
:10A04000801300F00F000A4A184340F48070C2F8F1
:10A050001405D2F81805074B0340C2F81835D2F89A
:10A060001835194341F44031C2F81815704700BF44
:10A07000001000400000F8FE014BC3F804057047D3
:10A0800000100040014BC3F8040570470010004069
:10A0900002280CBF28202920704700BF01207047EC
:10A0A0002920704702280CBF06200A20704700BFF5
:10A0B000014B01225A607047001000400B4B0C48C6
:10A0C0000C4910B44FF41064C3F8084501224FF452
:10A0D00080245A60DA60C0F84843074CC3F808454A
:10A0E0000020C1F800020A6110BC704700F0014076
:10A0F00000B0004000100040C001700E094B00226B
:10A10000C3F80021D3F80011C3F80421D3F80411D7
:10A11000C3F80C21D3F80C11C3F81021D3F8103177
:10A12000704700BF00100040034BD3F80001003817
:10A1300018BF0120704700BF00100040034BD3F848
:10A140000C01003818BF0120704700BF001000400C
:10A1500001207047034BD3F85005B0FA80F0400956
:10A16000704700BF00100040044B40F20312C3F8D8
:10A170003425C3F83805C3F83C157047001000407B
:10A18000034BD3F80004003818BF0120704700BF0C
:10A190000010004000487047907C00200048704745
:10A1A0008C7B002000487047887A0020F0B41D4B5B
:10A1B0001D4D1E4E1E4C1F4F0322C3F800222A784D
:10A1C000C6F8687502F10C03DBB2D000DB00910029
:10A1D00003F1804300F1804003F5F83300F5F830D7
:10A1E00001F18041C6F86C0501F5104104EB8204D1
:10A1F0001148C3F81045C3F81405D1F840352D2B8C
:10A200008ABFD1F8403501232D3BC1F840350132DA
:10A21000064B4FF4106102F00102C3F804152A70D6
:10A22000F0BC704700100040867F002000F0014025
:10A23000409100400C110040041000402DE9F04115
:10A24000284E294C294FDFF8A8E0DFF8A880032327
:10A25000C6F800322178CEF8688501F10C03DBB234
:10A26000DB00CD0003F1804303F5F83305F18045B1
:10A2700007EB810705F5F835CEF86C554FEA810CF0
:10A28000C3F8107549F63465C3F814654AF24E23D5
:10A29000022A18BF1D460CF1804C42F2B84241F22E
:10A2A0004A53022818BF13460CF5104C124A2B448F
:10A2B000A2FB0323DCF84025B2EB931F85BF98096E
:10A2C000DCF8403501231B1ACCF840350131084B2E
:10A2D0004FF4106201F00101C3F804252170BDE8BC
:10A2E000F08100BF00100040867F002040910040B8
:10A2F00000F001400C110040D34D6210F0B4204E2C
:10A30000204D214C214FDFF888C00323C6F80032CE
:10A310002978C7F868C501F10C03DBB2DB00022A1B
:10A320004FEAC1004FEA810203F1804303F5F8339D
:10A3300000F1804002F1804202F5104204EB8104FA
:10A3400000F5F830C7F86C05C3F81045C3F814657C
:10A35000D2F840050CBF28232923834236BFD2F808
:10A3600040050123C31AC2F840350131074B4FF4B1
:10A37000106201F00101C3F804252970F0BC704798
:10A3800000100040867F00204091004000F0014016
:10A390000C110040F0B4214B214D224E224C234F92
:10A3A0000322C3F800222A78C6F8687502F10C036C
:10A3B000DBB202284FEAC3034FEAC2004FEA820130
:10A3C00003F1804300F1804003F5F83300F5F830E5
:10A3D00001F18041C6F86C0501F5104104EB8204DF
:10A3E0001348C3F81045C3F81405D1F840050CBF55
:10A3F00032233623834236BFD1F840050123C31AE6
:10A40000C1F840350132074B4FF4106102F00102F0
:10A41000C3F804152A70F0BC704700BF001000405C
:10A42000867F002000F00140409100400C11004068
:10A43000041000400449054B03204FF41062C1F89A
:10A440000002C3F8082570470010004000F00140EA
:10A450000449054B03204FF41062C1F80002C3F811
:10A46000082570470010004000F0014000207047B0
:10A47000034AD2F8003243F48873C2F800327047BE
:10A4800000100040014BD3F8480570470010004011
:10A49000034B0022C3F81C21D3F81C31704700BFC6
:10A4A00000100040034BD3F81C01003818BF0120F6
:10A4B000704700BF0010004010B44FF0000C4FEA8E
:10A4C0008C0303F1804303F580531468C3F80046FE
:10A4D0000CF1010C9488C3F82046BCF1080F02F17E
:10A4E0000602ECD1034B40EA0120C3F8400610BC41
:10A4F000704700BF00100040034AD2F8403623F0F6
:10A50000FF03C2F84036704700100040034B0022A2
:10A51000C3F81421D3F81431704700BF0010004075
:10A52000034BD3F81401003818BF0120704700BF57
:10A5300000100040014BD3F8100470470010004099
:10A540000449054B054A4FF48020C1F84803C3F87D
:10A550000825704700B0004000F00140C001700EB7
:10A56000034B044A1B7803F5A87342F82300704795
:10A57000867F002000900040F0B4A2F574232F4D98
:10A58000A3F51073AB42044606D902F1E87202F556
:10A59000D432013902F5A572294B2A482A4D2B4E97
:10A5A0000127DF600027C3F80475A0FB020204271F
:10A5B000C3F81075900C0227C3F80875244AC3F835
:10A5C0004005C5F848154FF48021C5F844134021D3
:10A5D000C2F84065C2F84435C2F804154CB34FF4D4
:10A5E0008013C2F804351B4A012100240423D160E2
:10A5F000C2F80445C2F81035154BC2F80845116081
:10A600001549C3F850150C32C3F8542502F5AF3282
:10A61000124CC3F8584502F5FC7201F50041C3F82D
:10A620005C2538310832C3F86015C3F86425F0BCE6
:10A6300070474FF40013C2F80435D4E7BFBDF07F74
:10A640000080004083DE1B4300B0004048B1004062
:10A6500000F00140009000400C110040409100408B
:10A66000134A30B40123134C53604FF48025D36058
:10A67000C2F84035104BC4F84815C4F84453402183
:10A6800004F5A474C3F84045C3F84425C3F8041581
:10A6900030B14FF48012C3F80425012030BC70475C
:10A6A0004FF40012C3F80425012030BC704700BFEE
:10A6B0000080004000B0004000F0014070B4114B39
:10A6C000D8B14FF48012C3F804250F4B0A46002678
:10A6D000012502E0D3F840416CB9C1EB4201C3F857
:10A6E0004061481CD3F84021C3F84005DD64D3F82D
:10A6F0004C259142EED370BC70474FF40012C3F862
:10A700000425E2E700F001400080004070B4154BE2
:10A710000122DA64D3F84C25E8B103F5B8334FF4DD
:10A720008011C3F804150F4B11460026012502E0E5
:10A73000D3F840416CB9C2EB4102C3F84061501CF0
:10A74000D3F84011C3F84005DD64D3F84C158A42B4
:10A75000EED370BC7047044B4FF40011C3F80415DE
:10A76000E1E700BF0080004000F00140014BD3F85A
:10A770004805704700B00040002070470349044A74
:10A7800001234B600B6153601361704700800040F0
:10A79000009000400449054BC1F844054FF0886221
:10A7A000C3F80425704700BF0080004000F001405E
:10A7B0000449054BC1F844054FF08862C3F80425ED
:10A7C000704700BF0080004000F00140054B064884
:10A7D0000649074AC3F84805C3F84C15C3F80425D1
:10A7E000704700BF00F00140001100404080004071
:10A7F00080000004014BD3F84405704700800040FE
:10A80000014B1860704700BF847A0020014B186824
:10A81000704700BF847A0020014BD3F84005704791
:10A8200000800040024B4FF00062C3F804257047DF
:10A8300000F00140014BD3F848057047008000400C
:10A84000014BD3F848057047008000401C4B30B4E2
:10A850000024C3F8004502294FF00204C3F8004564
:10A86000044626D003F580334FF00071154DC3F830
:10A870000415134B1448C3F804550021C3F80845C8
:10A88000124CC3F80C05C3F81025C3F81445C3F8DF
:10A890000012C3F80011D3F80021C3F80411D3F853
:10A8A0000421C3F808110122D3F808111A6030BC42
:10A8B0007047074B074D4FF00071C3F80415D8E7F8
:10A8C00000F00040010000018C7B0020787900201E
:10A8D00000F001400100010110B4134B00220446B6
:10A8E0000220C3F80025C3F800051048C3F804058A
:10A8F000C3F808450E48C3F80C150E4CC3F81005F4
:10A900000121C3F81445C3F80012C3F80021D3F89D
:10A910000041C3F80421D3F80441C3F80821D3F857
:10A920000821196010BC704700F0004000000101D0
:10A930008C7B00207879002038B5114C0223C4F8B4
:10A940000433D4F8043163B92025EFF3118085F383
:10A950001288BFF36F8F04F090F9D4F80431002B04
:10A96000F3D0074B074A02204FF40041C3F8080315
:10A97000C2F88011D3F80801B0FA80F0400938BD60
:10A9800000F0004000E100E0034BD3F80004003881
:10A9900018BF0120704700BF00F00040034B0121A9
:10A9A00000229960C3F80025704700BF00F0004006
:10A9B000F0B4940703D4D30734D4072A32D91C4BFC
:10A9C000D3F80425502701321A4B1B4D00240326CF
:10A9D000C3F80065C3F80405C3F80815C3F81025CB
:10A9E000C3F81455C3F80041D3F80021C3F804415B
:10A9F0000F4AD3F80411C3F80841D3F80831C2F85C
:10AA00006075D2F800320D4943F04003C2F80032BD
:10AA1000C2F828414FF40003D2F82821C1F80435C8
:10AA2000F0BC7047024BD3F804254027013ACBE72E
:10AA30000010004000F000407479002000F0014058
:10AA4000014BD3F80004704700F0004010B4084AEE
:10AA5000084C09490023C2F828314FF40000D2F80D
:10AA60002821C4F80035C1F8080510BC704700BFA4
:10AA70000010004000F0004000F0014038B5164BD7
:10AA8000D3F828312BB3154C0123C4F80433D4F880
:10AA9000003163B92025EFF3118085F31288BFF3ED
:10AAA0006F8F04F0EAF8D4F80031002BF3D00B4B91
:10AAB0000B4A01204FF40041C3F80803C2F880118B
:10AAC000D3F804212AB1D3F80801B0FA80F0400984
:10AAD00038BD002038BD00BF0010004000F000402D
:10AAE00000E100E038B5214C21490023032203385E
:10AAF000C4F80025C4F81005C4F80031D4F80021CA
:10AB0000C4F80431D4F80421C4F8083101224FF408
:10AB10000043D4F80801C1F88031C4F8042322604E
:10AB2000D4F8003163B92025EFF3118085F3128842
:10AB3000BFF36F8F04F0A1F8D4F80031002BF3D0ED
:10AB40000A4B0B4A01204FF40041C3F80803C2F836
:10AB50008011D3F8040120B1D3F80801B0FA80F0D5
:10AB60004009024B0022C3F8002538BD00F0004028
:10AB700000E100E00139012905D80B200AB1EBF70B
:10AB800073B8EBF77FB800DE704700BF29B1013919
:10AB9000012905D80B20EBF789B81820EBF786B808
:10ABA00000DE0020704700BF88420FD0012807D088
:10ABB00002280DD1A1F10100B0FA80F040097047E0
:10ABC000A1F10200B0FA80F04009704701207047FF
:10ABD00000207047012904D0022902D039B100DEDB
:10ABE0007047064B4FF40062C3F800217047034BD7
:10ABF0004FF08072C3F80021704700BF00E100E011
:10AC000008B504F0A1FC08BD032803D8054B185C67
:10AC100028B1704700DE034B185C0028F9D100DE34
:10AC2000704700BF04060200013810B41C46042817
:10AC300006D8DFE800F008111A23030004292FD0FA
:10AC400000DE10BC70470429FAD1194B9C6010BC7F
:10AC500002210020EBF714BD0329F1D1154B01218E
:10AC60009C6010BC0846EBF70BBD0429E8D1124BE1
:10AC70009C6010BC02210120EBF702BD032908D023
:10AC80000429DDD10D4B02219C6010BC0846EBF776
:10AC9000F7BC0B4B9C6010BC01210220EBF7F0BC11
:10ACA000084B9C6010BC02210320EBF7E9BC00BFFD
:10ACB000AC0200209C0200208C0200206C020020CC
:10ACC0007C0200205C02002001460020FFF7B2B8A1
:10ACD000124B30B40121044600205960C3F80445EA
:10ACE000C3F80001C3F80401196005E0D3F804219A
:10ACF00032B9D3F804251AB1D3F80021002AF5D0CF
:10AD00005960D3F80421002AE7D1D3F80455002D67
:10AD1000E3D0C3F8042530BC704700BF00E000401A
:10AD200070B5114C0126D4F8045566600E20EAF780
:10AD3000A9FFD4F8040140B10021C4F80411D5E9F9
:10AD40000E323046BDE870401847D4F8003143B1A8
:10AD5000C4F80001D5E90E3205F12001BDE87040CC
:10AD6000184700DE70BD00BF00E0004070B58CB039
:10AD70000E4615460146102268461C46EBF7E2FBDC
:10AD800010220DEB02003146EBF7DCFB6846FFF7C3
:10AD90009FFF25B1102208A92846EBF7D3FB2CB161
:10ADA00008AD0FCD20606160A260E3600CB070BDA3
:10ADB000084B70B5C31A0D4607499B10044659430A
:10ADC0000648402204F058F82B4601462046BDE8CC
:10ADD00070401847DC7D0020B76DDBB60CFC01002D
:10ADE00073B50C4C0C4A4023041B00930D460B46D4
:10ADF0000A49A41061430646094804F069F8011E97
:10AE000005DA30462B4602B0BDE87040184702B064
:10AE100070BD00BFDC7D00203BEF0100B76DDBB6ED
:10AE20000CFC010010B5EFF31184202383F312888A
:10AE3000BFF36F8F074A136823F00201DB0711602D
:10AE400002D4012004F018F984F31188BFF36F8F46
:10AE500010BD00BF2C7E0020002270B503210446E7
:10AE60001046EAF731FF0F4801F0ACFB0E4B984259
:10AE700015D101F0B7FB26690C49304603F0FCFD03
:10AE800000280BDB012535642469084904F11C0006
:10AE900003F0F2FD002801DBE564002070BD6FF0D7
:10AEA0000400FBE7D5AF01000000AD0B080602006F
:10AEB0007FB500220123CDE9022304ABCDE90433A1
:10AEC000094ACDF800D06B46CDF804D004F02EF836
:10AED000002805DB4FF480420023684602F094F915
:10AEE00007B05DF804FB00BF53EF010010B5074C3D
:10AEF00023782BB94FF4A57004F034F901232370A3
:10AF0000BDE81040002001F07FBB00BF877F00201C
:10AF100030B4104B0C2202FB003301460020D3E971
:10AF20000E529863EFF31180202484F31288BFF34C
:10AF30006F8F1C6C04F0C00444F002041C6480F3A6
:10AF40001188BFF36F8F1DB12B46034830BC1847E3
:10AF500030BC7047DC7D00200CFC010010B4EFF326
:10AF60001182202383F31288BFF36F8F1748016883
:10AF700041F002040460C80707D482F31188BFF3CC
:10AF80006F8F012010BC01F03FBB4FF08041D1F822
:10AF90000C04D1F80C14C907EFD5EFF3118083F33B
:10AFA0001288BFF36F8F0A490B6C03F0C00343F0A4
:10AFB00002030B6480F31188BFF36F8F82F3118853
:10AFC000BFF36F8F002010BCFFF7A2BF2C7E0020C4
:10AFD000DC7D002010B1012804D07047034B1B6CAE
:10AFE0005B0701D1FFF794BF704700BFDC7D0020F5
:10AFF000024AC3B21C2003FB00207047DC7D002006
:10B00000094BBFF35B8F53E8002F42F0010143E887
:10B0100000100028F7D1BFF35B8F930702D4012003
:10B0200001F0F2BA704700BF2C7E002010B5EFF39C
:10B030001184202383F31288BFF36F8F074A1368AC
:10B0400023F001019B07116002D4012004F014F8E1
:10B0500084F31188BFF36F8F10BD00BF2C7E0020DA
:10B060002DE9F0413849BFF35B8F0746012251E8D3
:10B07000003F41E800200028F9D1BFF35B8F33B9CE
:10B08000324933484B60CB608A6003F008FD7B1E79
:10B09000012B2BD8012F07D14FF08043D3F81C345C
:10B0A00003F00303012B21D004F04EFA0546F8B952
:10B0B000284B1B78E3B14FF080430222C3F80823EA
:10B0C0000646DFF894804FF08044D4F81824D4F872
:10B0D0001834D20315D503F00303012B01D0012F3F
:10B0E0000FD155B386F31188BFF36F8FBDE8F081A0
:10B0F000EFF31186202383F31288BFF36F8F0125AE
:10B10000DFE7ADB1304603F0B8FDD4F81835002BB9
:10B11000DBD1D4F80421002AD7D0C4F80431D4F804
:10B1200004310123C4F81835C8F88031A360CCE796
:10B130000021212004F0A8FAE7E74FF08043022223
:10B14000C3F80423D2E700BFD87D0020C87D0020CB
:10B15000F87D00208A7F002000E100E0EFF31182FB
:10B16000202383F31288BFF36F8F0A4BD3F80011AB
:10B1700061B10021D3F80805C3F80011D3F80031FC
:10B18000C0B282F31188BFF36F8F70476FF00A006F
:10B19000F7E700BF00D00040F0B5034610469C78AA
:10B1A00093F803C0EFF31182202585F31288BFF3D3
:10B1B0006F8F1F7893F801E0E41B04EA0C04A042AF
:10B1C00088BFA0B23E180CEA06063D461E7082F308
:10B1D0001188BFF36F8F0A188A4216D177450CD1B8
:10B1E000EFF31182202181F31288BFF36F8F19785A
:10B1F000597082F31188BFF36F8F1B79241AA34211
:10B2000022BF064B01221A60F0BD5E190135767926
:10B2100001F8016B05EA0C05DEE700BF00D0004035
:10B22000DB432DE9F04713F001050E46144604D028
:10B230002248FFF7B1FFBDE8F0879AB3EFF311881A
:10B24000202383F31288BFF36F8F0D20EAF72EFDC2
:10B2500007460D20EAF716FD88F31188BFF36F8FBC
:10B26000DFF85CA0DFF85C80CAF80051DAF8003142
:10B270004FF400590123CAF800302546C8F88091E0
:10B28000DAF8003183B1FFF769FF031EC8F8809137
:10B29000F6DB013DADB27355002DF1D117B10D2094
:10B2A000EAF7E2FC2046C6E7EFF31180202383F3A0
:10B2B0001288BFF36F8F03F0E0FCE1E7607E0020AF
:10B2C00000D0004000E100E02DE9F041124F0D46B2
:10B2D000144607F1450814B92046BDE8F0814FF047
:10B2E000FF334FF0FF32384601F08EFF22462946E9
:10B2F0004046FFF751FF0646384601F04BFF3EB986
:10B300004FF0FF324FF0FF33044801F07DFFE6E7D6
:10B31000A41BA4B23544DEE7307E0020487E002026
:10B3200038B51A4C01221146204604F059F8012282
:10B33000002104F1180004F053F840F20743A4F888
:10B3400048304FF0706323630C2384F834300025B9
:10B350000F4B84F84550A4F84650D3F8042542F02A
:10B360000102C3F80425C3F80051D3F800210122DB
:10B37000C3F8042303211A600D202A46EAF7A4FC2F
:10B380000D20EAF771FC284638BD00BF307E002052
:10B3900000D0004010B5FFF7E1FE002820DB174B7E
:10B3A00093F8322093F8314093F83310141B31EAAC
:10B3B0000404C0B20DD193F8472093F8464093F8A7
:10B3C0004810141B31EA04040BD10D4B01225A60C2
:10B3D0000EE09C180132114084F8350083F83210D9
:10B3E00010BD9C180132114084F84A0083F84710C0
:10B3F0000448BDE8104001F0CDBE00BF307E002003
:10B4000000D00040487E0020430970B507D10B4BA7
:10B41000596821B101250C68094E854001B970BDFC
:10B420008A682A4002D04B68304698471CB123688E
:10B4300021461C46F2E72346FAE700BF847E00203F
:10B440002CFC01002DE9F043476840F20636D00697
:10B450003B7B87B002EA060654BFC2F340100320CC
:10B4600001F01F05B6F5837F144645EA43158DF8B4
:10B47000030043D00FD8062E18D007D8B6B1022E3D
:10B480003ED06FF0150007B0BDE8F083B6F5807FC1
:10B49000F7D101260AE040F20222964232D0B6F5F8
:10B4A000407F31D0B6F5007FEBD102260123220385
:10B4B00003FA01F12AD57B68C3F808153B695BBB29
:10B4C00005F01F026D0974D1920002F1A04284F4CC
:10B4D0008031D2F80037C1F30041C4F3404423F473
:10B4E000E16344EA410423F007031C4344EA800477
:10B4F00044EA0624C2F800470020C4E70726D5E73F
:10B500000426D3E70526D1E70326CFE7630344BF2C
:10B510007B68C3F80C15D1E710370DF102022946FC
:10B52000384601F025FB14F4403F80460CD12946F3
:10B53000384603F013FE214B9845DDD19DF80210EB
:10B54000384601F055FBD7E701AB4FF0000903AADD
:10B5500029463846CDE90439CDE90199CDF80C905A
:10B5600001F0D6F9154B98428BD114F4003315D065
:10B570009DF803308DF80E3084F48034C4F3004419
:10B580004B4603AA294638468DF80C608DF80D40CD
:10B5900001F072FA094B9842CDD072E7CDE904333D
:10B5A00003AA0DF1030329463846039301F0B0F9CD
:10B5B000F0E702F5E07253F82230FFDE0000AD0B39
:10B5C00038B545682B69B3B11035284601F006FB44
:10B5D000044680B90146284601F0DCFA084B98423F
:10B5E0000BD108492246284601F0BCFA2246052123
:10B5F0000620EAF769FB002038BD6FF00400FBE786
:10B600000000AD0B09B40100F0B516464268107B8E
:10B6100001F01F0444EA4014106987B000286ED07E
:10B62000B6F5001F02F1100506D12146284603F0A9
:10B6300097FD002007B0F0BD01A80027B6F5800FE8
:10B640000197476038D1B3F1007F14BF052304236D
:10B650008DF804300023CDE904030393936823FAA3
:10B6600001F111F001010DF103073AD1B6F1A07F0C
:10B6700037D104F01F03620903F5E07345D14FF0A1
:10B68000A04252F82330DB072BD43A462146284605
:10B6900001F06EFA1E4B984219D0029703AA214678
:10B6A000284601F035F91B4B98422BD10122214647
:10B6B000284601F0ADFABCE7B3F1C06F05D0B3F195
:10B6C000007F14BF01230223C2E70323C0E73946EA
:10B6D000284601F095FA0F4B9842DED06FF00B0030
:10B6E000A8E73A462146284601F042FA094B98421B
:10B6F000D4D19DF80310284601F07AFACEE76FF016
:10B70000850097E76FF0150094E751F82330FFDECE
:10B710000400AD0B0000AD0B2DE9F0435B4E5C4F18
:10B7200000EB810140F2FF15814202D10020BDE80B
:10B73000F083046814F4804FC4F3C32CC4F30803EB
:10B7400040F09080240E16F80CC0AB4208BF4FF0BA
:10B75000FF33192C00F28980DFE804F00D13191C67
:10B760001F251C8787878736638787878787878713
:10B770008787667B7E81C2F80C355C1C5ED1043005
:10B78000D2E7C2F814355C1CF9D000245FE0C2F89F
:10B790000835F2E7C2F81035F5E75C1CC2F8083549
:10B7A000EDD0002404E05C1CC2F80C35E7D0012485
:10B7B0005FEA531E5CD14FF001084FF0A04E08FA2B
:10B7C00003F9CEF80C950AE0C2F80835BCF1000F79
:10B7D000D9D15C1CD3D00024A0464FF0060CD0F881
:10B7E000009009F4004EBEF1000F1CBF4FF000089E
:10B7F000012403F01F0E5B0942D14FEA8E0E0EF1B9
:10B80000A04EC9F34129DEF800373B4043EA8903E3
:10B8100043EA0C2343EA080343EA4403CEF8003723
:10B82000ADE7C2F80C35D1E7C2F86035B3F1FF3FA0
:10B830000468A4D0C4F30044002CB8D05C091BD128
:10B8400001244FF0A04E04FA03F8CEF80885A04674
:10B85000C5E7C2F86435E9E7C2F86835E6E7C2F83B
:10B860006C35E3E76FF0150061E76FF085005EE788
:10B870000023C3F80C35FFDE0023C3F80835FAE7D0
:10B880000EF5E07E002353F82E30F4E7730B020030
:10B89000F0F8FCFF054BD3F81C312BB9044B18789A
:10B8A000003818BF01207047012070470020004079
:10B8B000897F0020074BD3F8082142B10020C3F84C
:10B8C0000801D3F80821D3F818350B7070474FF0F2
:10B8D000FF30704700200040024BD3F88004C3F8CB
:10B8E00080047047002000400020094B30B5054619
:10B8F000141A002C02DDD3F8084104B930BDC3F896
:10B900000851D3F80841D3F818450C540130EFE73B
:10B91000002000400D4B00221A700D4B01229A604E
:10B920008022C3F80423EFF31183202282F31288CC
:10B93000BFF36F8F074A12781AB1074A0421C2F881
:10B94000001183F31188BFF36F8F7047887F002049
:10B9500000200040897F002000E100E0014B01222F
:10B960001A707047887F0020024B0422C3F804231A
:10B97000704700BF00200040024B0422C3F8082398
:10B98000704700BF0020004008B5074BD3F8040300
:10B9900010F0800004D0054B1B7813B9FFF77AFF35
:10B9A00008BD0020FCE700BF00200040887F002089
:10B9B000034BD3F80801003818BF0120704700BFBF
:10B9C00000200040024B4FF40072C3F8042370477C
:10B9D00000200040024B4FF40072C3F80823704768
:10B9E0000020004008B50B4AD2F804331B0605D4EA
:10B9F000D2F8040310F0040006D108BDFFF7C4FF1D
:10BA00000028F5D00120F8E7D2F80801003818BF67
:10BA10000120F2E700200040024B1960024B1A603F
:10BA2000704700BF987E0020947E00200E4A0F4B86
:10BA3000117851B1D3F81C1139B18021C3F8081322
:10BA40000121D960002313707047D3F8242122B15B
:10BA50000022C3F82421D3F82431054B1B6813B10D
:10BA6000044A116818477047887F00200020004072
:10BA7000987E0020947E0020F8B50E4603F064FD09
:10BA80001B4D90BB64240127BFF35B8F55E8003F3B
:10BA9000002B03D145E80072002AF7D1BFF35B8F7A
:10BAA00007D021200021013C03F0EEFD14F0FF043B
:10BAB000EAD1104B0022C3F81C21D3F81C110E4907
:10BAC0000A7001229A6042F21074C3F81C65FFF7F5
:10BAD000E1FE20B9012003F0C8FA013CF7D1054B83
:10BAE0000122DA6000232B60F8BD01232B60E0E720
:10BAF000907E002000200040897F002073B5614ABD
:10BB0000436804690021C2F800151E68054601AAB1
:10BB1000304603F076FA0028C0F29080019B32682C
:10BB200019791868FFF7F8FD0028C0F2878063795B
:10BB3000012B1ED1A379032B1BD1E17909B1012976
:10BB400017D1207910B1022813D10E202368B3F544
:10BB5000164F75D02BD8B3F5165F73D014D8B3F544
:10BB6000966F71D008D8B3F5967F70D0B3F5167F75
:10BB700070D06FF0850061E0B3F5166F6DD0B3F54E
:10BB8000965FF6D1404B39E0B3F5E14F68D007D866
:10BB9000B3F5615F66D0B3F5964FEAD13B4B2DE02C
:10BBA00047F612229342E4D14FF4000326E0B3F5A6
:10BBB000613F5AD011D8B3F5963F58D008D84DF60A
:10BBC000C022934255D0B3F5614FD2D1304B15E02E
:10BBD000B3F5E13FCDD12F4B10E0B3F5612F4BD042
:10BBE00007D82D4A934249D0B3F5E12FC1D12B4B51
:10BBF00004E02B4A9342BCD14FF08053214A2D6977
:10BC0000C2F824350143C2F86C1594E8030085E8B6
:10BC1000030000240423C2F80035C2F80841D2F81A
:10BC20000831012313601F4A0321137002202246AA
:10BC3000EAF74AF80220EAF717F8204602B070BD8A
:10BC4000194BDBE7194BD9E74FF49E23D6E74FF4A6
:10BC5000A033D3E74FF41C33D0E74FF41D23CDE7D7
:10BC6000134BCBE74FF46C13C8E7124BC6E7124BEC
:10BC7000C4E74FF46503C1E7104BBFE74FF08063A3
:10BC8000BCE700BF0020004000B0130000A04E0041
:10BC900000F0EB0000E0D70190D0030000705F07D8
:10BCA00040420F00897F002000509D000050270077
:10BCB00000F0750000B0AF0300903A0100D0BE0E56
:10BCC000F8B500240A4D0B4F2646131B002B02DD4E
:10BCD000FFF7E0FD08B92046F8BDC5F81C61D5F8AE
:10BCE0001C310B5D3E700134C5F81C35EDE700BF1B
:10BCF00000200040897F002070B5012383400E4A58
:10BD0000BFF35B8FDC4352E8001F01EA040542E801
:10BD10000056002EF7D1BFF35B8F4FF48032824084
:10BD20000648C0F80823BFF35F8FBFF36F8F0B4245
:10BD300014BF0120002070BDA47E0020001001402F
:10BD400070B40E49D1E90034D01AC31844F100048C
:10BD5000C2F30E06C1E90034A6F58053B3F5C04F17
:10BD600009D2074B1B685A0CDB039C19054B42F1A7
:10BD70000005C3E9004570BC02F0B4B8201E0020E5
:10BD8000A87E0020281E002011B3BFF35B8F012383
:10BD9000104A834052E800CF4CEA030C42E800C14D
:10BDA0000029F7D1BFF35B8F0B4A4FF480338340F8
:10BDB000C2F80433094BBFF35B8F1B68BFF35B8F83
:10BDC000C340DB0742BF064B4FF40032C3F80021EB
:10BDD000704700BFA47E0020001001409C7E002020
:10BDE00000E100E030B5144B1868410CC003BFF30C
:10BDF0005F8F124BD3F8043547F6FF7293420AD196
:10BE00000F4AD2E90045844275EB010209D3C018FC
:10BE100041F1000130BD181841F10001B3F5006F88
:10BE2000F8D2074BD3E90023904271EB0303F1D220
:10BE300010F50040ECE700BFA87E00200010014094
:10BE4000281E00202DE9F04F85B016461F469DF8AC
:10BE500040A00446FFF750FF0190FFF7C3FFB04238
:10BE600071EB07035CD2301A44F2010367EB010166
:10BE7000984271F1000156D23D4B03EB0413D3E914
:10BE800002239F4208BF964265D03A494FF480385A
:10BE900004F1500508FA04F8AD002046C1F84883C3
:10BEA000ADB203F0C3F8C6F30E0B05F1804504F5FF
:10BEB000A87305F5883558464FF003090293C0F37F
:10BEC0000E03002B029A08BF0120C0F30E0341F8B5
:10BED0002230C1F84483D1F804356FF0020CACEB8A
:10BEE000030C6044C0F30E0043F6FD72904232D959
:10BEF000286868B1D1F804350393A3EB0B00C0F3B5
:10BF00000E00B0F5804F26D9204603F08FF8039B32
:10BF1000BAF1000F07D109EB030009F10109CEE7DF
:10BF2000BAF1000F09D06FF0150520460199FFF70F
:10BF30002BFF284605B0BDE8F08F01230E4ABFF362
:10BF40005B8FA34052E8000F184342E8000100292C
:10BF5000F8D1BFF35B8F06490E98230101EB041261
:10BF6000C8500F9B5360C2E902670025DDE700BFA0
:10BF7000001E0020001001409C7E002070B52D4C5A
:10BF80002D4BC4F80833C4F848332C4B2C4A0025F9
:10BF90004FF0FF304FF0FF314FF48036C4F80855B2
:10BFA000C3E90201C4F80463C3E906014FF4003396
:10BFB00086B00321C4F804331120C2F880312A4628
:10BFC000E9F782FE1120E9F74FFE1E4B0120032204
:10BFD000A06020601A601C4B009343F6FF720023A0
:10BFE000CDE90155FFF72EFF0220FFF739F8174A78
:10BFF000136823F00103136047F6FF73C4F844632A
:10C000000DF11700C4F8403500F0F6FE104B9842D1
:10C010000CD1104A10499DF8170000F0F3FE9DF86E
:10C02000170000F01DFF284606B070BD6FF012002B
:10C03000FAE700BF0010014001000F00001E0020C1
:10C0400000E100E0A47E002041BD0100A07E0020B0
:10C050000000AD0B08100140401101402DE9F743ED
:10C06000374CD4F80433D90319D54023002299085A
:10C0700010290CD1D4F84031002B41D00023C4F852
:10C080004031D4F840314FF480324423EFE7043399
:10C09000502BECD11AB12B4A136801331360D4F83A
:10C0A00004339A0329D5BFF35B8F274B53E8002F46
:10C0B00022F0020143E800100028F7D1BFF35B8FA4
:10C0C000930702D4D4F84431BBB10025C4F84451DD
:10C0D000D4F84431FFF786FEEFF31182202383F377
:10C0E0001288BFF36F8F194BD3E90667B042B9418D
:10C0F00008D282F31188BFF36F8F03B0BDE8F083DD
:10C100004423B4E74FF0FF384FF0FF39C3E9068905
:10C11000D3E904101D614FF40033C4F84833C4F868
:10C120004451D4F8443182F31188BFF36F8F002952
:10C13000E3D0009032463B4601208847DDE700BF50
:10C1400000100140A87E00209C7E0020001E0020E0
:10C1500030B5431C85B043F6FF7223D09042A8BF90
:10C16000104601280446B8BF0124FFF73BFE0F4BE1
:10C17000D3E90013401AB0F5804F43F6FF7513D290
:10C180002218AA4228BF2A4652184FF00000084938
:10C190000091CDE9010043F100030120FFF752FEB9
:10C1A00005B030BD1446E0E72A46EDE7201E00202A
:10C1B00041BD010008B5FFF715FE024B1B68C01A10
:10C1C00008BD00BF201E00204FF0704393F8E02F01
:10C1D000062A09D1D3F8E83FC3F30313033B042B2A
:10C1E00002D8024AD05C704700207047980B0200CA
:10C1F000024AD2F80034002BFBD0704700E0014027
:10C2000010B502F023FF40B14FF080538E4AD3F8AF
:10C210002433C3F30423C2F84035FFF7D5FF10B130
:10C220008A4B8B4A5A6702F011FF48B14FF0805396
:10C230004FF08042D3F84432C3F34233C2F83C3566
:10C24000FFF7C2FF30B1834AD2F8FC3023F080738D
:10C25000C2F8FC3002F0FAFE40B14FF080430022F9
:10C26000C3F80C21C3F81021C3F83825FFF7ACFF41
:10C2700020B14FF080430322C3F8A025FFF7A4FFAD
:10C2800060B1754B0522C3F810260122C3F8882639
:10C290000022C3F818263F22C3F814264FF080531B
:10C2A000D3F83021511C09BF4FF07043D3F834311B
:10C2B00093F8E02FD3F8E83F08BFC3F30313062A2F
:10C2C0004DD1033B042B03D8644AD35C002B46D0EA
:10C2D0004FF08052624BD2F80414C3F82015D2F804
:10C2E0000814C3F82415D2F80C14C3F82815D2F892
:10C2F0001014C3F82C15D2F81414C3F83015D2F862
:10C300001814C3F83415D2F81C14C3F84015D2F829
:10C310002014C3F84415D2F82414C3F84815D2F8F1
:10C320002814C3F84C15D2F82C14C3F85015D2F8C1
:10C330003014C3F85415D2F83414C3F86015D2F889
:10C340003814C3F86415D2F83C14C3F86815D2F851
:10C350004014C3F86C15D2F84424C3F8702502F0D9
:10C3600075FE48B14FF080534FF08042D3F85832F9
:10C3700003F04F03C2F8E43E02F068FE48B14FF00C
:10C380008043D3F80024D20744BF6FF00102C3F802
:10C3900000244FF08053D3F83021062A26D1D3F859
:10C3A0003431033B042B02D82E4AD35C63B12E4AAE
:10C3B000D2F83C3743F48063C2F83C374FF08053E7
:10C3C000D3F83031062B11D14FF08053D3F83431EC
:10C3D000033B042B02D8254AD35C3BB14FF010231A
:10C3E000D3F808224FF08043C3F858254FF01023AC
:10C3F000D3F80022002A03DBD3F80432002B22DA20
:10C400001B4901234FF01020C1F804351524FFF714
:10C41000EFFEC0F80042FFF7EBFEC0F80442FFF762
:10C42000E7FE0023C1F80435FFF7E2FEBFF34F8FAC
:10C430000849104BCA6802F4E0621343CB60BFF3B3
:10C440004F8F00BFFDE710BD0030014000C0074026
:10C450000DF0ADBA00ED00E000500040930B02007B
:10C4600000C000408E0B020000100040890B02004B
:10C4700000E001400400FA0530B50468CCB1BFF318
:10C480005B8FB4FA84F3C3F11F03DBB201229A403D
:10C4900024EA020250E8005FA54204D140E8002CE3
:10C4A000BCF1000FF6D1BFF35B8FE6D102480B70F1
:10C4B00030BD0248FCE700BF0000AD0B0200AD0B31
:10C4C00010B50368CB40DB0714D401238B4002680E
:10C4D000BFF35B8F43EA020150E8004F944204D15E
:10C4E00040E8001CBCF1000FF6D1BFF35B8FEED12A
:10C4F000014810BD0148FCE70000AD0B0400AD0B86
:10C50000F7B50546F8B101281BD104224FF480731A
:10C5100001464FF0804003440244C0F8081300264F
:10C52000012111601E608D421B688DF8071008BF45
:10C530000DF1070642F210744FF0804745B1012D0E
:10C5400029D003B0F0BD0C224FF482730221E0E742
:10C55000D7F8183403F4803366B9002BF1D00120EA
:10C5600002F083FD013CF3D1EBE702F07EFD013CDC
:10C57000E4D1E6E7D7F8182402F003023260002B7A
:10C58000DFD09DF807000128EFD0012DD9D10C4B49
:10C5900000225A71D5E7D7F80C3403F480333EB942
:10C5A000002BF4D0012002F060FD013CF3D1C8E77C
:10C5B000D7F80C2402F001023270002BE1D1E6E73B
:10C5C000AC7E0020044B1A7922B9012218609A80AF
:10C5D0000248704702487047AC7E00200000AD0B57
:10C5E0000C00AD0B08B5074B1B682BB10020E9F719
:10C5F0005DFB08B9E9F738FB4FF080430022C3F830
:10C60000182508BDAC7E002038B5B0B1012855D141
:10C610004FF080420023C2F80031D2F80021304AA6
:10C6200003F18043012119602E4B1B68002B50D071
:10C630004FF08043C3F8040340E04FF08043D3F849
:10C640001814D3F81824C8032AD502F00303012BC9
:10C6500004D013B10020FFF753FF00234FF08042B6
:10C66000C2F818350023C2F80431D2F804311E4A4A
:10C67000D2F8FC0040F08073C2F8FC301B4B1C6801
:10C6800044F0010119605D685968491BB1F50A5F02
:10C69000FAD31C60C2F8FC000823154A0220BFE749
:10C6A000D3F81424D107D8D5D3F81C249207D1D4B9
:10C6B0000C4A12681AB10222C3F8042338BDD3F819
:10C6C0000421002AFBD00022C3F80421D3F804314E
:10C6D000F4E71368002BFCD0002313601368EDE728
:10C6E00000010040AC7E002000ED00E0001000E002
:10C6F00004010040F8B54FF080431C4ED3F80443CA
:10C700000125002704B9F8BDB4FA84F0C0F11F0078
:10C71000830003F580739BB203F1804305FA00F2B6
:10C720001968D2B224EA02040029EBD01F601B680A
:10C730004FF08043012AC3F8082305D0022A08D00D
:10C740003368C0B29847DDE77379002BDAD1727194
:10C75000F6E7D3F81814D3F818148907F0D1C3F802
:10C760001855C3F804239D60CCE700BFAC7E0020C1
:10C7700070B5C3B20C4C0833054634F81330DA05F3
:10C780000E4607D5C3F3432304EBC30254F83330FA
:10C7900052689847A3682BB1E26831462846BDE845
:10C7A0007040184770BD00BFB47E002010B4C0B206
:10C7B000114A083032F81030D9051BD5C3F3432194
:10C7C00023F4F85322F8103002F10E04002034F85C
:10C7D000023F13F4807F03D0C3F34323994209D06F
:10C7E00001302028F3D1002342F83130034810BC37
:10C7F000FFF766BE10BC7047B47E00200C7F00209F
:10C8000001F18051F0B501F5C2510446114A0020F2
:10C810008900012506468A420BD10F4BD3F87C21B3
:10C8200032B10022C3F87C21D3F87C3140F00040C3
:10C83000F0BD02F14043A3F5C2439B0805FA03F3A0
:10C840001C4204D0176817B11660176818430432E9
:10C85000E1E700BF0061004000600040CBB202464B
:10C86000083308460C4931F81330990611D5990759
:10C870000FD410685B0B01219940C0F808131268AF
:10C8800002EB8303D3F8102522F00302C3F810252E
:10C890007047002102F045BCB47E0020F7B5CDB250
:10C8A000174E0835074636F81530DB070C4624D5F9
:10C8B000FFF7D4FF36F815309A0606D55B0B3A68B9
:10C8C00003F5A273002142F823102046FFF76EFF04
:10C8D000002301A826F81530019402F0CFFB019B3C
:10C8E00000EB8300074BD0F80027134043F002030E
:10C8F000C0F80037044803B0F0BD0448FBE700BFB0
:10C90000B47E0020F0F8FCFF0000AD0B0400AD0B7E
:10C910002DE9FF41136807460C461646FBB1CDB220
:10C92000DFF84481083538F8152002F02202222A67
:10C9300022D00022CDE900228DF80E208DF80F20A4
:10C940000DF10E010DF10F02204602F0A1FB38F8A7
:10C95000153023F0020343F0010328F81530736803
:10C960004BB393F800C058683F4AE3B2083332F83B
:10C9700013108D0702D5B0B13C481FE021F0200113
:10C98000C904C90C22F8131068B1BCF1030FF3D825
:10C990007068406805783868BCF1000F11D105F562
:10C9A000A27540F825C032F8131021F01C0141EAAD
:10C9B0008C0122F81310B36863BB2D4804B0BDE8A6
:10C9C000F08100EB850041EA4531D0F810E52EF00A
:10C9D000030EC0F810E53F6807EB850741F0200122
:10C9E000D7F8100522F8131020F4473020F44070D7
:10C9F000C7F810052002D7F810E500F4F85040EA17
:10CA00000C4040EA0E00C7F8100502EB4500A0F804
:10CA10005C40C8E7D3E900672046FFF7C7FE002E59
:10CA2000CBD0114DD5E90023964203D19F4201D1CD
:10CA3000002209E00F480DF10F01FFF71DFD0C4B1F
:10CA40009842BBD19DF80F2045F83260E4B205EB67
:10CA5000C20308345F6035F8143043EA422343F4DC
:10CA6000807325F81430A8E7B47E00200400AD0BD5
:10CA70000000AD0B0C7F00202DE9FF4107460C465E
:10CA80001E4612B3CDB2DFF8D080083538F8153025
:10CA9000980701D4990621D413F01C0F02D05378C3
:10CAA000012B1BD001238DF80F300023CDE900238B
:10CAB0000DF10F01931C2046013202F0E9FA38F81B
:10CAC000153043F0030328F81530002E42D0E1B2B0
:10CAD000214D083135F81120930703D41F4804B0C5
:10CAE000BDE8F08196F800E0D7F800C022F02002FF
:10CAF0000EF5A270D2040023D20C4CF8203025F899
:10CB0000112096F801C0BCF1000F23D03868B67828
:10CB100000EB8E004FEA0C4CD0F8103523F498133C
:10CB200023F4F853C0F81035230203F4F8530CF43F
:10CB3000403C3605D0F8107543EA0C0306F4801625
:10CB400042EA4E32334342F020023B4325F81120A3
:10CB5000C0F810350248C2E7B47E00200400AD0BD7
:10CB60000000AD0B014BC3E902127047B47E0020F8
:10CB7000C9B20831044B33F81130990643BF5B0B3F
:10CB80000248137002487047B47E00200000AD0BCD
:10CB90000400AD0B70B50E4C94F86C500646A5B968
:10CBA0004022294604F1100002F07FFF3068C0F8EF
:10CBB0007C51D0F87C3140F30730E9F755F8012378
:10CBC000044884F86C30A36570BD0348FCE700BFDF
:10CBD000B47E00200000AD0B0C00AD0B034B93F8AE
:10CBE0006C00003818BF0120704700BFB47E0020E1
:10CBF0000079024B03EB8000FFF762BCC402002007
:10CC00000079024B03EB8000FFF736BCC402002022
:10CC100073B5CBB20C460833214931F813300168A3
:10CC20009D0619D513F0020616D15B0B9C0004F586
:10CC300080754E51495901682144D1F8104544F09E
:10CC40000104C1F810452AB10168012202FA03F378
:10CC5000C1F8043302B070BDD1F80423002AA8BF84
:10CC60004FF00042C3F38203A8BFC1F80423042B92
:10CC700012D0052B12D001A8019402F0FFF9019AFD
:10CC8000D0F81035D34003F00103991C204602B0C0
:10CC9000BDE8704002F045BA0321F7E70221F5E74D
:10CCA000B47E00202DE9F347514BD3F80403C0B202
:10CCB000082140F00040FFF7A3FD051E16DA00230F
:10CCC00001216846009302F03BFADFF82881012732
:10CCD000009999B94FF00040FFF792FD0121684695
:10CCE00002F02EFA0028F3D125F00045404E414FC6
:10CCF0000124002D66D102B0BDE8F08791FAA1F4BD
:10CD0000B4FA84F4E00804F1080304F0070238F8E8
:10CD100013901DF80030019407FA02F223EA02038F
:10CD20000DF8003001A802F0A9F9019B03F5E073AA
:10CD30004FEA990150F82360C9F3820A4B07D146A4
:10CD4000C6F3014623D520465146FFF711FD01A841
:10CD5000019402F093F9019B03F5E073F6B250F8E9
:10CD60002330C3F301439E4207D10021204602F045
:10CD7000D8F93146204602F0D4F901A8019402F016
:10CD80007DF9019B07FA03F3C0F82035A0E7022ED6
:10CD90000CD10321204602F0C4F90AF00503012B4F
:10CDA000EBD149462046FFF7E3FCE6E702212046A7
:10CDB00002F0B7F9BAF1030FF3D0032EDDD1BAF1C7
:10CDC000020FEDE795FAA5F3B3FA83F304FA03F241
:10CDD00025EA020503F5A27207EB430356F8221079
:10CDE000B3F85C00C1F30141FFF7C2FC81E700BF6B
:10CDF00000600040B47E002001460148FFF73CBBC4
:10CE0000C802002070B5044615460E46B1B1AAB15D
:10CE10000D4B01228240134093B10C4B0146186820
:10CE200002F025F970B1E00000F1804000F5F83023
:10CE3000C0F81065C0F81455054870BD0548FCE7FA
:10CE40000548FAE70548F8E73FC00F00C802002090
:10CE50000000AD0B0900AD0B0400AD0B0500AD0BE0
:10CE600010B50C4B01248440234001467BB90A4B8A
:10CE7000234023B9094B0A48C3F8044510BD094BA8
:10CE8000186802F0F4F80028F4D10748F6E70748DC
:10CE9000F4E700BFC03FF00E3FC00F0000F00140BC
:10CEA0000000AD0BC80200200500AD0B0400AD0B67
:10CEB00038B5EFF31185202383F31288BFF36F8F0A
:10CEC000064B9C6802F07DF985F31188BFF36F8FE4
:10CED0002046BDE83840E8F76FBE00BF247F002041
:10CEE00038B50A4B53F82040013053F82050A54282
:10CEF00000D838BD606830B1037FDB0701D402F091
:10CF000035F90834F3E723689847FAE77C0602000E
:10CF100070B52A4B2A4C2B4D012286B003201A7083
:10CF2000FFF7DEFF01F034F90420FFF7D9FF2646B2
:10CF3000AE4204F1300410D300F0E4FC204C224E49
:10CF4000AC4226D300F0F2FCE8F7FCF91F4A137B51
:10CF500023F00103137306B070BD54F80C3C059325
:10CF600054F8103C049354F8143C039354F8183CC0
:10CF7000029354F81C3C019354F8203C009354E96C
:10CF80000A2354E90C0100F017FB54F8303C5E65AD
:10CF9000CDE7D4E90A23B3F1FF3F08BFB2F1FF3F69
:10CFA00005D052EA0301206803D100F07BFD303444
:10CFB000C6E73146183000F005FFF8E78A7F002009
:10CFC000E4FD0100E4FD010049F60100B01E00206F
:10CFD00070B5002386B00122CDE90423134E144D11
:10CFE00001930F22CDE902321249142303FB0055AD
:10CFF00006EBC01604464FF4C07000FB04110E4B44
:10D0000000954FF4A072304600F0D6FA737B0B4ABD
:10D01000EE6023F0040373734FF4046304FB0333E3
:10D0200013442C746B6006B070BD00BF301E00202E
:10D03000247F00200090002011F20100C087002012
:10D04000BFB50020FFF74CFF284B83F30888284C1E
:10D05000284F636943F4007363610025E02384F87B
:10D060002230E57725766576A57684F82050636AC8
:10D0700043F4E023636284F82350E8F76BFDE8F79C
:10D08000B5FE4FF0FF33A362E362E8F775FFE8F700
:10D09000D1FE1948194C00F007FB0120FFF720FFD3
:10D0A0000220FFF71DFF00F075FC154B15495C6170
:10D0B000154B05930123CDE903534FF480623B46A2
:10D0C000CDE901550095204600F076FA627B0646D0
:10D0D00022F004022046627302F079FA2846FFF734
:10D0E00077FF3A4631462046E8F762FE009000207E
:10D0F00000ED00E011CF0100301F0020B01E002025
:10D10000247F0020809100209D0B020038B5064C42
:10D11000064DAC4201D3002038BDD4E901122046AF
:10D1200002F052F81434F4E7EC020020EC02002084
:10D1300037B51146EFF31185202282F31288BFF331
:10D140006F8F04689CB12368426823F00303944204
:10D15000036008BF43600121204602F0E2F8044664
:10D1600085F31188BFF36F8F204603B030BD51EABD
:10D170000302F5D000F10802CDE90013104629465C
:10D1800000F078FB0028EFD1014B9B681C69EBE7AE
:10D19000247F002070B5EFF31186202383F31288DB
:10D1A000BFF36F8F0468A0421AD0CCB1D4E900322B
:10D1B00013605A60637B002523F00203C4E9005525
:10D1C0006373A56004F1180002F0B8FAE567204621
:10D1D00002F0FDF931460B48BDE8704000F06CBB31
:10D1E000D0E902329A4218BF013383600221103025
:10D1F00002F008FC0028EDD186F31188BFF36F8F91
:10D2000070BD00BF8B7F002013B5EFF31181202488
:10D2100084F31288BFF36F8F846844B1013C84604B
:10D2200081F31188BFF36F8F002002B010BD52EA66
:10D23000030406D181F31188BFF36F8F6FF00F00E5
:10D24000F3E7CDE900230246014800F013FBECE7C9
:10D250008B7F00202DE9F8430546EFF3118820234A
:10D2600083F31288BFF36F8F002637466FF00A09E9
:10D270002C68A54216D0ACB1D4E9003213605A60D4
:10D28000637BA76023F002036373C4E9007704F1B2
:10D29000180002F053FAC4F87C90204602F097F987
:10D2A0000126E5E70023AB60022105F1100002F042
:10D2B000A9FB30B92EB988F31188BFF36F8FBDE891
:10D2C000F88341460248BDE8F84300F0F5BA00BFD4
:10D2D0008B7F00202DE9FF414F4E04462027EFF3BE
:10D2E000118887F31288BFF36F8FD4F88450F5B993
:10D2F000022104F19C0002F083F8002868D004F1B8
:10D30000940500220121284602F0DFF90028F8D117
:10D31000002302934FF0FF324FF0FF33CDE900239B
:10D32000414604F18C023D4800F086FCD7E7D4F872
:10D3300088202B68C4F88430954208BFC4F8883030
:10D34000D4F89C3043F00203C4F89C30EB6823F01F
:10D35000040343F00103EB606B6888F31188BFF3AB
:10D360006F8F28469847EFF3118887F31288BFF331
:10D370006F8FEB68D80623F0010236D4EA60EB68C1
:10D380009A0716D5306823F00203EB6088B1036872
:10D39000002170B14268954235D1036869BB72685B
:10D3A0003360824200D17360002340F8083BFFF7EE
:10D3B000F1FED4F89C3023F00203C4F89C3088F3CB
:10D3C0001188BFF36F8FDB0589D400F0EBFA86E795
:10D3D000D4F89C30D9069BD5C4F89C0088F31188FA
:10D3E000BFF36F8F04B0BDE8F08123F01103EB6051
:10D3F00005F11000FFF7CEFEC1E70B6073688342B2
:10D4000008BF7160D0E723B11A6801461846134679
:10D41000BFE71A46F9E700BF447F00208B7F00205A
:10D42000F8B5C3689A0704460F46C3F340062ED4E6
:10D430005B071CD40B680BB983680B60E368DD07DE
:10D4400044BFA3683B603D684CBF02260126002D07
:10D450003CD0204B9A68D5F880309A420AD0D5F853
:10D460009C30D807C3F3800214D46FF01206002357
:10D470003B6025E002F068F8D5F89C300028F0D138
:10D48000D907C3F3C002F0D552B15B0708D46FF0DF
:10D490000F06ECE7002AFAD1C3F3C003002BF6D144
:10D4A00000232360D5F8883063B9C5E921442846B4
:10D4B00001F0C0FFE36843F00403E3603B68A3604E
:10D4C0003046F8BD1C60C5F88840F0E76FF01506DF
:10D4D000CDE700BF247F0020F0B589B004460020CE
:10D4E000C4E921000E9D04F18C00C4E9230004F17D
:10D4F0009400C4E9250055B32879002840F20110B2
:10D5000008BF0120C4F89C0000204FF0FF364FF008
:10D51000FF37CDE90330CDE90100CDE906670D4BBA
:10D520000094204600F094F855B1296811B12046C6
:10D5300002F010F86B791BB1237B43F001032373D6
:10D54000204600F0AFFAC4F8804009B0F0BD0120D9
:10D55000D8E700BFD5D2010037B501900846EFF3F8
:10D560001184202181F31288BFF36F8FC16811F0FD
:10D570001E0F16D153EA020508D101A9FFF750FF8B
:10D5800084F31188BFF36F8F03B030BD41F0080101
:10D59000C160019981620449103000F013FC012040
:10D5A000EEE70020ECE700BFA9F4010001460148C6
:10D5B000FFF7D2BFD01F00202DE9F043073285B01E
:10D5C00022F007020E461F461099017300F158031E
:10D5D0007F32C0E916330446002322F03F020421C3
:10D5E000836041733F2A0F98A073C4E90633E37345
:10D5F00006F14009A2F1400805D883F31188BFF372
:10D600006F8F084602DFB51829462046E8F782F8F2
:10D6100007300E9B20F00700E066C4E919980293DA
:10D620000D9B01932D1A0C9B00932A463B463146D5
:10D630002046E8F78BFB00236365044B9B6803B12E
:10D640001B6F2367284605B0BDE8F083247F0020C8
:10D65000F0B587B000250595109D04950F9D0395A5
:10D660000E9D0295DDE912760D9D01950C9D0095AC
:10D670000446FFF7A1FFB6F1FF3F08BFB7F1FF3F38
:10D6800005D056EA070305D1204600F00BFA2046E4
:10D6900007B0F0BD3A46334604F11800014900F0E6
:10D6A00091FBF4E749F6010040F201138381002366
:10D6B000C0E919330367014B98607047247F00204D
:10D6C000094A93686FF00A01D967084998674B685F
:10D6D00043F080534B60002383F31188BFF36F8FB7
:10D6E0009368D86F704700BF247F002000ED00E0F2
:10D6F00070B590F90D20437B002A36DBD90634D172
:10D700001B4C63F07F032246437352F8183FE169D4
:10D71000934207D1C0E900210860E06111E099421D
:10D72000F8D01B68002BF5D090F90E5093F90E60DD
:10D73000B542F4D0AE42F2DD5968C0E9003108606C
:10D740005860A569954200D005B9E568A3685A7B81
:10D75000D20604D1DA897F2A01D9AA6932B1AB4253
:10D7600002D0284600F0A8FA656170BD6361FCE74D
:10D77000247F002038B590F90D20437B002A014614
:10D7800004DA03F07F03437301F0E7FE0D4D2A46F0
:10D79000AB6852F8184F944200D004B9EC688B4241
:10D7A00007D05A7BD20604D1DA897F2A01D9A2692F
:10D7B0002AB1A34202D0204600F07EFA23466B61D4
:10D7C00038BD00BF247F0020B3F1FF3F08BFB2F196
:10D7D000FF3F03D00249183000F0F4BA704700BF91
:10D7E00049F6010070B590F90D20437B002A0146EF
:10D7F00004DA03F07F03437301F0AFFE4B7B1C4C54
:10D8000063F07F0322464B7352F8183FE06993425E
:10D8100007D1C1E900200160E16111E09842F8D030
:10D820001B68002BF5D091F90E5093F90E60B542AC
:10D83000F4D0AE42F2DD5868C1E9003001605960B1
:10D84000A569A368954200D005B9E5688B4207D069
:10D850005A7BD20604D1DA897F2A01D9AA692AB172
:10D86000AB4202D0284600F027FA2B46636170BD18
:10D87000247F0020F8B50E4B0C4611460D4A9868DF
:10D880001060DDE90667EFF31182202282F312882F
:10D89000BFF36F8F9D68284601F071FE284632461F
:10D8A0003B46FFF791FF2046BDE8F840FFF708BF71
:10D8B000247F00204C7F002049B9EFF3058030B968
:10D8C000054B5A699B689A4201D0FFF7F9BE81F374
:10D8D0001188BFF36F8F7047247F0020034648B93B
:10D8E000EFF3058232B9064A51699268914201D03C
:10D8F000FFF7E6BE83F31188BFF36F8F704700BF59
:10D90000247F0020EFF31181202383F31288BFF3DB
:10D910006F8F054B9A68D37B013BD37381F31188DA
:10D92000BFF36F8F704700BF247F002070B5EFF307
:10D930001186202383F31288BFF36F8F144DAB68D9
:10D94000DA7B0132DA732A4652F8184F944200D03B
:10D9500004B9EC685A7BD20604D1DA897F2A01D94E
:10D96000A2692AB1A34202D0204600F0A5F92346BD
:10D970006B6186F31188BFF36F8FEFF31180202363
:10D9800083F31288BFF36F8FBDE87040FFF7A6BF27
:10D99000247F0020024B03F11802C3E906227047DE
:10D9A000247F002070B5EFF31186202383F31288C3
:10D9B000BFF36F8F1B4CA168E0690B68814214BFF5
:10D9C0001A46002249680B605960A368E1692AB9C8
:10D9D000154AC3E900210B60E3610CE093F90E00E6
:10D9E00092F90E50A84218D0854216DD5168C3E95D
:10D9F00000210B605360A5690B4B9D4200D005B917
:10DA0000E568A3689D4202D0284600F055F965619B
:10DA10003046BDE87040FFF753BE8A42D8D0126846
:10DA2000D5E700BF247F00203C7F0020F8B550EAF6
:10DA3000010306460C4603D1FFF7B4FF0020F8BDF2
:10DA4000EFF31187202383F31288BFF36F8F124DFA
:10DA5000124BA8681860FFF78DFEA868104923468E
:10DA60003246183000F0AEF9AA68537B43F0040345
:10DA7000537304463846FFF723FEAB68D3E90A2305
:10DA8000B3F1004F08BF002AD8D101F07FFE201A61
:10DA900020EAE070D3E700BF247F00204C7F002005
:10DAA00049F6010038B50446EFF31185202383F3CE
:10DAB0001288BFF36F8F437B5B070FD5183001F0DF
:10DAC0003DFE637B23F0040320466373FFF710FEE3
:10DAD00029460548BDE83840FFF7EEBE85F31188BA
:10DAE000BFF36F8F38BD00BF8B7F0020014B98685C
:10DAF000704700BF247F00202DE9F8430446077BD0
:10DB0000EFF31185202383F31288BFF36F8F437BDC
:10DB1000190705D585F31188BFF36F8FBDE8F8832A
:10DB2000D90943F008025DD14273A36813B12046BE
:10DB300001F01BFD04F1180001F000FEA66D04F1D8
:10DB40005808B04511D04FF0000976B1304601F0C9
:10DB50000CFD06F1180001F0F1FDC6F87C9030468E
:10DB6000FFF7C6FDA66DB045EFD1DFF8C080D8F84D
:10DB700008309C423ED1EFF30589B9F1000918BF86
:10DB80004FF00109D8F81860294A964200D00EB922
:10DB9000D8F80C60B34202D0304600F08DF8204631
:10DBA000C8F8146001F052F8B9F1000F02D0214812
:10DBB000FFF77AFDD8F808309C4231D1EFF30583A6
:10DBC00073BB227BD20718D42846FFF779FDFB07E9
:10DBD000A4D5002383F31188BFF36F8F0423184665
:10DBE00002DF9BE703F07F0343F00803437301F078
:10DBF000B4FC9AE74FF00009C4E785F31188BFF33E
:10DC00006F8F83F31188BFF36F8F0423184602DFF1
:10DC1000EFF31180202383F31288BFF36F8FD4E7D3
:10DC200085F31188BFF36F8FD1E700BF247F0020F9
:10DC30003C7F0020301F0020D3B5DDE90667089C3B
:10DC4000CDE90067FFF716FE1CB1034B9B681B690B
:10DC5000236002B0D0BD00BF247F0020044BC01A57
:10DC6000044BC0105843044B01221A54704700BFA4
:10DC7000B01F0020ABAAAAAA8B7F0020C3897F2BEC
:10DC800012D80A4B1B6863B1094B90F90E201B6830
:10DC90009A4209DB437BDB0606D1064BC31A18BF49
:10DCA000012303F0010070470023FAE7CC020020B3
:10DCB000507F0020301E002070B50E4B0E4C1E7C95
:10DCC00006EB460304EBC3040546204601F036FD8F
:10DCD0000A4B002228469A55FFF7D0FF48B1084B5F
:10DCE00008491A68013A2046D317BDE8704000F091
:10DCF00069B870BD247F0020B01F00208B7F0020FA
:10DD0000CC0200205DDC010038B5EFF31185202343
:10DD100083F31288BFF36F8F104B114A9C68106811
:10DD2000A04206D1FFF7C8FF85F31188BFF36F8FBC
:10DD300038BD00211B7C11600A4AD35C002BF3D054
:10DD40002046FFF79BFF0028EED0637BDB0602D165
:10DD50002046FFF747FD2046E4E700BF247F002070
:10DD60004C7F00208B7F0020024B1868984208BF30
:10DD700000207047D0020020034B1B680BB9FEF750
:10DD800019BA0020704700BF547F002030B570B131
:10DD90000B4B5B6898420AD0036843B1D3E9042176
:10DDA000D0E90445121941EB0501C3E90421D0E98A
:10DDB000003213605A600023C0E9003330BD00BF59
:10DDC000D0020020B3F1FF3F08BFB2F1FF3F2DE9C1
:10DDD000F84F0446994615461F467AD08160EFF306
:10DDE0001188202383F31288BFF36F8FB9F1000FDE
:10DDF000DFF8E4A020DBFFF7BFFFDAE900270135F9
:10DE000049F100092D1849EBE073C4E90453AD183A
:10DE1000064643EB07074FF00109FFF7A5FFDFF8C0
:10DE2000BCE0DEF804A00346EBB9C4E900EACAF896
:10DE30000040CEF8044028E0DAE900126FF0010358
:10DE40005B1A4FF0FF3161EB02025B1B62EB0902D0
:10DE5000012B72F10001BCBF01230022C0E9043292
:10DE60004FF00009D9E7D3E9041CD4E904208A4221
:10DE700070EB0C0B24DA891A5A686CEB0000C3E9CA
:10DE80000410C4E9003214605C60FFF76DFF844247
:10DE90000ED1134B1B685BB9B9F1000F02D1FFF72C
:10DEA0006BFF0646304601F032FC0021FEF750F9C8
:10DEB00088F31188BFF36F8F28463946BDE8F88F85
:10DEC000521A60EB0C009A45C4E90420ADD01B68DF
:10DED000AAE700252F46EFE7C81F0020D002002048
:10DEE000547F00202DE9F047EFF31185202383F3C1
:10DEF0001288BFF36F8FDFF8A490DFF8A480C9F811
:10DF00000000FFF731FF00260027D9F80030D8E9DC
:10DF100000ECD91750B1D0E90442A34271EB020AD8
:10DF20001CDAE41A62EB0102C0E9044213EB0E03AF
:10DF30004FF000044CEB01012046C8E90031C9F85C
:10DF4000004001F0E4FB2146FEF702F985F3118859
:10DF5000BFF36F8FBDE8F047FFF7D6BE14EB0E029C
:10DF60004CEBE473C0E90467C8E90023FFF70EFF38
:10DF700085F31188BFF36F8F83689847EFF311859E
:10DF8000202383F31288BFF36F8FD9F800301B1B57
:10DF9000C9F80030FFF7E8FEB7E700BF547F002064
:10DFA000C81F002010B5EFF31184202383F31288DB
:10DFB000BFF36F8FFFF7E0FE054A0346D2E9000189
:10DFC000181841EBE37184F31188BFF36F8F10BD14
:10DFD000C81F0020F0B51423154E03FB01000024D8
:10DFE000202701B9F0BD10F8073C40F80C4C03F0B5
:10DFF0003F03102BA0F1140C0CD826FA03F3DB0717
:10E0000008D550F8143C2BB150F8105C2B605D60C3
:10E0100040E9054482F31188BFF36F8FEFF311825B
:10E0200087F31288BFF36F8F01396046D9E700BFCD
:10E03000160101002DE9F74F1D46274B9F6801236C
:10E0400087F8603087F8613052EA050316460CBF46
:10E050000123002307F16002804601F00DFC814698
:10E06000EFF3118B4FF0200A8AF31288BFF36F8F02
:10E0700097F860404CB901465A464046FFF7AAFF60
:10E080008BF31188BFF36F8F0BE0002387F86030AC
:10E0900056EA050309D18BF31188BFF36F8F6FF038
:10E0A0000A04204603B0BDE8F08FCDE900650B4AB5
:10E0B0000B485946FFF7DEFB0446EFF311858AF360
:10E0C0001288BFF36F8F2A4649464046FFF782FF0A
:10E0D00085F31188D6E700BF247F0020D8020020F6
:10E0E0008C7F002038B50346EFF31185202282F3A0
:10E0F0001288BFF36F8FC160012181600068834285
:10E1000006D185F31188BFF36F8F0024204638BDF8
:10E11000D0E9003213605A600023C0E9003301F0F7
:10E120002EFC294604460248FFF7C6FBEEE700BF77
:10E130008C7F0020F8B507460C46164601F004FA1D
:10E1400008B10020F8BD0D4B9B681D6F002DF8D065
:10E15000221DF6D2EFF31184202383F31288BFF33C
:10E160006F8F47F004012846B04784F31188BFF34E
:10E170006F8F0028E5D040F8045BE3E7247F0020A0
:10E180000146024A0020FFF7D5BF00BFEDE80100BD
:10E19000014800F0EDBB00BFA20B020007B5074B22
:10E1A0000093074907484FF0FF334FF40072FFF721
:10E1B00093F9002003B05DF804FB00BF9406020051
:10E1C000C0950020D01F00202DE9F04F8DB043688E
:10E1D0000293837815469A07804640F10D8100240A
:10E1E0000E78002E00F00A81252E0BD04B1C0393D5
:10E1F0000134029B4146304698470028C0F2F68021
:10E200000399EDE74E788B1C252E0393F0D0002761
:10E21000B946BB46BBF11F0F38D8A6F12003102B1F
:10E220000AD8DFE803F02A09093009090921090998
:10E230000928092D09091F00A6F13003092B33D93C
:10E240002A2E37D11BF0400F55F8043B40F0828056
:10E25000002BA7BF4BF0200B9946C3F100094BF0F0
:10E26000280B01E04BF0010B039B13F8016B0393A8
:10E27000002ECFD130E04BF0020B4BF0040BF3E754
:10E280004BF0080BF0E74BF0100BEDE7BBF17F0F05
:10E2900019D8A6F13003092BD2D81BF0400F03D0B8
:10E2A0000A2101FB0737DFE70A2101FB09394BF09F
:10E2B000200BD9E72E2E06D11BF0400F40F09E8098
:10E2C0004BF0400BD0E76C2E31D02BD8682E36D0D7
:10E2D0006A2E3CD04C2E3AD0002F46F02003B8BF17
:10E2E0002BF04002A3F16501BCBF1FFA82FB00279F
:10E2F000022901D9612B2FD1073525F00705DFF859
:10E30000ACA2083507271BF0080F66D00AEB070BF5
:10E3100056465E4563D1A4EB0A0A06EB0A02A9EB56
:10E3200007096FE1742E9FD07A2E9DD0D4E71BF0A1
:10E33000800F18BF4BF4007B4BF0800B94E71BF46D
:10E34000807F18BF4BF4007B4BF4807B8CE74BF451
:10E35000207B89E71F4687E7A6F16301122900F2B7
:10E36000F080DFE811F013004F00EE00EE00EE0049
:10E37000EE004F00EE00EE00EE00EE00EE00FE00BC
:10E38000E900EE00EE001B00EE00AF0055F8043B84
:10E390008DF8183001270DF1180AB4E755F804ABD1
:10E3A000834BBAF1000F08BF9A461BF0400F14BF11
:10E3B00039464FF0FF31504601F08FFB0746A2E788
:10E3C000029B41462020984700280FDB013EB742C0
:10E3D000F6D34C44A41BB14698E74E46F7E716F82F
:10E3E000010B029B41469847002892DA98F80230C8
:10E3F00043F0040388F802304FF0FF3420460DB09C
:10E40000BDE8F08F1BF0800F34D01BF4007F2CD0C0
:10E41000073525F00705AA4669685AF8080B2BF05E
:10E4200010050029ADB237DA404261EB410145F4F5
:10E4300080650DF1180B0A235A4601F05AFBA0EB38
:10E440000B0301936B0662D5019B25F001019F42EE
:10E4500089B240F3A180002E00F0998015F01002DF
:10E4600040F09C80BB460D4623E0AA465AF8040BB8
:10E47000C117D4E7AA461BF4807F5AF8041B01D1C8
:10E480000846F5E71BF4007F15BF48B208B241F318
:10E49000C01141F3C031C2E750EA0103C9D11BF0FA
:10E4A000400FC6D0002FC4D12BF0110295B2BB464D
:10E4B000019740F2064115EA01021CBF0BF1010B66
:10E4C00000222CE02BF010021FFA82FB0A231BF023
:10E4D000800C49D01BF400711DBF073525F00705DE
:10E4E000AA46AA461ABF5AF8080B69685AF8040BDC
:10E4F00050EA010545D12BF016051BF0400FADB2D7
:10E5000042D0002F40D12BF0170295B2019715F0A1
:10E51000100248D0019B002E42D103F1010B2907C4
:10E520005AD4EB0706D5D9456FDD0199A9EB0B034A
:10E530005F18CB465B4649E04BF0100B1023782662
:10E54000C5E7782B04D1C6F1780343F01003BEE78A
:10E55000029B4146252098470028FFF647AF02342A
:10E5600047E608230026B2E7AA461BF480715AF852
:10E57000040BBDD01BF400711ABFC0B2614680B25B
:10E58000B6E72BF0060295B20DF1180B54E725F013
:10E590001105ADB2BB468CE70D46B8E73B460D46CC
:10E5A00003F1020BBBE7DDF804B082E7DA0B0200EF
:10E5B000D30B0200CDE904324146029B202098474C
:10E5C0000028FFF613AF049B059A01339945F1DC4F
:10E5D000A4EB0B01CC189B460AB3029B41463020AA
:10E5E00098470028FFF602AF8EB901342744019BFB
:10E5F000391B994224DC1D465DBB019AA9EB0B092E
:10E60000224455461446914435E0019F92E7023476
:10E6100041463046029B98470028E7DAE6E640F29A
:10E6200006410D42E2D015F0020F14BF2B2020202E
:10E6300015F4806F04F10104414618BF2D20E9E76D
:10E64000029B414630209847002804F10104CEDAAD
:10E65000CCE606AB013D4146585D029B9847002839
:10E66000CADAC3E6029B414620209847002804F1FD
:10E670000104FFF6BBAEA9EB0403002BF2DCBFE5FF
:10E680007047022806D0052804D001280CBF0320BB
:10E69000002070470420704700EBC100408840080C
:10E6A0007047F8B50346FFF7F7FFB0FA80F0C0F106
:10E6B0001F0003EB800CCA00DCF81060171D0C462D
:10E6C00006328DB256B9012101FA00F0D968014332
:10E6D000D960CCF81040DD539D52F8BDF1000431F3
:10E6E000585AD85303EBC0009E52C5805D52F4E7E0
:10E6F00010B500EBC104E388994202F104010AD18C
:10E70000012303FA02F2C36823EA0203C360002371
:10E7100040F8213010BDA28840F8213000EBC20142
:10E7200000EBC300CB808280F4E708B50346FFF717
:10E73000B3FFB0FA80F2C2F11F021846BDE80840EC
:10E74000FFF7D6BF2DE9F843B1FA81F5C5F11F09EE
:10E7500000EB89080346D8F810200E46C2B1032703
:10E76000D8F8104018462146FFF796FFB04206D36E
:10E770004A461846FFF7BCFF2046BDE8F88303EB86
:10E78000C404013FE088C8F8100001D08242E7D1FC
:10E79000C5F120024FF0FF349440DA681440EBD00A
:10E7A00094FAA4F2B2FA82F2111D53F821402146E4
:10E7B000DFE738B50346FFF76FFF0D460446114605
:10E7C0001846FFF769FF03EBC50504446000688045
:10E7D0001846FFF761FF014423F8314038BD38B5D2
:10E7E0000346FFF759FF0C46A51A511A03EBC40460
:10E7F00005444800608003EBC2006C00448023F8AD
:10E80000321018461146FFF747FF014423F83150F4
:10E8100038BD38B50546FFF73FFF0C46014405EB10
:10E82000C1035B88DA070AD42846FFF77EFF21463A
:10E830002846FFF731FF22182846FFF7BAFF35F8C0
:10E840003410611A05EBC1035B88DB070CD4284642
:10E85000FFF76BFF35F834102246611A2846FFF7A0
:10E86000A8FF35F83430E41A21462846BDE8384080
:10E87000FFF717BF61B100680439091A21F00703D7
:10E880000344C9085A8822F001025A80FFF7C1BF29
:10E89000704770B5056809B9002070BD01F0070325
:10E8A0000B33CC0804EBD304AB689C4228BF1C4656
:10E8B00021462846FFF746FF06460028ECD00146D1
:10E8C0002846FFF7E9FEA04207D932192846FFF78C
:10E8D00086FF11462846FFF7E4FE05EBC602104608
:10E8E000538843F0010353800430D6E71146FFF705
:10E8F000D0BF043A2DE9F041CC1D114424F00704A7
:10E9000021F007010E1BF708B7FA87F2C2F12405C0
:10E91000AD004FF000080735C2F12002ED08046099
:10E920004146A760C4F80C80920004F1100001F089
:10E93000BCF86B0043F00103638004EBC5027B1B52
:10E940005900A4F800805180A21924F83550A2F88B
:10E950000280A35304EBC70329465A8842F0010200
:10E960005A802046BDE8F041FFF79BBE002070476B
:10E970000FB407B504A951F8040B0191E6F728FD7F
:10E9800003B05DF804EB04B070470FB407B504A9F9
:10E9900051F8040B0191E6F71BFD03B05DF804EBA1
:10E9A00004B07047036800220BB9184670478B42C9
:10E9B00010D10B6842B942680360914200D14360B4
:10E9C00000230B600120704713604368994208BF21
:10E9D0004260F5E71A461B68E6E7038B13F007036E
:10E9E00005D10368002B0CBF002003207047022BC9
:10E9F00005D1408BB0FA80F0400980007047012BB0
:10EA000005D10368002B0CBF0020052070470020B3
:10EA1000704710B50C4600B111B96FF0150010BD6C
:10EA2000081D00F0D2F80028F9D1A368032BF6D90D
:10EA3000F3E72DE9F0410D4607461946281D90469B
:10EA40001E4600F0D6F8044638B133464246294601
:10EA50003846A446BDE8F0416047BDE8F08110B4F7
:10EA6000EFF31182202484F31288BFF36F8F41618A
:10EA700010BC0121E6F7DEBC38B50C46054658B19E
:10EA800051B10B6843B14B6833B11C22002101F036
:10EA90000CF82C61002038BD6FF01500FBE770B555
:10EAA00005460E46FFF7B5FF041E14DBEFF3118297
:10EAB000202383F31288BFF36F8F6B8B2C8B4FF661
:10EAC000FF718B4204F0070407D182F31188BFF372
:10EAD0006F8F6FF00A04204670BD022C0CD10133F9
:10EAE0006B8382F31188BFF36F8F00232246314678
:10EAF0002846FFF79EFFEEE7062C14D8DFE804F067
:10EB000004131313041A0400002333606B683BB929
:10EB1000C5E90066ACB902212846E6F78BFCDAE7C6
:10EB20001E606E60F6E782F31188BFF36F8F6FF09F
:10EB30000404D0E782F31188BFF36F8F6FF0850470
:10EB4000C9E782F31188BFF36F8FC4E710B5EFF305
:10EB50001182202383F31288BFF36F8F048B04F09C
:10EB60000704022C0AD0012C0CBF6FF004006FF0D8
:10EB7000850082F31188BFF36F8F08E0438B013B60
:10EB80009BB2438323B92146E6F754FC204610BDCF
:10EB90002046EEE738B5A8B1A1B1EFF311852022E8
:10EBA00082F31288BFF36F8F048BFFF7FBFE30B147
:10EBB00004F0070085F31188BFF36F8F38BD6FF045
:10EBC0007700F7E76FF01500F8E7034640B14268B9
:10EBD00002F00302022A06D0032A04D0012A05D03B
:10EBE0006FF0150070471A68002AF9D0002098606D
:10EBF000704710B54268816002F00302022A0346A2
:10EC00004FF0000407D0032A02D05C60002001E02E
:10EC100018685C6010BD18685C600028F6D0FFF7CB
:10EC200061FAF3E7704700F040BF00F016BF0146FD
:10EC30000068E6F73BBD08B5E6F768FDBDE80840AB
:10EC4000E6F788BD00210120E6F730BD6FF08500B2
:10EC5000704761B662B680F31188BFF36F8F70475B
:10EC600072B6002383F31188BFF36F8FBFF34F8F0A
:10EC700030BF62B6BFF36F8F704772B6002383F365
:10EC80001188BFF36F8FBFF34F8F20BF80F31188C0
:10EC9000BFF36F8F62B67047202809D9B0F1004FDB
:10ECA00008D80138B0FA80F0C0F11F00400070476A
:10ECB000082070473E2070477047416A8968E7F72F
:10ECC00067BA027A013202727047426810B52AB1FF
:10ECD0000B461C465B68002BFBD16260416010BD97
:10ECE00010B5044620B90B7A01330B72084610BDEB
:10ECF000034618465B68002BFBD1FFF7E6FF204672
:10ED0000F5E710B508B14B6843604C68002308462E
:10ED10004B60E7F7BBFA204610BD838802681944B0
:10ED20008180D018704730B484880568A318838028
:10ED3000281930BC00F091BE10B5838802685C1CB5
:10ED40008480D154D01810BD8288521A0346828024
:10ED50000068084418607047034600689A88521A91
:10ED600001449A801960704710B503681C7801212E
:10ED7000FFF7EAFF204610BD8388C2888168D21A57
:10ED800003685B1AD01A704730B585B014460A88FC
:10ED90008B78ADF8002005460D2200210DF103000F
:10EDA0008DF8023000F081FE6A4669462846F7F782
:10EDB00091FB28B9BDF800209DF802302280A37095
:10EDC00005B030BD13B50C4601AA0331FFF7DCFFD7
:10EDD00048B9032201A9204600F06FFEB0FA80F086
:10EDE000400902B010BD0020FBE770B5CE1C0546FF
:10EDF0000C4630460321F7F76BFB60B9637903F0EB
:10EE00003F0343F040036371224631462846BDE884
:10EE10007040FFF7B9BF70BD0220E7F795BA033124
:10EE200038B5C9B205460E20E7F70CFB03210446AE
:10EE30000C30FFF772FF01230370A0F80150204649
:10EE400038BD70B505460E460F200421E7F7FAFAE3
:10EE5000042104460C30FFF760FF01220670427067
:10EE60004580204670BD0369C9B20C2201FB023304
:10EE7000186C00F00700704770B5C9B20369EFF372
:10EE80001185202484F31288BFF36F8F0C2606FBB4
:10EE90000134246C14F0C00408D0A24206D085F3DB
:10EEA0001188BFF36F8F4FF0FF3070BD06FB013349
:10EEB00001221A6485F31188BFF36F8F436803EB57
:10EEC000C1035B6898470020EFE78022FFF7D4BFBB
:10EED000F8B5069F0469C9B2EFF31186202585F3C2
:10EEE0001288BFF36F8F0C2505FB0144256C05F0DC
:10EEF000070CBCF1010F0CD1276486F31188BFF316
:10EF00006F8FC4E90E23436853F8313098470020CF
:10EF1000F8BD05F0C005AF4286F31188BFF36F8FCF
:10EF20000CBF6FF077004FF0FF30F1E713B580248E
:10EF30000094FFF7CDFF02B010BD10B40069CBB252
:10EF40001C2403FB0400002110BC1047002000F02B
:10EF500093B81046FEF71EB943685B68D3F81035C6
:10EF60000B600020704743685B6802EA010021EAF9
:10EF70000201C3F80805C3F80C1500207047436868
:10EF80005B680020C3F80815704743685B68002081
:10EF9000C3F80C15704743685A68D2F8043521EA63
:10EFA00003000B40C2F80805C2F80C35002070477A
:10EFB00010B503695868F8B1884219D19C6808688F
:10EFC0005860A14200D19860002008602AB15A68B8
:10EFD0000A609A68596002B99960002010E0814285
:10EFE00006D10868206098688142EDD19C60EBE70B
:10EFF000044600680028F2D1002AE8D16FF015001D
:10F0000010BD30B543681360057A446804EBC5044D
:10F01000A34202D36FF0010030BD5C798C4201D075
:10F020000833F0E70020F7E70120704700F15003B4
:10F030009B009BB203F1804303F5883300221A60E2
:10F040001B68704708B5FCF7CDFE08BD4FF0805334
:10F05000D3F83001421C04BF4FF0704393F8E00F27
:10F06000831F584258417047004700F07BB8C840A2
:10F07000C04300F001007047FDF742BA036803F097
:10F080001F025B0902600CBF4FF0A04000207047D8
:10F09000F7B5019001A8DDE9084716461D46FFF7C0
:10F0A000EDFF019BB6F1000C18BF4FF0010C00EB17
:10F0B00083000B1E18BF0123002D43EA4C0314BF2D
:10F0C0004FF00C0C4FF0000C002C43EA0C0314BF63
:10F0D0004FF4E06C4FF0000C002F43EA0C03D0F823
:10F0E000002714BF4FF4403C4FF0000C43EA0C03E0
:10F0F00022EA030301B109780EB13678760019438C
:10F100000DB12D78AD0031430CB124782402294390
:10F110000FB13F783F040C433C43C0F8004703B0B5
:10F12000F0BD1FB50DF10F03019300238DF80F10F3
:10F1300000931A461946FFF7ABFF05B05DF804FBD4
:10F14000024611F0010007D04FF0A041D1F8203560
:10F150001360C1F8203503B900207047FDF79EBB4E
:10F16000FDF77CBB08B1E7F7BBB8704710B5436942
:10F1700004463BB90020E268537843F00103537022
:10F18000404210BD98470028F4D00028B8BF404244
:10F19000E368FF28A8BFFF201870ECE740B1C36800
:10F1A000587810F001001EBF1878B0FA80F04009BE
:10F1B0007047EFF31183202383F31288BFF36F8F1F
:10F1C000FEE708B5FFF7F5FF10B400F10C04C0E945
:10F1D000034410BCFFF78DBB38B50446EFF311852F
:10F1E000202383F31288BFF36F8FFFF743FB04F1F3
:10F1F0000C0000F035FA30B1294604F11400BDE8E6
:10F200003840FEF759BB85F31188BFF36F8F38BDC7
:10F2100008B52024EFF3118384F31288BFF36F8FB6
:10F22000FFF71EFDF6E7D0E9003213605A60427B1B
:10F23000002322F00202C0E900334273836070476A
:10F240002DE9F843914604469DF820200D4600F133
:10F250000807EFF31186202181F31288BFF36F8F27
:10F2600002B14568D4F80880474518D0B8F1000FBE
:10F2700015D04046FFF7D7FF08F1180000F05EFAFE
:10F280000023C8F87C30C8F81090404600F09FF981
:10F2900038463146FEF710FB0020BDE8F883A3B1E5
:10F2A0000820FEF76DFF002838D00122C0F8049036
:10F2B0000260016801F003015DB922680A4302603F
:10F2C000626820606AB960600BE0C9F800304846A7
:10F2D000EFE72A68032A16D80160616869B9C4E9B2
:10F2E0000000042104F1100000F08CFB0028CFD1B5
:10F2F00086F31188BFF36F8FCFE70A6802F003022D
:10F3000002430A60DFE722F003020A4302602A6830
:10F3100002F0030240EA02032B60E2E76FF00B0009
:10F32000E6E710B5044630B10268930703D044689D
:10F3300009B100F08BFB204610BD0023C0E900336B
:10F3400000F10803C0E9023300F11003C0E90433FF
:10F350007047F8B500F10806EFF31187202383F317
:10F360001288BFF36F8F8568AE4200F1100417D08A
:10F37000B5B12846FFF757FF05F1180000F0DEF998
:10F3800000232846EB672B6100F021F90821204675
:10F3900000F038FB39463046BDE8F840FEF78CBA3D
:10F3A0000821204600F02EFB0028F3D187F31188B6
:10F3B000BFF36F8FF8BD07B50123009300230A4602
:10F3C0001946FFF73DFF03B05DF804FB07B50023C6
:10F3D0000A4600931946FFF733FF03B05DF804FBBC
:10F3E0005AB18A4209D300F11003C0E90212C0E900
:10F3F0000000C0E90433002070476FF0150070472B
:10F40000026801238B4022EA0303036022FA01F021
:10F4100000F00100704710B5032104460C30FFF7DF
:10F42000EFFF30B104F1100000F088F9B0FA80F07D
:10F43000400910BD20B1002211468C3000F045B9C2
:10F44000704770B5C368C3F340069B07044616D4E3
:10F45000856802210C30FFF7D3FF80B1D5F88420F6
:10F460006AB194421DD122689EB9D5F88830C5F89A
:10F4700084209C4201D1C5F8882000232360E368E2
:10F4800013F01F001EBF43F00203E36040F00200D0
:10F4900070BD3260D5F88820944208BFC5F88860F6
:10F4A000EBE716461268DBE773B50446EFF3118508
:10F4B000202383F31288BFF36F8F0023A0F110067F
:10F4C000032104380193FFF79BFF28B1A36901933F
:10F4D00001A93046FDF7A4FF85F31188BFF36F8FB4
:10F4E00002B070BD13B501900846EFF311842023DC
:10F4F00083F31288BFF36F8F01A9FDF791FF84F3A7
:10F500001188BFF36F8F02B010BD38B530220446AA
:10F510000D46002100F0C9FA4FF480736560E36086
:10F5200038BD38B50446EFF31185202383F31288E4
:10F53000BFF36F8FFFF76FFF2046FFF782FF85F362
:10F540001188BFF36F8F38BDEFF30580003818BF07
:10F55000012070476FF057007047D0E90032136008
:10F560005A600023C0E90033704708B5FFF7F5FF84
:10F57000437B23F0020343730023836008BD38B547
:10F5800004460D46FEF7F6F8637B43F0020363730F
:10F59000E5B1A5602B689D4209D16B68C4E90053B1
:10F5A0001C606C6012E06A689A42F6D01B68002BFF
:10F5B000F3D094F90E2093F90E108A42F3D09142C1
:10F5C000F1DD5A68C4E9003214605C6038BD10B5E2
:10F5D000EFF31184202383F31288BFF36F8FFEF7BC
:10F5E00087F884F31188BFF36F8F10BD08B5EFF370
:10F5F0001181202282F31288BFF36F8F83680BB1D1
:10F60000FFF7B3FF81F31188BFF36F8F08BD10B50B
:10F610000146EFF31184202383F31288BFF36F8F29
:10F62000437B13F0280F0AD183680BB1FFF79DFFCE
:10F630004B7B23F004034B730846FEF759F884F321
:10F640001188BFF36F8F10BD01211838FFF7DFBF9E
:10F6500010B5FFF7CBFFBDE81040183000F06EB8D2
:10F6600038B504680546AC424FF0000000D138BD03
:10F67000002CFCD02046FFF7EBFF2046FFF7A7FF4A
:10F680002C680120A542F1E770B505460E46FEF74D
:10F69000CDF9B6F1FF3F08BFB5F1FF3F044628465C
:10F6A00012D04FF47A7147F6FF730022C4FB013287
:10F6B000D80B40EA4240B0F1004F4FEAD23272F12B
:10F6C000000228BF6FF0004070BD38B5EFF3118520
:10F6D000202383F31288BFF36F8F0468A04212D0F7
:10F6E0009CB1E16722612046FFF73FFF04F118005B
:10F6F00000F024F82046FDF7FBFF012085F3118878
:10F70000BFF36F8F38BD0020F8E72046F6E708B555
:10F710000246FEF729FB70B1D0E904319B1A61EB78
:10F72000E272B3F1004F72F1000104DA002AACBFBB
:10F730001846002008BD6FF00040FBE738B50246D0
:10F74000EFF31185202383F31288BFF36F8F0368D3
:10F75000CBB1FEF709FB04461046FEF717FB00226B
:10F760004FF000438442C0E9042306D1FEF704FBB6
:10F77000FFF7CDFF0021FCF7EBFC002085F311889B
:10F78000BFF36F8F38BD6FF01500F7E708B5FEF7D0
:10F7900009FC08BDFEF706BCB3F1FF3F08BFB2F19C
:10F7A000FF3F70B506461D46144614D01A4316D0C6
:10F7B000002B08DBFEF7F6FB041941EB0501C6E957
:10F7C0000041304670BD6FF001031C1B4FF0FF334A
:10F7D00063EB0501F3E74FF0FF342146EFE7002428
:10F7E000FBE7B3F1FF3F08BFB2F1FF3FF8B50746B3
:10F7F00016461C4610D054EA020311D0FEF7D2FB85
:10F80000B0420A46A14103460AD2F31A64EB02044D
:10F81000C7E900343846F8BD4FF0FF331C46F7E720
:10F820000023FBE770B5D0E90034984209D044B119
:10F83000A568EDB115F9526C12F9525CB54208D0C9
:10F8400007DDC1E900042160416010E0A342F8D067
:10F850001B68002BF5D09A6862B112F9522CAA42AB
:10F86000F4D0F3DD5A68C1E900321160596070BD0F
:10F87000AB7BFFDE937BFCE72DE9F84F00250F46BD
:10F880001446984601462E464FF0200AA946BD422E
:10F8900002DB3046BDE8F88FEFF3118B8AF3128854
:10F8A000BFF36F8F4B7B03F03F03082B09D853B195
:10F8B000013B072B07D8DFE803F0281C06220606C9
:10F8C000062E102B2DD0B8F1000F3BD12378002B42
:10F8D00038D04B7B03F03F03082B3AD8002B3AD0AB
:10F8E000013B072B37D8DFE803F03F39363936368E
:10F8F00036420B699B68002BE5D0022317E00B69A9
:10F900001B68002BDFD0042311E00B699B68002BE0
:10F91000D9D001230BE00B691B6A002BD3D0102335
:10F9200005E00B69DA895B899A42CCD02023CA684A
:10F93000C1F80890C2F38630034363F39432CA607F
:10F9400084F800908BF31188BFF36F8F0135143169
:10F950009DE7102B0FD08C600136F3E70869224633
:10F960001030FFF75FFFF6E708692246F9E70869FC
:10F9700022462430F5E7086922462C30F1E72DE9CC
:10F98000F041846805460E46D4B16378012B22D13C
:10F9900014F8533C9A0711D5A4F160073846FFF7D5
:10F9A00057FE082E0CBF6FF003030023E36114F829
:10F9B000533CDB0602D13846FFF709FE00232370D3
:10F9C000EB68C3F386321643002066F39433A860D5
:10F9D000EB60BDE8F081022BF0D12378002BEDD055
:10F9E00054F8048CB8F1000FE8D004F11400FFF7CC
:10F9F000A5FEA4F114070023E36239464046FFF751
:10FA000071FDDBE738B5EFF31185202383F312880E
:10FA1000BFF36F8F0468A04211D0D4E900321360A5
:10FA20005A600023C4E900332046FFF7A8FF85F39E
:10FA30001188BFF36F8F201E18BF012038BD00242E
:10FA4000F5E70023C0E900008360704720B1011F83
:10FA500050F8040CFFF7C0BB70470A44914200F114
:10FA6000FF3300D1704710B511F8014B03F8014F77
:10FA70009142F9D110BD884210B501EB020402D9C0
:10FA80008442234607D8431EA14208D011F8012B17
:10FA900003F8012FF8E7024401468A4200D110BD65
:10FAA00013F8014D02F8014DF7E702440346934273
:10FAB00000D1704703F8011BF9E710B50139024482
:10FAC000904201D1002005E0037811F8014FA342D4
:10FAD00001D0181B10BD0130F2E710B502460144F9
:10FAE0008A42134603D01C780132002CF8D1181A30
:10FAF00010BDF0B5C3F137070446FFB203F01F0392
:10FB00001046082BE6B233D0102B3ED06508A4086F
:10FB100044EA817445EAC1752D194FEA910242EB1E
:10FB20005102290941EA02716D1842EB1212290AA9
:10FB300041EA02616D1842EB1222290C41EA0241AE
:10FB40006D1842EB1242AD1842F10002EC0844EA93
:10FB50004274D10804EB8402A6EB4205EDB2092DF4
:10FB60000CD90134A5F10A0541F10001EDB212E012
:10FB7000E40844EA417406F00705C908303554EA40
:10FB8000010200F8015BBCD1F0BD240944EA017414
:10FB900006F00F050909092D84BFED19EDB2EDE757
:0CFBA00001480068704700007C20002035
:08FBAC006805FE7F0100000066
:10FBB400C962000000000000000000000CFC01000D
:10FBC4000DD1010000000000000000002CFC010029
:10FBD400000000004CFC0100000000006CFC01006F
:10FBE4007DBF010000000000E16000000000000093
:10FBF4009DE1010000000000000000008CFC0100F9
:08FC0400A55000000000000003
:10FC0C00460B0200140602001CFE0100E20200205A
:10FC1C00DC7D002059AE0100000000000000000057
:10FC2C00650B020024060200ECFD0100E602002038
:10FC3C00847E0020C1B5010000000000000000001F
:10FC4C00550B020000000000E4FD0100E40200205E
:10FC5C00307E002021B301000000000000000000F5
:10FC6C007B0B02003C06020038FE0100E80200207B
:10FC7C00BC020020FDBA01000000000000000000E2
:10FC8C0028FF01000000000010FE0100E00200202F
:10FC9C00EC500020000000000000000000000000FC
:10FCAC00F5C6010069F001000000000045EC010000
:10FCBC006CFC01002DBA01000000000045EC0100B5
:10FCCC000000000045EC01000000000045EC0100C4
:10FCDC00A5CC010069F001000000000045EC01001A
:10FCEC000000000045EC01000000000045EC0100A4
:10FCFC000000000045EC010000000000FD64010064
:10FD0C000000000045EC0100307E002095B301009E
:10FD1C000000000021AD01000000000045EC0100D6
:10FD2C000000000045EC0100000000005DC0010077
:10FD3C000000000045EC01000000000045EC010053
:10FD4C000000000045EC01000000000045EC010043
:10FD5C000000000045EC01000000000045EC010033
:10FD6C00000000002D6501000000000045EC0100C2
:10FD7C000000000045EC01000000000045EC010013
:10FD8C000000000045EC01000000000045EC010003
:10FD9C000000000045EC01000000000045EC0100F3
:10FDAC000000000045EC01000000000045EC0100E3
:10FDBC000000000045EC01000000000045EC0100D3
:10FDCC000000000045EC01000000000045EC0100C3
:08FDDC000000000045EC0100ED
:08FDE400C9B2010021B20100C7
:10FDEC0045B4010059EF010067EF01007FEF0100FE
:10FDFC008BEF010097EF010009B60100B1EF010094
:04FE0C0000000000F2
:0CFE100039940000199400008D9300004C
:10FE1C00B1AE0100CBEE01002DEF0100000000009F
:0CFE2C0067EE0100000000000000000074
:10FE3800B5B8010079BA0100D9B80100C1BC010008
:10FE4800E9B8010015B901005DB9010089B90100DF
:10FE580069B9010079B9010089B90100B1B9010096
:10FE6800C5B90100D5B90100E5B9010029F00100C3
:04FE780019BA0100B2
:10FE8000000103FF04FF0200000106020107000059
:10FE9000000102010404040400000000000000004E
:10FEA0000338FDD87047000000000020000000006B
:10FEB00000000B0602000000BCFE01000000000074
:10FEC000B90A02002400020600000020C10A020054
:10FED0001E000B116D61000000000000B9EC010074
:10FEE000D4FE0100F0FE0100200000000000000030
:10FEF00000980020D4FE010004FF0100450000002E
:10FF00000000000088990020D4FE010018FF0100C5
:10FF10004700000000000000889D0020425420435C
:10FF2000544C52205258000062745F6863695F63EA
:10FF30006F6E74726F6C6C6572000000131510FFA9
:10FF40001A1B12005A6570687972204F532076345C
:10FF50002E332E30000000000201010100000100DC
:10FF6000000000000001000000020103030303037E
:10FF700003000000574553545F544F504449522FDB
:10FF80007A65706879722F7375627379732F626CFA
:10FF90007565746F6F74682F636F6E74726F6C6CBD
:10FFA00065722F6C6C5F73772F756C6C5F61647614
:10FFB0005F6175782E630000657272203D3D2030D0
:10FFC000207C7C20657272203D3D202D3132300036
:10FFD000415353455254494F4E204641494C205BB2
:10FFE00025735D20402025733A25640A0000000037
:10FFF00009706172616D313A2025752070617261FE
:020000022000DC
:100000006D323A2025750A00574553545F544F50BE
:100010004449522F7A65706879722F7375627379CB
:10002000732F626C7565746F6F74682F636F6E7475
:10003000726F6C6C65722F6C6C5F73772F756C6C64
:100040005F7363616E2E6300574553545F544F5086
:100050004449522F7A65706879722F73756273798B
:10006000732F626C7565746F6F74682F636F6E7435
:10007000726F6C6C65722F6C6C5F73772F756C6C24
:100080005F636F6E6E2E6300291D0100391D010034
:10009000491D0100591D0100691D0100791D010064
:1000A000211E0100311E0100891D0100411E0100B9
:1000B000511E0100611E0100991D0100711E010009
:1000C000811E0100A91D0100911E0100B91D010042
:1000D000A11E0100B11E010000000000C11E0100B0
:1000E000D11E0100E11E0100C91D0100F11E010029
:1000F0000000000000000000000000000000000000
:10010000111E010008020B020A0305020000000094
:1001100000000000020200000602000004030000CC
:1001200002010903000000000103000000000000BC
:10013000070300000000030100000000F401FA00C2
:10014000960064004B0032001E00140057455354C3
:100150005F544F504449522F7A65706879722F73FB
:1001600075627379732F626C7565746F6F74682F25
:10017000636F6E74726F6C6C65722F6C6C5F7377EB
:100180002F6E6F726469632F6C6C6C2F6C6C6C5F7C
:100190006164762E63000000300000000925733A88
:1001A0002041637475616C204556454E545F4F562F
:1001B0004552484541445F53544152545F55532082
:1001C0003D2025750A000000707265706172655FE0
:1001D00063620000574553545F544F504449522FB7
:1001E0007A65706879722F7375627379732F626C98
:1001F0007565746F6F74682F636F6E74726F6C6C5B
:1002000065722F6C6C5F73772F6E6F726469632FEA
:100210006C6C6C2F6C6C6C5F6164765F6175782EB2
:1002200063000000707265706172655F6362000058
:10023000574553545F544F504449522F7A65706864
:1002400079722F7375627379732F626C7565746F31
:100250006F74682F636F6E74726F6C6C65722F6C45
:100260006C5F73772F6E6F726469632F6C6C6C2F89
:100270006C6C6C5F7363616E2E630000636F6D6DF9
:100280006F6E5F707265706172655F63620000001F
:10029000574553545F544F504449522F7A65706804
:1002A00079722F7375627379732F626C7565746FD1
:1002B0006F74682F636F6E74726F6C6C65722F6CE5
:1002C0006C5F73772F6E6F726469632F6C6C6C2F29
:1002D0006C6C6C5F7363616E5F6175782E63000098
:1002E00073746172745F7573203D3D202861757869
:1002F0005F73746172745F7573202B203155290010
:10030000096175785F6F6666736574202575207561
:10031000732C2073746172745F75732025752021AE
:100320003D2025750A000000707265706172655F7E
:1003300063620000574553545F544F504449522F55
:100340007A65706879722F7375627379732F626C36
:100350007565746F6F74682F636F6E74726F6C6CF9
:1003600065722F6C6C5F73772F6E6F726469632F89
:100370006C6C6C2F6C6C6C5F706572697068657208
:10038000616C2E6300000000707265706172655FC1
:1003900063620000574553545F544F504449522FF5
:1003A0007A65706879722F7375627379732F626CD6
:1003B0007565746F6F74682F636F6E74726F6C6C99
:1003C00065722F6C6C5F73772F6E6F726469632F29
:1003D0006C6C6C2F6C6C6C5F63656E7472616C2EF0
:1003E00063000000707265706172655F6362000097
:1003F00000000000000000000000000000000000FD
:1004000000000000000000000000000000000000EC
:1004100000000000000000000000000000000000DC
:1004200000000000000000000000000000000000CC
:1004300000000000000000000000000000000000BC
:1004400000000000000000000000000000000000AC
:10045000000000000000000000000000000000009C
:10046000000000000000000000000000000000008C
:10047000000000000000000000000000000000007C
:10048000000000000000000000000000000000006C
:10049000000000000000000000000000000000005C
:1004A000000000000000000000000000000000004C
:1004B000000000000000000000000000000000003C
:1004C000000000000000000000000000000000002C
:1004D000000000000000000000000000000000001C
:1004E000000000000000000000000000000000000C
:1004F000FFC1FBE84C90728BE7B3518963AB2323B8
:1005000002841872AA612F3B51A8E53749FBC9CA7A
:100510000C18532CFD45E39AE6F15DB0B61BB4BE52
:100520002A50EAE90E9C4B5E5724CCA1B759B887F4
:10053000FFE07D742648B9C5F3D9A8C4B1D591119F
:1005400001420C39D5B0979D28D4F29BA4FD646577
:10055000068C2996FEA2714DF3F82E58DB0D5A5FDA
:100560001528F57407CE25AF2B12E6D0DB2CDCC3A3
:100570007FF03E3A13A4DCE2F96C54E2D8EAC88872
:100580000021869C6AD8CB4E146AF94DD27EB232D5
:1005900003C6144B7FD1B8A6797C17ACED06ADAF7E
:1005A0000A947ABA03E792D7150973E86D16EEE15B
:1005B0003F781F9D09526EF17C362A716C75644438
:1005C0008010434E35EC65270AB5FC26693F5999E2
:1005D00001638AA5BF685CD33CBE0BD67683D65731
:1005E000054A3DDD8173C9EB8A8439F4360BF70087
:1005F00029417671000001000000000000010100A7
:100600000000000001030405E1AD0100B1AD0100EF
:10061000000000005DAF010025AE0100EDAE01005D
:100620004DEF0100FFFFFFFF000000500000000041
:1006300000000000006000400000000040060200D2
:10064000002000404C060200020000006C06020080
:10065000040000005C0602000401000006800000A7
:1006600008800001058000020780000306000000EA
:10067000080000010500000207000003B4FB0100B0
:10068000B4FB0100E4FB0100ECFB010004FC0100F1
:100690000CFC0100CA0B0200000100000000000079
:1006A00048434920756172742054580072302F619C
:1006B000313A2020307825303878202072312F616F
:1006C000323A2020307825303878202072322F615D
:1006D000333A20203078253038780A0072332F6181
:1006E000343A2020307825303878207231322F6922
:1006F000703A2020307825303878207231342F6CD1
:10070000723A20203078253038780A0020787073CB
:10071000723A20203078253038780A004661756CAE
:1007200074696E6720696E737472756374696F6E35
:10073000206164647265737320287231352F706391
:10074000293A203078253038780A00556E68616E75
:10075000646C6564204952516E3A2025640A002A6F
:100760002A2A2A2A204D5055204641554C54202AE9
:100770002A2A2A2A0A002020537461636B696E6753
:10078000206572726F722028636F6E7465787420B2
:1007900061726561206D69676874206265206E6FA3
:1007A000742076616C6964290A002020556E737488
:1007B00061636B696E67206572726F720A00202038
:1007C00044617461204163636573732056696F6C83
:1007D0006174696F6E0A0020204D4D4641522041E0
:1007E0006464726573733A20307825780A0020209B
:1007F000496E737472756374696F6E2041636365CB
:1008000073732056696F6C6174696F6E0A002020E3
:10081000466C6F6174696E672D706F696E74206CC1
:10082000617A792073746174652070726573657282
:10083000766174696F6E206572726F720A002A2A7F
:100840002A2A2A205553414745204641554C5420D9
:100850002A2A2A2A2A0A0020204469766973696FA5
:100860006E206279207A65726F0A002020556E61D1
:100870006C69676E6564206D656D6F727920616368
:10088000636573730A0020204E6F20636F70726F70
:10089000636573736F7220696E73747275637469C4
:1008A0006F6E730A002020496C6C6567616C206C68
:1008B0006F6164206F66204558435F52455455521E
:1008C0004E20696E746F2050430A002020496C6CE2
:1008D0006567616C20757365206F6620746865209C
:1008E000455053520A002020417474656D70742085
:1008F000746F206578656375746520756E646566D0
:10090000696E656420696E737472756374696F6E65
:100910000A002A2A2A2A2A20425553204641554CA9
:1009200054202A2A2A2A2A0A002020537461636B41
:10093000696E67206572726F720A002020507265BE
:1009400063697365206461746120627573206572E8
:10095000726F720A00202042464152204164647244
:100960006573733A20307825780A002020496D702D
:1009700072656369736520646174612062757320B8
:100980006572726F720A002020496E73747275630B
:1009900074696F6E20627573206572726F720A00DF
:1009A0005265736572766564204578636570746915
:1009B0006F6E20280053707572696F757320696EB1
:1009C000746572727570742028495251200053501A
:1009D00053454C20696E20746872656164206D6FA8
:1009E000646520646F6573206E6F7420696E64693E
:1009F00063617465205053500A002A2A2A2A2A204B
:100A000048415244204641554C54202A2A2A2A2A39
:100A10000A002020427573206661756C74206F6E29
:100A200020766563746F72207461626C65207265F4
:100A300061640A0020204465627567206576656EF2
:100A4000740A0020204661756C7420657363616CC4
:100A50006174696F6E20287365652062656C6F77BD
:100A6000290A00415243485F455843455054207776
:100A700069746820726561736F6E2025780A0A00B8
:100A80002A2A2A2A2A204465627567206D6F6E69BA
:100A9000746F7220657863657074696F6E202A2A9E
:100AA0002A2A2A0A002A2A2A2A2A2025732025648B
:100AB00029202A2A2A2A2A0A00464C4153485F3014
:100AC000005352414D5F300000FFFFFFFFFFFF0169
:100AD0000400020000000200000000000000050009
:100AE00000000000000000000000000000000557AA
:100AF0004553545F544F504449522F7A657068797A
:100B0000722F7375627379732F626C7565746F6F72
:100B100074682F686F73742F6863695F636F6D6D9E
:100B20006F6E2E63006275660041535345525449FF
:100B30004F4E204641494C205B25735D20402025C7
:100B4000733A25640A00636C6F636B403430303055
:100B5000303030300072616E646F6D403430303050
:100B600064303030006770696F403530303030307D
:100B700030300000010203040506077561727440FD
:100B800034303030323030300000000000010000DE
:100B9000000101000001010101000000006D616918
:100BA0006E002A2A2A20426F6F74696E67205A6588
:100BB00070687972204F53206275696C64207634B6
:100BC0002E332E30202A2A2A0A00737973776F7207
:100BD0006B7100286E756C6C29002A666C6F6174ED
:040BE0002A000000E7
:100BE4001F00000000000000FFFFFFFFFF1F0000C8
:100BF4006DE901008CFC01000000000020220020AF
:100C0400000000006593000000000000282200207E
:100C140000000000198500000000000030220020C0
:100C240000000000E16901000000000038220020FB
:100C3400000000001D820000000000000000000011
:100C44000000000000010000F4500020000000003B
:100C54000000000000000000000200001C51002001
:100C6400000000000000000000000000000400007C
:100C74000451002000000000745300200000000014
:100C8400D5D00000000000007C53002000000000CC
:100C9400E16901000000000084530020000000000E
:100CA4008DD00000000000008C53002000000000E4
:100CB4001D75010000000000A45300200000000086
:100CC400E169010000000000AC53002000000000B6
:100CD400F9CD000000000000545400200000000082
:100CE400810E0000000000005C54002000000000A1
:100CF400717E010000000000E054002000000000AC
:100D0400E169010000000000E85400200000000038
:100D140061F3000000000000F05400200000000017
:100D2400A1830100000000007855002000000000AD
:100D340000000000000000008055002000000000BA
:100D4400DD8C010000000000985500200000000028
:100D54000000000000000000D45500200000000046
:100D64003DFB000000000000DC55002000000000F6
:100D7400E169010000000000E455002000000000CB
:100D8400D1FC000000000000EC5500200000000031
:100D9400D506010000000000D05B00200000000028
:100DA400D060002000000000D0650020000000009A
:100DB400D070002000000000B59801000000000081
:100DC400E870002000000000F1980100000000001D
:100DD400AC73002000000000F16601000000000078
:100DE400D873002000000000E16901000000000049
:100DF4004879002000000000E169010000000000C3
:100E04005079002000000000E169010000000000AA
:100E14005879002000000000C934000000000000E0
:100E24006079002000000000E1690100000000007A
:100E34006879002000000000C934000000000000B0
:100E4400C07D00200000000031710000000000009F
:100E5400B87D002000000000317100000000000097
:100E6400B07D002000000000A16D00000000000023
:100E7400A87D002000000000317100000000000087
:100E8400A07D002000000000A16D00000000000013
:100E9400987D0020000000003171000040420F00E6
:100EA40000010301FF0000003FC00F00900200009A
:100EB400D0020020D0020020D8020020D802002056
:0C0EC40000000000000000000000000022
:100ED0000000000000000000F4020020F4020020E6
:100EE000FC020020FC0200200000000000000000C6
:100EF0000C0300200C030020140300201403002026
:100F00000000000000000000240300202403002053
:080F10002C0300202C0300203B
:100F180000000000000000003C0300203C0300200B
:100F280044030020440300200700070000000000DD
:100F380000000000E0FE0100E09800200000000032
:100F480000000000680300206803002070030020F0
:100F5800700300200B000B000000000000000000E0
:100F6800F4FE0100809C002000000000000000004A
:100F780094030020940300209C0300209C0300207D
:100F88000A000A0000000000F562000008FF0100E6
:040F980050A0002045
:040F9C0015E015E067
:0400000300005B811D
:00000001FF
