:10000000E8950020FD3A000077FC0100E93A000085
:10001000E93A0000E93A0000E93A0000E93A000054
:10002000000000000000000000000000C13B0000D4
:10003000E93A000000000000613B0000E93A0000DE
:10004000693D0000693D0000693D0000693D000018
:10005000693D0000693D0000693D0000693D000008
:10006000693D0000693D0000693D0000693D0000F8
:10007000693D0000693D0000693D0000693D0000E8
:10008000693D0000693D0000693D0000693D0000D8
:10009000693D0000693D0000693D0000693D0000C8
:1000A000693D0000693D0000693D0000693D0000B8
:1000B000693D0000693D0000693D0000693D0000A8
:1000C000693D0000693D0000693D0000693D000098
:1000D000693D0000693D0000693D0000693D000088
:1000E000693D0000693D0000693D0000693D000078
:1000F000693D0000693D0000693D0000693D000068
:10010000693D0000693D0000693D0000693D000057
:10011000693D0000693D0000693D0000693D000047
:10012000693D0000693D0000693D0000693D000037
:10013000693D0000693D0000693D0000693D000027
:10014000693D0000693D0000693D0000693D000017
:10015000693D0000693D0000693D0000693D000007
:10016000693D0000693D0000693D0000693D0000F7
:10017000693D0000693D0000693D0000693D0000E7
:10018000693D0000693D0000693D0000693D0000D7
:10019000693D0000693D0000693D0000693D0000C7
:1001A000693D0000693D0000693D0000693D0000B7
:1001B000693D0000693D0000693D0000693D0000A7
:1001C000693D0000693D0000693D0000693D000097
:1001D000693D0000693D0000693D0000693D000087
:1001E000693D0000693D0000693D0000693D000077
:1001F000693D0000693D0000693D0000693D000067
:10020000693D0000693D0000693D0000693D000056
:10021000693D0000693D0000693D0000693D000046
:10022000693D0000693D0000693D0000693D000036
:10023000693D0000693D0000693D0000693D000026
:10024000693D0000693D0000693D0000693D000016
:10025000693D0000693D0000693D0000693D000006
:10026000693D0000693D0000C1550100693D000085
:10027000693D0000693D0000693D0000693D0000E6
:10028000693D0000693D0000693D0000693D0000D6
:10029000693D0000693D0000693D0000693D0000C6
:1002A000693D0000693D0000693D0000693D0000B6
:1002B000693D0000693D0000693D0000693D0000A6
:1002C000693D0000693D0000693D0000693D000096
:1002D000693D0000693D0000693D0000693D000086
:1002E000693D0000693D0000693D0000693D000076
:1002F000693D0000693D0000693D0000693D000066
:10030000693D0000693D0000693D0000693D000055
:10031000693D0000693D0000693D0000693D000045
:10032000693D0000693D0000693D0000693D000035
:10033000693D0000693D0000693D0000693D000025
:10034000693D0000693D0000693D0000693D000015
:10035000693D0000693D0000693D0000693D000005
:10036000693D0000693D0000693D0000693D0000F5
:10037000693D0000693D0000693D0000693D0000E5
:10038000693D0000693D0000693D0000693D0000D5
:10039000693D0000693D0000693D0000693D0000C5
:1003A000693D0000693D0000693D0000693D0000B5
:1003B000693D0000693D0000693D0000693D0000A5
:1003C000693D0000693D0000693D0000693D000095
:1003D000693D0000693D0000693D0000693D000085
:1003E000693D0000693D0000693D0000693D000075
:1003F000693D0000693D0000693D0000693D000065
:10040000693D0000693D0000693D0000693D000054
:10041000693D0000693D0000693D0000693D000044
:10042000693D0000693D0000693D0000693D000034
:10043000693D0000693D0000693D0000693D000024
:10044000693D0000693D0000693D0000693D000014
:10045000693D0000693D0000693D0000693D000004
:10046000693D0000693D0000693D0000693D0000F4
:0C047000693D0000693D0000693D00008E
:1004800053B94AB9002908BF00281CBF4FF0FF31FB
:100490004FF0FF3000F00CB8ADF1080C6DE904CE60
:1004A00000F008F8DDF804E0DDE9022304B070474D
:1004B000704700BF2DE9F04786468C460846089EE7
:1004C000154674461946002B40F0C1808542B2FAA9
:1004D00082F245D94AB1C2F1200300FA02FC9540EC
:1004E00094402EFA03F343EA0C0C4FEA154EA8B2DF
:1004F000230CBCFBFEF80EFB18CC08FB00F943EA0A
:100500000C43994528D9EB1808F1FF3704D29945D7
:1005100002D9A8F102072B44A3EB0903A4B2B3FB51
:10052000FEFC0EFB1C330CFB00F044EA0344A0422B
:1005300014D92C190CF1FF3304D2A04202D9ACF12A
:1005400002032C44241A43EA07401EB1D44000237E
:1005500034607360BDE8F0874746DDE76346F1E746
:1005600092BB431B01214FEA154EAFB2200CB3FBE7
:10057000FEFC0EFB1C330CFB07F840EA03439845D6
:1005800061D9EB180CF1FF3004D2984502D9ACF1D7
:1005900002002B44A3EB0803A4B2B3FBFEFC0EFB4A
:1005A0001C330CFB07F744EA0344A7424DD92C192E
:1005B0000CF1FF3304D2A74202D9ACF102032C4460
:1005C000E41B43EA0040C0E7C2F120039540944099
:1005D00020FA03F12EFA03F34FEA154E9040AFB222
:1005E0000343B1FBFEFC0EFB1C10190C0CFB07F8BF
:1005F00041EA0041884522D969180CF1FF3004D244
:10060000884502D9ACF102002944A1EB08019BB254
:10061000B1FBFEFC0EFB1C110CFB07F743EA014388
:100620009F420ED9EB180CF1FF3104D29F4202D940
:10063000ACF102012B44DB1B41EA004193E7604629
:10064000E3E76146F7E76046A4E76346B8E783421D
:1006500006D916B9002108467CE7C6E900E0F9E7AB
:10066000B3FA83F78FB9834201D3724508D8BEEB42
:10067000020460EB030301209C461EB9002169E7D8
:100680003846FAE7C6E9004CF8E7C7F1200CBB4052
:100690000EFA07F522FA0CF42EFA0CF1BA401C43BC
:1006A00020FA0CF3B8404FEA144901431FFA84FEC4
:1006B000B3FBF9F809FB18300B0C08FB0EFA43EA00
:1006C00000439A4540D9E31808F1FF3004D29A4517
:1006D00002D9A8F102002344A3EB0A0389B2B3FBB9
:1006E000F9F809FB183308FB0EFE41EA03418E4579
:1006F0002CD9611808F1FF3304D28E4502D9A8F134
:100700000203214443EA0040A1EB0E01A0FB029842
:100710004145CE46434602D306D14D4504D2013869
:10072000B9EB020E68EB0403002EA7D0B5EB0E0266
:1007300061EB030101FA0CFC22FA07F3F9404CEAE1
:100740000303C6E9003199E74046C5E74346D9E7C8
:10075000002900F0BE812DE9F04F8FB0002840F055
:10076000BA818C4C164694F880201D4612F0010781
:1007700040F0B981FF23607EE37600F0030014F0BF
:1007800057FB94F88000430700F1F48094F8292087
:10079000637F04EB8202D76A04EB8303D3F82080E3
:1007A000002F00F0CF80394640460BF067FC002850
:1007B00040F08C8198F8003013F00E0F40F0F0807C
:1007C0006369002B40F0818106F04AFC81460028D5
:1007D00000F0B48106F050FC0A90002800F0AB81D4
:1007E0000EF09AF88346002800F0A2814FF6FF72BF
:1007F0008284C06E0BF110030B93002800F01C8262
:100800000BF160020BF15C0103F062FF00219BF829
:100810007220CBF86C1022F007028BF87220ABF834
:10082000701098F8002002F00F02072A00F0F681FD
:1008300001229BF8581021F0770141F011018BF84B
:100840005810114643F67F7CD20042EA012E5249ED
:10085000ABF8B6C0D1F8012011F801CB4FF0000A77
:1008600089889BF88001ABF88511ABF88B114FF4A8
:10087000C021CBF87211BBF858100CF0010C21F418
:10088000E1614EEA0101ABF858109BF837106CF3A8
:10089000861001F03F0161F07F018BF837109BF863
:1008A0003C106CF3C71021F00F01CBF88121CBF87D
:1008B00087218BF83C108BF88001CBE912AA5846AF
:1008C0008BF839A0ABF82AA0CBF82EA0CBF850A01B
:1008D000ABF840A1ABF878A1ABF86EA110F01EFA0E
:1008E0008BF844A1CBF848910EF076FB9BF8801171
:1008F00060F302018BF880110EF074FB9BF88011FD
:1009000060F3C5018BF880119BF842110BF1C40014
:100910006AF341018BF8421110F00AF80A9BC4F8FF
:10092000609063660BF110036361CBE902AA8BF858
:1009300000A0CBF810B015F02DFBB0B30AF0DCFD31
:100940000320C3E098F8003003F00F03072B00F0FA
:10095000BC80124815F078FCC0B2002840F0EE8050
:1009600094F8293004EB8303DF6A04233B700623E9
:100970007B7018E73A46C0F3C00004F1810114F01F
:10098000EBFBFF28E0763FF401AF384614F096FA0F
:10099000FCE600BFD455002063270200FC55002070
:1009A00003F00F03072B00F04C81B74B1B78022B91
:1009B00000F04D810023636300252E46A4F8785093
:1009C0000025637E227EE667C3F38206A37EC2F320
:1009D000420201210DF133008DF8332003F00109AB
:1009E000A4F8765004F016F80246002869D0334681
:1009F00039464046CDF800900AF010FBA34B013079
:100A0000A0FB030145F1000203FB02119CA3D3E903
:100A10000023013861F10001C4E902552570FFF798
:100A20002FFDB4F86860606005F092FC00F2DD27ED
:100A300046B998F8005005F00F05A5F10105B5FA83
:100A400085F56D09237E65F300032376DB07656872
:100A500000F12681D4F83880B8F1000F70D14FF63C
:100A6000FF7391214FF00209049503938848894B45
:100A700005F51C5510350694CDF808801D600993C6
:100A8000A6FB000301FB0631834B0DAD0793834B9F
:100A9000CDF8349005937AA3D3E900230895FFF7A6
:100AA000EFFC01463B4601914A4603214046CDF802
:100AB000008005F099FA294606F060FB002800F056
:100AC0009D8063690BB10AF017FD0C200FB0BDE8E3
:100AD000F08F0AF03BBD6C4B1B78022BF5D0002049
:100AE0000FB0BDE8F08F684B1B78022BF7D194F85C
:100AF0002920637F04EB820204EB8303D16A186A26
:100B00000BF0BCFA0028E1D1636B002BDDD01A7921
:100B100002F0FF0142B942F2107206FB02F2A4F8A1
:100B20007610A4F87850E2671B79002BD7D0CCE779
:100B30000A9806F0A7FA484606F098FA0720C5E793
:100B4000D8F80080AB1C3B440DA940460D9300F043
:100B50006FF940F27121A36E94F874208146A3FBD3
:100B60000131002A40F0D28042F6F132981841F16A
:100B7000000140F2E2420023FFF782FC80B2A8F8B5
:100B800034004A4640460D990BF090FF81460028FC
:100B900097D14FF6FF7291210DAB0893049505F59F
:100BA0001C5302250290039239483A4A10330694A6
:100BB0001360A6FB000301FB0631374B0992079334
:100BC000364B0D9505932EA3D3E90023FFF758FC70
:100BD00001463B4601912A4603214846CDF8009044
:100BE00005F002FA0DA906F0C9FA00287FF469AFF2
:100BF00098F8463043F0010388F8463094F8803086
:100C0000002043F0010384F880300DF03DFB002804
:100C10007FF465AF012014F0EDF860E7617E9BF88A
:100C20005820490961F3020261F306128BF858203B
:100C3000A27E02F0010205E60BF16400CBF86C0025
:100C4000DEE598F8023059067FF5AFAEB8E506F05C
:100C500007FA8146002866D006F00EFA002869D00F
:100C60000023C0F800900371237E6063DA073FF52C
:100C7000A3AE42F2107303FB06F69FE6AFF30080CB
:100C800000CA9A3B00000000E280002000CA9A3BA4
:100C9000002AE784C85500201565000031B3000024
:100CA00000200226274A04950992019506941060B7
:100CB000254A264D05920DAA032108923B4632464D
:100CC000CDE90200009007950D9605F08DF90DA96C
:100CD00006F054FA00287FF4F4AE0DAA1C490892DD
:100CE0001C4A0591009203213B460122CDE90300F5
:100CF000CDE90100079506940D9605F043F90DA97D
:100D000006F03CFA00283FF479AFDAE602FB011165
:100D10000132A2FB030340F2E24219440023FFF731
:100D2000AFFB80B22BE76369002B3FF407AF0AF0FB
:100D3000E3FB03E76369002B3FF4FDAE0AF0DCFB45
:100D4000F9E600BFC855002031B30000156500006A
:100D5000E1B00000728E13002DE9F04304460D4609
:100D60000121237E8BB094F81A90C3F342030DF156
:100D70002300174609EA010994F819808DF82330F9
:100D800003F048FEC8F38208024643463946284627
:100D9000CDF800900AF042F90026214A431CA3FB3B
:100DA000023146F1000002FB0011581E61F1000102
:100DB00019A3D3E90023FFF763FB63680546834269
:100DC00022D91A1A02210292164A174BA21ACA40B5
:100DD000A3FB02320023CA400A4409911349019639
:100DE00009AE059118460321CDE903330696D2B228
:100DF000009305F063F9314606F0C0F940B965602B
:100E000000200BB0BDE8F083FAD23246C61AD9E70B
:100E10000C200BB0BDE8F08300CA9A3B0000000034
:100E200000CA9A3BD455002015F9AC1B156500008B
:100E3000F0B583B007460C460BF0C8FA00261C4DEF
:100E4000431CA3FB053146F1000205FB0211581EAD
:100E500061F1000114A3D3E90023FFF711FBFF2385
:100E600097F82520786007EB8202916A38461A4687
:100E70000BF046FA0CA3D3E900230130A0FB0501D7
:100E800046F1000605FB0611013861F10001FFF78C
:100E9000F7FA01A913F058F910B9019B0233236046
:100EA000002003B0F0BD00BF00CA9A3B0000000064
:100EB00000CA9A3B000000002DE9F04F40F20127E4
:100EC000A5B02E9C8F430C942F9C0D460D941E466E
:100ED00004460F9200F00282637F05F4007B04EB6E
:100EE0008303D3F820A09AF8007007F00F07072FAC
:100EF00010D0BBF1000F04D10C27384625B0BDE857
:100F0000F08F2046D6F80120317825B0BDE8F04FAB
:100F10000BF010B99AF8023013F03F0218BF9AF89C
:100F200003208DF880200AF104020A92BBF1000F21
:100F300002D07F2B00F285810C9904F11C0015F082
:100F400023FA81464FF0000803789AF8001023F046
:100F50003F0301F00F010B4300F8023B9AF8023007
:100F600099F802109B0963F3871189F80210139016
:100F7000A06B04F110028DF87C80002800F0E48260
:100F8000437D00EB83039A6903680B921493D37833
:100F90000232129203F001028DF8883011920D99FD
:100FA0001430099315F0F0F98046012299F800C039
:100FB00000780CF00F0C20F03F000B9B40EA0C0077
:100FC00088F80000187898F800C0C0F3801060F32B
:100FD000861C88F800C018785FFA8CFCC00960F3A2
:100FE000C71C88F800C099F8020098F802C08DF874
:100FF000842080099DF8802015F0010360F3871C90
:101000000E9302F00101099B88F802C040F00781AD
:10101000002900F04B819AF8001098F800C0C1F345
:10102000801161F3861C88F800C099F800100E98B2
:1010300060F3861189F800100AF10A010A911199EA
:10104000002940F047810B990431099103F0020116
:101050001D91910740F106810A999DF8840006319F
:101060000A91414640F002008DF884009AF8000091
:1010700098F800C0C00960F3C71C01F810CB99F8BC
:1010800000006FF3C71089F8000003F0020010B1F0
:1010900009980630099012F00800189002D00A98BA
:1010A00002300A909DF87C0040F008008DF87C002A
:1010B000881C0E9015F0080000F0D28002203070DD
:1010C000D6F80100C6F80110179005369DF8840087
:1010D00040F008008DF8840013F00800199002D049
:1010E00009980230099012F010001A9002D00A9864
:1010F00003300A909DF87C0040F010008DF87C00D1
:1011000009F10900109003F010001B90E80640F16F
:101110009A80881CC6F80100032030709DF8840076
:10112000053640F010008DF8840003F01000002810
:1011300000F09280002016900998033009909DF8E5
:101140008400C00644BF05310E91520611D50A9A9B
:1011500001320A92627E02F01C02102A00F0138211
:101160009DF87C2042F040028DF87C2009F10A02B3
:1011700010925B0608D5099B013309939DF88430D2
:1011800043F040038DF884309DF88430159313F0BC
:1011900040031C9302D00E9B01330E93109B139AB5
:1011A000981AC0B2022803D8012009F10303109352
:1011B000099B129A9B1ADBB2022B03D801230B9ACC
:1011C000033209920B9A52789A42C0F0AD800E9980
:1011D00008F1020CA1EB0C0C5FFA8CFCBCF1020FC5
:1011E00004D84FF0010C08F103010E91BBF1000F80
:1011F00076D096F800B0D51A099BEDB2D6F801105A
:101200003570C6F801300536BBF1000F40F098800C
:10121000002940F085815A465B4609996BE016F833
:1012200001EB98F800C06EF3861C88F800C099F8AE
:1012300000C06FF3861C89F800C000293FF4FFAEA0
:10124000FAE6122759E60F98C0063FF56EAF03F095
:101250001000002840F0828003F0100016906EE726
:10126000179033E70E9808F10A0100287FF407AFC2
:1012700003F00200002869D041469DF884C00B9815
:101280004CF0020C8DF884C090F800C098F800E093
:101290004FEADC1C6CF3C71E01F810EB99F800C094
:1012A0000E9860F3C71C89F800C0F1E61199002977
:1012B0003AD00B9998F800C009780E98C1F38011C4
:1012C00061F3861C88F800C099F8001060F386115D
:1012D00089F800100B990A310991B7E600DEFBE5A9
:1012E0006D0523D40F99890500F11A81D31ADDB257
:1012F0005A465B46099905EB020EBEF1FB0F3FF71C
:10130000FCAD0CEB05071744FF2F30DD0CF101039A
:101310005B442B44CA45337000F0A9810B9B984570
:1013200000F0A0814527E8E51F27E6E596F800B024
:10133000D51A0999D6F801305A46EDB20536DAE7E2
:101340005D464FF0000B5A465B46D4E799F800C063
:101350000E9860F3C71C89F800C09CE69DF88400D5
:1013600040F010008DF8840009981690E4E699F892
:10137000022089F80100013860F3050289F8022093
:1013800098F802200CF1FF3060F305020E9E88F8F9
:1013900002200BEB0502624488F8012030462A4601
:1013A0000C931FF05BFD0C9B23B15A461946701934
:1013B0001FF047FD98F802309A0600F0AF809DF8C4
:1013C0007C305B0640F1F6800A9A109912F8013CD5
:1013D00001F8013C531E0A934B1E10931A9B13B144
:1013E0000A9B033B0A93109E657E16F8033C6D0929
:1013F0006FF3050306F8033C14F02CFE002195FA68
:10140000A5F232288CBF002001208D42B2FA82F270
:1014100008BF4FF0FF3216F8033C520160F3861309
:101420006FF3C71306F8033C1B9B06F8021C06F873
:10143000012C13B1099B033B0993159BDF0602D5D1
:101440000E9B033B0E93169B23B1032219460E9865
:101450001FF004FD189B13B10A9B023B0A93199BD2
:1014600013B1099B023B0993179B002B00F0ED8001
:10147000179A537812781B0203F470631A4310987A
:10148000D1B200F8051C94F87230C3F303031B01BA
:1014900003EB122300F8043C0E9800F8021C94F8A9
:1014A0007230C3F303031B0103EB122300F8013C6A
:1014B000159B9E076ED40238159BDD0709D5119B3D
:1014C000002B00F0D880099B991F062206381FF0D8
:1014D000C5FC99F802300B98990618BF9DF87C302E
:1014E000414618BF89F8033098F802309A0618BFB1
:1014F0009DF88430169A18BF88F803304FF496731D
:101500000193A57E637E05F001055B0900950BF054
:10151000DDFC149B93F84630DB075AD40027ECE43B
:1015200099F8023089F80100013860F3050389F861
:10153000023098F8023088F801C00CF1FF3C6CF3DF
:10154000050388F8023035E710460BF023FB1490B2
:10155000002800F09C801498012290F82530CDF8E6
:10156000448000EB8303996A10308C461CF8023BE0
:101570000B9103F03F030B70CDF848C043464A700F
:1015800081F803800BE59DF8842042F040028DF83D
:101590008420EEE51D9B002B70D0099B063B099330
:1015A0001A680E9941F8082C9B88A1F1080021F8CF
:1015B000043C81E71C9B002B3FF410AF099A0E9965
:1015C00012F8013C01F8013C531E09934B1E0E9387
:1015D00004E7149C002520460AF0F8FE304B013049
:1015E000A0FB030145F1000203FB02112AA3D3E98A
:1015F0000023013861F10001FEF742FF63680446F1
:1016000098423FD21F1A0223DDF850804822254914
:101610004046239303F03CF803210023224A23AEE3
:1016200005924218CDE903331846029706960195B4
:10163000D2B2009304F042FD314605F09FFD002830
:101640007FF45AACC8F8044068E794F87230174940
:1016500003F00F0331F81320501C21F81300C2F3DC
:101660000B020CE70D9AA36B12785A755AE60C9B85
:101670001B78637752E60A9B991F26E70A9B063B75
:101680000A938DE77FF64AAF2F46C51ABBE7CA45D6
:101690007FF433AC00DE30E400CA9A3B0000000067
:1016A00000CA9A3BAC560020156500008856002001
:1016B000F8B5294C9DF818E094F8625015F0020531
:1016C00040D107074FEA500604D594F8C670BF070B
:1016D00038D4643471B391274FEA401C1F48A4F8F2
:1016E0004C10A2FB00014FEACE0E07FB021194F84A
:1016F00044200EF0180E0CF0200C66F302024CEAA7
:101700000E0C94F838E084F8442094F862202EF00F
:10171000380E4CEA0E0C63F3830284F8622084F8DE
:1017200038C00BA3D3E90023FEF7AAFE2065A0650D
:101730002846F8BD94F84430284661F3020384F843
:101740004430F8BD0C252846F8BD00BFAFF300803B
:1017500000CA9A3B0000000034570020002AE784AA
:1017600070B504469126124D82874FEA411CA3FBB7
:1017700005019DF810E006FB03114FEACE0E94F828
:1017800028300EF0180E0CF0200C4CEA0E0C23F052
:1017900038034CEA030C84F828C003A3D3E90023E0
:1017A000FEF76EFE206470BD00CA9A3B0000000088
:1017B000002AE784000000002DE9F04F044690F86D
:1017C00062308DB06FF30003C3F3800084F86230A1
:1017D00094F8383004F1460160F3861384F8383009
:1017E00004F05CFE4FF00008912194F83820B4F822
:1017F0004C30814802F0790284F83820A3FB0002C3
:10180000C4E9028801FB032179A3D3E9002384F80A
:1018100000802461FEF734FE784E794BA51BA3FBB4
:101820000535A36DC5F34715236503F2DD23834218
:1018300024BF0346C4F85080DFF8C88105EB450299
:1018400034BF63606060074648F822304FEA450ABB
:10185000002D5BD196F8A83003F00703032B75D851
:101860004FF0000B04F074FD636900F2DD26002BDD
:1018700000F088800DF12C099121AA4408EB8A031D
:101880004FF000084FF0020A0993CDF8209006941B
:10189000B4F84C30626858480492A3FB000201FB84
:1018A0000321594BCDF82CA00793584BCDF80C8051
:1018B00005934FA3D3E90023FEF7E2FD1046194636
:1018C0004FF47A720023FEF7DBFD014605355E44D6
:1018D000EDB20291334603212A4640460197CDF8E6
:1018E000008004F081FB494605F048FC002845D102
:1018F00094F8623043EA0A0384F862300AF09CFAF2
:10190000002850D000200DB0BDE8F08F012DA7D1E8
:1019100096F84430DB07A3D5D4F85090B9F1000F06
:101920009ED09121B6F84C3033484FF0000BA3FB0A
:10193000000201FB03212EA3D3E90023FEF7A0FD43
:10194000874240D00023C8F80C308BE7D4F8509081
:10195000B9F1000F84D09121B6F8B0302648A3FB2E
:10196000000201FB032122A3D3E90023FEF788FD37
:1019700087421CD00023C8F8003071E70C200DB05E
:10198000BDE8F08F0DF12C09CDE90A3303204B4659
:1019900061680AAA12F000FC00287FF46DAFDDE94F
:1019A0000A361E4468E7504613F024FAAAE7D6F830
:1019B000B4304B449F42DDD302339F429CBFA9F217
:1019C000DE236360D6E7336D4B449F42BAD30233C4
:1019D0009F42B7D8A9F2DE236360336DC4F850B0DC
:1019E000C6F850B003F1020BACE700BFAFF30080C4
:1019F00000CA9A3B00000000002AE7843457002008
:101A00001F85EB511C5700201565000041DC0000CC
:101A10002DE9F04F0B790C46082B074691B009D001
:101A2000092B00F07581062B00F0CC8100DE11B08F
:101A3000BDE8F08FD1F80890D9F82C30002B40F099
:101A40003C82D9F8008040460CF0EAFB4FF0040CD1
:101A50000530C3B20A930026A27E94F8213066F3C3
:101A600086122760A276E660002B00F0478135469B
:101A7000B64604F1220A94F82220900600F03A813A
:101A800094F82300C2F30502C1074CBF04F12A01F8
:101A900004F1240110F0020F18BF063110F0040FFA
:101AA00018BF013110F0080F18BF023110F0100BF1
:101AB0001CBF8B46033110F0200F18BF12314006B7
:101AC00048BF0131A1EB0A010132D2B2C9B28A4248
:101AD00038BF0A469A4236BF9A1A4FF0000A5FFA98
:101AE00082FABBF1000F00F090819BF802009BF896
:101AF0000110020202F4F8520A4300F08681BEF19E
:101B0000000F40F0A9815F284FEA501E00F2D981F2
:101B10009BF8001001F03F00242800F2D28111F060
:101B2000800F14BF4FF496701E2000FB02F21CF0D1
:101B3000040F0C900B9200F0DB81DB0003F12B0211
:101B4000A37EC3F380035B0001339A4002F5BC72AD
:101B5000DDE90B30034402F596708342C0F09281B8
:101B600049064CBF32234FF4FA730B98B44900FB7B
:101B700003F3A1FB031301219B0CCDE90D3201FA04
:101B80000EF3D8B20F9314F071F861690B9B0E9AA3
:101B9000113919448A1A121A034694F91A100D9829
:101BA0000029A2EB00020B9280F25E81002D00F072
:101BB000AC81AA8D524492B21E2AAA8504D994F906
:101BC0001A20002A80F2DF80AA6A002A00F0B5817C
:101BD000D46040F23F72A98DAC62A1839BF80010E3
:101BE0000F9801F03F0141EA00210A40B18821F439
:101BF000E76121F007010A43B28094F91A20002A14
:101C0000C0F29D81B8F1000F00F0A78198F8622022
:101C100012F0010240F03C81D9F82C10B14208BF0B
:101C2000C9F82C20727902F00702032A00F26A81B7
:101C300002F10901C900521021FA02F2002703F251
:101C40000533DFF800C213440133A3FB0C017AA370
:101C5000D3E9002347F1000E0CFB0E11013861F1AE
:101C60000001FEF70DFC0D9B0C9A113302EB4303B0
:101C700068603A46B3600221012002F07BFD0A9BB6
:101C8000FF2B0FD0CDE900771A4623690B99A3F6F5
:101C90004F130B443846012104F02CFA10F0FD0FCD
:101CA00040F0728130226849284602F0F1FC00269B
:101CB000664B0121CDE90735654BCDE905356A68ED
:101CC000236904920B9ACDE902660092C21DA3F625
:101CD0004F133046D2B2019604F054F910F0FD0FC4
:101CE00040F0508101220221104611B0BDE8F04FB2
:101CF00002F040BD013BDBB2002D3FD1A383214662
:101D0000384605F0C5F911B0BDE8F04F05F0CCB983
:101D10008E684D4B35689D4265D1D5F82090B9F15C
:101D2000000F00F0D58048493022084602F0B0FC90
:101D30000730C3B20A93D9F800000CF08BFA96F87A
:101D400005C080460CF0070CBCF1020F71D0BCF14D
:101D5000040F6CD0BCF1010F7FF468AE062394F839
:101D60001AE000217246237194F8213061F3861243
:101D70002760E160A276002B40F0FF80AA8D13441B
:101D80009BB2AB85A383B8F1000F7FD098F8623087
:101D9000AA6ADB077CD4D4602B6AAC62002B7BD0B0
:101DA0002B6A002B7AD02B7803F0FF023BB3012A79
:101DB0007FD1AB68002B7ED1264BC5E9023511B02F
:101DC000BDE8F08FD1F80890D9F82C30002B76D1EF
:101DD000D9F8008040460CF023FA0530C3B24FF02A
:101DE000010C0A9337E6CB68002B7CD01D682A6A69
:101DF000964272D1B1461E46FF230A939BE72846BE
:101E000011B0BDE8F04F0CF0CBBA002D48D0AB8D2F
:101E100053449BB2AB85A383BEF1000FB3D0AB6A32
:101E2000002B43D0DC60AC6211B0BDE8F08F08231A
:101E300095E7072393E700BF00CA9A3B0000000024
:101E400083DE1B4300CA9A3B2858002001E40000AF
:101E500059E30000F1E30000002D3BD0AB8D53446B
:101E60009BB2AB85A383DAE70E9304F071FA226983
:101E70000B9BA2F20C62D11804F06CFA00280E9BA6
:101E8000FFF694AE002D7FF47EAF38E700DE7DE7ED
:101E9000AB6AA342C6D1CAE500DE81E700DE82E775
:101EA000A4F81CA0BEF1000F3FF429AF00DEAB6A1E
:101EB000B8E700DE7DE700DE7EE700DEC1E500DE9C
:101EC00086E795B1AB8D53449BB2AB85A3835AE7AC
:101ED00000DE28E7A4F81CA0E8E700DEB1461E46B5
:101EE000FF230A9327E700DE80E7A4F81CA006E79B
:101EF0000CF0030213440933DB00CCF3400C23FA4B
:101F00000CF225E64FF4347298E620480E9302F066
:101F100093FB0E9B054610B30022017DC0E902220F
:101F200062F3C7110270A0F82CA0006100F1100646
:101F3000017542628262C0F820906C6249E6D9F86D
:101F40002C30B3B9C9F82C60A37E43F04003A376CC
:101F500033796FF38613337169E500DE56E694F941
:101F60001A30002BBFF6CBAEA37E43F04003A3761E
:101F7000C5E6B342E6D000DEE4E7CEF3C00E04F1DE
:101F8000220A78E500DEADE600DE8BE6245800206C
:101F90004FF6FF732DE9F04184688CB0A28C9A4211
:101FA00045D0054620460FF087F92B7D012B00F028
:101FB0003B81022B00F02D81002B00F00C8194F866
:101FC0004471002F40F029812B8ACDE90A77B4F8BB
:101FD0002E8094F937206BB3002AC0F2868100234B
:101FE000A4F87431AB7CA68D03F003030136012BFA
:101FF000B6B23AD0B4F87831002B00F01E81B3426B
:1020000040F2888100229B1B9BB2062BA4F87831FA
:10201000E28540F20F8194F937309342C0F27F811C
:10202000002325E020469DF827100DF0F9F80CB0AC
:10203000BDE8F081002AB8BF84F8B970AB7CA68DEA
:1020400003F003030136012BB6B20ED0B4F874319D
:10205000002BCFD0B34240F26E819B1BA4F87431A9
:10206000B4F87831002BCAD102E00023A4F878310B
:1020700094F83C20314663F3820284F83C202046E9
:102080000DF127020EF086FE7430CBD0B4F8723119
:102090002BB1B34240F219819B1BA4F87231B4F802
:1020A0006E312BB1B34240F207819B1BA4F86E3115
:1020B000E58D17B9A84500F0F6800135ADB294F86A
:1020C000B53013F0010123D1DDE90A030246002BEC
:1020D00040F0F980002800F0E88019461E46A28CE6
:1020E00024690090B4480832019105900121002034
:1020F000CDE9035702960694D2B203F0DFFF10F049
:10210000FD0F94D005F064F8844290D000DE8EE795
:1021100094F937206FF30003002A84F8B530C0F239
:10212000A78094F85800C0F3C00100F0070013F036
:102130009BFD94F85830024603F00703032B00F28E
:10214000A68003F1280C4FEACC0C5B102CFA03FCA0
:1021500094F85930BCF5A07F03F0070338BF4FF463
:10216000A07C032B00F29C8003F12801C9005B10C6
:1021700021FA03F3B3F5A07F38BF4FF4A073002614
:10218000E08B00F20930104460441844DFF82CC2A0
:102190000130A0FB0C0186A3D3E9002346F1000E19
:1021A0000CFB0E11013861F10001FEF769F963685B
:1021B000606083422ABF3146C11A1E1ADDE90A0354
:1021C0000246002B8BD150EA010C88D1002E6CD036
:1021D0001846194683E794F8723003F01803182B59
:1021E0007FF4EDAE218DB4F870218B1D9A42D2BFE1
:1021F0001346931F5B1AB4F86C11C8BF9BB2994287
:1022000000F0B580A4F86C31A4F86E31A4F8722106
:10221000D5E63D231F4684F84431394620460CB0AC
:10222000BDE8F0410CF0FCBF0023A4F87231A4F823
:102230006E31C4E601273B461AE7E28C42F2107188
:10224000052A8FBF40F2E2434FF4FA73013292B293
:1022500003FB02F2B4F8763101FB0323013BB3FB2D
:10226000F2F39BB2A4F87831002B7FF4C8AEFFE6FE
:1022700094F85900012100F0070013F0F7FC94F8DE
:102280005830024603F00703032B7FF65AAF94F849
:1022900059304FF4296C03F00703032B7FF664AF2A
:1022A0004FF429636BE73D4609E7002D48D0002134
:1022B00010460E460B4612E700232046A4F86E3166
:1022C0000EF0FAFDF4E60E4609E704F023FF01469E
:1022D000002838D00023A4F872311B23A28C03718C
:1022E000C280006804F0E6FED9E694F8B9308BB3FA
:1022F000013B84F8B93004F1C40630460EF05AFBB5
:1023000000283AD030460EF055FB002839D0002383
:10231000E38564E6082120460CF082FF87E6B8F1E9
:10232000000F14D1D4F8BC305A0813F0010336D191
:10233000C4F8BC2074E63E2120460CF071FF76E61E
:10234000002FB4D173E60123A4F87231A7E6134637
:1023500001278DE60AAA28460BA905F077F9DDE9E1
:102360000A231343C7D0237884F8B930C3E7B4F8FD
:10237000721100297FF423AE46E7FF200CF0E8FE3F
:10238000C0E70246D4E9170102F0BAF90028BED12D
:1023900094F83C301B0744BF238DE3851FE642F0D1
:1023A00000421F46C4F8BC20434661E6AFF30080FC
:1023B00000CA9A3B000000006DE7000000CA9A3B8B
:1023C0002DE9F04F87B0BDF84440B0F84071029459
:1023D000BDF84840CDE9043203940446B0F8043116
:1023E00090F858000191C0F3C00100F00700BDF85B
:1023F0004C601F44BDF840A0D4F8FC8013F034FCBE
:10240000E58CBFB2A7EB0609052D1FFA89F940F24A
:10241000F88040F2E24B15FB09F5ADB24FF0961390
:10242000E3619623BAF1050F238440F2E28094F829
:10243000582002F00702032A40F2C78094F859207E
:102440004FF4296302F00702032A00F2CF8002F161
:102450002801C900521021FA02F2B2F5A47F38BF58
:102460004FF4A472134400F29F30184400236C4AC6
:102470000130A0FB020143F1000302FB031166A33C
:10248000D3E90023013861F10001FDF7F9FF53465C
:1024900040F2E2420BFB05F502FB03FBA8EB05084B
:1024A000013D5D44B5FBFBF5B4F80411B4F84021DF
:1024B000638DF61B2E44606094F83700B6B20A4470
:1024C0000B443244ADB21E44C0090BFB0588A4F88E
:1024D0004021668500F09C800023226CC4F8C03047
:1024E000A36C40F2E24602FB013302FB1933A36402
:1024F00013F0B0FD074694F8B800C0F3420013F0A3
:10250000ABFD07444FF0FF30059B0BFB07F706FBC5
:1025100003F307F574272365424B07F23F27A3FB1C
:102520000737BF0C07FB05F5A36C4FEA5B022B4492
:10253000963A934228BF13460146C4E91123384B0B
:102540000135E5FB030134A3D3E900232764FDF73C
:1025500097FF354D049BABEB0707A5FB0335AD0A91
:1025600006FB05F5A8EB0008029B59462385039B53
:102570002046A4F87631A4F826A00EF037FC2B4BA9
:10258000218D5B44B3FBFBF3881D9AB29042A4F803
:10259000702104D2C1F57F41FA310A4492B2019B05
:1025A000A4F86C2113B10023A4F8783143463A46CD
:1025B000294620460CF0EAF894F8423143F0010332
:1025C00084F8423107B0BDE8F08F02F12803DB0048
:1025D0005210D34094F85920B3F5A47F02F00702BB
:1025E00038BF4FF4A473032A7FF631AF4FF429624A
:1025F00038E70AF1010340F2DD204FF4FA729BB292
:1026000048E7013515FB09F54FF4FA7BADB205E754
:10261000049D5F460135A7E700CA9A3B0000000011
:1026200000CA9A3B83DE1B435917B7D17FC3C90148
:102630002DE9F04F04460B68D0F8220095B0D3F88E
:1026400000A094F82070E38C1290487CADF84C30D8
:10265000FF28C7F380138846154616680C908DF83E
:102660003F3040F0018299461A4612AB93E80300CE
:102670000DF1400B1090ADF84410D4F800C0FF09E4
:102680000AF187015B4638460A91CDF82CC00CF060
:10269000AFFC0A99002840F0CF8196F880310A906B
:1026A00069F3C71367F3861386F880311098BBF877
:1026B0000430C6F88701A6F88B31DAF8873005F1C7
:1026C0002200C6F881318B88A6F88531618E94F896
:1026D00034302981AB72D4F82E3005216B60D4F8E8
:1026E0003E30C5F8223094F8423085F8263002F0AA
:1026F00091F995F8273000F03F0060F3050385F865
:10270000273094F843300128C3F3040185F82810DA
:10271000218F03F01F03E98289B240F28D811B33C0
:1027200003F01F030B2B00F2878140F67A43063932
:1027300089B299420A9A00F27F8140F2E243D8F8C6
:1027400000104A60628FE98A2A83E08EDAF8382026
:1027500003FB01F70A90002A00F0EF8140F6C41253
:1027600040F6A6639AF819107F2988BF1A460D9281
:10277000002130460EF04EFB94F8433096F8B82016
:102780005B0963F3430286F8B82013F063FC8146CB
:1027900096F8B800C0F3420013F05EFC40F2E2424B
:1027A000484407FB00F0CC4B00F5742000F23F20BA
:1027B000A3FB00307B08800C963B28636B6394F886
:1027C0003530394602FB03F36B64A38F3046A6F81D
:1027D00076310EF00BFBC14BC14A3B44B3FBF7F320
:1027E000C6F87C219AB2A6F87021298B881D8242F6
:1027F00004DDC1F57F41FA310A4492B2A6F86C219A
:102800006B68C6F8BC30DAF83830002B00F09081E5
:102810004FF00109E20700F198814FF4807323849F
:102820009AF81B0012F0BCFD04F12F03002800F001
:102830003581A26AC4F82F20A28D9A800C9BFF2BB1
:1028400000F07D81BDF84C301298A4F82D30C4F80A
:102850002900BBF804301098A4F827309DF83F30C9
:10286000C4F8230084F82230EB8A3046E3862B8BB1
:102870002387B6F87631638796F8B830C3F34203FE
:1028800084F83C300CF054F83F2203462146AB82DA
:102890000B98E38085F8A720D8F804B004F0F8FB83
:1028A0001C23AA8ADBF80040ABF806208BF8043022
:1028B000B9F1000F40F0F6808BF8209008F03AFF55
:1028C000002840F017815946204604F0F3FB95F8A4
:1028D000483003F00703032B00F2DD8003F1280BDF
:1028E0004FEACB0B5B102BFA03FBBBF5A47F38BF81
:1028F0004FF4A47B95F8490000F00700032800F28C
:10290000C78000F128094FEAC909431029FA03F9E1
:10291000B9F5A47F38BF4FF4A479012113F0A6F9CB
:1029200009EB0B0E4FF000094FF0961300F29F31A8
:10293000DFF8B0C1714401310446A1FB0C0149F13B
:10294000000E0CFB0E110138C5E9033360A3D3E977
:10295000002361F10001FDF793FD40F2E241706058
:10296000D8F80C300A982A6B01FB0033113B9B1AF4
:10297000BD1A0D9A0221134401204A461C1B01F086
:10298000F9FEDAF83830ABB11F6838460AF07AF849
:102990000246033248460121534B0097D2B203F05E
:1029A000EFFB012800F0DA8097F846306FF3000360
:1029B00087F84630504609F023FA0246CDF804A0C5
:1029C000D8F808304849A3F64F130232009100208E
:1029D00001212344D2B203F015FC012800F0B78096
:1029E0009AF81830DB0768D430460BF0A1FF4FF49B
:1029F000F8720696D8F80830089200F10802002014
:102A00003A49A3F64F1307913949D2B2059171683B
:102A1000CDE90200049101950121009403F0B2FA7E
:102A200010F0FD0F40F0A18001220221104601F0BC
:102A3000A1FE15B0BDE8F08F00220126CAF80820DB
:102A400095F82C30214662F3000385F82C30E568B8
:102A50000B98267104F01CFB294628682E7104F09F
:102A600029FB15B0BDE8F08F0DF1400B5A460DF172
:102A70003F0111F0A7FE9DF83F9094F8207009F1F6
:102A800002095FFA89F98DF83F9009F00102F4E537
:102A90004FF4296941E74FF4296B2BE7C4F82F0065
:102AA0009880CBE695F82730281D43F0400385F841
:102AB000273011F07BFC2885FEE600230122184612
:102AC0001146009303F05CFB8EE700BFAFF300807C
:102AD00000CA9A3B0000000083DE1B437FC3C9018C
:102AE000404B4C0000CA9A3BDD3901002D390100F2
:102AF000553901005946204604F0CAFADAF834B0D4
:102B00005046DBF8004009F07BF910F0FF000DD1D2
:102B100000231222ABF806008BF804208BF8083053
:102B2000AA8A8BF80930ABF80A20CCE600DEEFE782
:102B300094F82030C3F340196CE60D9318E6002298
:102B4000C4F82920A4F82D2083E600DE65E604F011
:102B50003FFB82453FF444AF00DE41E704F038FB21
:102B600087423FF421AF00DE1EE700DE5CE700BFD6
:102B70002DE9F04F04468DB0BDF868500020059552
:102B80001646CDE906419DF85C90BDF860A0BDF801
:102B900064B09DF86C5003930BF090FB002800F09C
:102BA0009F8009F001080446404603F067FC04904A
:102BB000B8F1000F05D0062101F07EFD002800F0DD
:102BC0009880DDE903214046169B0CF011FA00289D
:102BD00040F0828001200BF071FB074600287FD077
:102BE0006B0740F181804369002B00F0848007F17E
:102BF000100494F8343065F3020384F834306368C9
:102C0000002B00F08D806368039A1D6802F0010AB2
:102C100093F848000493C0F3C00100F0070013F0DC
:102C200023F894F83420049B02F00702032A68D8A2
:102C300002F12801C900521021FA02F2B2F5A47F74
:102C400038BF4FF4A4725200DB8900F209301844F7
:102C500000231044B64A0130A0FB020143F10003F7
:102C600002FB0311B0A3D3E90023013861F1000195
:102C7000FDF706FC6860304612F0FCF8A38E03F006
:102C8000BF0363F0FF03A386002E3DD0A9F102032A
:102C9000012B40F23181DDE9062397F86210059897
:102CA00069F3830187F8621094F834106AF34511D0
:102CB00084F8341016990968A16016998988A08251
:102CC000A181204600210096FEF74AFD0346002020
:102CD000BB650DB0BDE8F08F0B200DB0BDE8F08FE7
:102CE0000C200DB0BDE8F08F63693BB1274610346E
:102CF0007FE71220F1E76369436178E74369636125
:102D0000F4E74FF4A9529FE712F04AFC0028BDD027
:102D100032460398169912F01FFA84F83500B5E789
:102D200004F09EF90890002800F0F8800BF0F4FD04
:102D30000546002800F0EF80143001F081FE05F117
:102D40001003002840F0EC80032105F118000993DE
:102D500012F074FE4FF6FF72E86E099BA5F828B0DA
:102D6000A5F826A0AA84002800F0D18005F15C0116
:102D700005F16002099301F0ABFC43F67F724FF05E
:102D8000000BA5F8B620B5F85820C5F86CB022F4B1
:102D9000EF6222F0070242F48C7242F00102A5F8C1
:102DA000582095F87220A5F870B022F0070285F837
:102DB0007220A5F82AB0C5F82EB005F1320011F046
:102DC0009FFA95F83720012160F3050285F8372036
:102DD0000DF12F0012F032FE40F2E242062102FB1A
:102DE0000AFA544A9DF82F005244B2FBFAF2A5F8B1
:102DF00074115149059BA1FB00C1C90801EB4101B8
:102E0000A0EB810095F83710053001F03F0185F8FF
:102E1000371095F83C1085F83800288D21F007010F
:102E200085F83C1000F1060C91B26145A5F87631A9
:102E300085F839B0099BA5F840B1A5F878B1A5F897
:102E400072B1A5F86EB1A5F8701102DD0639091A44
:102E500089B24FF0000B2846A5F86C1109930DF0CC
:102E60005DFF514628460DF0C1FF089B85F844B12F
:102E7000C5F84831039B03F0010A0CF0ADF895F852
:102E8000802160F3020285F880210CF0ABF895F800
:102E9000802160F3C50285F8802195F8422105F173
:102EA000C4006BF3410285F842210DF041FD4FF063
:102EB000961195F88021C5E90711169B6AF3C71290
:102EC00085F880211968D2B2C5F88711998869F30D
:102ED0008612049B85F88021A5F88B111A68C5F825
:102EE00081219A88099BA5F885216360C5E902BB09
:102EF00085F800B02D618BE6002011F0DFFF94F81B
:102F00003430C14643F0400384F83430C3E605F161
:102F10006400E8662AE7089804F0A8F80720DCE6D1
:102F200000DE11E7AFF3008000CA9A3B000000000A
:102F300000CA9A3B7FC3C901ABAAAAAA000000003D
:102F4000032838B50D4610D00838C3B20F2B11D85E
:102F500080B20BF0F5FC044660B190F93730002BDD
:102F60000BDA40682860204638BD002009F06AFE70
:102F70000446F8B90024204638BD90F85800C0F344
:102F8000C00100F0070012F06FFE002300F5C550ED
:102F9000174A1F300130A0FB020143F1000302FB7E
:102FA000031111A3D3E90023013861F10001FDF7FA
:102FB00067FAD7E7FF22114609F04CFE00230C4ABE
:102FC0000130A0FB020143F1000302FB031106A341
:102FD000D3E90023013861F10001FDF751FA2860BF
:102FE000204638BDAFF3008000CA9A3B00000000C5
:102FF00000CA9A3B03488368DB6903B118476FF046
:1030000057007047A8100200024883689B6903B10B
:1030100018477047A810020010B4034606480A4635
:1030200081680C691CB11946234610BC18476FF023
:10303000570010BC704700BFA810020010B50F4C1D
:1030400020461DF0A0FAA8B1A3685B6A0BB1204628
:103050009847FFF7D9FFA3682BB11B6C1BB1002267
:10306000074906489847A3681B6A0BB1034898476D
:10307000002010BD6FF01500FBE700BFA810020094
:10308000853000002DE9F04F804E8FB0B368804F3F
:103090000393039BDB6B002B40F0EA80B468A36BC7
:1030A000002B40F0ED80E36A23B13046984708B921
:1030B000FFF7A0FFFFF79EFF50B13B68B3B90022B6
:1030C000002374481BF066F8386078B9FFF79CFF5E
:1030D000B368DB6A13BBDFF8C081704D98F800302D
:1030E000032BD6D8DFE803F01F3395B63B68D968C9
:1030F0001A8AB368DB6873B130469847014638686E
:103100000C301CF057FE3868048A002CE0D101F026
:103110001DF93C60DCE76FF05701F0E73046984757
:103120000028B6D0D7E75E4C01212046FFF774FF98
:103130000028AED02078431E012B01D90528CDD11F
:103140001CF0BFFA0123286088F80030C6E7DFF8DA
:1031500050A1DFF850919AF800001CF0B2FA2968EB
:10316000401A4844FFF758FF2B6804461B1A2B608F
:10317000002B6BD19AF80000421E042A16D8DFE813
:1031800002F00417150313000220CDE900330022DA
:10319000002301F0A9F9DFF810B10346CBF80000D5
:1031A00040B988F8000074E71020EEE70020ECE753
:1031B0000420EAE79AF80000022823D005281CD052
:1031C000012822D199F802202A601CF07AFA3549A8
:1031D000024603F10C001CF0DCFDDBF800000C30B3
:1031E0001CF000FE2B68984211D2DBF8000001F0C1
:1031F000ADF8032388F8003028E0B9F80220C2F3C4
:103200000D02E1E7B9F80220DEE70022DCE7022345
:10321000F0E7DFF894902968D9F800301A8AD86866
:103220001044FFF7F9FED9F8001004460B8A034456
:103230000B822B68A3EB0009C5F80090B9F1000FD1
:1032400004D11A481DF0ACFA88F80090002C7FF4E5
:1032500045AF1EE7296805A8212928BF2121FFF7CE
:10326000DBFE2B6804461B1A2B60002BEED1C1E756
:103270003046984700287FF411AF0FB0BDE8F08FBB
:103280003046984700287FF40EAFF6E7A8100200FA
:1032900068210020E8030020DF8000206421002056
:1032A000DE800020DA80002060210020D003002092
:1032B00038B5094D4FF0FF324FF0FF3328461AF072
:1032C00069FF044601F048F910B1204601F03EF8CC
:1032D0001BF08CFBEEE700BFD003002070B5184850
:1032E00088B001F045F900220023CDE90623002330
:1032F0006FF00802CDE90133CDE9032300934FF4C9
:103300008062104B104911481BF0C6F910490F4854
:103310001DF015FB0A4D0F4E0F4C4FF0FF324FF0D2
:10332000FF3328461AF036FF014630461DF038FAC2
:10333000A3685B69002BF0D020469847EDE700BFFB
:10334000B8030020B132000028810020880400204A
:1033500010230200E8030020A8100200014B1B68A4
:10336000184700BFA000002030B585B004460D46C8
:103370001022002168461DF08BFD02238DF80230DB
:10338000044B2A462146684601931BF03FFF05B0D7
:1033900030BD00BF5D33000080B505460E461746C0
:1033A00098461BF0C7FB03461DF0ECFD0446DFF812
:1033B0001890424649F8003039463046A84754F83C
:1033C000090000F0B7FB00BF080000002DE9F0473E
:1033D000058B04462807904611D4022905F00705FD
:1033E00040F0CC8020461CF018FB78B10138218BCE
:1033F000042811D8DFE800F0C2106D85950001297E
:103400000CBF45F0100545F02005258388F3118891
:10341000BFF36F8FBDE8F08701F0070AAA4500F0FF
:10342000A5800027B9463E46A368002B00F0BC806B
:1034300041F00801218388F31188BFF36F8FA168E1
:10344000002900F0BA800D68002900F0B6803346EC
:1034500052462046D1F80480C047002D76D02B6814
:1034600029461D46F0E701F007035A1F012A1BD821
:10347000002221F00701062B276889B2C4E9002247
:1034800009D13B4603E0628B013262831B68002B4B
:10349000F9D141F00201204621831CF0BEFA002838
:1034A0007AD041F0200176E0042B0AD121F0070107
:1034B00089B2204621831CF0B0FA10B141F02001FE
:1034C0002183218B01F0070AAA454FD00027B94676
:1034D000AAE7236921F0070141F00601062DD3F880
:1034E000009021832DD1B9F1000F3FD041F00801A8
:1034F000218388F31188BFF36F8F20463949C8476D
:1035000029E021F00701236941F0040189B2042D6B
:10351000D3F804902183E6D000274FF0040A3E46FA
:1035200082E721F00701236941F0050189B2052DE9
:10353000D3F808902183D6D000274FF0050A3E46E5
:1035400072E700274FF0060A3E466DE72B4687E7F5
:10355000B9F1000FD1D1EFF31188202383F3128842
:10356000BFF36F8F238B23F008032383258BEA0699
:103570002ED525F01003238305F007056669218BFE
:10358000002EBFF670AF00232768C4E9003321F096
:10359000070141F001012183218B4FF0000901F067
:1035A000070AAA457FF440AF002F9CD041F00801E4
:1035B000218388F31188BFF36F8F002FC8D03D6837
:1035C00039463346524620461CF053FA2F46F4E75C
:1035D000AB067FF51BAF25F02003238305F007051D
:1035E00000E700BF9FFA0100014B03600020704715
:1035F000481A020008B50348034A0021121A1CF0B9
:1036000032FB08BD8804002024810020074808B54B
:10361000074A0849121A1CF028FBBDE80840064872
:10362000064A0749121A1CF020BB00BF0000002008
:1036300084040020802802000000002000000020F8
:103640008028020038B505460C4699B1D1E901231E
:103650000F4809681CF0ACF9D4E90423E1680D486F
:103660001CF0A6F9E1690C481CF0A2F9A1690B480D
:103670001CF09EF9012D05D1EFF3058108481039A2
:103680001CF096F921462846BDE838401AF046BCA1
:103690001C2302004C2302007C2302008C23020026
:1036A000BB23020030BFFFF7FDBF00BF2DE9F04193
:1036B00005460B4EDFF82C80324606EB0807CC1B84
:1036C000204609491DF0BDFBA01942460021083CD7
:1036D0001DF0DEFB6C6707F10800BDE8F08100BF5C
:1036E0000000000004000000F8190200054B5A69B0
:1036F0009B689A421FBF044A536843F0805353604B
:10370000704700BF9C80002000ED00E010B5204C09
:1037100020481CF04DF9A36A990137D51E481CF0CA
:1037200047F91E20A36ADA0103D51C481CF040F9B2
:103730001F20174CA36ADB0203D519481CF038F987
:103740000220A36A1C0303D516481CF031F921207E
:103750000F4CA36A590303D513481CF029F9222002
:10376000A36A9A0303D511481CF022F92320084CC0
:10377000A36ADB0303D50E481CF01AF92420A36AC0
:103780006FEA03436FEA1343A36210BD1D20C9E72C
:1037900000ED00E0CF230200E8230200FC2302003A
:1037A0001724020042240200612402008724020040
:1037B000A224020070B5244C064624480D461CF095
:1037C000F7F8A36AD90435D521481CF0F1F8172081
:1037D000A36A1A0503D51F481CF0EAF818201A4CF2
:1037E000A36A9B050FD51C481CF0E2F8A16BA36AE5
:1037F000180407D519481CF0DBF81EB1A36A23F49E
:103800000043A3621920104CA36A590503D514483C
:103810001CF0CEF81A20A36ADA050DD511481CF069
:10382000C7F81B20084A936A43F47F43936200233E
:103830002B7070BD1620CBE7A36A9B04F2D50A4813
:103840001CF0B6F81C20EDE700ED00E0CE240200ED
:10385000E5240200F72402000B25020025250200C2
:103860003B250200572502007025020070B5264C4A
:10387000064626480D461CF09BF8A36AD80640D59C
:1038800023481CF095F81120A36A190703D5214895
:103890001CF08EF812201C4CA36A9A070FD51E4804
:1038A0001CF086F8616BA36A1B0607D51B481CF049
:1038B0007FF81EB1A36A23F08003A3621320124C89
:1038C000A36ADE0703D516481CF072F81420A36A19
:1038D0009C0603D513481CF06BF815200A4B9A6A16
:1038E000D10658BF9A6A9A6A920642BF5A6A22F46F
:1038F00000525A629A6A42F0FF029A6200232B70C9
:1039000070BD1020C0E700BF00ED00E0A025020060
:10391000B7250200F7240200EB250200042602006E
:103920001B260200702502002DE9F0415B4B044686
:103930005F6800258AB0C7F3080685F31188BFF3D6
:103940006F8F02F07F43B3F17F4F06D102F00C037B
:10395000082B13D152481CF02BF800252C464FF0B1
:103960000008F31E8DF80780092B00F28580DFE840
:1039700003F00A797D7583838383838110074CBFAD
:103980000C460125EBE74748444E1CF011F88DF832
:103990000780F36A9A0704D543481CF009F800230E
:1039A0002FE0F36A002B01DA4048F6E7F36A5B0088
:1039B000F5D53F481BF0FCFF7369A26943F480739F
:1039C0007361BFF34F8FBFF36F8F736932F8022CAF
:1039D00023F480737361BFF34F8FBFF36F8F4DF686
:1039E00002739A4208D0B36ADBB24BB301200DF1E7
:1039F0000701FFF73BFF33E021682E481BF0D8FF9B
:103A000023689DF80720C2B902AE04F120073246B0
:103A100020686168083403C2BC421646F7D1099A8F
:103A2000B5B3C2F3080121B96FEA52226FEA42220C
:103A30000992184602A9FFF705FE0AB0BDE8F08119
:103A4000B36A13F47F4F05D001200DF10701FFF792
:103A5000B1FE05E0B36AB3F5803FA0D3FFF756FE91
:103A60000346CEE700200DF10701C2E700200DF16B
:103A70000701ECE7104890E7104B17F4F87F104966
:103A8000104818BF1946A6F110021BF091FF86E7F7
:103A900022F4FF7222F00102CAE700BF00ED00E04D
:103AA0006926020095260200AD260200CF260200FC
:103AB000DE260200FE2602001B270200502602001E
:103AC0003B26020040270200064B5A6942F01002D2
:103AD0005A615A6942F480625A615A6922F00802B6
:103AE0005A61704700ED00E0EFF30880EFF30981C1
:103AF00001B57246FFF718FF01BD00BF0B4880F308
:103B0000088819F015F8202080F3118808484FF430
:103B10000061401880F30988EFF314800221084304
:103B200080F31488BFF36F8F00F0B0F8E8950020A1
:103B3000A8880020084B9B6883420BD1EFF30583D4
:103B400043B1064B5A6842F080525A605A6A22F4D6
:103B500000425A621AF0F4BF9C80002000ED00E0A1
:103B600014498A684FF030001044EFF3098C80E864
:103B7000F01F202080F31288BFF36F8F0E4F4FF09D
:103B800000664A698A603E60506F0C4C2060906FFE
:103B90000023936780F3118802F1300090E8F01F52
:103BA0008CF3098802F1000004B51CF06FF8BDE841
:103BB000044070479C80002004ED00E06C21002050
:103BC0001EF0040F0CBFEFF30880EFF3098081694A
:103BD00011F8021C0229FFD001B572461CF047F80B
:103BE00001BD00BF00B2002807DB01234109034AE1
:103BF00000F01F00834042F82130704700E100E0F0
:103C000000B200280CDB01220649430900F01F0026
:103C10008240203341F82320BFF34F8FBFF36F8FD3
:103C2000704700BF00E100E0054B420953F8222035
:103C3000012300F01F0003FA00F01040704700BF9E
:103C400000E100E000B2002801F10101ACBF00F189
:103C50006040064B4FEA4111C9B2ABBF00F561406D
:103C600000F00F0080F800131954704714ED00E0C5
:103C7000044B054A23F07F039360BFF34F8FBFF3DC
:103C80006F8F70470000000000ED00E008B5FFF7FF
:103C9000EFFF0B4AD2F8883023F47003C2F8883063
:103CA000EFF3148323F0040383F31488BFF36F8FBF
:103CB000FFF7A0FCFFF7AAFC00F046F81AF0F2F9B3
:103CC00000ED00E042F8203C009B0B4942F81C3C10
:103CD000019B21F0010142F8183C029B42F8081CAC
:103CE00042F8143C4FF0807342F8043C0023203A21
:103CF00002658367704700BF9933000000B50D4B24
:103D000015469860426F0C4B0E461A60436E83F363
:103D10000B882C4686F309880020044B98472046E0
:103D2000002100220023024C204700009BFC0100E0
:103D3000993300009C8000206C2100201022014B50
:103D40001A61704700ED00E00023202040F20F12BE
:103D500010B5044CE1180133934281F80003F9D106
:103D600010BD00BF00E100E008B5EFF30583064A8F
:103D7000103B02EBC30152F8330049688847BDE8A5
:103D80000840FFF7B3BC00BFE81002001FB5094CA4
:103D9000094A23460121094800F0FAF80023039359
:103DA000074B0121E41A01A80193029400F0FAF8EC
:103DB00004B010BD00F0022000000020481A0200EC
:103DC0008804002010B50C7A0B6804F01F0223F061
:103DD0001F031A43CB68640923F01F03054943EA14
:103DE000440343F00103C1F89800C1F89C20C1F8D6
:103DF000A03010BD00ED00E010B5074BD3F89030B7
:103E0000C3F30723013B984202D8FFF7DBFF10BD45
:103E10006FF01500FBE700BF00ED00E02DE9F04F6B
:103E20000F46144606464FF000084D4D85B0B84584
:103E300080F29280D6F80490B9F1000F36D0B9F133
:103E40001F0F40F2878019F01F0F40F08380D6F8D3
:103E500000A01AF01F0F7DD150461BF041FF834692
:103E600009EB0A0001381BF03BFF834572D11BF1BF
:103E7000160F6FD05C456DDDC5F898B0D5F89C1075
:103E8000C5F898B0D5F8A03021F01F0143F01F0A03
:103E9000D6E900321A44994202F1FF391ED1CA45CF
:103EA00008D131465FFA8BF01BF023FF08F10108BF
:103EB0000C36BCE73146C5F898B0D5F89C3022F0F6
:103EC0001F0203F01F031343C5F89C30E0B21BF040
:103ED00010FF10F1160F3DD0441CE7E7C5F898B06D
:103EE000D5F8A020013B23F01F0302F01F0213436B
:103EF000CA453146E0B2C5F8A030E8D01BF0F9FE63
:103F000010F1160F26D0C5F898B0D5F89C209DF872
:103F100008300AF1FF3A62F304038DF80830D5F84F
:103F2000A0309DF808205B0863F347128DF8082045
:103F3000D6E900321344009323F01F035344A3EB4C
:103F40000903013023F01F036946C0B20393FFF752
:103F500053FFBEE76FF01504204605B0BDE8F08FB3
:103F600000ED00E00522044BC3F89420BFF34F8F0F
:103F7000BFF36F8F704700BF00ED00E0BFF35F8FAE
:103F80000022024BC3F89420704700BF00ED00E010
:103F900010B5034C2278FFF741FF207010BD00BF21
:103FA000E08000202DE9F74F294D8A4606464FF064
:103FB0000008AB46274FD0451BDAD6F80490B9F17C
:103FC000000F3FD03168084601911BF089FE01992E
:103FD000044609EB010001381BF082FE84424FF0D9
:103FE00014021D4B08D002FB08F36FF015024BF8CA
:103FF000032003B0BDE8F08F14F1160F2C60F8D049
:104000001978A142F5DD02FB08B0C7F89840C7F85F
:104010009840D7F89C4000F10801007B64F304004D
:104020000871D7F8A0000C79400860F347140C71B0
:10403000D7F89C1021F01F016960D7F8A01021F07B
:104040001F01296108F1010814350C36B3E700BFE0
:104050007021002000ED00E0E0800020F0B54B4929
:104060004B4CD1F890302568C3F307239D4287B0AD
:1040700000F288800020FFF781FF464BC1F8C03076
:10408000854216D1444C01A82570FFF7ADFA0025F2
:104090000646424FAE4213D1002023783B49D1F867
:1040A0009020C2F30722934266DBFFF75BFF0020FC
:1040B00042E0616801EB0011FFF784FE0130DFE7A9
:1040C0000199280101EB0513DA683A40B2F5800F37
:1040D00041D007D8B2F5801F14D0B2F5001F2DD003
:1040E0000135D7E7B2F1006FFAD15A689B680958D9
:1040F000013B22F01F0003444FF0030C012023F08A
:104100001F030AE05A689B680958013B22F01F0010
:1041100003440120844623F01F0340EA4C10CDE9FC
:1041200002218DF8100002A920780593FFF764FEA4
:1041300000281DDA6FF0150007B0F0BD5A689B68C3
:104140000958013B22F01F0003444FF0020C0120EC
:1041500023F01F03E1E75A689B680958013B22F0EE
:104160001F0003444FF0000C062023F01F03D4E788
:10417000237801332370B3E7C1F89830C1F8A00069
:1041800001338CE74FF0FF30D6E700BF00ED00E0D1
:10419000541A0200AAFF4400E08000200000F0FF53
:1041A00008B50649064821F00701C1F1005202F5A1
:1041B0003C321BF0BEFB002008BD00BF2FA1002039
:1041C0008421002070B541690446867A0A4D59B1B0
:1041D000437ADB0706D42C2303FB06535B6A1B6878
:1041E0009B689847002363612C20214606FB005002
:1041F000BDE870401CF0DFBA000400202C22024B06
:1042000002FB0030704700BF000400202C21827A9E
:10421000054B01FB02339A6A1B7F801A1B3323F084
:104220000303B0FBF3F070470004002038B52C24E2
:10423000827A064B04FB02335B6AD3E901240C60EB
:104240001568FFF7E3FF04FB005038BD00040020B1
:104250002DE9F04385B00546684690461C4603911B
:104260001CF08EFCDDE90067EFF31189202383F356
:104270001288BFF36F8F6B8B002B41D02A8B9A4231
:1042800025D900220023284619F084FF0446F0B106
:1042900089F31188BFF36F8F039B002B41D0324607
:1042A0003B4668461CF091FC2C21A27A254B204607
:1042B00001FB02335B6A03A91B681D68DDE900236B
:1042C000A847606170BB2046FFF77CFF24E0698B44
:1042D0004B1E6B8389F31188BFF36F8F2B7F2A8B63
:1042E000AC6A1B3323F00303521A02FB0344154B41
:1042F000154AEB1A9B105343A3722B7FE372CBE753
:1043000089F31188BFF36F8F23464246284619F080
:1043100041FF04460028BFD10024204605B0BDE877
:10432000F0836361012300252381039B2946638277
:10433000E27A656004F118001CF0AAFD6369258229
:10434000E360EAE700040020A38B2EBA70B52C25A9
:104350000C4C00B970BD037A4668002BFAD0013BC3
:10436000DBB20372002BF5D1C3604360837A05FB97
:1043700003431B6A13B198473046EAE7FFF722FF71
:10438000FAE700BF0004002008B5234A234B1A6057
:1043900017F046FE4FF47A612148D0F82436C3F373
:1043A0000802C3F309434B4382F480721D498832EB
:1043B00001FB02334FF4FA215B00B3FBF1F201FB86
:1043C00012331949B3F57A3F28BF0132C1F80429E5
:1043D000D0F820364FF47A60C3F30802C3F30943E0
:1043E000434342F21C5082F4807202F2172200FB17
:1043F00002334FF47A701B0AB3FBF0F200FB123366
:10440000B3F5FA7F4FF0010328BF0132C1F81C2732
:10441000C1F80036002008BD0020A1078803002055
:1044200000C0FF00F82A00800000125048B1054B80
:10443000054A1B68B3FBF2F35843044B43F00103F6
:10444000184770478803002040420F00301A0200CE
:1044500070B50446807AFFF7D1FE6169054649B11F
:10446000637ADB0704D4436A20461B689B6898473D
:1044700000236361214628461CF09DF9034B1B680D
:104480001BB1BDE870402A20184770BD9021002064
:1044900008B5034B18681CF083F9002008BD00BF65
:1044A00094210020811EC9B21E2938B5044609D8BE
:1044B0000A4820FA01F1C90704D509481BF033FC6A
:1044C000054610B90025284638BD064B013CE4B22C
:1044D000195D0C301BF066FCF5E700BF41000040A1
:1044E000580400206A270200F8B501280446DDE9D7
:1044F000067609D0042804D114481BF014FC0546A4
:1045000020B900252846F8BD1148F6E7013CE4B281
:104510001F2C96BF0F4B0021195D00F10C042046A3
:104520001BF040FC002FEDD0002EEBD020461BF0FE
:1045300059FC864203D92846FFF708FFE1E73246D7
:10454000394620461BF025FCDCE700BF00040020B4
:104550002C0400206A270200038A014623B1034B82
:10456000186883689B68184712207047A4000020D1
:1045700010B5084B084C186020681CF004F830B1E6
:10458000206806498368BDE810401B6818476FF033
:10459000120010BD94210020A400002091440000CE
:1045A00070B54FF0FF320D464FF0FF330021064645
:1045B0001BF068FC044660B91A230A4A0A490B48F2
:1045C0001BF003FA84F31188BFF36F8F032318469F
:1045D00002DF022104F10C001BF0D5FB06704570D0
:1045E000204670BD8A270200C0270200C4270200AF
:1045F00010B54FF0000E00F1070C541E2CF0030C08
:104600001860A4B2ACF80020023A93B201FB04F2A5
:1046100040F802E074B14FF6FF7C03FB011403FB8A
:1046200001F22044121B013B9BB263458050A0EB7A
:104630000100F8D110BD00BF0346006810B1026848
:104640000AB91A607047C11D21F00301B1F800C01A
:10465000D11D21F003010CF1FF3CA1F800C0F0E7EF
:104660000B687BB1073323F003031A88013292B23F
:104670000346D1F800C043F807CB23F003031A80A8
:10468000086070470122F3E702FB0100704700BF9A
:10469000401A90FBF2F080B2704700BF531E1144E5
:1046A0009BB242B1DB430138CA1811F8013D914277
:1046B00000F8013FF9D17047014402E010F8013BD6
:1046C0001BB98842FAD1002070470120704700BF13
:1046D00010600860704700BF0A6803460068904297
:1046E00009BF002200200A601A607047D2F800C09B
:1046F000CCF80000D2F800C0CCF80410106070476D
:10470000884203D01AB14368136070470020704795
:104710000B68834209D02AB1586810601A680A6091
:1047200018467047002BF9D1FAE70023F8E700BFDD
:104730002DE9F0414FF00C080C4F0D4E3D4606F1AF
:10474000300421462846221D0C3CFFF7C1FFA6423B
:10475000A5F10805F5D1A8F1040818F1040FA7F197
:104760002007A6F13006E9D1BDE8F081142200202F
:10477000A022002003468C4610B49AB101EB4101FF
:10478000144803EB4304090101EB84010144487A16
:104790000C7AA04204BF0130087210BC6146184672
:1047A00017F0CCBA01EB41020A4C120100EB4003B6
:1047B00002EB830323449C7ADA7AA24201D010BC34
:1047C000704701329A720122034B5A5410BC17F001
:1047D000E5BA00BF1C22002098210020F8B506464B
:1047E0001C460D4602B322786378D21A12F00302F7
:1047F0003BD1274F71004FEA450C3144AC4489004E
:1048000001EB0C1101330431DBB27A1860682146E8
:104810002370FFF76BFF01221E4B294630465A5585
:1048200017F0BCFA0020F8BD17F0A2FA0028DAD081
:104830002946304617F08EFA0028D4D005EB450201
:1048400006EB4601124F120102EB81023A44907AC4
:10485000D27A637890424FEA46014FEA450C0CD079
:104860002078C01A10F00302C7D0012A03D0013308
:10487000DBB22370CFE71046F8BD2278D21A920738
:1048800002D00233DBB22370D4E902039847C9E7B0
:104890001C220020982100202DE9F04FDFF86C91B8
:1048A00089B019F80030002B5CD04FF0000B3C228F
:1048B00004230324CDE904BB09F800B0834612FBAE
:1048C0000033DFF84CA100EB40070AEB0717039316
:1048D0000294B846002358F8240FB96A07AA079330
:1048E000FFF70EFF44460546CDB1079E96F80080BF
:1048F0007278A8EB020808F00308B8F1010F34D071
:1049000031788A1A02F00302012ACBB23CD1D7E9EE
:10491000090107AAFFF7F4FE0546002DE5D197F837
:104920002E3097F82F209A4203D087F82F3001239A
:10493000049397F82C3097F82D209A4203D087F8EB
:104940002D3001230593029B0C3F5D1EEBB2FF2B24
:104950000293BED1049AD846DDF814B012B1BBF16F
:10496000000F47D009B0BDE8F08F013A7270079A86
:10497000D2E902029047079E32787178D3B2521A78
:1049800002F00302012A23D000222146B86A0193D3
:10499000FFF7BEFE7560019B717873703278521A12
:1049A00002F00302012A0AD0D7E9090107AAFFF79A
:1049B000A7FEB8F1010F054696D104460EE0039B11
:1049C0007170284631460AEB0302FFF78FFEEBE7D2
:1049D00007AAD7E90901FFF793FE0446029B8BB1B2
:1049E00001235946584609F80B3017F0D7F909B09A
:1049F000BDE8F08F5A464146404609B0BDE8F04F49
:104A000017F09CB9002C8AD0EAE700BF982100205B
:104A10001C2200204B1E8446DBB271B100200CF139
:104A2000FF319C4411F8013F23B15A1E013013405D
:104A3000C0B2FAD16145F5D170470846704700BF52
:104A40002DE9F04F03260125074683B0042138469F
:104A500010F0F4FF00201F23D7F800C04FF001082A
:104A6000834682462CFA03F408E01C2B40F27E8138
:104A700019294AD04FF0010808461446013BDBB221
:104A8000FF2B49D02CFA03F202F0010294420CD021
:104A9000411C0E2BC9B270D9002AE6D01C2B40F263
:104AA0006281192931D09046E6E708F1010E072B03
:104AB0005FFA8EFE10D9BEF1060F00F24981002A7E
:104AC00040F03781BEF1060F00F005811C2B40F24B
:104AD000FA800146F046CFE7002A40F00181BEF19E
:104AE000060F40F2EB80012290469A404CEA020CFD
:104AF000D14642460BF1010B01305FFA8BFBC1B28C
:104B0000CA4500F091801929B6D1013305FA03F3A3
:104B10004AB35B420CEA030C0022A04B01A88CEACA
:104B2000030302AC019310F8013B23B1591E01327B
:104B30000B40D2B2FAD1A042F5D1012A09D91FFA0D
:104B40008CF3B3EB1C4F12D15FFA8CF3B3EB1C6FF9
:104B50000DD1013E16F0FF067FF478AF6FF00D0027
:104B600003B0BDE8F08F013B4CEA030CD4E7002012
:104B7000C7F800C003B0BDE8F08F0AF10109072BA8
:104B80005FFA89F900F29180002A73D1052B5FD971
:104B900014464FF0010E012902D02246F0460DE0E6
:104BA000CCB105FA03F2072B2CEA020C88BF0022D5
:104BB00021D9A0421AD001460E2BA1D91929A4D07F
:104BC000B9F10C0FA1D0CA4656E7BEF1060F4ED080
:104BD00009B101294BD105FA03F2072B4CEA020C6B
:104BE0001AD90C46A0424FF00102E4D1611C4FF0EB
:104BF0000108C9B2E0E70BF1FF3BA0425FFA8BFB73
:104C000020D00022CA4517D0014635E74FF0010EEB
:104C100001292CD14CF0200C0BF1010B88425FFADA
:104C20008BFB06D00122EDE709F101095FFA89F952
:104C3000C4E704460122D9E709F1010901465FFAF8
:104C400089F9BDE7013000224FF00108C1B257E7F2
:104C5000BBF1000F19D0052BD8D0BBF1010F1AD032
:104C6000042B4FF0010E0DD1E1B101291AD0F0460D
:104C70000022A3E70BF1010B5FFA8BFB0124A64690
:104C800089E7D146BBF1020F9FD101229A404CEA3D
:104C9000020CC1E7D1464FF0010B0BFA03F24CEACC
:104CA000020CB9E74CF0100CB6E7002AE6D14FF041
:104CB000010E1C2B3FF472AF14466CE7052B1FD975
:104CC000BEF1060F07D00146D146002883D000224E
:104CD000EFE78B4633D1014622464FF00608CBE67C
:104CE0000BF10101BEF1060FC9B2F2D90130C1B218
:104CF000012098409046D14600222CEA000CFFE6A5
:104D0000BBF1000F08D1012293469A404CEA020CF5
:104D10000446D1465A4669E7052B31D0BBF1010F55
:104D20000146B7D0042BACD1BEF1060F0CD0D14652
:104D30009AE7BEF1060FCED01C2B3FF6CAAE30B3B9
:104D40000146D1460122B4E72246F046D14635E776
:104D50004FF0010E0EFA03F162B904467246D146D5
:104D60004CEA010C42E79646D146A2E7D1464FF005
:104D7000010E9EE70446D14600222CEA010C35E7DD
:104D8000BEF1060FA7D028B10146D14640E7044640
:104D9000D14606E7D14600213CE700BFD6BE898E4A
:104DA00030B5037E0568FF2B14D003EB43028B4222
:104DB00005EB021227D04FF0000C01E099420BD016
:104DC0009E4613789468FF2B03EB4302A44405EB43
:104DD0000212F3D1002030BD714517D013780FFABD
:104DE0008EFE0EEB4E0E4FEA0E1EFF2B906805F85E
:104DF0000E3006D003EB430305EB03139A6802441D
:104E00009A60604430BD9E464FF0000C13780376E4
:104E1000E4E700BF2DE9F04704462C250846274E5D
:104E200004EB840105FB046504EB4104696806EBAF
:104E3000840601EBC007FC7811F830E004F1010CA6
:104E40005FFA8CFCE64598BF4FF0000C7978BDF80E
:104E5000289061452ED04FF004084FF0020A79687F
:104E600004EB840E04EB4E0E01EB8E0401F82E8051
:104E70006360089B6270A360099BA4F81090E360D4
:104E80000B9B84F802A06361109B23620C9BA361BF
:104E90000D9BE3610E9B63620F9BA36287F803C0C7
:104EA000D5E908359847334641460022A847A078FF
:104EB000BDE8F0870120BDE8F08700BFDC220020BC
:104EC0002DE9F04F427A87B0D0E90065002A00F062
:104ED000F48083468A46B146531EDBB205EBC3031A
:104EE00003930595039B5A6893F801800492BAF1E5
:104EF000FF0F5CD000260AEB4A052801D44619F8BA
:104F000000A009EB0515FF272F70DBF800409BF888
:104F1000182004EB000EBA42DEF8081000F0C98039
:104F2000CDE901860CE0091A05D1BEF81E80F68B8A
:104F3000B04500F2AC80E35C1746FF2B68D01A4600
:104F400002EB420304EB0316B0681B018842EAD966
:104F5000DDE90186FF2FCEF808108EF8002060D022
:104F60003FB207EB47073F0104F807C0FF2A06D00E
:104F700002EB420204EB0214A3685B1AA360AB7855
:104F800001336B70002EB2D04FF00002736A3270A2
:104F9000B27013B10020B16A98476B68002BA6D19C
:104FA000736ABAF1FF0F2B62B36A6B62A2D1039BE3
:104FB000049C9A7808EB880308EB430308F101018D
:104FC000424504EB83065FFA81F864D003990878C0
:104FD00014F82310404508BF4FF000080429E9D118
:104FE00096F801C00CEB4C0009EB00156978AA7823
:104FF0000001914218D04FF00002012004F8232054
:10500000736AB0700BB1B16A9847039B9A78D1E785
:105010001A46DDE90186FF2FCEF808108EF8002031
:105020009ED18BF818C0A1E74FF6FE71338ADBF8EA
:1050300014208B4207D04FF6FF715B1AB3FA83F34B
:105040005B0985F82C304FF6FD71336AAB62F3686B
:105050006B60338A8B4288BF0023AB837369AB617B
:10506000B369EB60F3692B610023B1686B61A960E0
:1050700073689C1A17D4002321446B614FF000031E
:10508000EB83EB78A96043F00103EB703BE701464B
:10509000DDE901865EE7039A0599A2F108038A42D9
:1050A0000BD003931EE7D31A9942E4D85B1A002170
:1050B000E3E722548BF818C061E707B0BDE8F08F32
:1050C00001232DE9F04F447E8FB08376002C40F011
:1050D000B380037E8146FF2B00F0AD8015F0C4FB4A
:1050E000D9F81420D9F81C30821A934294BF0023B7
:1050F000012399F81880A346B8F1FF0FD9F800A052
:10510000049377D01646059408EB48080AEB081478
:10511000A3684FEA0818B3426BD8A578F61A9B44E7
:1051200063781AF808805B1BDBB2012B5ED1A369A0
:10513000A06A0393002800F00D81016800297ED049
:10514000002B40F09080049B002B00F029819623D7
:105150000393037A5A0700F01881037A6FF302036E
:105160000372E78BE2787B1C6FF30002E27094F825
:105170002C209BB2E383002A71D0A28B9A426ED27C
:10518000A06A002800F03581037A03F00703012BA1
:1051900065D00127002541684560A36A1A7A65F346
:1051A00002021A72A578013DA570E568F5B1606943
:1051B000D9F81430E278ABEB0000184402F0010299
:1051C0002369002F40F0D780B4F81EC0CDE900233A
:1051D00063463A46A847039BE783002B049B18BF0E
:1051E00001230493E37867F30003E370B8F1FF0F42
:1051F0008AD1059C99F80B3099F80A209A4208D177
:105200000132D2B2022A16BF14460023234689F87F
:105210000B4009EB8303C3F80CB0D9F824400025F8
:105220004B46012204210320A44689F81A500FB0EE
:10523000BDE8F04F604784760FB0BDE8F08F039B68
:10524000002B00F08580049B002B86D1D9F81C3000
:105250005B4582D8B8F1FF0F11D1049F9AE7A3787C
:10526000013BA370C2E7049B002B7FF472AFD9F817
:105270001C309B45FFF46DAFB8F1FF0F66D0039B68
:10528000E78B9C460793A38B6168BB428EBF3A466F
:10529000FB1A9AB202FB011208EB48030AEB031354
:1052A000DDF81CE006929A6896454DD3CDE9086B6F
:1052B000CDF82880A346964604468846CDE90C756D
:1052C000CDF82CC0DDF81CC0CDF81C90DDF80C909A
:1052D000996A986909B1096801B908B3DD8B9E8B99
:1052E0005F68B5426AD2002F40F08180C4B1216866
:1052F00031B1B9F1000F03D17044814280F08D804B
:10530000B5420DD3D9789BF8030001F0010600F0F7
:105310000105AE4270D84140C90701D4002F6BD1BE
:105320001B78FF2B07D003EB43030AEB03139A68A8
:105330009644E645CCD90D9DDDF81C902046DDE96C
:105340000A8C5C46DDE9086BCDF80CC0002874D0EF
:1053500000271FE7039BABB1049B002B7FF401AF39
:10536000D9F81C309B45FFF4FCAEB8F1FF0F86D195
:1053700004990F4617E7CDE900234FF6FF7300228B
:10538000A84733E7039F00210DE7A18BE28B9142F1
:105390003FF6E3AE012262F302030372E78BE1E61C
:1053A000D9F81C305B453FF6D2AEB8F1FF0F30D0D4
:1053B0004FF0960CE78BCDF81CC064E79FB1A91B9A
:1053C00089B2B8F1000F0AD001FB0771891A069A59
:1053D0008A422CBF00270127002C88D190E747463E
:1053E000002C84D18CE7002C81D127468AE72946FE
:1053F000E7E70127A578C6E72046DDE90A8C5C4689
:10540000DDE9086B0C9FDDF81C90A0B9CDF80CC04D
:10541000A8E69623049F0393BCE6DDF81C90204683
:10542000DDE90A8C5C46DDE9086BCDF80CC000298B
:105430003FF493AE8DE60168F7E707460146B2E612
:10544000837E002B40F0C5832DE9F04F437E8DB065
:1054500083460A93002B40F081800121837AC27A2F
:1054600040699A4207908BF8191000F0B3830B44FF
:10547000DBB2022B0ABF0A9A1A4613468BF80A308F
:105480000BEB8203DA68079B04921344CBF81430C9
:10549000012309939BF8189015F0E6F9B9F1FF0F75
:1054A000059002D1CBF814000790DBF800309BF890
:1054B0000980019308F1FF33DBF80450DBB2B8F147
:1054C000000F00F0A0844FF0000805EBC307FF2396
:1054D000CDF82C90C246D94603930695CDF820808E
:1054E000D7F804B0F878BE7832B202EB8201731CB0
:1054F00002EB4104B042DBB20BEB84055FD03A789B
:105500009A4208BF0023BB701BF824206978042A44
:105510003AD9019801EB410300EB0318082A4FEA3E
:105520000313029398F8020098F8013020D81B1A50
:1055300013F0FF032AD1062A1AD199F81B308B42A7
:105540004ED00BF824A06B6A85F802A0002BC9D0BE
:105550000020A96A9847F878BE78C5E70421446A14
:10556000034601220846A4460DB0BDE8F04F60474F
:105570004FF001030BF824A0AB706B6A002BB1D085
:105580000120A96A9847ADE71E46ADE7052A1ED15E
:105590006A684AB9AA683AB9EA682AB92A691AB996
:1055A0006A6932F07F42E3D0012B26D00421012228
:1055B0004B460846D9F824400892A047BE70069A88
:1055C000A7F10803974200F0DF801F4688E7012B10
:1055D00000F09480062AE9D199F81B308B42B0D1B3
:1055E0006968D9F814208B1A40F1B080521A0499D6
:1055F000914294BF00235B18AAE04846FFF7D0FB16
:10560000C8F80800059BD9F814E0A3EB0E0C049B26
:1056100003EB0C01884240F2A280421AD8F8043011
:1056200013B3AB8A03B3013B99B2A982D8F8040043
:10563000B8F81E30824207D80AE0B3B2121AA8F8AE
:105640001E308242A98A03D98B4203F1FF36F4D877
:10565000994207D901339BB2A8F81E30A98A0244A7
:105660008B42F7D3A8F81C106968D8F8143011449D
:10567000C8F80810AA68D8F828001344C8F81430ED
:1056800048B102683AB1D5E901329B1A4360D8F8B3
:105690000810D8F81430BCF1000F68DB8C449C452E
:1056A0006FD9ACEB03020023C8F81430C8F8082007
:1056B000EA68D8F818301344C8F818302A699342B9
:1056C00094BF00239B1AC8F81830AB7D2BB198F813
:1056D000032063F3000288F80320EB7D13B1013B44
:1056E00088F82C30039BDDE90121535498F80130F0
:1056F0006A780133039288F8013022E7062A3FF4E2
:105700001CAF4846FFF74CFB98F80230C8F8080079
:1057100088F8013099F81B206B789A427FF411AF1A
:105720001BF82430062B3FF45BAFFF2389F81B30B6
:105730001BF82430062B3FF453AF082B3FF450AF37
:105740000599D9F814208B1A3FF550AF049A1344E9
:10575000D9F81C209A4288BFC9F81C30F1E6D8F865
:10576000143000221944091AC8F8141056E7059A93
:10577000AEEB020E8E4591D39E44AEEB01030022A8
:1057800092E7A3EB0C03FAE7CB46DDF82080DDF8C7
:105790002C909BF81820B2EB090318BF0123029349
:1057A000099B002B00F06F81059B0799FF2ADBF80E
:1057B0000070A3EB010664D00025CDF81490AA4632
:1057C000A9460196049DCDF8108002EB420307EB39
:1057D0000314A1681B01A94200F2EB82019894F81E
:1057E00002C0401A019060786D1AA0EB0C00DBF843
:1057F0001CC08944614528BF4FF0FF31B4F81E80BA
:1058000026BF8BF81B100021ACEB0101CBF81C105C
:10581000D4F828C0A169C0B2BCF1000F00F0FE802E
:10582000DCF80060002E00F0E280002940F0E28009
:10583000022800F0B882C4F808A0F95C8BF81810B0
:10584000D4F804E0A16ABEF1000F40F0B68029B19F
:10585000097A01F00701012900F08B8048B1012885
:1058600002D0B8F1000F04D0236A13B10120616A9D
:105870009847A17861709BF81820FF2AA5D1DDE92F
:105880000489029B09995846914518BF0B46039914
:1058900002930027FFF714FB5846DBF800A0CDF871
:1058A0000490CDF80C80027EFF2A154600F0BF82DE
:1058B00016464FF0FF0800E01E4633B203EB4303E9
:1058C0000AEB031CDCF828401B0121463CB194F88C
:1058D00008E00EF0070EBEF1010F00F07F811AF80C
:1058E0000330B046FF2BE7D18346DDF80490104625
:1058F000DDF80C80002F00F0CC80914500F0718223
:10590000B8F1000F00F0E3800546FF2D00F09F8204
:10591000B9F1FF0F00F08682DBF8003005EB45059A
:1059200003EB05139F68002F00F0588214F09CFFD2
:105930000A260446DBF81450013E621B974202F12E
:10594000050240F23881BA422CBFAD18ED19DBF8E0
:1059500028302846984714F087FF2B1BC4F1010418
:1059600004449C4240F22981002E00F01B81044631
:10597000E0E72846A178A5606170079EDBF81480F7
:1059800006EB090CBCEB0806D4F814E050D406442E
:10599000B446E64554D20020ACEB0E0E60610131F6
:1059A0000398C9B2C4F808E0F854617003929BF8F8
:1059B0001820FF2A7FF409AF61E721B1097A01F0CD
:1059C00007010129D5D0B4F81E80B8F1000F3CD1F1
:1059D000B4F81C8094F82CC04046617800FB0EE0BF
:1059E000BCF1000F3BD0A4F81E80A060C5E70029E1
:1059F0003FF421AF02287FF41EAFB8F1000F7FF40F
:105A00001AAF9CF808C00CF0070CBCF1010F3FF472
:105A100012AFCBF81C108BF81B200CE700293FF4C9
:105A20000AAF02287FF407AFB8F1000FF1D002E708
:105A3000A8EB0C08804521D2B4468444E645AAD39D
:105A4000AEEB0C004FF0000EA8E70020A17894F810
:105A50002CC000FB0EE06170BCF1000FC3D1019EB1
:105A60008642C0D970440CF1010C86421FFA8CFCAE
:105A7000F8D8C44401961FFA8CF8B4E70EEB080C72
:105A8000ACEB0000DEE758460399FFF719FA9BF8E4
:105A9000180081457FF434AFB8F1000F00F0B681F3
:105AA000029B002B40F00982029B8BF819309BF877
:105AB0001A30002B00F08A80DBF824405B4601227C
:105AC00003210420A4460DB0BDE8F04F60479BF8C9
:105AD0000920DBF80440531EDBB2002A3FF414AF68
:105AE00001220292002604EBC307CDF804907B78D4
:105AF000F978D7F8048099424DD01BB203EB8302AA
:105B000003EB420318F8232008EB8303012A31D06A
:105B1000022A36D1D3E9019599F80010D3F80CE0A8
:105B2000FF29DBF800C0DEF80000DBF8142003D00A
:105B3000D5F800A0924538D000209BF818102A60B4
:105B4000FF2907D112E01CF80210DAF80850FF29EB
:105B500028440BD001EB41020CEB021ADAF8185082
:105B60001201002DEFD0DAF80820104489F8001057
:105B7000CEF800005A6A9E7012B10020996A9047D0
:105B8000F9787B783A780133DBB29A4208BF002378
:105B900099427B70B1D1A742A7F1080300F00081C0
:105BA0001F46A4E700DE0446C4E601EB41010A01FA
:105BB0001CF80210C4E701230A9300238BF8193064
:105BC0009BF81A300A9A1A437FF476AF0DB0BDE8FD
:105BD000F08F70470A9B099304935BE4DCF808207C
:105BE000002A40F04181DCF818B0BBF1000F06D16B
:105BF0000A68002A00F043810C464FF0960BC269F8
:105C0000963209926268114604922268914280F0AD
:105C1000D980A2EB010E1AF80310FF2900F0D28000
:105C2000DE45C0F0CF800022AEEB0B05CDE9068645
:105C3000059598460890D946174615460B4609988B
:105C400039E0A5F196063E44764528BF76460BEB33
:105C5000000296450DD34E450BD3DCF81820002AE0
:105C60004CD0227A120749D4B6EB0B0201D0824203
:105C70004BD28A6A22B1127A02F00702012A33D08B
:105C80008A698AB3496879B396322F44D019DCF80F
:105C90001820002A00F08280217AAEEB0B0209075F
:105CA00000F1AE8000251AF80330FF2B2DD00BEB4E
:105CB0000709CE4529D303EB43030AEB03118E6892
:105CC0001B013544962DBCD8DCF8186086B1267AC5
:105CD00016F00806BBD088692F44963005993844E1
:105CE000884298BF0246DDE700221AF80330DCE75D
:105CF0008A692F4496323A441046D3E70028B8D038
:105D0000A6EB0B068642B4D30246DDE907604346A4
:105D10000499DDF81880114461601AF80350FF2DD2
:105D200018BF4FF0FF0901D1AFE00D4629B201EBDA
:105D300041010AEB011EDEF808700901974280F06C
:105D4000BF801AF80110A946FF29A2EB0702ECD187
:105D5000FF2DCCF8082015D0B8F1FF0F1AF803106A
:105D60005ED00FFA88F202EB420212010AF802102A
:105D70002DB205EB45052A011AF802100AF80310A6
:105D80000AF802600222BCF81E300127013BACF881
:105D90001E30237A62F30203237284E5024681E710
:105DA000DDF804907CE6B8F1000F7FF444AD962155
:105DB00027E6491BA160DDF81490DDF810809BF800
:105DC00018205EE5049A62601AF80330FF2B08BFC2
:105DD00000225AD00023CCF80830D3E78BF8197092
:105DE0006AE6B8F1000F7FF497AD9BF80920DBF865
:105DF0000440531EDBB2002A3FF48EAD029771E6D9
:105E0000114600226CE7FF230393C2E49BF80920AC
:105E1000DBF80440531EDBB2002A7FF463AE3FE69A
:105E20000176A5E714F006FD9BF8185074E583464B
:105E3000DDF804901046DDF80C80002F3FF429AE09
:105E4000B9F1FF0F2DD0B8F1000F3FF440AE14F0C0
:105E5000FBFCE8B9CBF81C008BF819009BF81A3052
:105E6000002B3FF4B3AE27E600DEDCF818B0BBF140
:105E7000000F07D1DCF8281000297FF4B9AE00DE4E
:105E80004FF0960BDCF82840B9E6CCF8082079E70B
:105E900000238BF819309BF81A30002B7FF40CAEDE
:105EA00094E6B8F1000FD2D19BF80920DBF804404A
:105EB000531EDBB2002AA1D1C9E79BF8185024E594
:105EC000BF1A4D46CEF8087042E700BFF0B4049EFA
:105ED0009DF81450069C40BB154F3A605A1E39720B
:105EE0007B727E60D2B283B106EBC2021046546070
:105EF00012F80839864203EB830103EB4101A5EB5D
:105F0000030304EB8104DDB2F0D175B9FF23079AD6
:105F10007D613A62089A7D817A62099AFD61BA626E
:105F20003B76FB762846F0BC70470120F0BC7047FA
:105F3000DC22002040B9064A117EFF2901D11072EF
:105F400070476FF00F0070476FF01500704700BF8B
:105F5000DC2200202C220A4B10B402FB0032546ACF
:105F60005CB100EB800200EB4200A44603EB80032F
:105F700001220321022010BC604710BC704700BF03
:105F8000DC22002010B4BDF81040DDF814C00394EA
:105F90000024CDF810C0DDF818C0CDF814C0DDF82D
:105FA0001CC0CDF818C0DDF820C0CDF81CC0DDF84D
:105FB00024C0CDE908C410BCFEF72CBF30B4049C4B
:105FC000BDF81850039400240495079D0595089D7D
:105FD0000695099D07950A9D0A940B9C08950994BE
:105FE00030BCFEF717BF00BF10B4BDF810400394DB
:105FF000059C0494069C0594079C0694089C0794B1
:10600000099C08940A9C099410BCFEF703BF00BFCA
:106010002DE9F84F04462C260846274DBDF834904C
:1060200006FB045104EB840604EB460405EB8405EF
:106030004C689DF8388004EBC00696F803E014F82D
:1060400030A00EF1010C5FFA8CFCE24598BF4FF0D6
:10605000000C74789DF8447064452AD04FF0050A0E
:1060600074680EEB8E0B0EEB4B0E04F82EA004EBB7
:106070008E0463604FF00203A3700A9B6270A360FA
:106080000B9BA4F81490E3600C9B84F816802361AA
:106090000F9BE7756362109BA36286F803C0D1E98A
:1060A000083698472B4600220421B047A078BDE867
:1060B000F88F0120BDE8F88FDC22002010B588B0F1
:1060C0000A9CDDF82CC0009400240794BDF83440ED
:1060D000CDF804C003949DF83840DDF830C0049436
:1060E0000F9CCDF808C00594109C0694FFF790FF14
:1060F00008B010BD2DE9F84384462C2508461F4EF4
:1061000005FB0C614C680CEB8C0504EBC00797F8A1
:1061100003E00CEB450C06EB8C0614F830500EF146
:10612000010C5FFA8CFC654598BF4FF0000C7C7841
:1061300064451FD006244FF002087D680EEB8E09DF
:106140000EEB490E05F82E4005EB8E046360089BAC
:1061500062706362099B84F80280A36287F803C0BF
:10616000D1E908359847334600220421A847A07892
:10617000BDE8F8830120BDE8F88300BFDC220020E1
:106180002DE9F84384462C2508461D4E05FB0C617D
:106190004C680CEB8C0504EBC00797F803E00CEBA4
:1061A000450C06EB8C0614F830500EF1010C5FFA2A
:1061B0008CFC654598BF4FF0000C7C7864451CD082
:1061C0004FF0070802247D680EEB8E090EEB490E96
:1061D00005F82E8005EB8E056B62089B6A70AC702B
:1061E000AB6287F803C0D1E90834984733460022F0
:1061F0000421A047A878BDE8F8830120BDE8F88312
:10620000DC2200202DE9F84384462C2508461F4E49
:1062100005FB0C614C680CEB8C0504EBC00797F890
:1062200003E00CEB450C06EB8C0614F830500EF135
:10623000010C5FFA8CFC654598BF4FF0000C7C7830
:1062400064451FD008244FF002087D680EEB8E09CC
:106250000EEB490E05F82E4005EB8E046360089B9B
:1062600062706362099B84F80280A36287F803C0AE
:10627000D1E908359847334600220421A847A07881
:10628000BDE8F8830120BDE8F88300BFDC220020D0
:106290002DE9F84384462C250846204E05FB0C6169
:1062A0004C680CEB8C0504EBC00797F803E00CEB93
:1062B000450C06EB8C0614F830500EF1010C5FFA19
:1062C0008CFC654598BF4FF0000C7C78644522D06B
:1062D0004FF602744FF002087D680EEB8E090EEB4C
:1062E000490E25F82E4005EB8E04C4E90123089BD6
:1062F00084F80280E360099B63620A9BA36287F8CB
:1063000003C0D1E908359847334600220421A84745
:10631000A078BDE8F8830120BDE8F883DC220020E6
:1063200070B52C220446094D084602FB0452D2E9FE
:106330000836984704EB840304EB4303B44605EBAB
:1063400083030022BDE8704004216047DC22002066
:1063500014F08ABA401A704700210148704700BF04
:10636000DF590100012868B51E4604D0022812D06A
:1063700050B1012068BD002007F044FFC0B190F982
:1063800054303370002068BDC8B205F031FD78B1DB
:1063900090F93C30F5E70846154608F0DDFA38B1CB
:1063A00015B990F9B730ECE70FF064FC0346E8E765
:1063B000022068BD70B5054692F9000014467F289A
:1063C0000E4602D13F23184613700FF055FC012DE5
:1063D000207004D0022D15D05DB1012070BD0020C9
:1063E00007F010FFB8B194F9003080F85430002065
:1063F00070BDF0B205F0FCFC68B194F9003080F893
:106400003C30F4E7304608F0A7FA20B194F90030A8
:1064100080F8B730EBE7022070BD00BF38B50C46FE
:1064200005460FF025FC28700FF024FC207038BDC5
:1064300038B5054600200C4605F00CFD10B105F0FE
:1064400079F9A0B1002007F053FF10F0060F0ED12C
:106450003DB9084B44B120681860A2889A8000209A
:1064600038BD054B002CF6D11C609C80F7E70C2052
:1064700038BD00BF10230020082300200128034658
:1064800005D8044A0448002B08BF10467047002076
:10649000704700BF102300200823002001280AD8DD
:1064A000064A074B002818BF1346186808609A88E8
:1064B00018468A807047002318467047082300203A
:1064C0001023002010B504460FF0F0FA68B90FF061
:1064D0009FFE78B911F00AFB88B913F0C7F898B994
:1064E0002046BDE8104017F087BE00DE0FF090FE9A
:1064F0000028EFD000DE11F0F9FA0028EDD000DE20
:1065000013F0B4F80028EBD000DE2046BDE81040C0
:1065100017F072BE0860014817F06EBE0C4C0020E8
:1065200017F06ABE2DE9F84F294D0B7895F84042D7
:10653000472B88BF23469A423FD05C1CE4B2924668
:1065400035F83320482C8946834608BF00240026AE
:1065500001274FF01208028005EBC3031AE001285F
:1065600033D0C3F8048089F8004095F84032472CB6
:1065700098BF23469A4521D01AB20133DCB235F8D0
:106580003200BBF80010482C08BF0024884205EBFD
:10659000C20313D1586860B1FF28E0D9027902F034
:1065A0000302013A012A0CD912225A6008F0F0F9CC
:1065B000D9E701365F60F6B2D5E700263046BDE880
:1065C000F88F01360122F6B2EFE70136F6B2CAE7DC
:1065D0003C2300202DE9F047374F3B8898425CD997
:1065E00013F0FF0528D0DFF8D4A0DFF8D4809AF8A4
:1065F0002D40DFF8D0900134E4B20B2C08BF00240A
:106600009AF82C30A34219D04046FEF715F80646FA
:1066100090B14846FEF710F8002840D006609AF87E
:106620002D304AF823003B88013D013B15F0FF0562
:106630008AF82D403B80DED1BDE8F0873B88002BF7
:10664000FAD04FF00008DFF880A01D4D9AF84540C1
:106650001C4E0134E4B2112C08BF00249AF84430D7
:10666000A342E9D02846FDF7E7FF81460028E3D0A2
:106670003046FDF7E1FFC0B1C9F80480C0F80090D2
:106680009AF845304AF823003B888AF84540013B98
:106690009BB23B80002BDCD1CEE70546A3E730461A
:1066A000BDE8F0470649FDF7DBBF4846BDE8F047C7
:1066B0000349FDF7D5BF00BFDC250020644800205A
:1066C000E02500204C270020842500202DE9F84FEC
:1066D0000A224FF00008324B324FDFF8CCA0181DD1
:1066E000242116469B46A7F82C80FDF781FF5346D0
:1066F00032460821181DFDF77BFF97F82C9097F87C
:106700002D400134E4B20B2C08BF0024A14516D063
:106710005046FDF791FF054688B15846FDF78CFFBE
:10672000002838D0C5F80480056097F82D3047F868
:106730002300013E16F0FF0687F82D40E1D11B4BE8
:106740001D22181D4FF49271FDF752FF184B2D2298
:10675000181D0821FDF74CFF1548FDF76DFFB0B17E
:10676000144A111FFDF7B4FF1148FDF765FF80B112
:10677000114A111FFDF7ACFF1A22104BFF201A809F
:10678000FFF728FF0DF0ACFD0020BDE8F88F00DE1C
:10679000E6E700DEECE728460349FDF761FFCEE7B8
:1067A000E8480020544A0020944800204C2700204C
:1067B000E0250020D8250020D0250020DC25002061
:1067C0002DE9F041994D9A4E86B004AA02A90DF127
:1067D000070008F0F1FD0446D5E9000103AAFDF722
:1067E0008FFF074650B3039B002B6BD0187804AA89
:1067F00002A908F0F9FD0446002841D0DDE90313A1
:10680000BDF808200F78ADF80A20059308F0FEFDCA
:106810002146059ABDF80A0008F02CFE204608F033
:10682000BFFD384605AA0DF10A0108F0DDFD04465A
:106830000028EBD1306817F0DFFCC6E7002C3ED013
:10684000049B9DF807700593BDF80830ADF80A3039
:1068500008F0DCFD2146059ABDF80A0008F00AFEA2
:10686000204608F09DFD384605AA0DF10A0108F002
:10687000BBFD04460028EBD1306817F0BDFCA4E74F
:10688000039B05931B79013B2C2B1ED8DFE803F0FB
:106890001F43601D1F321D32327C1D1D1D1D1D1D1D
:1068A0001D1D1D1D1D1F721F1D1D1D1D1D1D1D1DBF
:1068B0001D1D1D1D1D1D1D1D1D1D1D1D1F0006B0A7
:1068C000BDE8F08100DE039B90E700DE7DE75749DD
:1068D00000226868FDF71CFF3846564B059993F86F
:1068E00041320B70544AFDF701FF514B186817F005
:1068F00083FC6AE74D4900226868FDF709FF0599A6
:1069000091F8203003F00F03072B71D0494B384624
:1069100093F84132E5E7002244496868FDF7F8FE44
:10692000059CD4F80880B8F1000F09D098F8003021
:10693000002B76D098F80030013BDBB288F80030AD
:10694000237B052B6FD8DFE803F02C5C606468299B
:10695000384605A908F09CFB344900226868FDF719
:10696000D7FE059900293FF430AF0B792E2B3FF469
:106970002CAFCBE700222D496868FDF7C9FE3846E9
:10698000059908F073FB20E7002228496868FDF7A5
:10699000BFFE3846059907F0C3FD16E7204607F00D
:1069A0007BFD0023254A237392F82D3092F82C109A
:1069B0000133DBB20B2B08BF002399421CD02760A8
:1069C00092F82D1042F8214082F82D30B8F1000FD6
:1069D0003FF4FBAE98F80030002B7FF4F6AED8F809
:1069E0000830002B3FF4F1AED8F80C009847ECE6E5
:1069F0003846FBF70DF8E8E600DEB8F1000FE9D104
:106A0000E3E62046FBF7C4FACBE7204605F04CFA54
:106A1000C7E7204606F054FAC3E7204607F080FB9C
:106A2000BFE700DE86E700DEBBE700BFD42500201D
:106A3000084C00203C230020D0250020544A002090
:106A400010B5304B304C86B0186013F0E7FE237859
:106A5000002B4FD00D22052104234FF0020C2B4CAC
:106A600001922B482B4A05900094217223702A49E9
:106A700004922A4A0020CDE902211821284A84F8EC
:106A800010C084F818C0FFF721FA002837D101227E
:106A90000021244819F099FE0EF08AFF044610B137
:106AA000204606B010BDFFF711FE04460028F7D1BE
:106AB0000FF092FB04460028F2D105F063F904467A
:106AC0000028EDD111F010F804460028E8D107F0B5
:106AD0007FF904460028E3D112F0BCFD04460028EB
:106AE000DED108F023FA04460028D9D101200EF0A7
:106AF000C3F8D5E7FDF71CFE01232370AAE700DEEB
:106B0000C5E700BF084C0020E1800020604E002057
:106B10008DBE0100EDBD0100CDBD0100244C002063
:106B2000804E00200C4C002010B586B005F03AF9DC
:106B300000283BD107F0CAF900283CD108F0F8F949
:106B400000283DD10024254B2046A3F840420EF0FA
:106B500093F82349234A244BA1F880419485A3F854
:106B6000444001222146684619F02FFE1F4B224661
:106B700021460320C3F808D0FDF730FE10BB4FF0CC
:106B8000FF324FF0FF33684617F070FB05F014F941
:106B9000D0B9684613F088FDFFF798FDE0B90021F1
:106BA000012006B0BDE81040FFF742BC00DE07F050
:106BB0008DF90028C2D000DE08F0BAF90028C1D053
:106BC00000DEBFE700DEDAE700DE684613F06CFDAA
:106BD000FFF77CFD0028E2D000DEE0E73C23002048
:106BE000844A00206448002084250020D80000202A
:106BF00008B5FFF799FF0EF011FF00B108BDBDE821
:106C00000840FFF797B900BF2DE9F04F07468846C7
:106C10002C4C2D4EDFF8B4A083B004F5107900237E
:106C20003B6094F841B201AAD6E90001FDF768FD86
:106C30000546A0B3019B49461A784046FFF772FC0F
:106C4000034690BB94F840228DF8012094F841222D
:106C50000DF101010DF102009B46FFF763FC4BEAC9
:106C6000000212F0FF020346F0D101990B79012BCB
:106C700022D131467068FDF74BFD51462846FDF79D
:106C8000EFFC134A1388192B13D8019801331149CB
:106C90001380FDF7E5FC0120FFF79CFCBFE75A4697
:106CA00040460D49FFF73EFC0346184603B0BDE8D9
:106CB000F08F00DE1388E8E713461846396003B00A
:106CC000BDE8F08F3C230020CC250020E0250020EB
:106CD000DC2500204C2700207C250020002370B5F7
:106CE0007E4982B0486801AA0193FDF711FD002892
:106CF00000F0A6807A49FDF7B3FC019A13792D2B99
:106D000019D8DFE803F01718181718171B1B1B18E2
:106D10001833181818181818381818181771171762
:106D200017171717181818181818181818181818E7
:106D30001818181703B900DE02B070BD92F82030A1
:106D400003F00F03072BF7D1D568002DF4D01D24D5
:106D5000634E2868ED68013C3146E4B2FDF780FCE3
:106D6000002DE9D0002CF4D100DEF2E7907907F095
:106D700017FA02B070BD907905F03AF80446002881
:106D800000F09C80A36B33B11B6893F846206FF32F
:106D9000000283F846206569002D6AD0EB6D002B58
:106DA00040F0908005F1500105F14C00FDF794FC96
:106DB0000346002800F084800026EB65286807F071
:106DC000B1FD606E47496661FDF74AFC4449206E9B
:106DD0006666FDF745FC94F88030266666F300038E
:106DE00084F8803002B070BD92F8203095683C2B5A
:106DF0002E6827D092F82140002C48D0706E20B128
:106E0000002338497366FDF72BFCAB6A33B11B686E
:106E100093F846206FF3000283F846206B6A7BB339
:106E2000002007F065FA0446002005F013F840EA58
:106E3000440010F0FF007FF47FAF0DF0DBFF7BE735
:106E400000DE57E76C68002C3ED000236B60E36DDA
:106E50006BB904F1500104F14C00FDF73DFC034611
:106E6000002833D02068E36507F05CFDCDE700DE45
:106E7000EFE794F8803065F3000384F880305BE737
:106E800096F8802063F3000286F88020C8E701208E
:106E900007F0FAF948B186421AD0002290F8623021
:106EA000426162F3410380F86230002296F862305A
:106EB000726162F3410386F86230B1E700DE61E798
:106EC00000DE79E700DE6DE700DEBEE700DEC9E741
:106ED000204607F0D9F90028E7D0DEE7CC250020CE
:106EE000E02500204C2700202DE9F8430468804667
:106EF000A4B10125584F594E204603792468122B1E
:106F000014D840F2E91105FA03F20A4240F09980E0
:106F100012F4812F74D100DE002CEDD10023C8F8CB
:106F20000030FF20BDE8F843FFF754BB163BDAB250
:106F3000172AF0D8172BEED801A252F823F000BF81
:106F4000B16F0000A16F0000C76F0000B16F0000BB
:106F5000B16F0000B16F0000B16F0000B16F0000B1
:106F6000176F0000176F0000176F0000176F000009
:106F7000176F0000176F0000176F0000176F0000F9
:106F8000176F0000176F0000176F0000176F0000E9
:106F9000176F0000176F0000176F0000B16F00003F
:106FA00090F820303C2B32D0022B3AD0002B46D127
:106FB0003B88192B32D8013331463B80FDF750FB1B
:106FC000002C99D1AAE7C0880F28A5D807F0B8FCF3
:106FD000814600283BD0D9F86C30002B39D109F11B
:106FE000600109F15C00FDF777FB00282DD0C9F89E
:106FF0006C00484607F096FC002C7FF47DAF8DE7CF
:107000003146FDF72DFB002C7FF476AF86E7134960
:10701000FDF726FB002C7FF46FAF7FE700DE3B8897
:10702000C9E70CF079FE002004F006FF00287FF489
:1070300073AF0DF0DFFE002C7FF45EAF6EE700DE75
:107040000379002BB4D100DEB2E700DECFE700DE2B
:10705000C1E700DEC3E700BFDC2500204C2700208D
:107060000148FDF7E9BA00BFE02500200149FDF71E
:10707000F7BA00BFE02500200148FDF7DDBA00BFE8
:107080004C2700200149FDF7EBBA00BF4C27002038
:10709000034B044A93F841320B70FDF727BB00BF46
:1070A0003C230020D0250020014B186817F0A4B81D
:1070B000084C002008B5064B064A93F841320B7085
:1070C000FDF714FB044B1868BDE8084017F094B8AE
:1070D0003C230020D0250020084C00200C4991F8CA
:1070E000442091F845309A420AD8A3EB020C5FFA8B
:1070F0008CFC604509D89A4207D051F822007047AD
:1071000011339B1ADBB29842F7D90020704700BFB9
:1071100084250020094A92F8441092F845308B42A9
:1071200009D04B1CDBB2112B08BF002352F8210001
:1071300082F8443070470020704700BF842500204B
:1071400000B50D4A92F841C292F840E20CF10103F9
:10715000DBB2482B08BF00239E4509D022F83C0033
:1071600002EBCC0CCCF8041082F841325DF804FB41
:1071700000DE00231B80FFDE3C230020022810B528
:107180000C4602D00B68022B07D04FF0FF324FF0B5
:10719000FF33024817F06AF8206810BD0C4C00203D
:1071A00004490A680AB11046704702460860104652
:1071B000704700BF38230020044A136823B1984267
:1071C0000ABF0021002311601846704738230020B1
:1071D000014B1868704700BF3823002004490A6833
:1071E0000AB110467047024608601046704700BF5B
:1071F00080250020044A136823B198420ABF002169
:10720000002311601846704780250020014B186844
:10721000704700BF8025002030B5056887B02B7807
:10722000EBB1044601220021684619F0CEFA0D4B5D
:10723000C5F80CD0AB602B788BB100220A4B032031
:1072400011469C60FDF7CAFA38B947F612220023AE
:10725000684617F00BF807B030BD00DEF5E76FF0B9
:107260007700F8E721650000C8000020F0B5254E42
:107270000C463368174685B0002B36D0994215D19D
:10728000022503AB02460093032100201E4B039509
:10729000FEF776FF022805460CD0039B022B09D18E
:1072A00095B133680BB19C4221D014B36FF02D001F
:1072B00005B0F0BD4FF0FF324FF0FF33134816F02A
:1072C000D5FF039D002DECD13846FFF7A5FF3368AD
:1072D0000BB19C4211D0002CE8D10028E8D010F16D
:1072E000780F08BF002005B0F0BD3160C8E700236B
:1072F00033606FF0770005B0F0BD35600028D7D05F
:10730000EDE700BF38230020156500000C4C00207D
:107310000C4991F82C2091F82D309A420AD8A3EB11
:10732000020C5FFA8CFC604509D89A4207D051F8EC
:10733000220070470B339B1ADBB29842F7D900202A
:10734000704700BF64480020094A92F82C1092F858
:107350002D308B4209D04B1CDBB20B2B08BF002316
:1073600052F8210082F82C3070470020704700BF8F
:107370006448002038B50C46054608F017F8034667
:10738000237021462846BDE83840014AFDF7AEB9D2
:10739000D8250020012200201146014BFDF71EBA1E
:1073A000B800002070B50C46054607F0FFFF034605
:1073B000214623702846054AFDF798F9BDE870403C
:1073C000012200201146024BFDF708BAD825002003
:1073D000B80000202DE9F0471A4E9DF8209096F84D
:1073E00081C196F880510CF1010E5FFA8EFEBEF15C
:1073F0000C0F08BF4FF0000E75451ED0144606EB6B
:107400004C1C654680460F469A4610685168E368F2
:10741000926809F001090FC59CF81C30CCE904A85A
:1074200023F0030343EA0903CCF818708CF81C30EE
:1074300086F881E16046BDE8F0874FF0000C6046B9
:10744000BDE8F087844A0020054890F8803190F824
:1074500081219A4214BF00EB43100020704700BF07
:10746000844A002010B402780B4C0B2A94F8813126
:1074700088BF94F88021014688BF0270934209D0EA
:10748000531CDBB20C2B08BF002304EB42100B7023
:1074900010BC70470020FBE7844A00202DE9F04F24
:1074A0003D4E87B096F8801196F8813103908B425B
:1074B00046D04FF000090E24CA46CB4606EB4111D8
:1074C000CDF81090CDF80890CDF814900D7FD1F83C
:1074D0000080C5F34002CF6805F00105002C4ED0B6
:1074E000013CE4B27AB396F8811196F88031994262
:1074F00026D00133DBB20C2B08BF0023994286F85B
:1075000080311DD006EB4311C8685B01002ADDD134
:107510002DBBBBF1000F36D0BAF1000F029A04BFA9
:107520004246BA4602920A7F9507CFD4D2071DD4AD
:107530008345F3582BD08245C8D1029A9A42C5D1CF
:1075400007B0BDE8F08F154B039899601146019282
:10755000FDF744F9019A0028C5D000DEC3E7049A7C
:107560007AB1B9F1000F08BFB946DCE7BAF1000FF4
:10757000ACD1049B8342E3D04845A7D1E0E700DECD
:10758000AEE70497CFE7BB46CDF81480CBE7059A6A
:107590009A42D0D1D4E700BF844A0020A80000203E
:1075A000064B93F82C2093F82D10914204D053F8F9
:1075B000220010B10C30704700207047544A002060
:1075C000084A034692F82C1092F82DC08C4506D03C
:1075D00052F821201AB102F10C00137370470020F9
:1075E000704700BF544A002070B5154A92F82C101D
:1075F00092F82D308B4220D04B1CDBB20B2B08BFF6
:10760000002352F8214082F82C30B4B10223002527
:1076100026682371A060256007F0C8FE0346214656
:10762000084A23703046FDF761F8012228461146CA
:10763000054BFDF7D3F8204670BD0024FBE700BFE3
:10764000544A0020D8250020B800002030B48569B5
:10765000D0E90743E018113085428ABF2C46431B0E
:1076600011330C60136030BC704700BF10B582B09E
:10767000049B9C7A6FF341049C720024CDE9004482
:107680000EF08AFB02B010BD012210B582B001924B
:10769000047F034614400269D0E9050100940EF00E
:1076A0007BFB08B902B010BD7730FBD000DEF9E7F4
:1076B0000B8A002B3DD030B5054683B001F10C009C
:1076C0000C4618F087FB012817D0022803D06FF072
:1076D000150003B030BD01A9204602F0C5FE019996
:1076E00019B12B6928461B6898470028F1D120461C
:1076F000FCF72CFE002003B030BD002301A920467A
:10770000019301F067FA01460028F0D02B69284662
:107710001B6898470028DCD1019D002DE7D0284642
:1077200003F026FC03466B710348019919F038F801
:10773000DDE76FF0150070471853002010B504699D
:10774000FFF756FA28B90448FCF7F4F90020206046
:1077500010BD00DEF7E700BF10050020F0B50546BC
:107760000E46076989B0174818F0DCFF4FF0FF326A
:107770000021154819F029F81348FFF761F904466C
:10778000E0B93E60114819F050FB104803F008FCC6
:10779000002200236FF00706CDE90623CDE901445E
:1077A0004FF460720A4B0B490494009503960A4803
:1077B00016F072FF0949084819F0C1F8204609B0CF
:1077C000F0BD00BF185300203053002008530020A4
:1077D000E17700002885002010050020C41A02006F
:1077E0002DE9F04F0546A24FDFF88882DFF888A226
:1077F000DFF88892D0F810B083B04FF0FF324FF02E
:10780000FF330321384617F037FC002840F09681FB
:10781000FB6803F4FE13B3F5804F00F09C803B6AD5
:1078200003F4FE13B3F5004F00F018817B6B03F4F3
:10783000FE13B3F5803F00F073810024FB6890488D
:107840006FF39433FB603B6A6FF394333B627B6B63
:107850006FF394337B638B4B1E68D0E8EF3F23F0CC
:107860000102C0E8E12F0029F7D1D80703D5002293
:107870000023C8E90023002E40F33C81DAF80030F1
:10788000D9F80020F31A13447F4A1360D8F8002077
:10789000002A00F05B815179002C64D1042950D971
:1078A000052940F05081002BA7D0D8F804101368A8
:1078B0008A42C8F8003000F06F8101924FF0FF3328
:1078C0004FF0FF320820FCF7EDFD044601982146F9
:1078D00002F048FE0022019B01A81A60FFF704FB9A
:1078E000DAF80030F61AD9F800301E44664B1E60F4
:1078F000D8F800302BB15B79DA1E012A1CD9052B90
:1079000018D0002C3FF479AF204618F010FA064644
:107910002146002018F02BFA338A0446012B1ED989
:1079200031462846DBF80030984717F05FF8002C06
:10793000EAD162E7002EE4D00021544817F0F4FBAE
:10794000DFE702296FD800DE4B1E012B019240F2C7
:107950002E8100DEBEE700223B699A606DE730466B
:10796000FCF7F4FCE1E7CA1E012A40F2E080052999
:1079700000F0F080591C627900F0C480511ED8F8E4
:107980000000052900F21E81DFE801F003031C1C42
:107990003303042A019400F2BB80022A19D1012189
:1079A00000200022002318F06DFA04460198DCB193
:1079B000214602F027FE0022019B01A81A60FFF772
:1079C00093FAA1E70123304A1360002840F0DB80DE
:1079D000019402204FF0FF324FF0FF33FCF762FDBD
:1079E00004460198002CE3D1046001A8FFF77CFA5B
:1079F00003E7002840F0C780002B00F0C48001940A
:107A00004FF0FF324FF0FF330820FCF74BFD0446E8
:107A10000198214602F0A6FD0022019B01A81A60F0
:107A2000FFF762FA6DE7D8F8043011689342C8F89E
:107A3000001012BF0192C8F8041001934FF0FF32FA
:107A40004FF0FF330220FCF72DFD0446002C3FF4DD
:107A500041AF2146019802F0D5FD3BE7786A00224C
:107A6000002316F003FC002840F09C802E6924E0DF
:107A7000E8000020080500207853002074530020FF
:107A8000505300207C530020045300200853002052
:107A900073BB4FF0FF334FF0FF320021132018F07B
:107AA000F1F922460446BDF8021003F049FA2846CF
:107AB00021463368984716F099FF0DF1020101A89D
:107AC000FFF7A2F8019B04460028E1D1002B3FF408
:107AD000B4AEFFF703F9019C204603F049FA607148
:107AE00001993A4818F05CFE019B002BE5D1A4E611
:107AF00000DECEE74FF0FF33354A1360002C3FF431
:107B00007CAE6279042A019449D9052A3FF478AF02
:107B100000DE0022019B01A81A60FFF7E5F96CE680
:107B2000B86B0022002316F035FB044686E60021E0
:107B3000284817F0F9FA264B1B681BE704303FF47E
:107B400067AE00DE64E600DE019202E7002C7FF4FF
:107B500011AF52E6002BEAD16279531E052B31D8C2
:107B600001A151F823F000BF937900009379000040
:107B7000817B0000817B0000877B000093790000FF
:107B80000123134A136000232360D8F804305BB14B
:107B90001C60C8F8044030E6C8F804308DE6002ABE
:107BA000B6D0FAE600DE61E7C8E9004425E602291E
:107BB0007FF444AF204601210022002318F062F92F
:107BC000044643E700DE0194A2E700BF18530020FB
:107BD000045300200853002010B516F0B7FE054CE2
:107BE000204618F0ABFD204618F09CFDBDE8104083
:107BF00016F0C0BE18530020B2FA82F200B5038816
:107C00005209C3F3441303EB430C84449CF802E091
:107C1000013362F3000E03EB43038CF802E0F9B189
:107C20000A88C2520378DA0613D11A46013303F0E8
:107C30001F0363F304020270028863F3491202F423
:107C40007873202B028004BF6FF3491202805DF825
:107C500004FB0388C3F34413013303F01F03EBE772
:107C6000C152DFE72DE9F04FDFF8C09183B0D9F8BA
:107C700000609DF83440002E01945EDB07460D46FF
:107C80001446984661D04FF0000BDFF8A4A105E040
:107C90000BF1010B5E450AF1200A56D0514606222F
:107CA000204619F0FDF80028F2D11AF8013CAB4249
:107CB000EED1604C4FEA4B1504EB4B1B9BF80730A1
:107CC00023FA07F2D1077CD5072F3AD108EB4803F6
:107CD00005EB430323441A7A4FEA4807D20603F11F
:107CE000080600F089800C9A5AB35278197B4FEA43
:107CF000121CBCEB111F40F08E80DDF830C093F8F1
:107D00000BE09CF800C00902120201F4706102F459
:107D1000706242EA0C0241EA0E01914260D1B378EE
:107D2000DB070ED4019B43B907EB080305EB4303C4
:107D300023449A7A42F001029A72002003B0BDE80F
:107D4000F08F012003B0BDE8F08F4FF0010E062048
:107D50000EFA07FE384F3749D7F800A0D4F800B024
:107D60004FEA4A1303F1010C41F80CB0A4888C448B
:107D7000ACF80440CC18CD5484F807E00833CD5A51
:107D80002E4C10FB08302540CD520B440844D988B6
:107D9000019A2140D980998921409981598A2140AD
:107DA00059820C99FFF728FF0F2EDBBF01363346AF
:107DB0000AF10103C9F80060102B08BF00233B60E3
:107DC000BBE70620012100FB0850B94008300B43F7
:107DD000019A0C9920448BF80730FFF70DFFACE7B0
:107DE0000C9A83F80BC052781A73019B73B9B3785D
:107DF00043F00103B370A0E7062000FB08500830F1
:107E0000019A0C992044FFF7F7FE96E7B37860F3E8
:107E10000003B37091E7062303FB08500830019A72
:107E20000C992044FFF7E8FE87E700BF8453002049
:107E300089530020885300208053002000FCFFFF5E
:107E40002DE9F04F89B007939DF854309DF84CC050
:107E500004939DF958301C9C01939DF95C300C34BF
:107E6000CDF814C00293DDF850C01B9B05460E46AA
:107E70002046022103939DF868709046CDF818C003
:107E8000DDF84890BDF860A0DDF864B017F07BFF26
:107E90004FF03E0E024607F11A0C82F800E082F81D
:107EA00001C00121204617F06EFF0D21024611701E
:107EB00007F119012046C9B217F065FF0122A0F8A9
:107EC0000150027004460CF0A3FC049B984243D876
:107ED000231DB9F1000F33D0079AE270D9F80020C2
:107EE0006260B9F804209A8096FAA6F6B6FA86F689
:107EF000013684F80B80A672BBF1000F35D09BF8D9
:107F000001301B092373019B15F004056373029B69
:107F1000A4F80FA0A37304F1120318D0059A0699D0
:107F200062740A68C4F812208A889A803A460399D3
:107F300004F11900277609B0BDE8F04F18F081BFB1
:107F400084F80390C4F80490A3F80490CCE7657417
:107F5000C4F812509D80E9E71846221DE11C0CF080
:107F600031FCE3780233E370BEE7FF23CAE700BFCA
:107F70002DE9F041194C6468A40004D59046184AD4
:107F80001268120701D4BDE8F08103F10C04054624
:107F90000E462046022117F0F6FE40F63E43012130
:107FA0000380204617F0EFFE042203460B212046F3
:107FB0001A7017F0E8FE0570A0F801803DB97268EC
:107FC000B368C0F80320C0F80730BDE8F08100278F
:107FD000C0F80370C0F80770BDE8F0810800002009
:107FE000000000202DE9F04F0B46594987B00446A8
:107FF00003C90490ADF81410080C56498DF816000A
:10800000496889007ED51546534A1268D20479D54D
:10801000274617F8020B93F8189093F819B0430607
:108020007AD40023C0F380113A46CDE9003300F042
:108030000F00FFF717FE002864D1237803F00F0329
:10804000012B62D094F80180A8F1060A5FFA8AFA3F
:10805000564608F11403DBB208F1130803935FFAE4
:1080600088F80C350221284617F08DFE3E22034683
:108070001A70039A01215A70284617F084FE0D22C7
:10808000034641461A70284617F07DFE012303700F
:108090002378054603F00F0318336B4413F8083CAC
:1080A000A0F801300CF0B4FB58453DD958462A1DC4
:1080B000E91C0CF087FBEB780233EB7001226A813C
:1080C000FF2200232A737F222146C9F1000985F887
:1080D0000E90EB732B746A7311F8082B05F11207DD
:1080E00002F00F00012829D06B74C5F81230BB8054
:1080F000324605F1190085F818A007B0BDE8F04F29
:1081000018F09FBE07B0BDE8F08F1A2306464FF067
:10811000190882460393A4E700213B4608465A46C5
:108120000CF06CFC20787CE72378C3F38013EB70B1
:10813000D4F802306B60BB882B81BFE7C2F3C0125A
:108140006A74A368C5F812308B88BB80D0E700BF83
:10815000E41A020008000020000000202DE9F04F82
:1081600095B014469DF88820289D0E929DF9902088
:1081700013930F92024641F020030C93BDF8943004
:108180009DF878909DF88080BDF89CB0299E2B9F2B
:1081900095F800C00D94109364462A2C28BF2A2419
:1081A000139B12921B781193239B93F900A0269B9B
:1081B00008940793109B0D9906930F9B119ACDE994
:1081C00004A30E9B0C980393219BABEB040BCDE90E
:1081D00001831F9B1FFA8BFB00933B680A93336854
:1081E00009934B46FFF72CFE33680220234433608B
:1081F0002B78614A1B1B2B700023FCF753F90146B7
:108200003860002858D02A9817F0A0FD95F800C0D3
:10821000BCF12A0FCBD8129A6146D268002A45D009
:10822000E34546D9BCF1000F64D17F21239B19702F
:1082300092F822108C0659D092F82310C8074CBF30
:1082400002F12A0002F124008B0748BF06300C0718
:1082500048BF0230CB0607D58178139B490901310D
:10826000197092F8231003308C0648BF12304B0669
:1082700003D510F9011B239B197092F82210C1F34A
:1082800005010131CCB202F12201411AC9B2A14269
:1082900003D2611A50FA81F0214692F821408C42B3
:1082A0000DD800214FF000038C462B708B453FF614
:1082B00073AF15B0BDE8F08F00DE3968A3E730601A
:1082C00092F821C0ACEB010C5FFA8CFCDC456146F6
:1082D00084BF59465FFA8BFC594585F800C0FFF40E
:1082E0005BAFBCF12A0F3FF657AFE2E7012102F185
:1082F0002300D2E7139B129293F800A0239BCDF8A2
:1083000044A093F90040A2466446269B0894079334
:10831000109B0D9906930F9B119ACDE904A30E9B18
:108320000C980393219BABEB040BCDE901831F9BBE
:108330001FFA8BFB00933B680A93336809934B4603
:10834000FFF77EFD33680220234433602B780A4A0E
:108350001B1B2B700023FCF7A5F80146386038B1D1
:108360002A9817F0F3FC2B782A2BCED8129A5CE7C8
:1083700000DE3968F4E700BFB4C404002DE9F04F13
:108380007F2500247B4EA9B077688DF88A508DF840
:108390008B50BD008A46CDE924448DF88C408DF881
:1083A0008D408DF88E408DF88F401F9303D5724B12
:1083B0001B68D90410D4DAF80C4054B1002627AD5C
:1083C00023462794E46828461E60FEF78DFD002CA6
:1083D000F6D129B0BDE8F08F164680461C940CF00B
:1083E00017FADAF80C90D3464F46CDE91544CDE99B
:1083F0001D441490119413941A94129417941B947E
:1084000020969BF8193098F802500F939BF818307B
:108410009BF81A90199315F03F064FEA9513C9F38C
:108420004000C9F34012189300F0708198F80330AF
:1084300008F1040413F0010600F08281DA4500F02F
:10844000EF81DAF80C10594500F0EA8100210E4660
:10845000109113F0020108F10A0400F07681DA4568
:1084600000F0BA81DAF80C10594500F0B5814FF0F0
:10847000000C614606345A0748BF013413F0080265
:108480001CBF2246023413F010000E9013D0DAF80D
:108490000C0058450E9000F0C981DA4500F0CD81FE
:1084A00094F802E0BEF15F0F4FEA5E1000F2C8815F
:1084B00001300E900334980602D5608812341A9069
:1084C0005B0648BF14F9010BC5F3050508F102036B
:1084D00005F10105A4EB0303EDB2DBB258BF7F2029
:1084E000AB4206D8A5EB030E1EF0FF0E1CBF2B46B9
:1084F000744498F80150AB4240D2EB1ADBB21D46EF
:10850000DDF858E075441F2D40DCDA4500F01F818E
:1085100019F0100F40F00481DDF890E0119A139DDE
:10852000002A08BF35461395109D18BF1546129AAC
:108530001195002A159D04BF62460D4612921595AD
:10854000BEF1000F00F03E81179A1A4493B21793C0
:108550000CF05EF9149A0F991346824228BF0B461D
:108560001493002F00F00F81BB4607F12008FF682D
:1085700047E700BF08000020000000200024254637
:10858000DDF858E0234675441F2DBEDD249F209E54
:10859000002F00F0AE810227119B002B00F0948188
:1085A00000241B9B07200093119A1C9B1399019494
:1085B000FFF758FB002840F0A2816401E4B2129B4F
:1085C0001BB11C9B43F004031C93199B169A5B423E
:1085D0005DB29DF88E3026969342C0F04E812A2BD4
:1085E00000F24B8132461C99089321430C461B9B99
:1085F0000A9207931A9B2046CDE90553149B1F99B5
:108600000393129B9DF88F200293159B0193119B5E
:108610000093259B09939DF98B300493139BFFF7DF
:108620000FFCDDF89080B8F1000F00F051810220BE
:108630000023A64AFBF736FF04F09F04804644F06F
:1086400008042690002800F06B814146304617F060
:108650007DFB9DF88C30179A934201D32A2B25D9A4
:10866000179B214609931B9B1E9808931A9B1F9AE0
:10867000CDE90653149B0C960493129B0393159B10
:108680000293119B0193139B009326AB0D9324AB94
:108690000B9323AB0A930DF18A0305930DF18D0320
:1086A000FFF75CFD9DF88C30DDF8988008931B9BEC
:1086B000249A07931A9B0992CDE90553149B9DF9BF
:1086C0008A200393129B44EA47100293159B04925D
:1086D0000193119B1F9900939DF88D20139BCDF85A
:1086E0002880FFF7ADFBDAF80C40002C3FF471AEA8
:1086F000002627AD23462794E46828461E60FEF72F
:10870000F3FB002CF6D129B0BDE8F08F31460123F0
:10871000B44632467F200E96109608F10304E8E630
:108720000E9A002A56D19DF88F50A6468DF88D508E
:108730008DF88C3024948DF88A00CDF878B0EDE671
:1087400013F0020110967FF48AAE8C4693E60F9BDD
:10875000CDE912C61493189B8DF88B001C93109BC7
:10876000159111930E9B1B928DF88F304FF00003E3
:108770008DF88E300023CDF874A0259316931793AF
:10878000002F7FF4F1AE0E9B249A003B18BF01230B
:10879000B946209E5F00002A7FF4FEAE119B002B9D
:1087A00040F0D780002F00F0D7801B9B002B00F0FB
:1087B000BF809DF98B307F2B00F0B68000274024CE
:1087C0001197FCE6259900294BD0169A1A4493B2CA
:1087D0001693BDE60E9DA8E700284BD1DAF80800F5
:1087E000016891F86210C1F381010E9182B190F895
:1087F000282098F80010C2F38012B2EBD11F0AD1E2
:10880000062221463630219318F04AFB219B10B9ED
:10881000A4460E992EE60E9AA44642F0020129E6DD
:1088200098F800601094C6F3801612E6A809002894
:108830003FF433AE00200E903CE6002F7FF430AEC4
:108840000E9800283FF4C5AD0024064627AD3346F8
:108850002796F66828461C60FEF746FB002EF6D1E8
:10886000B7E525948DF88B00CDF874B08DF88E3077
:1088700016936DE6A446FE21FCE5169B1F9A09930C
:108880001B9B1D9808931A9B1C99CDE90653149BBA
:108890000C960493129B0393159B0293119B0193D7
:1088A000139B009326AB0D9325AB0B930DF18E0319
:1088B0000A930DF18B0305930DF18F03FFF74EFC27
:1088C0009DF88E30269A8EE61C4678E6B4C40400E5
:1088D000DAF80C40002C3FF47CAD464627AD234629
:1088E0002794E46828461E60FEF7FEFA002CF6D1B5
:1088F0006FE5119B002B3FF458AF022451E6DAF8E4
:108900000C40002C3FF465AD002627AD234627948C
:10891000E46828461E60FEF7E7FA002CF6D158E519
:1089200000DEDDF8988090E6259B002B7FF446AFB3
:10893000DAF80C40002C3FF44CAD002627AD23465E
:108940002794E46828461E60FEF7CEFA002CF6D184
:108950003FE53C464F4624E6119C30E670B505469F
:10896000022002F0CBFE044660B1074B01211888BB
:1089700017F08BFA012106460C3017F004FA0C238D
:1089800003702E60204670BDD080002070B5054673
:10899000012002F0B3FE044660B1074B01211888A4
:1089A00017F073FA012106460C3017F0ECF90C238E
:1089B00003702E60204670BDD08000202DE9F0416C
:1089C0000138144686B0112813D8DFE810F02C00C7
:1089D00047005D00120012006F0012008100A0002D
:1089E000B300120012001200C500E30012001200D2
:1089F00017006FF0150006B0BDE8F081CB68DA789B
:108A0000997818880BF034F86F4B064601211888C6
:108A100017F03BFA012105460C3017F0B4F9067047
:108A200025600020E7E7684B0D21188817F02DFA24
:108A30000D2120600C3017F0A6F900234FF480615F
:108A40000322624C0370C0F80140A0F80510C27107
:108A5000037243728372C3720373E2E75A4B41217C
:108A6000188817F012FA412120600C3017F08BF9AA
:108A7000002104463E2200F8031B18F009FA46F2D2
:108A8000A733A4F80130CCE74F4B0921188817F021
:108A9000FCF9092120600C3017F075F9002203461B
:108AA00003F8012BC0F801205A60BAE7C96800201A
:108AB000FDF7BEFC444B0121188817F0E6F90121AF
:108AC00005460C3017F05FF9002303702560A8E716
:108AD0003F4E01AD0FCE0FC53B4F33681221388892
:108AE0002B7017F0D2F9122120600C3017F04BF9DF
:108AF0000023044606462F7804F8013B01AD0FCD54
:108B0000C6F801006160A260E360277489E72E4B1C
:108B10001821188817F0B9F9182120600C3017F0C7
:108B200032F900230446012100F8023B11F0FAFD5E
:108B3000607076E7244B2121188817F0A6F92121CF
:108B400020600C3017F01FF900230146013001F8B6
:108B5000113B11F037FE64E71B4BCD6818880521E7
:108B60002E78B5F8017017F090F9052120600C30CF
:108B700017F009F90446224695F903301FFA87F8E1
:108B80004146304602F8043FFDF714FC66706780EA
:108B9000207046E7CB6805211E78B3F801500A4BD8
:108BA000AFB2188817F071F9052120600C3017F06A
:108BB000EAF80446394600223046231DFDF7D2FB71
:108BC0006670658020702CE7D080002002000500D0
:108BD000EC1A020000232DE9F04F97B01193038A9D
:108BE000022B35D905460E460C30032117F0EAF862
:108BF0002A8A83789A422BD30088D04CC0F38523ED
:108C0000082B1FFA80FC2080C0F309070DD8C3B1E0
:108C1000013B072B15D8DFE813F0200014002C00CF
:108C20007701A901140014007A003F2B09D12946CD
:108C3000384611AAFFF7C2FE163041F07A81B4F827
:108C400000C00121604617B0BDE8F04F17F02FB902
:108C50000025284617B0BDE8F08F062F01F04281AD
:108C60001D2FEED1EB68188806F042F801462088E7
:108C7000E9E7352F00F2B2812C2F00F29581012F08
:108C800000F0DE81032FDCD14FF0FF31AC4A1F2012
:108C900011600021AB4A4FF0FF3641F6FF77C2E981
:108CA000000100200021A84B0025C3E90067A74B65
:108CB000A74FC3E90001FDF737FF0121208817F016
:108CC000E4F8012104460C3017F05DF80346A14A90
:108CD0001194A14EA14C1D70156029462022A04878
:108CE0003D603560256018F0D3F89E4BD3E8EF1F48
:108CF00041F00101C3E8E21F002AF7D19A4B18683E
:108D0000294616F011FAFEF767FF119DA1E7781EBC
:108D10007A2896D801A353F820F000BF1F990000CD
:108D200099980000D1980000438C00002F98000013
:108D30007198000053980000BD9800001B98000037
:108D400005980000F1970000C79700002F970000DA
:108D50000D970000EB960000CB960000A99600004E
:108D6000879600006396000041960000159600006B
:108D700005960000C9950000A79500008D9500009C
:108D80005F950000319500000F950000DD94000014
:108D9000A59400007B9400003D940000079400001F
:108DA000438C0000438C0000438C0000438C000087
:108DB000438C0000BD9E00009B9E00005B9D000058
:108DC000399D00004B9B0000179B0000F39A0000A8
:108DD000D19A0000438C0000EB9D0000B39D000081
:108DE000459E0000E79B00007B9D0000B9990000B4
:108DF0009199000045990000ED9C00007B9C0000CB
:108E0000D39B0000BF9B0000399C0000199C000010
:108E1000438C0000438C0000438C00004F9A0000FC
:108E2000FD990000E9920000438C0000438C000093
:108E3000438C0000438C0000438C0000438C0000F6
:108E4000438C0000A1920000438C0000438C000082
:108E50007F920000459200007F9B0000438C000041
:108E6000438C0000438C0000438C0000438C0000C6
:108E7000438C0000438C0000438C0000438C0000B6
:108E8000438C0000438C0000438C0000438C0000A6
:108E9000438C0000438C0000438C0000438C000096
:108EA000438C0000438C0000438C0000438C000086
:108EB000438C0000438C0000438C0000438C000076
:108EC000438C0000438C0000438C0000438C000066
:108ED000438C0000438C0000438C0000438C000056
:108EE000438C0000438C0000438C0000438C000046
:108EF000438C0000438C0000438C0000438C000036
:108F0000438C0000C7930000781E08283FF699AEF6
:108F100001A353F820F000BF01910000AB900000C6
:108F200085900000438C0000438C0000438C0000BF
:108F3000438C0000438C000065900000D08000202E
:108F4000845300200000002008000020900500202D
:108F50007C53002048530020785300207453002095
:108F600054530020505300204C530020052F7FF411
:108F700068AEEB68604604211E8816F086FF042167
:108F800005460C3016F0FFFE0446B7B23846E11C29
:108F900005F042FFA4F80160207000284DD1E3786D
:108FA0005B425BB2E37054E6A7F12D0008283FF660
:108FB00048AE01A353F820F06B910000438C0000F1
:108FC000438C0000438C00002B910000438C000078
:108FD0000D920000438C00009D9100007B2F00F05B
:108FE0008A877C2F14D1EB681E885988B0B205F0AF
:108FF00067FF0346032120881C4616F046FF032125
:1090000005460C3016F0BFFE0470A0F8016020E6A3
:10901000632F7FF416AEEA68AA4B11685268196094
:10902000604601215A6016F030FF012105460C30E0
:1090300016F0A9FE002303700BE67F23E37008E619
:10904000EA68A14B116852681960604639465A6057
:1090500016F01BFF394605460C3016F094FE00232F
:109060000370F6E56046072116F00FFF072105465D
:109070000C3016F088FE0146002001F8010BFDF7C8
:109080000DFAE6E50921604616F0FFFE09210546C6
:109090000C3016F078FE00220346602103F8012B05
:1090A000C0F801205A604171D3E56046412116F0B5
:1090B000ECFE412105460C3016F065FE0021044609
:1090C0003F2200F8021B17F0E3FE8021C022E423B8
:1090D00042F22820E170A27104212022E3720123D0
:1090E000A4F80F007948E175C4F81A007848627056
:1090F000C4F82100774884F82E30C4F82500A8E58C
:109100000921604616F0C1FE092105460C3016F013
:109110003AFE00234FF450610D226F4C0180C0F8DD
:1091200005408370C370027193E5EB6801216046CE
:109130001E7816F0AAFE0546684C01210C301195E8
:1091400016F021FE2368002B00F0EF86644B1B68AD
:10915000002B40F0EA860370002E00F01B87012EE2
:1091600000F02A871223037073E5EB686046042140
:109170001E8893F8028016F088FE042105460C3004
:1091800016F001FE0446B7B2424639460220E31CFF
:10919000FDF7E8F8A4F8016020705AE54F4BED6840
:1091A0001B68002B40F3E9864D4B1B68002B00F039
:1091B000D7862C78002C00F0C7860020494E044644
:1091C00003460CE036F811309A42A3EB020311D8A3
:1091D00026F811302A78C3B29A4240F2B58605EBE0
:1091E0008303B3F80110B3F803200F2900F1010045
:1091F0001444E7D90121604616F047FE01210546D7
:109200000C3016F0C0FD1223037022E5EB6801213B
:109210006046B3F803401E8816F037FE054601216C
:109220000C30119516F0AFFD2C4A1368002B40F05E
:1092300083861A2E40F284860A2C28BF0A246442B0
:10924000146006E5ED682E4616F8070BAA78EB7851
:1092500069780396AE7902966E7901962D7900951C
:1092600011F0E2F90346012120881C4616F00DFE9C
:10927000012105460C3016F086FD0470E9E4E8682B
:10928000C1790BF0AFFC0346012120881C4616F083
:10929000FCFD012105460C3016F075FD0470D8E484
:1092A0006046032116F0F1FD032105460C3016F04F
:1092B0006AFD00230146013001F8023BFDF7AEF8DC
:1092C000C7E400BF9005002008000020F7FFFF7FE3
:1092D0003030F8F7FFE3801CF105FFFF7C530020DE
:1092E00048530020545300200220ED6802F006FA93
:1092F000002841F01B806F7A17F0050F07F0FD087A
:1093000001F0108018F0F80F41F00C804FF00209C6
:1093100005262B780C936B780D93AB780E93EB1C92
:109320000F930A3596FAA6F30122B3FA83F302FAF1
:1093300003F3DAB213EA080301F02C802888698865
:109340000328B5F806C0B5F808E0B5F80AA040F261
:10935000F187032940F2EE8740F67A4BACF1060321
:109360009BB25B4500F2E687BEF5FA7F80F0E287AC
:1093700040F6764BAAF10A039BB25B4500F2DA870E
:109380000EF101039BB20CFB03F3B3EB8A0F80F2E7
:10939000D1870D9BCDE904A201930F9BCDE902CEAD
:1093A00000930C9A0E9B1035F9F7E2FB002840F071
:1093B0000682731EB9F1010F06EA030640F0A18789
:1093C00007F00400F9E1ED68AE79EF1DA91991F9F4
:1093D00007C0AA78EB7869782878CDE9037C0296F3
:1093E0006E7901962D79009511F066F803460121FA
:1093F00020881C4616F049FD012105460C3016F068
:10940000C2FC047025E40023EA68022116889278E1
:10941000B0B2CDE90233CDE9003305F099FB034644
:10942000032120881C4616F030FD032105460C3030
:1094300016F0A9FC0470A0F801600AE40022ED68AF
:1094400002212E886B8803922F89B0B20297EF8891
:109450000197AD88009505F07BFB0346032120882A
:109460001C4616F012FD032105460C3016F08BFC4D
:109470000470A0F80160FFF7ECBB12A811F014F91A
:109480000346032120881C4616F0FFFC03210546F5
:109490000C3016F078FC0470BDF84820A0F80120CC
:1094A000FFF7D7BBEB687F259A78597818780023A7
:1094B000CDE90335CDE901330093012310F0FCFF22
:1094C0000346012120881C4616F0DFFC01210546D9
:1094D0000C3016F058FC0470FFF7BBBB0023EA68A1
:1094E000012110781A46CDE90233CDE9003311F09D
:1094F0009BF80346012120881C4616F0C6FC01217A
:1095000005460C3016F03FFC0470FFF7A2BB0921A2
:10951000604616F0BAFC092105460C3016F033FC03
:109520000022D14CD149046041600272FFF791BB27
:10953000EB6800221E880621B0B20AF087FA0346C3
:10954000032120881C4616F0A0FC032105460C30A0
:1095500016F019FC0470A0F80160FFF77ABBEA6806
:10956000002132F8026BB0B20AF070FA0346032110
:1095700020881C4616F089FC032105460C3016F0A5
:1095800002FC0470A0F80160FFF763BBE96801F119
:109590000C0301F10A0231F8020B0AF06BFB0146E1
:1095A0002088FFF750BB6046092116F06EFC0921A8
:1095B00005460C3016F0E7FB0023082100F8013BBC
:1095C0000CF03CFAFFF745BBE968002312AA0846F5
:1095D000103112F003FD1121208816F056FC1121E4
:1095E00005460C3016F0CFFB00230646074606F86A
:1095F000013B12AC0FCCC7F801007160B260F360A0
:10960000FFF727BBEB68188805F04CFB0146208864
:10961000FFF719BBEB68604608211E8816F035FC81
:10962000082105460C3016F0AEFB0446B7B23846AA
:10963000E11C05F0D7FAA4F801602070FFF709BB20
:10964000E8680AF035FE0346012120881C4616F022
:109650001CFC012105460C3016F095FB0470FFF749
:10966000F8BA0022E9684B88088803920D890295B0
:10967000CD88019589880091114605F069FA014667
:109680002088FFF7E0BAE8680BF04CF803460121A8
:1096900020881C4616F0F9FB012105460C3016F017
:1096A00072FB0470FFF7D5BAE8680AF0A5FF03461D
:1096B000012120881C4616F0E8FB012105460C30EC
:1096C00016F061FB0470FFF7C4BA0AF06BFF0346A3
:1096D000012120881C4616F0D8FB012105460C30DC
:1096E00016F051FB0470FFF7B4BA6046022116F081
:1096F000CCFB022105460C3016F045FB002303701D
:1097000004460AF04DFF6070FFF7A3BA30460AF036
:1097100065FA0346012120881C4616F0B6FB01219C
:1097200005460C3016F02FFB0470FFF792BA0120AB
:10973000ED6801F0E3FF0646002840F0F78543F6A8
:10974000FC7228886988031F9BB29342B5F80F709A
:10975000B5F811C0B5F813E000F2EC850B1F9BB211
:10976000934200F2E78540F67A42BB1F9BB29342D8
:1097700000F2E085BCF5FA7F80F0DC8540F67642A9
:10978000AEF10A039BB2934200F2D4850CF10103BF
:109790009BB207FB03F3B3EB8E0F80F2CB856B79A3
:1097A0002A79CDE904E6CDE9027C2E7B06350196C7
:1097B0000095F9F7DDF9014610B90AF0D1F9014633
:1097C0002088FFF740BA0120ED6801F097FF0346BB
:1097D000002800F0C8840121208816F056FB0121E2
:1097E00005460C3016F0CFFA0C230370FFF731BAA0
:1097F00011A8ED68FFF7CAF8002800F0D184119D88
:10980000FFF727BA11A8ED68FFF7C0F80346002854
:1098100000F0E184119DFFF71CBA11A8ED68FFF775
:10982000B5F8002800F0FA84119DFFF712BAE96834
:109830000120FCF7FDFD0346012120881C4616F09F
:1098400024FB012105460C3016F09DFA0470FFF749
:1098500000BA11A8FFF79AF80646002800F0148510
:10986000119DFFF7F6B900BF00FFFF3FFFFF0300A8
:109870000120ED6801F042FF002800F0438401213F
:10988000208816F002FB012105460C3016F07BFA09
:109890000C230370FFF7DDB90421604616F0F5FADA
:1098A000042105460C3016F06EFA1B240022072115
:1098B000027044708270C170FFF7CBB911A8ED68D7
:1098C000FFF764F8002800F0BC84119DFFF7C1B9D0
:1098D0006046092116F0D9FA092105460C3016F028
:1098E00052FA0024034603F8014BC0F801405C60C3
:1098F0000646FCF731FD23460A4661F30703C1F330
:109900000721120C61F30F2362F31743120A62F36B
:109910001F63C6F80100C6F80530FFF79AB9EA6878
:10992000C24B116852681960604601215A6016F0F6
:10993000ACFA012105460C3016F025FA002202701F
:10994000FFF787B911A8ED68FFF708F8002840F085
:109950005F83287812A901F0F7FE0646002840F040
:109960004C83AA78EB786978043500959DF8480017
:1099700003F0A2FB0346012120881C4616F085FA5D
:10998000012105460C3016F0FEF90470FFF761B9AD
:109990000220ED6801F0B2FE002800F03C830121B6
:1099A000208816F072FA012105460C3016F0EBF90A
:1099B0000C230370FFF74DB911A8EE68FEF7CEFF38
:1099C000002840F00983307812A901F0BDFE054659
:1099D000002840F0F682711C9DF8480002F03AFD24
:1099E0000346012120881C4616F04FFA0121054646
:1099F0000C3016F0C8F90470FFF72BB911A8ED6808
:109A0000FEF7ACFF0346002840F0C1842878002808
:109A100000F036846A78002A00F03284844A1360A9
:109A2000844A1360AA88698804F06AFA034601210F
:109A30000C2B20881C4608BF002416F026FA0121B2
:109A400005460C3016F09FF90470FFF702B911A813
:109A5000ED68FEF783FF002840F09384AF7817F09D
:109A6000050F00F0818417F0FA0F40F07D844FF06D
:109A7000020805264FF001096B7895F800B00C93A9
:109A8000033596FAA6F2B2FA82F209FA02F2D2B2DB
:109A900050003A40C0B200F051842B78B5F8011064
:109AA00003F00103B5F80320184305350C9B009320
:109AB0005B46F7F7FDFD731E82461E40002840F00E
:109AC0001084B8F1010F00F00C844FF00108D8E7C2
:109AD000EB6818880BF07CF80121208816F0D5F986
:109AE000012105460C3016F04EF900220270FFF7F6
:109AF000B0B8EB6818780BF053F8034601212088C2
:109B00001C4616F0C2F9012105460C3016F03BF94F
:109B10000470FFF79EB8EB680721186812909A88C6
:109B20009B796046ADF84C208DF84E3016F0ADF9BB
:109B3000072105460C3016F026F9044612A8611CD0
:109B40000AF0FCFF2070FFF784B8EB680721186863
:109B500012909A889B796046ADF84C208DF84E3073
:109B600016F093F9072105460C3016F00CF904465F
:109B700012A8611C0AF0A4FF2070FFF76AB8ED6814
:109B80007F272E4616F8070BAA78EB786978CDE97F
:109B90000367AE7902966E7901962D79009510F0E3
:109BA0008BFC0346012120881C4616F06EF901212A
:109BB00005460C3016F0E7F80470FFF74AB811A814
:109BC000FEF7CCFE0646002800F07B83119DFFF7D0
:109BD00040B811A8FEF7C2FE0646002800F00D832B
:109BE000119DFFF736B8EB689A78597818780023FA
:109BF000CDE90233CDE9003310F016FD0346012113
:109C000020881C4616F041F9012105460C3016F05B
:109C1000BAF80470FFF71DB811A8FEF79FFE0028E0
:109C200000F03F83119DFFF714B800BF0000002033
:109C3000805300208453002011A8ED68FEF78EFEAB
:109C4000002840F0D781287812A901F07DFD054653
:109C5000002840F0C4819DF8480002F00FFC034644
:109C6000012120881C4616F010F9012105460C3010
:109C700016F089F80470FEF7ECBF11A8ED68FEF746
:109C80006DFE80BB6F78002F00F05B832E4607F1DE
:109C9000FF38A7F1020E05F1040C804540F3BA83AA
:109CA000C3B25A1CD2B2974240F26E83AEEB0302AB
:109CB00050FA82F2334696F802900CEB820202E0F0
:109CC0009A4200F06183997904334945F8D1012122
:109CD000208816F0DAF8012104460C3016F053F80B
:109CE000122311940370119DFEF7B3BF11A8ED6804
:109CF000FEF734FE002840F00282287812A901F015
:109D000023FD0646002840F0EF81AA78EB786978B9
:109D1000043500959DF8480003F09EFC03460121A0
:109D200020881C4616F0B1F8012105460C3016F0CB
:109D30002AF80470FEF78DBF6046022116F0A5F8E0
:109D4000022105460C3016F01EF804460AF060FDAC
:109D5000002360702370FEF77CBF0AF05BFD0346B2
:109D6000012120881C4616F090F8012105460C3090
:109D700016F009F80470FEF76CBFE8687F2600252E
:109D80008278C37841780078CDE90356CDE9015552
:109D9000009510F091FB0346012120881C4616F027
:109DA00074F8012105460C3015F0EDFF0470FEF744
:109DB00050BFEB681A78D00744BF0721597091074C
:109DC00044BF07229A709978587804F0D9FF034667
:109DD000012120881C4616F058F8012105460C3058
:109DE00015F0D1FF0470FEF734BFEB686046052123
:109DF0001E8816F04AF8052105460C3015F0C3FF01
:109E00000446B7B2221DE11C384604F095FFE37802
:109E10002179002B93FAA3F391FAA1F2B3FA83F319
:109E200008BF4FF0FF330029B2FA82F208BF4FF0AB
:109E3000FF3201330132A4F801602070E370227117
:109E4000FEF707BFEB6899781888CA07B3F8055082
:109E500003D5DA7842F00702DA708F0703D51A7952
:109E600042F007021A71D9781B7941EA0302072AE6
:109E700000F29A824E0700F041825A0700F03E82BB
:109E800015F003021CBF05F1FF3505F0010204F0D7
:109E900083FF01462088FEF7D6BEE8680AF0FEFC84
:109EA0000346012120881C4615F0EFFF01210546DD
:109EB0000C3015F068FF0470FEF7CBBEE86800F1C7
:109EC0001702C11D0BF07EF90346012120881C46B4
:109ED00015F0DBFF012105460C3015F054FF04702E
:109EE000FEF7B7BEEB689978188804F0A1FE01462A
:109EF0002088FEF7A8BEEB6812A91E88B0B204F055
:109F0000A7FF0346052120881C4615F0BEFF05214A
:109F100005460C3015F037FF0470A0F80160BDF85D
:109F20004830A0F80330FEF794BE0C230370FEF710
:109F300090BE119DFEF78DBE0C230370FEF789BE07
:109F400012230370FEF785BEC74AC8491368086824
:109F500023441360002115F0E7F8119DFEF779BE48
:109F60000121604615F091FF012105460C3015F0E6
:109F70000AFF12230370FEF76CBE0121604615F044
:109F800084FF012105460C3015F0FDFE0C23037003
:109F9000FEF75FBE2368002BFEF65BAE0021B24BDE
:109FA000B34E2022B3481960316016F071FF236868
:109FB0005B422360FEF74DBE2368002BEEDDFEF70B
:109FC00048BE0121208815F060FF012104460C30B5
:109FD00015F0D9FE11940570119DFEF73ABE0121CE
:109FE000208815F052FF012104460C3015F0CBFEFD
:109FF00011940570119DFEF72CBE0121208815F0EB
:10A0000044FF012104460C3015F0BDFE119406708A
:10A01000119DFEF71EBE2878EF2800F2D581B5F815
:10A0200001806B79B5F8036008F01801182946EA39
:10A0300003462A7AEB880BD043EA02439E4200F2A1
:10A04000B6811F2E40F2B381B3F5804F00F2AF818D
:10A050002B7D032B00F2C581AB7D032B00F2C18168
:10A0600012A901F083FB0746002840F0C7810127B1
:10A07000EB7C32468DF843302B7E0DF1430E0A9374
:10A08000EB7D05F10C0C0993AE7D4146013E07FACC
:10A0900006F6F6B208966E7D072307962E7DCDF85C
:10A0A00014E0013E07FA06F6F6B20696AE7C9DF87D
:10A0B000480004966E7ACDE902C6EE7A0196AD7A32
:10A0C000009501F077FB0346022120881C4615F01D
:10A0D000DCFE022105460C3015F055FE04709DF89B
:10A0E00043204270FEF7B5BD0121208815F0CDFE5A
:10A0F000012104460C3015F046FE11940670119DA6
:10A10000FEF7A7BD2B792A88012B0AD069888A42DD
:10A1100000F2FB801F2A40F2F880B1F5804F00F278
:10A12000F4800021CDE90911CDE90711CDE9051130
:10A13000A87BEE1D0490687BCDE90260A8790190B0
:10A1400068790090084601F035FB0346012120881C
:10A150001C4615F09AFE012105460C3015F013FE41
:10A160000470FEF776BD287890B36A7882B3424ACD
:10A170001360002241490B60114603F0C1FE034603
:10A1800001210C2B20881C4608BF002415F07DFE01
:10A19000012105460C3015F0F6FD0470FEF759BD9F
:10A1A000B5F803206B79B5F801102878AD790095E2
:10A1B000F7F77EFA0346012120881C4615F065FE5C
:10A1C000012105460C3015F0DEFD0470FEF741BD9F
:10A1D0004FF0FF33CDE702462978F6F7B9FA034688
:10A1E000012120881C4615F050FE012105460C3047
:10A1F00015F0C9FD0470FEF72CBD0321208815F071
:10A2000044FE032105460C3015F0BDFD044602F066
:10A2100031F92670A4F80100FEF71BBD2A4612F89A
:10A22000011B02F065F80346012120881C4615F049
:10A230002CFE012105460C3015F0A5FD0470FEF73B
:10A2400008BD2A4612F8011B01F0E4FF0346012174
:10A2500020881C4615F019FE012105460C3015F02A
:10A2600092FD0470FEF7F5BC745300204C5300209F
:10A270007853002054530020805300208453002042
:10A280004FF0FF33FFF7CCBB0221208815F0FDFD16
:10A29000022105460C3015F076FD06704670FEF77B
:10A2A000D8BC02F019F90346012120881C4615F09C
:10A2B000ECFD012105460C3015F065FD0470FEF73C
:10A2C000C8BC0221208815F0E0FD022105460C30B3
:10A2D00015F059FD044602F0CFF826706070FEF7C5
:10A2E000B8BC0121208815F0D0FD012105460C30B5
:10A2F00015F049FD80F800A0FEF7ABBC1221FEF777
:10A30000A1BC4FF00109FFF70DB80121208815F01D
:10A31000BCFD012105460C3015F035FD12230370FC
:10A32000FEF797BC11212088FEF78DBC0C212088F8
:10A33000FEF789BC12212088FEF785BC1146FFF785
:10A34000B5BB2B78002B7FF4C2AC01F025FD0121B9
:10A350000546208815F099FD012104460C3015F0C2
:10A3600012FD11940570BEE40121208815F08DFDC9
:10A37000012105460C3015F006FD11230370FEF790
:10A3800068BC119DFEF765BC0130043685E4119D63
:10A39000FEF75FBC52001946009302F0FE001A4619
:10A3A000F7F786F9FFF702B81121FEF74BBC012140
:10A3B000208815F06AFD012105460C3015F0E3FCFC
:10A3C00011230370FEF745BC0121208815F05DFDC7
:10A3D000012105460C3015F0D6FC12230370FEF760
:10A3E00038BC0121208815F050FD012105460C30B4
:10A3F00015F0C9FC11230370FEF72BBC0121208846
:10A4000015F043FD012105460C3015F0BCFC07702A
:10A41000FEF71FBC05F1020811E098F80330B8F808
:10A42000012029789DF84800F6F792F908F1040810
:10A4300006467B1E58B913F0FF0608D0374698F839
:10A44000000012A901F080F906460028E5D001219C
:10A45000208815F01AFD012105460C3015F093FCFB
:10A460000670FEF7F6BB00BF2DE9F84300230B6032
:10A47000038A032B2ED9054688460C30042115F09B
:10A48000A1FC2B8A4788B0F80090BB4222D31B2F37
:10A4900020D804F077FA4FEA193633460446F8B16B
:10A4A0009B0817D1D6B1012E14D12379677166F3B9
:10A4B00001032371E9683A46E01D16F0C2FC21460B
:10A4C000C9F30B0004F06AFA08B9BDE8F883204626
:10A4D00004F05EFA6FF01500BDE8F8830226E4E7A9
:10A4E0000F4B1B689B0117D54FF0FF324FF0FF3326
:10A4F0000220F9F7D7FF0221C8F800000C3015F050
:10A5000042FC4FF48D730380D8F8000001210C3019
:10A5100015F039FC012303706FF06800D5E700BF28
:10A5200008000020F8B50E4B1B68DB0600D4F8BD10
:10A5300002F10C0407460D462046022115F023FCCB
:10A5400040F20542034604211A80204615F01BFC08
:10A550000026A0F8015006703A78C270F8BD00BF1E
:10A560000800002070B590F82030C68803F003037F
:10A57000013B012B01D900DE70BD01F10C05044641
:10A580000421284615F0FFFB034694F8202002F032
:10A590000302022A0CBF46F4005246F480520280A5
:10A5A00094F8212028465A8094F8211015F0EBFBEE
:10A5B00094F8212004F1230116F043FC0D4B1A6896
:10A5C000002AD9DD0C480D4903680968591A9142DF
:10A5D0000AD201330F2E036009D8094A32F8163027
:10A5E000013322F8163070BD00DE0368F1E700DEAB
:10A5F000F3E700BF7C530020785300207453002001
:10A60000545300202DE9F04F03790446032B0D46E7
:10A61000C68889B000F120071DD0053B182B30D823
:10A62000DFE813F0330091027E02A4022F002F0016
:10A630005D022F002F002F002F002F002F00A901F7
:10A640002F002F002F0068010601EF002E021702D5
:10A650000302E001B30090F82330033B0E2B10D827
:10A66000DFE813F0C6020F000F00EF02B8020F0080
:10A6700045030F000F00080328030F0090020F008E
:10A68000100000DE09B0BDE8F08FD04B077E93E8E4
:10A6900003000B0C8DF81E3094F82030A67E7F420C
:10A6A000ADF81C10590694F8198006907FB2C6F3D5
:10A6B000400600F13983C64B5B6803F00053002E5F
:10A6C00040F06783002BDDD0C24B1B689B07D9D5B8
:10A6D000CDE9006694F8200004F1220BC0F380114C
:10A6E00033465A4600F00F00FDF7BCFA0028C9D1E6
:10A6F00094F8203003F00F03012B00F0068494F847
:10A700002130A3F1060A5FFA8AFA56469A1D0533EC
:10A71000DBB25FFA82F905930C350221284615F069
:10A7200032FB3E22034601211A70284683F801902D
:10A7300015F029FB0222034605991A70284615F0E8
:10A7400022FB0123037094F82030054603F00F0329
:10A7500020336B4413F8083C43700AF059F88045E5
:10A7600080F0C5834046EA1CA91C0AF02BF8AB78A0
:10A770000233AB7085F809A00A353246284604F149
:10A78000280116F05EFBAF557CE7914B5B689800A3
:10A790007FF578AF8F4B1B6819057FF573AF0C35CC
:10A7A0000221284615F0EFFA40F23E6203460121ED
:10A7B0001A80284615F0E7FA0C22034605211A7084
:10A7C000284615F0E0FA94F82030A0F801600370F4
:10A7D00094F8212092FAA2F3002AB3FA83F308BF77
:10A7E0004FF0FF330133C37094F8222092FAA2F3A2
:10A7F000002AB3FA83F308BF4FF0FF33013303712C
:10A8000040E70A4638463146FFF78CFE0F2E3FF6EA
:10A8100039AF00207049714A0C6832F8163022F8BE
:10A82000160023440B606E490B68013B0B6029E75F
:10A83000F80700F15A8394F82070002F00F07C8212
:10A84000634B5B6899007FF51DAF40F20122614BBD
:10A850001B68134203F400783FF414AF0C35002F4B
:10A8600040F074825E4A136801331360B8F1000F40
:10A8700000F0EA820221284615F085FA41F63E737F
:10A8800001210380284615F07EFA0A2203461E2184
:10A890001A70284615F077FA0770A0F8016094F84E
:10A8A0002130C37094F822300371D4F82330C0F8FB
:10A8B0000530B4F82730A0F80930D4F82F30C0F8AC
:10A8C0000B30B4F83330A0F80F30D4F82930C0F88A
:10A8D0001130B4F82D30A0F81530E38EA0F8173001
:10A8E000238FA0F81930638FA0F81B3094F83C3008
:10A8F0004377C7E6364B5B689B0040F1FD81354BE3
:10A900001B685F0340F1F8810C350221284615F0E1
:10A910003AFA40F63E12034601211A80284615F005
:10A9200032FA1322034608211A70284615F02BFA32
:10A930000546A07900F02EFF287094F8203004F12D
:10A940002207C3F380136B70D4F8223005F102089C
:10A95000C5F80230E38CEB80667E09F059FF864231
:10A9600080F0658242463046691C09F02BFF6B7807
:10A9700002336B7086E6164B5B6899007FF582AEFA
:10A98000144B1B689A037FF57DAE0C3502212846D7
:10A9900015F0F9F940F23E62034601211A8028467B
:10A9A00015F0F1F91222034605211A70284615F018
:10A9B000EAF9237A05460370A07900F0EBFE68708F
:10A9C00063896B80637A2B715CE600BF001A02001A
:10A9D0000800002000000020745300205453002081
:10A9E00048530020CD4B5B689B007FF54BAECC4BB2
:10A9F0001B681F037FF546AE0C350221284615F073
:10AA0000C2F940F23E42034601211A80284615F061
:10AA1000BAF91422034603211A70284615F0B3F937
:10AA2000068094F8203083702CE6BE4B1B681A0217
:10AA30007FF528AE0C350221284615F0A4F940F226
:10AA400057220346022128461A8015F09CF90680F9
:10AA500018E6B24B00245B6819047FF513AE0C3581
:10AA60000221284615F08FF94FF44C72034603215A
:10AA700028461A8015F087F90470A0F8016001E6F5
:10AA8000A64B5B689A007FF5FDADA54B1B685B0785
:10AA90007FF5F8AD0C350221284615F074F940F623
:10AAA0003E2301210380284615F06DF90322034659
:10AAB000092128461A7015F066F9FD0700F12B826E
:10AAC00094F82030A0F801600370638CA0F8033084
:10AAD000A38CA0F80530E38CA0F80730D2E58F4BAB
:10AAE0005B689C007FF5CEAD8D4B1B68D8037FF56E
:10AAF000C9AD0C350221284615F045F94FF49F7277
:10AB0000034601211A80284615F03DF9112203461B
:10AB1000002128461A7009B0BDE8F04F15F033B98E
:10AB200090F8203003F00F03072B04D190F8213068
:10AB3000002B40F0BC812A462146384609B0BDE8CA
:10AB4000F04FFDF74FBA90F8203003F00F03072BBA
:10AB5000F1D190F82130002BEDD001232A46214677
:10AB6000384609B0BDE8F04FFDF708BC90F820303A
:10AB700003F00F03072BDED190F82130002BDAD041
:10AB80000423EBE7654B5B689A0040F1BB80644BA4
:10AB90001B689B0640F1B6800C350221284615F053
:10ABA000F2F840F63E32034601211A80284615F09D
:10ABB000EAF8062203460A211A70284615F0E3F83F
:10ABC0000680A38C4380E38C8380238DC380638DB8
:10ABD000038157E590F824300E2B7FF453AD0B46DC
:10ABE000324600211A2009B0BDE8F04FFDF7C0B988
:10ABF0004A4B5B689A007FF545AD494B1B68DB0605
:10AC00007FF540AD0C350221284615F0BCF840F622
:10AC10003E52034601211A80284615F0B4F8052259
:10AC200003460C211A70284615F0ADF8034623F8A8
:10AC3000026B616AA26AC0F802105A60A38D438158
:10AC400020E5364B00241B681F067FF51BAD0C3535
:10AC50000221284615F097F84FF48162034604213B
:10AC60001A80284615F08FF801230470A0F80160BF
:10AC7000C37007E5294B00271B6818057FF502AD57
:10AC80000C350221284615F07EF840F60C020346EA
:10AC900008211A80284615F076F80770A0F80160A0
:10ACA00094F82430C370B4F825308380B4F827308A
:10ACB000C380E7E4194B90F824401B6819067FF520
:10ACC000E1AC0C350221284615F05DF84FF48162A5
:10ACD000034604211A80284615F055F8002C08BFB9
:10ACE0001F2400230470A0F80160C370CAE40B465F
:10ACF00032463946002076E7F0B209B0BDE8F04FA1
:10AD000000F048BD00231A2202213046CDE902336B
:10AD1000CDE9003303F01CFFB4E400BF08000020BD
:10AD2000000000209005002000214246084604F162
:10AD3000220309F063FEBEE4FF2294F8220004F12E
:10AD4000290304F1230109F059FE79E5B8F1000F58
:10AD500040F0AF800221284615F015F841F23E324E
:10AD6000034601211A80284615F00DF801220346FA
:10AD7000122128461A7015F006F8C0F80180C0F8B4
:10AD80000580C0F80980C0F80D8080F81180077038
:10AD900078E4002B3FF476AC684B1B685A057FF5CE
:10ADA00071AC94F8200000F00F03012B40F0C2803A
:10ADB000002304F12206C0F380113246CDE90033AE
:10ADC00000F00F00FCF74EFF00287FF45BAC0C3561
:10ADD0000221284614F0D7FF41F23E2301210380CF
:10ADE000284614F0D0FF0B22034611211A70284682
:10ADF00014F0C9FF40F201130380054609F008FD75
:10AE0000804580F08A804046EA1CA91C09F0DAFCE3
:10AE1000AB780233AB7094F82030C3F3C0136B727D
:10AE2000A36AC5F80A30A38D2F74EB812AE494F845
:10AE30002030C3F380136B70D4F82230C5F8023091
:10AE4000BB88A8F804301DE40221284614F09BFFBB
:10AE500041F23E3301210380284614F094FF012281
:10AE6000034612211A70284614F08DFF0770A0F8CF
:10AE7000016094F82130C37094F8223003F001038C
:10AE80000371D4F82330C0F80530B4F82730A0F8A7
:10AE90000930E38EA0F80B30238FA0F80D30638FBC
:10AEA000A0F80F3094F83C304374FFF7EBBB02235B
:10AEB00054E60221284614F066FF41F63E7203462E
:10AEC00001211A80284614F05EFF0A2203461E2143
:10AED0001A70284614F057FF04461D220021013045
:10AEE00015F0D6FF2770FFF7CDBB00DEA3E494F882
:10AEF0002030C3F38013AB70D4F82230C5F8033090
:10AF0000BBF80430A5F8073034E40B234FF00C09EC
:10AF1000B246059300E400DED2E594F82030C3F396
:10AF20008013AB70D4F82230C5F80330B388A5F88D
:10AF3000073070E700DE94F8200039E700000020B9
:10AF400070B500F10C040E4620460221154614F09F
:10AF50001AFF40F21352034605211A80204614F0CE
:10AF600012FF0123A0F801600370A0F8035070BD28
:10AF70000379032B08D0053BDBB2182B01D9002045
:10AF80007047064AD05C704790F8203003F0030306
:10AF9000032B14BF05200420704700BF001B0200D4
:10AFA0004FF0FF3238B54FF0FF3441F6FF75114BCB
:10AFB00000211860104B11481A60114B114AC3E967
:10AFC000004500240025C2E900451F24002501603A
:10AFD0000D480E4B01600E48202201600D48C3E968
:10AFE000004501600C4815F053FFBDE83840FCF700
:10AFF000F3BD00BF4C530020845300204853002071
:10B0000008000020900500207C5300200000002054
:10B0100078530020745300205453002010B5047856
:10B0200002F1FF3C04F00F04072C9DF808E01FFA22
:10B030008CFC24D0022C13D0012C4CD04B78103334
:10B04000DB00002C40D1407803F2E5431030C00013
:10B0500000F5B372184412FB0CF3184480B210BD13
:10B0600041780CEB8C03C3EB0310400001F110039B
:10B07000DB0000F2053003FB020290B210BD417804
:10B08000580715D403F0030008440930C000C3F387
:10B090004003D84080B212FB00F00CEB8C0CCCEBE0
:10B0A0000C1C4FEA4C0C0CF2053C604480B210BD05
:10B0B000C8004FEA4E0E2B300EF1010E00FA0EF0D2
:10B0C00000F5BC7080B2E6E7062CBCD040F21D4013
:10B0D0004FF4F372BFE740F2AD5040F21622BAE7E8
:10B0E00010B582B0059C0E4B0E4AE31A9B08A2FBDA
:10B0F000032313F47F7FC3F387020CD102320121B3
:10B100000020094B0094D2B2FBF73AF810F0FD0F83
:10B1100003D102B010BD00DEF0E700DEF9E700BFAA
:10B12000D455002015F9AC1BA9B2000030B5044677
:10B130000B4A0C4DA21A9208A5FB0252920883B04A
:10B14000023201210020084B0094D2B2FBF718F81C
:10B1500010F0FD0F01D103B030BD00DEFBE700BFF2
:10B16000D455002015F9AC1BCDB2000010B50C462B
:10B1700050B9064B0022012102209C60F9F72EFBFA
:10B1800000B910BD00DE10BD00DEF2E72401002092
:10B19000416A11B10868FBF78DBF7047F8B50568C3
:10B1A00006462F6E002F3CD000236C6E2B66002CC1
:10B1B0003ED04FF6FF7300214FF0170C69661E2238
:10B1C000E38004F1200084F804C015F061FE3C2304
:10B1D000A66084F820306B6BDBB138462146FBF764
:10B1E00057FF154B154AEB1A9B08A2FB032313F4D8
:10B1F0007F7FC3F3870012D14FF6FF7312213C22E9
:10B200006C6BE080217122726381B5F8763027681B
:10B21000637221463846BDE8F840FBF74BBF00DEBD
:10B22000EAE700DE00236C6E2F6E2B66002CC0D187
:10B2300000DE6C6EBDE700BFD455002015F9AC1BD5
:10B2400038B5174A174B12780C461A704B7F01EB32
:10B2500083031A6A137813F00E0F01D1D8B938BDE1
:10B2600003F00F03072B07D00028F8D0FBF7B0FF3F
:10B270008442F4D000DE38BD9378C3F381150028F2
:10B28000EDD0FBF7A5FF8442E9D0EB07F2D5636967
:10B29000002BEFD138BDFBF79BFF8442F7D138BDBF
:10B2A000E4800020E3800020024600B17047084699
:10B2B00008B5054B012198600220F9F78FFA00B913
:10B2C00008BD00DE08BD00BF74010020024600B1C9
:10B2D0007047084608B5054B012198600220F9F730
:10B2E0007DFA00B908BD00DE08BD00BF44010020A2
:10B2F000014610F8103B7BB110B50B4B98608A6883
:10B3000072B90022094C084BC1E9024001201146E4
:10B31000F9F764FA10B910BDFFF740BF00DE10BDA9
:10B3200000DE9868EDE700BF640100209DB10000D9
:10B330002DE9F0418AB0119C8846A66B074611465C
:10B340001D469DF840C04EB1B4F878301BB1B4F83A
:10B3500076209A4255D2E06F002855D14FF6FF7300
:10B360009D4220D023780133DBB22370002B55D0CF
:10B370000022434E0120B37AC6E900716CF300034A
:10B3800004F11001B3723F4BF160114635819E60AC
:10B39000F9F724FA002843D1A36BC4F8907013B1D5
:10B3A000204601F061FC207E10F0010629D1364ACA
:10B3B000364B11781B788B4234D030464FF6FF73F2
:10B3C0009D4208BF0025E26F14BF6B1C2B46B4F8EA
:10B3D000761018BF9BB28AB181B140F27127A66E78
:10B3E000013507FB06F6ADB206FB05883044404444
:10B3F000824286BFA2EB0802E267E6670B44A4F82C
:10B4000076300AB0BDE8F08140F27123A26EA2FB53
:10B410000323824273F10003A0D3F2E700DEA7E723
:10B4200000DEB9E70133042109A813700AF02CFBF0
:10B4300042F21071099B164A3046CDE90366CDE908
:10B4400001660096A2FB0362520B01FB1233114A04
:10B450001149A21A9208A1FB021210499208023265
:10B460000133059106940121D2B20993FAF726FE21
:10B4700010F0FD0F01D10998A0E700DEFBE700BF47
:10B48000A855002054010020E4800020E380002023
:10B490005917B7D1D455002015F9AC1B41B20000A3
:10B4A00010B5144C20460AF0CFFE4FF40061002086
:10B4B0004FF0020E4FF0060C34F8042CA4F11C03DC
:10B4C00022F4437222F0020242F00E0224F8042C0D
:10B4D0006278E16403EB820294F86410C4E904002A
:10B4E000126A6EF34201E06084F86410107082F812
:10B4F00001C010BDF055002070B5134C6569EB6DAF
:10B50000B3B905F1500105F14C00F9F7E5F8034630
:10B51000C0B10026EB65286803F004FA606E66612E
:10B52000FBF7B0FD206E6666FBF7A0FD266670BDDA
:10B5300000DE05F1500105F14C00F9F7CDF80346A6
:10B540000028E6D100DEE4E7D455002000287AD1B7
:10B5500070B53E4C84B094F88030D9074AD5636901
:10B5600053B193F82C2042F0020283F82C20636937
:10B5700093F82C30DA0754D43448FBF711FE844298
:10B5800057D1237EDB0738D403AD022203210020EC
:10B590002F4B00950392FAF7F3FD2946FBF7EEFDDA
:10B5A000002839D12B48FBF737FE002845D1274822
:10B5B000FBF702FE84423ED1A36B1BB1186801F079
:10B5C000ADFA80BB63690BB1FFF796FF656B3DB1C8
:10B5D000002363632868FBF749FD2846FBF752FD0B
:10B5E00094F8803000206FF3000384F8803002F07C
:10B5F0004BFED8B1002004B070BD022603AD03217C
:10B6000001220020124B00950396FAF7B9FD294656
:10B61000FBF7B4FD0028B8D00C48FBF7CDFD844201
:10B620000FD10C20E7E77830CCD0FAE709F0E2FB45
:10B63000E0E700DEA5E700DEBEE77830B7D000DE49
:10B64000B5E700DEEDE70020704700BFD4550020CD
:10B6500015650000E455002003788BB110B50E4B42
:10B6600000F110019960826892B900220B4C0A4BDC
:10B67000C0E9024101201146F9F7B0F830B910BD18
:10B68000416B11B10868FBF715BD704700DE10BDB6
:10B6900000DE9968E9E700BF3401002091B10000A5
:10B6A00010B5836B04461B6882B01A7832B19A6871
:10B6B000CAB90E4AC3E9022402B010BD02F0FF006D
:10B6C0000B4A0C4BA21A9208A3FB023292080232D8
:10B6D0000121094B0094D2B2FAF752FD10F0FD0F90
:10B6E000EAD000DEE8E700DEE3E700BF2DB10000AE
:10B6F000D455002015F9AC1BCDB200000B4A1378CD
:10B7000023B90128107006D0002070478342FBD077
:10B710006FF015007047064A0020B2F8723003F04F
:10B72000EF0343F01003A2F872307047E28000206C
:10B73000D4550020034B1878A0F10200B0FA80F035
:10B7400040097047E2800020074B93F87220D20630
:10B7500007D593F87330834203D1002318460B704A
:10B7600070474220704700BFD4550020084B93F823
:10B770007220D20605D483F87300002318460B709C
:10B78000704793F873308342F7D00720704700BFAB
:10B79000D455002038B9064B93F87220D20603D551
:10B7A00093F873007047002300DE93F8730070472E
:10B7B000D45500202DE9F04F07468846BA4CBB49C6
:10B7C0008DB003C994F880C00A909DF870000CF009
:10B7D000010C04909DF8780057EA0C07ADF82C1086
:10B7E00003909DF85C909DF864509DF868109DF85A
:10B7F00074E09DF87CA09DF8800040F04F81072BFD
:10B8000000F0BA8084F874E04FF0010E012B08BFFD
:10B810000022303394F819C06B4413F808BC94F834
:10B8200072306EF3840C84F819C023F0300C4CF0A5
:10B83000300C84F872C003F01006238B05F0070566
:10B8400001F003016D0023F4437323F0020345EA82
:10B8500001251D43A37E258360F34103A376637F07
:10B86000A26604EB83031D6A2A7802F00F03002E00
:10B8700076D16BF303022A7002F00F02072A00D080
:10B880006E704FF0010B2A78822002F00E01B1FA9F
:10B8900081F102F0EF02490961F345122A7002F0CA
:10B8A0000F02D040C2077FD494F880109DF8582032
:10B8B00062F342014E0784F88010C8B20CD50146ED
:10B8C00069F3C30184F88010189979480968C4F8AD
:10B8D0008110189989888180297801F00F0001284A
:10B8E00000F09281072800F0E98002F001066A78F2
:10B8F000002A66D0012B00F0D381072B00F0D08105
:10B900002B7866F386136FF3C7132B7024612D78A1
:10B9100005F00F05072D61D094F8293004EB83035F
:10B92000DA6ABBF1000F40F0A680002A00F0A38085
:10B930001378507823F03F0343F0040313709DF80D
:10B94000583011789B0103F0400301F03F010B4395
:10B95000137008B90623537038460DB0BDE8F08F58
:10B960005B4500F0658102F00F02072A76D02A7845
:10B970006BF303022A7084E718F0100F49D018F017
:10B98000200F40F0F5814B4B18F0080F099394F805
:10B9900072C05FFA88F340F0D78103F003033033BD
:10B9A0006B4413F80C3C2DE7012B3FF47DAF072BC4
:10B9B0003FF47AAF6A78002A40F07E8184F8402014
:10B9C00072E7062366F3861162F3C71129706B7064
:10B9D00024612D7805F00F05072D9DD1BBF1000FD7
:10B9E000BAD035480AF066FC33480AF03FFC3248CA
:10B9F0000AF02AFC10F0FF0040F06C8194F8293026
:10BA000004EB8303DB6A1A78587065F303021A703B
:10BA1000A2E708F0030CBCF1030F00F0938118F0CB
:10BA2000080F40F08F81049E94F819C09B4666F37E
:10BA3000840C94F8723084F819C094F81AC084F811
:10BA400074E023F0300E4CF0010C4EF0300E84F810
:10BA50001AC084F872E003F01006EEE6A26B002A2A
:10BA600000F067810021697010680593A16301F0FF
:10BA7000DBF8059B7BE710480AF01CFC0E480AF037
:10BA8000F5FB0D480AF0E0FBC0B2002840F022812F
:10BA900094F8293004EB8304E26A49E70C2738461E
:10BAA0000DB0BDE8F08F00BFD4550020081A020089
:10BAB0005556002003040200FC550020AB7805F128
:10BAC000020C68F38713AB702E1DBBF1000F00F062
:10BAD000BC800023A978EB703F2940F218819E4674
:10BAE000059370463346CDF818E02A786EF3861237
:10BAF0002A7018F0040208D095F803E009F001025A
:10BB00004EF0020E063685F803E095F800E062F389
:10BB1000C71E059A85F800E02AB1EA78023342F0A0
:10BB200008020236EA70002800F08A800333EA78BF
:10BB3000033642F01002EA70069A02B1013318F09F
:10BB4000400F07D0002840F0DD80EA78013642F04F
:10BB50004002EA70A6EB0C02D2B2022A6BD902F1C3
:10BB6000FF3E0EF03F0E6A70AA786EF30502AA70CF
:10BB7000069A02B1013BEA7852060AD51B9A002ABE
:10BB800000F0DC8012787F2A00F0D58006F8012CC6
:10BB9000013E627E039961F34712627600B1033B76
:10BBA000EA78D00600F19880059901B1023B1107AF
:10BBB00007D51B88023E3380C3F3032303EB0A132C
:10BBC000737094F872306AF3030384F87230EB7880
:10BBD0009A0700F18D80DB067FF598AE09AB0193E3
:10BBE0000DF12303009300220121644816ABF5F701
:10BBF00063F9002840F0A480A36B9DF824205A75B7
:10BC00009DF82330637781E693012A4603F04003D1
:10BC100001F03F0143EAC9130B4302F8083B0C2330
:10BC200018990968A9601899898891806B706DE6E8
:10BC30004FF0000B27E64FF0000E0122EE1C92E7BA
:10BC400018F0030F3FF478AF71E7EB7895F802E056
:10BC500003F00201079103F00801059103F0400190
:10BC60000691D9078DF8203003F0100054BF3346F9
:10BC700005F10A03BEF13F0F85F803B008D818F0AC
:10BC8000200E05D110B10499042903D01E4646E0C8
:10BC90004FF0000E079A002A3FF427AF063324E73F
:10BCA00094F84020364905F1080015F0CAF894F8D8
:10BCB000403006336B7023E6052A5BD9063AD2B2D0
:10BCC0002F4805F10801059384F8402015F0B9F8D4
:10BCD000059BE9E507273FE60493039B033E03F03A
:10BCE00007020021304600F095FEEA78049B5BE7EE
:10BCF000189B1B6846F8063C189B9B8826F8023C5C
:10BD0000EB7868E7049A042A7FF41FAF22E718F063
:10BD100020017FF4E4AE0846CDE90511079102F059
:10BD2000010EEA78334642F00102EA7005F10A0694
:10BD3000B0E76A701BE600221B990A70002225E713
:10BD4000074609E6122707E6012384F874E094F811
:10BD500019E02CF0300242F0300263F3840E84F8D4
:10BD600072209B463A460CF0100684F819E064E510
:10BD70001127F1E500DE6A78A0E700BFD455002066
:10BD80001556002008B500F0AFFB00B108BDBDE8B6
:10BD90000840FFF785BB00BF08B50020FFF7D6FBC2
:10BDA000002008BD08B50020FFF7D0FB0020014BA4
:10BDB000187008BDE280002010B500F0ABFBA0B900
:10BDC00003460A4C94F8722004F11C0063F3041239
:10BDD00084F87220A3630AF049FA04F128000AF0FB
:10BDE00045FABDE81040FFF75BBB10BDD4550020FD
:10BDF000024B00280CBF184600207047D455002085
:10BE0000044A054B801A8008A3FB0030C0F38F0062
:10BE1000704700BFD455002015F9AC1B044A0068D8
:10BE2000044B801A8008A3FB0030C0F38F007047DA
:10BE3000D455002015F9AC1B38B9054890F880306E
:10BE400013F0010F08BF002070470020704700BFAB
:10BE5000D455002028B9044B93F8800000F001006D
:10BE600070470020704700BFD455002048B9064BEA
:10BE700093F8800010F0010004D0587E00F0030019
:10BE800070470020704700BFD455002038B90548DE
:10BE900090F8723013F0100F08BF00207047002098
:10BEA000704700BFD455002010B5846882B0B4F844
:10BEB000783053B1B4F876209A4206D30022432357
:10BEC000616BA4F878200B720FE0E16F91B340F240
:10BED0007123A26E0020A2FB03238A4273F10003A8
:10BEE00028D33C23616BE0670B72194B194AE31AA4
:10BEF0009B08A2FB032313F47F7FC3F3870223D1A4
:10BF000012204FF6FF73CA8008714B81B4F8763067
:10BF10004B72A06B80B1006800F0B4FD02460332A2
:10BF2000012100200C4B0094D2B2FAF729F930F02D
:10BF300002030BD102B010BD02320121074B009465
:10BF4000D2B2FAF71DF9F2E700DED9E700DEF1E739
:10BF5000D455002015F9AC1B6DB10000CDB2000026
:10BF60002DE9F0418B7882B013F03F0318BFCB78F6
:10BF700005468DF80030C07E0C4609F0C1F83E4BF6
:10BF800006461B782078022B01D143062BD4C0F340
:10BF90008010FAF773FA0368C5F887308388A5F82C
:10BFA0008B3056B3237843F040032370A278237874
:10BFB000970603F00F0322D0E278072B8DF80420B8
:10BFC00043D004F10208474633683B60B388BB8026
:10BFD000237803F00F03012B19D0072B13D0384619
:10BFE00002B0BDE8F081EB6E05F16C00C5F887305A
:10BFF0008388A5F88B30002ED4D10646D6E7072BD0
:10C00000DFD100DE25E09DF800309907E7D5E87E16
:10C0100009F08EF80028E2D0237843F080032370E3
:10C02000A3789A0619D02378E27803F00F03072B40
:10C030008DF804201AD00368C8F806308388384683
:10C04000A8F80A3002B0BDE8F0819DF80430D807A6
:10C05000D7D504F10208271DB6E7237803F00F03B4
:10C06000072BE8D100DE08F10208E4E79DF8043070
:10C07000DB07F7D5F7E700BFE280002070B5037853
:10C08000044603F00F03072B0E4682B014D18378C9
:10C090009A099B0627D0C378012A8DF8003007D96A
:10C0A000234B93F8292003EB8203DB6A5B782BB3E5
:10C0B0009DF80030DD072AD5254629461C48FFF7A4
:10C0C0004FFF2B785B061BD4237803F00F03072B5D
:10C0D00002D1A3787F2B03D931461548FFF740FFE3
:10C0E000002002B070BD012AFAD9114B93F8292023
:10C0F00003EB8203DB6A5B78002BF1D10C20F0E7C5
:10C100000621F8F7D9FA0028DED11220E9E7D8068F
:10C11000E6D5074B9B6B5A7D03EB82039D69AB7899
:10C120009906DDD0EB78DA078DF80430C5D4D7E76F
:10C13000D45500201F295ED82DE9F041437F1746D2
:10C1400000EB8303D3F82080822398F800200D466B
:10C1500002F00F02D340DA07044682B043D40DF157
:10C1600007011C300AF010F94146064698F800C055
:10C1700003780CF00F0C23F01F0343EA0C03037049
:10C1800098F8003090F800C0C3F3401363F3451CE7
:10C1900080F800C098F800305FFA8CFCC3F380137D
:10C1A00063F3861C80F800C011F8023B5FFA8CFC38
:10C1B000DB0963F3C71C062200F802CB14F04EFE25
:10C1C0002A46394606F10800063514F03AFE757025
:10C1D00094F88030DB0710D49DF807306377002097
:10C1E00002B0BDE8F0810A4680F84050394641303F
:10C1F00014F027FEF3E71220704794F829303146F7
:10C2000004EB83032046DA6AF4F7A6FD0028E3D0A6
:10C21000E6E700BF10B90248FFF78CBF0C2070475B
:10C22000D45500201F295ED82DE9F04190F829301F
:10C230000F4600EB8303DE6A0446904682B000F1AD
:10C240002805002E40D028460DF107010AF09CF881
:10C25000314605460378BE1D23F03F0343F0040337
:10C26000037011F8020BDBB2C0F3801003F03F0340
:10C2700043EA80132B7006226E70A81C14F0EEFDAA
:10C280003A46414605F1080014F0DBFD94F8803091
:10C29000DA0707D400209DF8073084F8293002B06F
:10C2A000BDE8F0814123627F04EB8202116A0A78C3
:10C2B00002F00F02D340DB07ECD52A462046F4F704
:10C2C0004BFD0028E6D0EAE7284609F0BDFFC0B2E2
:10C2D00058B994F8293004EB8303DE6A04233370E1
:10C2E00006237370AFE7122070470720D7E700BF1F
:10C2F00010B90248FFF796BF0C207047D4550020B4
:10C3000030B54569687A00F0E004802C08BF40220F
:10C310008C7808BF13467F284FEA941C4FEA5011CF
:10C32000C4F3801414D9A97AD00001F0010252009C
:10C3300001322B30904000F27D40BCB393234FF488
:10C340004861934003F5BC739BB20B44184430BD65
:10C350008D1DA8180330C0004FEA610E20FA0EF0C0
:10C3600000F2053084B101F12B0201F11603D10076
:10C3700021FA0EF1DB0023FA0EF301F5987189B270
:10C380009BB20B44184430BDBCF1020FDFD15A19E7
:10C3900001F115030332DB00D20023FA0EF322FA77
:10C3A0000EF203F5987392B29BB20BE0BCF1020F50
:10C3B000CDD1DB002B3303FA02F24FF4E06302F538
:10C3C000BC7292B21344184430BD00BF426990F869
:10C3D00025C0517E00EB8C0302EB8102D269996A81
:10C3E000537892783E33C2F305029B1A91F802C04B
:10C3F0004A78CCF3050C3E32A2EB0C02DBB2D2B28F
:10C40000FFF77EBF0860704770B5059E154634463D
:10C4100014F8101B9DF810C00131C9B2317099B1E8
:10C4200000220A49C1E90005887A0B81084B6CF3A8
:10C4300000008872CC60996001201146F8F7CEF9AF
:10C4400000B970BD00DE70BD00DEE9E7785600205F
:10C450009401002010B50C46FFF718FD38B10346D3
:10C4600022680020DA66A288A3F8702010BD42205E
:10C4700010BD00BFFB2070470120704770B5FFF76B
:10C4800005FD20B3044690F8800010F001051BD193
:10C49000A36B4BB11E68A56306F1240009F00AFFE7
:10C4A00030460C49F8F7DCF804F11C0009F0E6FE10
:10C4B00004F1280009F0E2FE94F8723028466FF388
:10C4C000041384F8723070BD0C25284670BD4225D7
:10C4D000284670BDA856002008B50020FFF7CEFF03
:10C4E0000C2818BF002008BD10B52021064809F00F
:10C4F000C1FA044628B901224821044B0448F8F740
:10C5000077F8204610BD00BF88560020A8560020AE
:10C51000AC56002008B5012248210348034BF8F728
:10C5200067F8002008BD00BFAC560020A8560020C8
:10C5300070B50020FFF7AAFC00B3836BF3B11D6850
:10C5400095F8452095F84430934217D10133DCB279
:10C55000022C15D006203823264610FB0430284430
:10C5600007F0CEFE06EB460605EB460696F83D3094
:10C5700060F3050386F83D3085F84540002070BD26
:10C58000002638203446EAE72DE9F04F002489B030
:10C590008DF8184014464A780590881C8246BDF8EC
:10C5A00048E0DDF84CC01AB18A78960640F02C813C
:10C5B0000026B146B3468A78CDE901666FF30502DD
:10C5C0008A700396224691F80080257808F00F08BB
:10C5D00025F03F0545EA080525700D7894F80080A0
:10C5E000C5F3801565F3861884F800800D785FFA2E
:10C5F00088F8ED0965F3C71802F8028B8D7894F876
:10C600000280AD0965F38718DD0784F8028000F128
:10C61000020865D59DF8185045F001058DF81850B1
:10C6200004F10A05BBF1000F01D001F10A089F07D0
:10C630003CD59DF818B006354BF0020B8DF818B0BC
:10C64000B9F1000F01D008F1060813F0080963D012
:10C650004FF002098CF800909DF818900CF1050C31
:10C6600049F008098DF818905CF8047C4CF8045CDB
:10C6700004970235029F0FB108F10208DF065FD56B
:10C680004FF00309CCF801508CF800909DF81890F9
:10C690000CF1050C49F010098DF81890019F002F3E
:10C6A00055D04FF0000B08F1030852E01EF0020FC6
:10C6B000C6D1B9F1000FC8D09DF818B091F800901C
:10C6C0004BF0020B8DF818B094F800B04FEAD9196E
:10C6D00069F3C71B063584F800B008F10608B4E713
:10C6E0001EF0010F02F102059CD1BBF1000F9ED09C
:10C6F00025469DF818B091F800804BF0010B8DF89D
:10C7000018B094F800B0C8F3801868F3861B05F8D9
:10C710000ABB01F10A088AE71EF0080F40F0878083
:10C72000029F002F00F0D2809DF81890CDF8108065
:10C7300049F0080902358DF8189008F102089DE7C4
:10C740001EF0100FAAD1019F002F40F0C280DDF82B
:10C7500004B09DF81890039F19F0100F18BF03350F
:10C7600047B19DF8187008F1120847F020071235FC
:10C770008DF8187046B19DF8186008F1010846F070
:10C78000400601358DF81860A8EB0000C6B2887825
:10C790004F78C0F305000130C0B286424AD8B84293
:10C7A00077D8861BF7B208EB070A13F480784BD0D2
:10C7B0009CF80080CCF80150B8F1000F08BFB846D3
:10C7C0008CF8007045440CF1050CAA1AD2B2022A6A
:10C7D0009CBF0122E51C9E053CD54E789CF800903C
:10C7E000361AF6B2DCF801108CF80060CCF801A023
:10C7F0000CF1050CB9F1000F62D1002940F0C9809D
:10C800005146CE464B4631E0CE7806F00802029201
:10C8100006F01002019206F020028DF81C6006F06E
:10C82000010B06F00209039206F04006CAE6CDF8B5
:10C8300010901FE75FB313F480784FF001004FF0C2
:10C84000000701F1030AB3D11EF4807F04BFB8468C
:10C85000ED19BAE75E0520D41EF4007E40F0998001
:10C860004E78F14651467346361AF6B206EB0E0084
:10C87000FB2821DC90197044FF2832DD452001326D
:10C880004A4432448CF8002009B0BDE8F08F3846A5
:10C890008BE71F2009B0BDE8F08F9CF800904E7820
:10C8A000CE46361AF6B206EB0E00FB28DCF8013055
:10C8B00051460CF1050CDDDD072009B0BDE8F08F15
:10C8C0004E464FF00009CE464B46CFE7029F0497F5
:10C8D000D4E69DF81890C34649F010098DF81890D9
:10C8E000E1E6A07802F1FF3C6CF30500A07009EBD3
:10C8F00006000244627028463246039314F0AEFAF2
:10C90000039B23B14A461946A81914F09AFAA37852
:10C9100099063AD0AAEB070AB8F1000F59D19DF851
:10C9200018707A0605D51AF8013C013D2B700AF102
:10C93000FF3ABB0644D4019B0BB1AAF1030AFE06E1
:10C9400048BF033DBBF1000F04D0594603222846DF
:10C9500014F084FA029B0BB1AAF1020A38070AD537
:10C96000049B002B3DD0049A137805F8023C5378C1
:10C9700005F8013C023DB90719D4FA0710D4A37891
:10C980009B061CBF9DF81830E370002009B0BDE87D
:10C99000F08FA3786270013A62F30503A370B6E7E3
:10C9A0000622AAF10601A81F14F058FAE7E7AAF137
:10C9B000060A063D06225146284614F04FFADCE7E7
:10C9C000AAF1120A123D12225146284614F046FAE4
:10C9D000B1E7A5EB08053A465146284614F03EFA61
:10C9E0009DE7059E0A4896F8722002F00F0230F883
:10C9F0001210C1F30B03013120F8121005F8023CAC
:10CA000096F872201B0A03EB021303F0FF03AFE753
:10CA10008856002070B5037804466FF30503037051
:10CA20000E46154609F016FB32288CBF0020012067
:10CA3000124B2278A3FB061360F386124FEA131CF5
:10CA40005B0C227005D001230D4AA2FB06264FEA9B
:10CA5000561C95FAA5F2002DB2FA82F208BF4FF0EB
:10CA6000FF32217884F801C0CCF3042C63F3C711A2
:10CA70000CEB421C217084F802C070BD8988888844
:10CA8000B5814E1B482208B50249F7F701FEC0B236
:10CA900008BD00BFAC56002008B548220249006816
:10CAA000F7F7F6FDC0B208BDAC5600202DE9F04105
:10CAB00000258CB088461646C0E902554822144924
:10CAC00005700446F7F7E4FD0221CDE90255009513
:10CAD0000246284640F2E2450BAF069408970B91B8
:10CAE000A18E033205FB01F101916168094C0E44EE
:10CAF0000794094C4346D2B2032104960594F9F7F2
:10CB000041FA3946FAF73AFB0CB0BDE8F08100BFB4
:10CB1000AC5600201565000009C4000070B548221D
:10CB200017490446F7F7B4FDC6B2F01C214604F1DC
:10CB30001002C0B2FAF79AFB054638B994F84630AD
:10CB400060F3000384F84630284670BD10F1780F7A
:10CB5000FAD040F66D230B4A0B490C4812F035FF12
:10CB60002A4631460A4812F030FF002383F3118829
:10CB7000BFF36F8F0323184602DF284670BD00BF46
:10CB8000AC5600201C1B0200601B0200781B020038
:10CB9000981B020070B505462248F7F74DFD0028A6
:10CBA0003CD0044600F1100300F12406AB6230468D
:10CBB000656109F05BFB304609F046FB064638BB71
:10CBC000022104F1180008F039FF022104F13600B7
:10CBD00008F034FF062394F8445003FB054384F81F
:10CBE000455003F1380007F08BFB05EB450504EBDE
:10CBF000450595F83D3060F3050385F83D3094F820
:10CC00004630246166F3000384F84630204670BD48
:10CC1000002320460349AB62F7F722FD002420469B
:10CC200070BD00BFA856002010B50446243009F09E
:10CC300041FB2046BDE810400149F7F711BD00BF98
:10CC4000A8560020024B00280CBF18460020704751
:10CC5000AC56002090F825C013460A4600EB8C0124
:10CC6000896AFFF74DBB00BF012208B5044B0221C2
:10CC700098601046F7F7B2FD00B908BD00DE08BDA8
:10CC80008401002010B4C478D21A14F0010F14BF2C
:10CC90000A30043014F0020F18BF063024070E4C7F
:10CCA0001144A4FB012348BF02301C095B0C04D0D3
:10CCB00001230A4AA2FB01214C098278017822F063
:10CCC0001F0263F3C711C4F30423134301704470BC
:10CCD000837010BC704700BF89888888B5814E1B5F
:10CCE00001232DE9F04FD0F838A08BB0DAF800908E
:10CCF000482205906F4948460493F7F7C9FCFF2284
:10CD00008DF81B200022059BC41CD3F890B0E4B220
:10CD1000CDF820B0CDF814A04FF00208A246664F1F
:10CD20005C4609AE9B4607AD07920BE0099B23BB0F
:10CD3000089BA34225D19DF81B30FF2B2CD05345D7
:10CD40002FD0089C02210020CDE9017608AB009588
:10CD50000DF11B02CDF82480F9F79AFA0228E5D1EB
:10CD6000099B022BE2D102210020F9F7D9FA099B95
:10CD7000022BF8D0099B002BDAD000DE089BA342DF
:10CD8000D9D0049A531EDBB2002A00F08E8004939F
:10CD90009DF81B30FF2BD2D100DE9DF81B30534590
:10CDA000CFD10122079DDDF814A0691ECAF810201A
:10CDB000CAF80C109BF81C009BF81D405B46A04273
:10CDC0000791C2B204D00132D2B2022A08BF0022B7
:10CDD0005E7E03EB8202106AC6F38206032EBAF867
:10CDE0000840427856D99E7ED30006F001025200D8
:10CDF0002B330132934003F5BC739BB22F4A03F5EA
:10CE00009673A2FB056222F00F069BB2A6EB1212EC
:10CE1000B3EB420F3CD940F2E2430022B9F83410A0
:10CE2000013403FB0151CAE90312A4B20023FFF746
:10CE300029FF0621DAF80C3005460133CAF80C3018
:10CE400099F8452099F844302046934218BF89F854
:10CE5000442002EB420301FB029209EB430393F8E7
:10CE60003D30B9F83610383203F03F0307F0A2FA2C
:10CE70002B7860F305032B70F9F76AFA0899F9F734
:10CE800069FA40F2716398420BD80BB0BDE8F08F9D
:10CE90000122CBE7B3180933DB007610F3409BB2D5
:10CEA000ACE700DE0BB0BDE8F08F00DEFF2304939B
:10CEB00041E700BFAC56002005C40000898888887F
:10CEC0008268526912688260FEF7EEBF2DE9F04F6A
:10CED0009B4685B0C3F340039DF838E00F9F019354
:10CEE000002A00F08D80144606460BF00302931DC5
:10CEF0000BF00408029343464FEA4E0E0EF0020E6A
:10CF0000D6F804610EF1010EA0468A461C46DFF8F1
:10CF1000A091CDF80CE0002E72D09AF80150002CB0
:10CF200071D0039BED002B359D4005F5BC7598F83D
:10CF300000103D446FF3050188F8001009F08AF8ED
:10CF400032288CBF00200120A9FB051C98F800E0C6
:10CF50004FEA1C1160F3861E5FEA5C4C88F800E023
:10CF600005D04FF0010C534BA3FB051569099BFA43
:10CF7000ABF0BBF1000FB0FA80F008BF4FF0FF300C
:10CF800098F8005088F80110C1F304216CF3C7151C
:10CF900001EB401188F8005088F80210DAF80451CB
:10CFA000002D68D0B17806F103088A0628D09AF8D7
:10CFB0000300F17870BB0AF1030CA1B111F0010F6D
:10CFC00001F0020201F0040301F0080166D006F14D
:10CFD0000A080AB108F10608420748BF0CF1010C23
:10CFE0000BB108F10108000725D409B108F10208C6
:10CFF000F378D90604D5D6F80461AA46002E8CD160
:10D0000005B0BDE8F08F029B1D440335019BED0088
:10D01000DD408CE70AF1040C00F00103B1B90BB15B
:10D020000AF10A0C10F0020332D04307E0D50007E2
:10D030000CF1070CD9D50029DAD09CF8003088F81B
:10D0400000309CF8013088F80130CFE70BB10AF1CD
:10D050000A0CCB0754BF06F1040806F10A0810F0C9
:10D06000020F01F0020201F0040318BF0CF1060CDC
:10D0700001F00801ADE709F03BF9054690B172787F
:10D0800031462846023213F0DCFECAF8045189E723
:10D090004207ADD519460CF1010CA4E722B106F107
:10D0A0000A089DE700DEEAE706F1040898E700BFFA
:10D0B00089888888B5814E1B2DE9F04F8DB08B464D
:10D0C0009A46FEF7E3FE002800F0E08190F88030F9
:10D0D0000646DB070BD490F872309D0634D51BF062
:10D0E000FD0F71D10C2528460DB0BDE8F08FBBF1C6
:10D0F000020FF7D990F872309F0625D5BBF1040FC7
:10D100002BD8152323FA0BF3DB0740F1B58100225E
:10D1100009ABBBF1040F03938DF82420CDF8252033
:10D120001DD10DF11F0301930DF11E0300934FF468
:10D1300000713046039B1746F3F7BEFEB84605461E
:10D14000002D00F08C80CEE7BBF1040FCAD004D8CC
:10D15000152323FA0BF3DA073ED509AB0393B06B23
:10D160000DF11F01437D002400EB83031430D3F83D
:10D17000188009F009F9A1460746039D4FF4007392
:10D180003A4641463046CDE900958DF82490CDF8D9
:10D190002590FFF7F9F99DF82430002840F04A81E6
:10D1A00023449CB204EB0A03FB2B00F37481D8F8F0
:10D1B0000431D7F80421002B00F04181002A00F04F
:10D1C000FF8117469846D9E7BBF1040FC5D8152350
:10D1D00023FA0BF3DC079AD4169BBBF1010F8DF8F1
:10D1E00024A0CDF8253002D0BBF1030FB5D10DF14D
:10D1F0001F0201920DF11E0209AB00924FF4007163
:10D20000102230460393F3F757FE4528054600F0F9
:10D21000F980002D7FF467AFB06B002800F0F0803C
:10D22000BAF1BF0F00F1140040F27481169B08A9F7
:10D23000CDF82530CDF82A30BF238DF824308DF875
:10D24000293009F0A1F89DF820209DF81F300AF13F
:10D2500041059A428046EDB240F0A5814746B36B46
:10D26000002B00F0CD801BF0FD0400F0F180002DBC
:10D2700000F096800023CDE90433BB7813F03F0320
:10D2800018BFFB788DF8203009F032F804460028EA
:10D2900000F09D8100230722E370227063709DF8E7
:10D2A0002030A21C13F0080117BF082104F1030964
:10D2B00004F10409E170D8074CBF07F10A00381DDA
:10D2C0009B0748BF063011B1038829F8023BA9EB40
:10D2D00002035FFA83FAA378BAF1020F6FF38713A0
:10D2E00098BF4FF0010AA37098BF04F10309002D05
:10D2F00040F0D680049B5344FF2B00F3FE80637004
:10D30000A3780AF1FF3262F30503A370049B002B9C
:10D3100040F04D81727EDDF825807F2A7B784FEAD0
:10D32000521940F2EE80B27EDB0002F001025200A0
:10D330002B330132934003F5297598F800306FF3D1
:10D34000050388F8003008F085FE99FAA9FC322818
:10D350008CBF00200120B9F1000FBCFA8CFC08BF83
:10D360004FF0FF3CB94BA3FB052398F80020190BA5
:10D3700002F03F0242EA80121B0901EB4C1188F8CF
:10D38000013088F8002088F80210D7F8040120B195
:10D390000023C7F8043109F019F8C7F80441B36B4A
:10D3A00096F88020D10716D51C6894F8463013F003
:10D3B000010100F0C48008AD294606F11C0008F008
:10D3C000E3FF002201463046F3F7C6FC054600287D
:10D3D0007FF489AEB36B9DF81F20BBF1010F5A7526
:10D3E00050D0ABF10303012B4CD9BBF1010F94BF1B
:10D3F0000022012296F8723062F3451386F87230EB
:10D40000002570E6169A0DF11F03CDF825209DF832
:10D4100029200193AAEB02020DF11E0300938DF85F
:10D4200024204FF4007110223046039BF3F744FD93
:10D430000546EEE645283FF4B3AE00DEB0E605460D
:10D44000002A3FF47DAE00DE002D3FF408AF4AE62F
:10D45000039B3A46CDE90043169B4146CDF8253063
:10D4600030464FF480638DF824A0FFF78DF8002834
:10D4700040F0B180B36B93E7169B8DF824A0CDF8F4
:10D480002530B1E69DF81E307377AEE74225284679
:10D490000DB0BDE8F08FB84500F09480072522E676
:10D4A0009DF82430DDF825102A461944484613F02B
:10D4B000C8FC039B3A460193002341460093304643
:10D4C0004FF40473FFF760F800285DD1049A0AEB6B
:10D4D00005031344FF2B10DCA3780AF1FF3262F33B
:10D4E0000503A370049BA944EB1853442A464846FD
:10D4F0001699637013F0A5FC08E7B84548D0452598
:10D50000F1E54B440933DB004FEA6902D34003F5F0
:10D51000967512E708A908F037FF9DF820109DF8CE
:10D520001F200346914240D1D3F8040120B10022CC
:10D53000C3F8042108F04AFF0027B8468FE640F2FE
:10D54000712342F6F130B26E08ADE2FB030140F206
:10D55000E2420023F2F794FFA086F8F7F9FE0346B3
:10D56000294603F2DD2320460893F3F761FC08996E
:10D5700002462046FFF79AFA58BB94F8463043F02B
:10D58000010384F8463017E7B84506D00546AAE5FA
:10D59000B36B9DF81F205A75B1E7B36B9DF81F2040
:10D5A00005465A759FE500DE58E600DEBCE70599A2
:10D5B0001A46169B29444846194413F042FCA9E632
:10D5C00000DEFEE5B36B9DF81F205A7566E700DEAE
:10D5D00060E60D2587E545283AD1169B039D3A461E
:10D5E0004146CDF82530CDF82A3030464FF48263DD
:10D5F000CDE900458DF824A08DF829A0FEF7C4FFE1
:10D60000169B3A46CDF82530CDF82A309DF82E30BD
:10D610004146AAEB030A04935FFA8AF305938DF857
:10D6200024308DF8293030464FF48263CDE900452F
:10D63000FEF7AAFF28B9049B002B3FF41BAF00257F
:10D640001BE600DE049B002BF9D113E7898888884C
:10D6500000DEB36BA4E600BF2DE9F04F8FB00F469C
:10D660001E46DDF860B0FEF711FC002800F0D980FE
:10D67000437F044600EB83031B6A1D7805F00F050A
:10D68000072D09D0032F02D11F2E40F2C38012258F
:10D6900028460FB0BDE8F08F90F88030DB0700F12E
:10D6A000B480032F01D0002EF1D0A36B002B00F02B
:10D6B000E3815A7D03EB82039B6904939B787F2B64
:10D6C00040F2E18094F88030D80702D5002E00F0B7
:10D6D0009F8094F829300DF1270104EB830304F1B6
:10D6E0002800D3F82C9008F04FFE17F0FD03804679
:10D6F000029300F09B80042F00F09081012F8DF8A1
:10D700002860CDF829B040F0E38000220DF1260317
:10D710000AA901930DF125030591009320460B46BC
:10D720001146F3F7C9FB05460028B1D11027059B28
:10D7300042460193494640F2012320460097FEF7F6
:10D7400023FF4528054600F0FC80002DA0D1BF2E08
:10D7500040F2BE81BF238DF82D3006F14103DBB2CC
:10D76000069340F20123CDF82EB0079398F80230CB
:10D7700013F03F0318BF98F803308DF8243008F0F9
:10D78000B7FD8246002800F0D481002307228AF8E2
:10D7900001308AF803309DF824308AF8002013F015
:10D7A00008020AF1020740F04D810AF103010391DA
:10D7B000D9074CBF08F10A0108F104019B0748BFD3
:10D7C000063122B1039A0B8822F8023B0392039B95
:10D7D000DF1B9AF80230FFB26FF38713022F8AF82B
:10D7E000023003D801270AF103030393069B002BA1
:10D7F00040F04581069B3B443344FF2B40F3BD8002
:10D80000C84500F06E81452542E7032F3FF44DAF38
:10D810000C253DE75A4631460FB0BDE8F04FFEF704
:10D8200001BD422528460FB0BDE8F08F8DF82830A5
:10D83000CDF829305A4600270AABC3460395BA46AD
:10D840001D46904605935A4649464FF404732046B8
:10D85000CDE900A58DF82DA0CDF82EA0FEF794FE01
:10D86000A8B99DF82DC06744BFB2BB19FB2B7BDC68
:10D87000D9F80431DBF804116BB1002900F02681DE
:10D880008B469946DFE7002E3FF423AFFFE645289D
:10D89000E7D000DEE5E743460A46D84661469B46A8
:10D8A00002B100DE452800F0D48000238DF8253039
:10D8B0008DF82630002840F03481029B002B40F088
:10D8C000A980029B1D4606934FF4047307934DE70E
:10D8D000032FAFD100220DF126030AA901930DF108
:10D8E00025030591009320460B461146F3F7E4FA11
:10D8F000054600287FF4CCAE002E7FF417AF88F8E1
:10D900000160A36B9DF826205A759DF8253063773A
:10D9100098F8003098F8012003F0400343F0070323
:10D9200088F80030002A40F0E18098F8003062F377
:10D93000861388F800309DF82730002584F82930B8
:10D94000A6E6059B424601939DF82D304946F31A01
:10D950008DF82830204640F201230097CDF829B0F9
:10D96000FEF712FE0546F0E6D945039D7FF490AE22
:10D970009DF8273084F829308AE68AF801309AF831
:10D980000230013F67F3050332468AF802305946F8
:10D99000039813F056FA637EDDF829607F2B4FEA77
:10D9A000531740F28980A27E98F8013002F00102FC
:10D9B0005200DB0001322B33934003F52975337895
:10D9C0006FF30503337008F045FB97FAA7F132288F
:10D9D0008CBF00200120002FB1FA81F108BF4FF069
:10D9E000FF31574BA3FB052332781D0B02F03F029A
:10D9F00042EA80121B0905EB411573703270B57055
:10DA0000D8F8040120B10023C8F8043108F0DEFC86
:10DA1000C8F804A1029B012B8DD172E700250AAB47
:10DA200002460193009549464FF4007320468DF855
:10DA30002850CDF82950FEF7A7FD054600287FF4B1
:10DA400027AE78E708220AF1040103918AF803203F
:10DA5000AEE600229DF832308DF825200693CB1AD1
:10DA60008DF82D30029B8DF82620002B63D14FF4CA
:10DA700004733546079379E600DEA36B19E69DF83B
:10DA80002D30DDF82E10069A1944039813F0D9F9B9
:10DA900000220599009201910799424641F0100336
:10DAA00020464946FEF770FD002838D1039B069AB0
:10DAB0002E46134403939DE698F801307A103B44B8
:10DAC0000933DB00D34003F5967578E700DED7E62F
:10DAD000D8F8040100289DD0C8F8045108F076FC5D
:10DAE00098E7A36B9DF827205A758CE6049D98F85B
:10DAF00002302A466FF3871388F80230434612F843
:10DB0000041B98F80000C1F3801161F3861003F83C
:10DB1000040B6968C8F8041092889A800BE7C8451E
:10DB200001D00546B4E59DF82730054684F8293034
:10DB3000AEE500DE29E6069B002B98D16AE700BF20
:10DB40008988888870B5044611B3B0F84CC042F299
:10DB5000107001FB00F01E4E1D46A6FB0030400A6F
:10DB6000B0FBFCF080B2A4F84000C2B1194B03FB3B
:10DB700002F2A6FB0263B1EB533F21D25B0AB3FB77
:10DB8000FCF300221B1AA4F86030E265002070BD8F
:10DB9000A0F84010A0F86010C165002070BDA4F886
:10DBA00060202B680BB1E365F7E7F9F759FA0646F1
:10DBB00058B1F9F761FA28B10660E0652860ECE732
:10DBC000122070BD3046F9F751FA072070BD00BF32
:10DBD0005917B7D10088130029B9B0F84030A0F820
:10DBE000423000207047134A30B513490225821A8B
:10DBF0000023A1FB021201218BB0099552090F4DA0
:10DC000009AC05320694D2B2A0F84230CDE9031136
:10DC100018460321CDE9013300930595F8F74EFA34
:10DC20002146F9F7ABFA10B900200BB030BD0C203B
:10DC30000BB030BD345700201F85EB511565000037
:10DC4000F0B589B00F9D1C462E4616F8103B1746BE
:10DC50000133DBB29DF838C02B70002B66D0002258
:10DC600038498B7AC1E900076CF300038B72364B9D
:10DC7000CE600C81996001201146F6F7AFFD0028B7
:10DC800056D1B5F8423043B10134A4B2A34228D9E9
:10DC90001B1BA5F8423009B0F0BDB5F840000028C4
:10DCA000F9D0002CF7D0294A294BAA1AA3FB02323B
:10DCB000C2F34712012A3FD8002301210532A5F8FB
:10DCC0004200D2B21846CDE90533CDE90311CDE9C2
:10DCD00001330093F8F7F2F910F0FD0FDBD000DE0E
:10DCE000D9E7B5F86000E0B1184A1844184BAA1AF1
:10DCF000A3FB0232C2F34712001B012A80B21FD8D5
:10DD000000230532039001211846CDE90533CDE902
:10DD10000133D2B204930093F8F7D0F910F0FD0F5D
:10DD200008D10023A5F8423009B0F0BD00DE96E727
:10DD300000DEA6E700DEF4E700DEB5F84000BBE752
:10DD400000DEDDE70C570020C4010020345700201E
:10DD50001F85EB510368D96D11B10868F9F7AAB9AD
:10DD6000704700BF024600B17047084608B5054B32
:10DD7000012198600220F6F731FD00B908BD00DEF0
:10DD800008BD00BFB401002003788BB110B50E4B65
:10DD900000F11001996082689AB900220B4C0A4B7D
:10DDA000C0E9024101201146F6F718FD38B910BD4F
:10DDB0000369D96D11B10868F9F77CB9704700DEC5
:10DDC00010BD00DE9968E8E7A401002055DD0000E1
:10DDD00000F046BB70B591F862300C4643F0010389
:10DDE000064681F86230053001F11002C0B2F9F741
:10DDF0003DFAA8B900F070FB056A064615B12B681C
:10DE00009C4201D0002070BD00F0E8FB08B17830E2
:10DE10001ED1336A002BF5D09D42F3D100DEF1E72D
:10DE200010F1780F054613D040F29123094A0A49B0
:10DE30000A4811F0CAFD2A463146094811F0C5FDCD
:10DE4000002383F31188BFF36F8F0323184602DF8B
:10DE50000C2070BDB01B0200601B0200781B02008A
:10DE6000981B0200022870B509D06424164904FBEF
:10DE7000001494F86220920701D5626912B10C2552
:10DE8000284670BD00EB800303EB830301EB8301A5
:10DE9000FFF7A0FF05460028F2D194F86230E66D46
:10DEA00060F3410384F8623036B1E0653068F9F719
:10DEB000DDF83046F9F7E6F80020FDF7BDFF002851
:10DEC000DED106F097FFDBE73457002010B50B4C8E
:10DED0000020FFF7C7FF94F8443001206FF30203DE
:10DEE00084F84430FFF7BEFF94F8A8306FF30203C4
:10DEF00084F8A830BDE8104000F0C0BA34570020C4
:10DF000000232DE9F04F85B00393002800F09D8099
:10DF10007F4C894694F86260934616F0020640F002
:10DF20008A8094F8C67017F0020740F0B58094F824
:10DF3000A88094F8C6A018F00408CAF3810A45D056
:10DF40001AF0010F08D00120F8F798FA0621F6F729
:10DF5000B3FB002800F09E8094F84430DD0700F108
:10DF6000818003AB5A4649466A48FFF7EBFD0546F8
:10DF7000002866D194F89C00C0F3C10006F07AFF37
:10DF8000B4F8A83003F0BF0363F0FF03A4F8A8308F
:10DF900094F89C30990600F1AE8094F84430DA078A
:10DFA00039D439465B48FFF717FE0546002848D1AB
:10DFB000002F52D194F84430DB0705D55448F3F7CD
:10DFC000FBFB054600283CD152482FE094F8623014
:10DFD0005B0757D45A4649464D4803ABFFF7B2FD9D
:10DFE000054670BB94F8380094F86250C0F3C10045
:10DFF00006F040FFB4F84430C5F3810503F0BF03D9
:10E0000063F0FF03A4F8443094F83830980602D542
:10E01000023D012D51D931463D48FFF7DDFD054652
:10E0200078B9D6B9B8F1000FBBD1394805B0BDE811
:10E03000F04FF3F7C1BBE36D039309B1002A4BD155
:10E040000C25284605B0BDE8F08FFFF70BFF05460D
:10E050000120FFF707FF0028F3D10025284605B06F
:10E06000BDE8F08F03AB5A46494629480193FFF7B4
:10E0700069FD019B054600283FF474AF284605B0B2
:10E08000BDE8F08F0120F8F7F9F90621F6F714FB47
:10E0900000289FD11225D4E7D4F8C030039300297B
:10E0A000CED0002ACCD0B4F8A430002BC8D0B4F81D
:10E0B000C430002BC4D0012739E7174D002006F0EB
:10E0C000FDFE95F8343043F0400385F83430B8F164
:10E0D000000F7FF462AF9EE7B4F84030002BAFD062
:10E0E000B4F86030002BABD094F8C67017F002077C
:10E0F00009D101261BE7AAF1020ABAF1010F3FF686
:10E100004CAF064DDAE7D4F8C03001260393CAE7D6
:10E11000345700209857002044570020A85700206B
:10E1200070B5846882B0B4F860300BB102B070BDD5
:10E13000B4F84030002BF9D0B4F84230002BF5D1C0
:10E14000144E1549A4EB060CA1FB0C1CCCF3471C88
:10E15000BCF1010FA4F8403018D8BCF1000F16D163
:10E16000643600200B25A6F84000E66D0CF1050290
:10E170003571A6F806C00121084BD2B20094F7F71A
:10E18000FFFF10F0FD0FD1D000DECFE700DE014E23
:10E19000E7E700BF345700201F85EB5165DD000025
:10E1A000012808B51CD86423154A03FB002393F803
:10E1B00062106FF3410183F8621030B992F8A83011
:10E1C00003F00703032B14D808BD92F84430DB0793
:10E1D000FAD50020FFF746FE0028F5D000DE08BD86
:10E1E00000DE002292F8623062F3410382F862306E
:10E1F000FFDE0120FFF736FE0028EFD108BD00BF8B
:10E2000034570020012807D8044B00EB800000EBB6
:10E21000800003EB800070470020704734570020D7
:10E22000034A044B801AA3FB0030C0F34710704729
:10E23000345700201F85EB51044A0068044B801AB4
:10E24000A3FB0030C0F34710704700BF34570020D5
:10E250001F85EB51044B984204D36433984288BF26
:10E26000002070470020704734570020054B00689D
:10E27000984204D36433984201D81030704700208C
:10E28000704700BF345700200128024611D84FF0D4
:10E29000640C094900EB800303EB830301EB83006B
:10E2A0000CFB021191F8623013F0020F08BF00203E
:10E2B00070470020704700BF3457002001280246F5
:10E2C00011D84FF0640C094900EB800303EB830382
:10E2D00001EB83000CFB021191F8623013F0020F86
:10E2E00018BF002070470020704700BF345700203F
:10E2F000012818D864230D4A03FB002292F86230EB
:10E3000013F002030FD0536992F86200003B18BF6C
:10E31000012392F83820C0F34000C2F3401290402D
:10E3200040EA830070470020704700BF3457002048
:10E3300001280DD86423074A03FB002292F86230BB
:10E3400013F0020304D092F83800C0F3C100704704
:10E35000002070473457002010B5039C9DF808C07A
:10E3600022780132D2B22270A2B100220A491034BE
:10E370000860887A0B81094B6CF300008872CC60CE
:10E3800099604A6001201146F6F728FA00B910BDDD
:10E3900000DE10BD00DEE8E70C580020E40100209C
:10E3A00038B5036A0446EBB1616A31B10023636298
:10E3B0000868F8F76DFEF8F777FE256A2868FFF71A
:10E3C00049FFEA6A04F110039A4204BF0023EB629A
:10E3D000236A4BB1002323622046BDE8384003493D
:10E3E000F6F73EB900DEDFE700DEF3E72458002051
:10E3F000036A0BB1FFF7D4BF00DEFFF7D1BF00BF48
:10E4000068B108B50B6A6BB10748084B0022C3E935
:10E41000021001210220F6F7E1F908B908BD7047A2
:10E4200000DE08BD00DEEFE731E40000F40100206B
:10E43000036A6BB1037803F0FF023BB1012A09D1F3
:10E4400083684BB9054BC0E902307047FFF7A8BF9E
:10E4500000DEEFE700DEF3E700DEF3E7F1E30000C4
:10E4600008B5012230210348034BF6F7C1F800201C
:10E4700008BD00BF285800202458002008B50122FC
:10E4800030210348034BF6F7B3F8002008BD00BF66
:10E49000285800202458002038B585682B6A6BB1B5
:10E4A0001C682046FFF7D6FE78B194F86230DB078F
:10E4B00010D42846BDE83840FFF772BF00DE1C6864
:10E4C0002046FFF7C7FE0028EFD100DE94F8623047
:10E4D000DB07EED538BD00BF024B00280CBF184645
:10E4E000002070472858002008B5302202490068F3
:10E4F000F6F7CEF8C0B208BD2858002038B5056838
:10E5000049B12B6A0C4643B11868FFF7A3FE0038E7
:10E5100018BF01202070286A38BD00DEF4E700BF74
:10E5200070B58B68054618680C46FFF793FE01220C
:10E53000002834D0D4E9021322712BB31E68336A49
:10E54000002B3ED01868FFF785FE68B390F8623064
:10E55000DB0711D4336A002B37D0336A002B32D05B
:10E56000337803F0FF020BB3012A30D1B368002BDC
:10E570002FD1194BC6E9023621462846F8F788FD07
:10E58000BDE87040F8F790BDCB6A002BD6D121468C
:10E590002846F8F77DFDBDE87040F8F785BDA36813
:10E5A0002271002BCAD1F2E700DE70BD3046FFF7C2
:10E5B000F7FE21462846F8F76BFDBDE87040F8F7F6
:10E5C00073BD00DEBEE700DECAE700DEC5E700DEA1
:10E5D000CCE700DECDE700BFF1E3000038B5302224
:10E5E00012490446F6F754F804F1100507302A469C
:10E5F0002146C0B2F8F73AFE50B110F1780F00D0C2
:10E6000038BD2846F8F708FE10B110F1780FF7D1A1
:10E610000749084B0022C3E9024103200121F6F714
:10E62000DDF808B9002038BD00DEFBE728580020DF
:10E63000A1E30000D40100200146002208B5054BEB
:10E64000012099601146F6F7C9F800B908BD00DE4F
:10E6500008BD00BF040200200146836808315A68E3
:10E6600092F82730DB0901D0F3F7E2BF05F09ABB3F
:10E670002DE9F0410446066882B04FF4C872234980
:10E6800000F14C053046F6F703F821460AF0F4FF96
:10E690002946206D01AAF6F73BF810B34FF6FF7735
:10E6A000DFF86C8098F8412298F84012531CDBB2D6
:10E6B000482B08BF0023994224D0019908EBC20CD3
:10E6C00028F83270CCF804100A680260019A1060D1
:10E6D00088F841322946206D01AAF6F719F800287A
:10E6E000E0D1D6F8480106F5A47138B10023C6F888
:10E6F0004831F8F757FE02B0BDE8F08100DED6F8E9
:10E700004801F3E700DE00231B80FFDE98050020B0
:10E71000C85B002010B50C4630B92046F8F76AFDFA
:10E72000844200D000DE10BD00DEF6E710B50C46D6
:10E7300030B92046F8F752FD844200D000DE10BD0B
:10E7400000DEF6E710B50C4640B9074B0246012142
:10E7500002209C60F6F742F820B910BDF8F738FDAA
:10E760008442FAD000DE10BD2402002000B97047B8
:10E7700010B50C46F8F74AFD844200D110BDF8F7F9
:10E7800027FD8442FAD000DE10BD00BF2DE9F04322
:10E7900004468BB08846012002211E4691460DF0AA
:10E7A000D9FA0022022107460120F5F7E3FF4FF4D2
:10E7B000C87221492046F5F76BFF05461F4B083507
:10E7C000EDB200930121334600202A460194F7F769
:10E7D00019FD10F0FD0F2DD108940694CDF804908A
:10E7E000CDF8008060682A4694F93750144C0490A4
:10E7F0001448334630EA250028BF20464FF6FE7401
:10E8000005900020104D0121CDE902040795F7F78E
:10E81000B9FB10F0FD0F0BD117B90BB0BDE8F083B9
:10E820000122022110460BB0BDE8F043F5F7A2BF6C
:10E8300000DEF1E700DECFE7980500202DE70000BD
:10E8400055390100CD3A010015E7000070B51022DE
:10E850004FF4C871144B1548F5F7CAFE00244FF663
:10E86000FF76124DA2B24FF4C8712846F5F70CFF9F
:10E870000134102C8684F5D10D4B0722181D24215C
:10E88000F5F7B6FE0B4B4722181D0821F5F7B0FE31
:10E8900002F028FA07230020074C0849084A2060A4
:10E8A0000B70137070BD00BF8858002098050020C1
:10E8B000C85A00208C580020505E0020E6800020BE
:10E8C000E580002010B5044614F8103B73B10F4BDF
:10E8D0009C608268B2B900220D490C4BC0E9021459
:10E8E00001201146F5F77AFF50B910BD03F0FF0281
:10E8F000084B114601209C60F5F770FF0028F4D00A
:10E9000000DE10BD00DE9C68E5E700BF14020020B9
:10E9100039E60000040200200148F5F78DBE00BF73
:10E92000885800200149F5F79BBE00BF8858002099
:10E930004FF4C8720149F5F7ABBE00BF980500203F
:10E940000F28024604D84FF4C8710248F5F79CBE60
:10E9500000207047980500200F280ED810B50246F9
:10E9600004464FF4C8710648F5F78EFE18B1838C43
:10E97000A34200D110BD002010BD0020704700BF91
:10E98000980500200148F5F757BE00BFC85A00207F
:10E990000149F5F765BE00BFC85A00200F2800F2F4
:10E9A0009D802DE9F041024607460C465E484FF433
:10E9B000C871F5F769FE8046002854D0838CBB42AD
:10E9C00051D15A4A92F8411092F840004B1CDBB2E8
:10E9D000082B08BF002398425AD022F8317002EB6E
:10E9E000C1014C6082F8413098F8003003F0FF001C
:10E9F000002B40D04E4D2B68062B4DD84D4E4E4B24
:10EA0000002201210320C3F80880F5F7E7FE98F9FA
:10EA10003730002B37DB11F0BFFC4FF47A73002145
:10EA2000464FDFF81CC13A68821AA2FB03239445C3
:10EA300071EB030C1BD343482F68016801376479DD
:10EA40000C4404604048A4FB0001214452EA030442
:10EA500004BF00230122F1F713FD03462F6033604A
:10EA60000020BDE8F0816FF01500BDE8F08138604E
:10EA700001273448E3E70BF051FA98F937302C4D71
:10EA8000002B2C4EC7DA3946404604F0B7FFC2E7E8
:10EA90006FF06800BDE8F08198F8582098F872305F
:10EAA000244E02F0070C29483168C3F300139B0081
:10EAB000BCF1030FB0FBF1F0DBB2C2F3C00210D91E
:10EAC000DB00520003F203130132934003F274534C
:10EAD000834223D300200BF021FA90E76FF015005A
:10EAE00070470CF10902D1000CF1240213444FEAE3
:10EAF0006C0C21FA0CF2DB0023FA0CF302F5967190
:10EB00000B449842E6D9C3EB400002F196035B0048
:10EB100018440138B0FBF3F0C0B2DCE7C3EB4000AF
:10EB200040F2CC63F4E700BF980500200C5E0020A3
:10EB30008458002080580020340200207C58002097
:10EB400000CA9A3B785800200050D6DC00E6DF0C63
:10EB50002DE9F04F0F2885B0BDF83890BDF83CA0E6
:10EB6000BDF840B0039215D8024604460E461C4834
:10EB70004FF4C8711F46F5F787FD054650B1B0F850
:10EB80002480A04506D176B1022E07D0012005B021
:10EB9000BDE8F08F022005B0BDE8F08F039BABB954
:10EBA00002F03EFB0EE0119C53464A463946CDF832
:10EBB00000B0019402F0CAFA0028ECD195F9373080
:10EBC000002B07DB002005B0BDE8F08F039902F0B1
:10EBD00037FBF7E74146284604F010FFF2E700BF95
:10EBE000980500200F281FD870B5024604460D4630
:10EBF0000E484FF4C871F5F747FD064658B1838CAF
:10EC0000A34208D102F052FA38B103682B600379AD
:10EC10002B71002070BD022070BDD6F832302B6001
:10EC200096F836302B71F4E70220704798050020E3
:10EC30000F2870B502D90224204670BD0246054651
:10EC40000C4616484FF4C871F5F71EFD064610B382
:10EC5000838CAB421FD11A2C04D8042C16D8122452
:10EC6000204670BD292C01D03B2CF8D121463046DE
:10EC700002F0E6F904460028DED196F93730002B81
:10EC8000DADA2946304604F0B9FED5E7044BE34012
:10EC9000DB07EBD4E3E70C24204670BD9805002089
:10ECA000200038040F2870B516D8024604464FF4E9
:10ECB000C8710E48F5F7E8FC054668B1868CA64297
:10ECC0000AD1012102F00AF9044618B995F9373042
:10ECD000002B04DB204670BD0224204670BD284670
:10ECE000314604F08BFE204670BD00BF9805002021
:10ECF0000F2870B515D8024604464FF4C8710D4868
:10ED0000F5F7C2FC054660B1868CA64209D102F037
:10ED1000FDF8044618B995F93730002B04DB20467E
:10ED200070BD0224204670BD2846314604F066FEC0
:10ED3000204670BD980500200F281CD870B50446E9
:10ED40000E4615464FF4C87102460C48F5F79CFC78
:10ED5000034670B1828CA2420BD193F85840002038
:10ED6000C4F30204347093F85930C3F302032B70D8
:10ED700070BD022070BD0220704700BF98050020C2
:10ED80008446034A034B002082F800C01970704784
:10ED9000E6800020E58000202DE9F0430F2883B0B5
:10EDA00025D80446884617464FF4C87102461948CC
:10EDB0001E46F5F769FC0546C8B1B0F82490A14598
:10EDC00015D1D0F8203113F4106F1DD00124334633
:10EDD00000943A46414602F00BF9044618B995F9F9
:10EDE0003730002B08DB204603B0BDE8F083022457
:10EDF000204603B0BDE8F0832846494604F0FEFDF6
:10EE0000204603B0BDE8F0831A24204603B0BDE8D5
:10EE1000F08300BF980500200F2814D838B50246AB
:10EE200004460D4609484FF4C871F5F72DFC03461A
:10EE300038B1828CA24204D193F8B63000202B70F6
:10EE400038BD022038BD0220704700BF9805002061
:10EE50000F282FD838B5024604460D4616484FF401
:10EE6000C871F5F711FC18B3838CA34220D1C38C71
:10EE7000B0F87021052B0FD84FF4FA7101339BB213
:10EE800002FB03F301FB03F30C4AA2FB0323C3F3CE
:10EE90004F332B80002038BD40F2E24103FB02F2E9
:10EEA00001FB02F2054BA3FB0232C2F34F33F0E742
:10EEB000022038BD02207047980500205917B7D1AD
:10EEC0000F282ED838B5024605460C4616484FF492
:10EED000C871F5F7D9FB844608B3838CAB421ED1C9
:10EEE00042F2107202FB04F1C38C0139052B0DD8DC
:10EEF0004FF4FA7201339BB202FB03F31944B1FBE6
:10EF0000F3F189B2ACF87011002038BD40F2E24252
:10EF100002FB03F31944B1FBF3F189B2F2E70220DB
:10EF200038BD0220704700BF98050020FFF78EBC57
:10EF30002DE9F84304F0C0FE0025204FDFF8809053
:10EF4000DFF8808025E005F108002146C0B204F119
:10EF50001002F8F78BF90646B0B116F1780F1A488F
:10EF600012D040F24D734A46414610F02EFD324613
:10EF70002946164810F029FD002383F31188BFF3BA
:10EF80006F8F0323184602DF00230135102DE3663F
:10EF90000AD04FF4C8713846AAB2F5F775FB04469B
:10EFA0000028D0D100DECEE709490A4AA1F8403056
:10EFB000A2F84032BDE8F843FFF748BC98050020AE
:10EFC000F01B0200601B0200781B0200981B02006D
:10EFD0000C5E0020C85B0020014B1878704700BF12
:10EFE000E6800020014B1878704700BFE5800020C4
:10EFF0002DE9F84F4FF0000B81468A461746984698
:10F00000194E02E0BBF1100F2AD01FFA8BF52A46E9
:10F010004FF4C8713046F5F737FB0BF1010B04468E
:10F020000028EFD0838CAB42ECD190F88051B7EB45
:10F03000D51FE7D10622414600F2871011F030FFBC
:10F04000C5F380150028DDD14D45DBD106225146A0
:10F0500004F2811011F024FF0028D3D1012000E038
:10F060000020BDE8F88F00BF980500208B6808607D
:10F070001B681A782AB19A6832B9044AC3E9022196
:10F0800070470846FFF7E8BA00DEF6E759E60000E9
:10F09000F8B50B68DE880F2E36D80C460746324688
:10F0A0004FF4C8711A48F5F7EFFA054658B3838C48
:10F0B000B34228D102F000F9226892F8203003F020
:10F0C0000303032B08D10123137139462846226814
:10F0D000BDE8F84002F004B953B995F842319B07F6
:10F0E00003D53D2385F84431226801231371F8BD0F
:10F0F00095F842319A07FAD53D23012285F844312B
:10F1000023681A71F8BD236801221A71F8BD00BF87
:10F11000980500204FF6FF7C10B50446808C6045B2
:10F120000CD02046A4F80431C4E93F1201F068FE77
:10F1300094F8423113F0010002D110BD00DEF0E777
:10F140006FF3000384F842316FF08B0010BD00BFF5
:10F150002DE9F041304D0646304F95F8412027E02B
:10F1600042464FF4C8713846F5F78EFA034650B35D
:10F17000828C6168904527D10A79487902F00302B0
:10F18000022A2AD050BB03F1C40001F0F5FB95F828
:10F19000412095F840309A4206D00133DBB2082B6B
:10F1A00008BF002385F84030013E16F0FF0627D047
:10F1B00095F84030934223D035F8338005EBC304F3
:10F1C000B8F10F0FCCD961680B794FF6FF706FF370
:10F1D00001030B71F7F7B4FFD9E798B193F88D21CC
:10F1E000D007D0D56FF3000283F88D210A7902F0A1
:10F1F00003000128C7D1022060F301020A71C2E7AF
:10F20000BDE8F08193F88D21404642F0010283F879
:10F210008D21F7F795FFBAE70C5E002098050020D6
:10F220002DE9F041324A0B4614680546A04204BF5E
:10F23000002111601822808C012182B085F868318C
:10F2400085F84C21A5F84E01284601F0E3FD05F1B3
:10F25000C406284601F0F2FD304601F075FB304649
:10F2600001F0AAFB044638B30379DFF8888003F085
:10F270000303032B0CBF034600230360404605F144
:10F280006007F5F7D9F9A8B121463A46F5F72EFA05
:10F29000304601F091FB044670B1037903F003039B
:10F2A000032B0CBF0346002303604046F5F7C4F967
:10F2B0000028E9D100DEE7E7AA8C0121083200200E
:10F2C0000D4B0095D2B2F6F75BFF10F0FD0F08D1A1
:10F2D0004FF6FF73FF20AB8402B0BDE8F041FFF7AB
:10F2E00037BFF7F775FF8542F2D000DEF0E700BFC9
:10F2F000505E00208C58002045E7000038B50546D8
:10F300000120FFF725FF05F1C40001F055FBA8B16E
:10F31000044603790A4803F00303032B0CBF23467A
:10F3200000232360F5F788F930B1214605F160022A
:10F33000BDE83840F5F7DAB900DEF6E738BD00BFC2
:10F340008C58002041B32DE9F0414D1EDFF84C8070
:10F35000EDB200F1C40700F1600613E023794046E6
:10F3600003F00303032B0CBF234600232360F5F7B0
:10F3700063F978B1013D32462146EDB2F5F7B6F9B1
:10F38000FF2D05D0384601F017FB04460028E5D1D3
:10F39000BDE8F08100DEEDE7704700BF8C5800202B
:10F3A0000149F5F75DB900BF8C580020014B93F877
:10F3B00041027047C85B002000B50A4B93F840C279
:10F3C00093F841E2F4450BD080F800E033F83C00BC
:10F3D00003EBCC0308805B68136018685DF804FBDE
:10F3E0000020FBE7C85B0020074B93F840C2844530
:10F3F00008D003EBCC0033F83C300B80436813603B
:10F400001868704700207047C85B0020094A92F8CE
:10F41000401292F841328B4209D04B1CDBB2482B90
:10F4200008BF002352F8310082F8403270470020B4
:10F43000704700BFC85B002000B50D4A92F841C27A
:10F4400092F840E20CF10103DBB2482B08BF002325
:10F450009E4509D022F83C0002EBCC0CCCF80410FD
:10F4600082F841325DF804FB00DE00231B80FFDEE2
:10F47000C85B002070B55379144605460E46002B34
:10F480003BD0237903F00302032A0CD04FF6FF721E
:10F49000954204BF6FF30103237121462846BDE85E
:10F4A0007040F7F74DBE4FF6FF739D4206D13368AB
:10F4B0009C421CD0002BF0D000DEEEE70F2D1ED8B2
:10F4C0002A464FF4C8711648F5F7DEF8E8B1214630
:10F4D00001F0D4FE33689C42ECD12A464FF4C87147
:10F4E0000F48F5F7D1F810B1838CAB4200D0002063
:10F4F0002146BDE8704001F047BC00DEC1E700DEF8
:10F500000020214601F0BAFED1E700DE214601F0DD
:10F51000B5FE3368A342E0D0002BBED0CCE700BFDD
:10F52000980500201B207047704700BF90F84231BB
:10F5300043F0020380F84231704700BF90F8423137
:10F540006FF3410380F84231704700BFB0F840319B
:10F55000B0F80421981880B2704700BF0278038E7B
:10F5600012B1581E80B27047418DB0F8042158186E
:10F57000104480B2704700BF0B4610B504461A68AD
:10F580003230C4F832201B7905210371F5F742FAB5
:10F5900094F8373060F3050384F8373010BD00BFAE
:10F5A00008B50022D0E91701F5F7AAF8B0FA80F003
:10F5B000400908BD10B400248A690B468C61E2B191
:10F5C00003211171818C02F12004D18093F8201065
:10F5D00039B91B7A052B0CD0062B06D000DE10BCE7
:10F5E0007047204610BC02F005BE1A23137110BCF0
:10F5F0007047204610BC02F0DFBD00DEE0E700BF30
:10F6000070B50D46044600F17306334600223B31C7
:10F6100005F12B000CF0E2FCD4F87730D4F873201D
:10F62000C4F898300023C4F89420D4F88C20D4F87F
:10F630007F10C4F8AD2094F8AC20D4F87B0042F0E1
:10F64000010284F8AC2094F88B20C4F8A010D4F800
:10F65000901063F30002C4F89C00C4F8B110204677
:10F660002946C4E9293384F8833084F8843084F847
:10F67000853084F8863084F8873084F8883084F8C0
:10F68000893084F88A3084F88B2001F09BFA064692
:10F69000B8B1301D02F090FDF37931466B7320460E
:10F6A00001F0A6FA204602F093FA40F206636B815D
:10F6B00094F8723023F0180343F0180384F8723082
:10F6C00070BD00DEE5E700BFF8B506460C4601F068
:10F6D00079FA054688B32F1D384602F04BFDEB79C9
:10F6E00029466373304601F083FA304603F0C0FECA
:10F6F000AB68EA68C4F843300023C4F847202A699D
:10F70000C6F89020A569A361ADB103232F792B71B1
:10F71000B38C204605F12001EB8002F015FD2E2F61
:10F7200002D00423A372F8BD29462868F7F7C2FC6B
:10F730000423A372F8BD00DEE7E700DECBE700BFDD
:10F7400070B504460D4601F035FA10B90623AB72C8
:10F7500070BD04F173063346002205F13B0105F14B
:10F760002B000CF03BFCD4F87730D4F87320C4F8AD
:10F7700098300023C4F89420D4F88C20D4F87F105B
:10F78000C4F8AD2094F8AC20C4E9293363F3000237
:10F7900084F8833084F8843084F8853084F88630A7
:10F7A00084F8873084F8883084F8893084F88A3087
:10F7B00094F88B30D4F87B00C4F8A010D4F89010E3
:10F7C00043F00103C4F89C00C4F8B1102046294658
:10F7D00084F8AC2084F88B3001F0F4F90646A8B127
:10F7E000301D02F0DFFCF37931466B73204601F0E7
:10F7F000FFF9204603F03CFE4FF4C1636B8194F89F
:10F80000723043F0080384F8723070BD00DEE7E721
:10F8100070B50C46897A054682B00A2900F23D810E
:10F82000DFE801F00A1D2225779D4856656806002D
:10F83000002A64D002B070BD002AFBD1237A0121D6
:10F84000062B284648D001F0D7F92146284601F07A
:10F85000B1F9002840F0C2800223A372EAE7002A2F
:10F86000E8D101212846EEE7002AE3D1EDE7012A9D
:10F8700000F09F80042ADDD101212846009301F089
:10F88000CFF9009BDA780D2A00F0ED80112A00F004
:10F89000FA8000DE1F2384F82030284603F0E4FDC0
:10F8A00021462846FFF786FE284602F041FA00234B
:10F8B000A372BFE7032ABDD100260121284601F02B
:10F8C000AFF92846FFF73AFE284684F820603AE070
:10F8D000002AAFD10121284601F08EF921462846A1
:10F8E00001F068F9002845D10823A372A2E7002A95
:10F8F000A0D1F3E7062A9DD12846FFF717FE21463F
:10F90000284601F057F9002840F091800A23A3729D
:10F9100090E7022A26D0042A8CD1012128460093A0
:10F9200001F07EF92846FFF709FE009BDA780D2AE0
:10F9300000F0A180112A00F0A88000DE1F2300261D
:10F94000284684F8203003F08FFD21462846267390
:10F95000FFF730FE284602F0EBF9A6726AE7002AAC
:10F960007FF468AF2146284601F024F9D0B9052379
:10F97000A3725FE72146284601F024F906460028D5
:10F9800000F08780301D02F021FCF379314663736B
:10F99000284601F02DF9284602F01AF940F60933FD
:10F9A000638147E72146284602B0BDE87040FFF773
:10F9B00027BE2846CDE90023FFF7B8FD40F20451E9
:10F9C000019B009A5E689868C4F84360C4F84700D9
:10F9D000DB68C5F89030227361812BE72146284609
:10F9E00001F0F0F80646002851D02046311D02F003
:10F9F00087FBF37931466373284601F0F9F828460E
:10FA000002F0E6F8D6F81230D6F816202846C4F8E8
:10FA10003B3040F20343C4F83F20D6F81A20C5F823
:10FA20008C20638102B0BDE8704003F019BD21460F
:10FA3000284601F0C7F8064668B3301D02F0D0FB37
:10FA4000F37931466373284601F0D2F8284602F074
:10FA5000BFF84FF60173638195F8723023F01803F5
:10FA600085F87230E6E61B79062B3FF414AF1A2BAB
:10FA70003FF411AF0EE71B79062B3FF460AF1A2B52
:10FA80003FF45DAF5AE75B79EEE75B79F4E700DEC0
:10FA9000ABE700DE76E700DECFE700DECAE600BFB8
:10FAA00070B50C46897A054682B00D2900F2338183
:10FAB000DFE801F05F676A9CAB07070C1836393E38
:10FAC0005053002A00F0B38002B070BD002AFBD171
:10FAD0002146284601F06EF8002840F0F680072302
:10FAE000A372F1E7022AEFD10023A069A3610028E5
:10FAF00000F02E8103230371AB8CC380237A052B86
:10FB000000F00E81062B00F0088100DE2146284619
:10FB100001F050F8002840F0AF800923A372D3E72A
:10FB2000002AD1D1F2E7002ACED10B23A372CBE772
:10FB3000072AC9D12846012101F05EF82846FFF7BF
:10FB4000F5FC2146284601F035F8002876D10C2333
:10FB5000A372B9E7002AB7D1F3E7082AB4D140F27B
:10FB60000233638195F872306FF3041385F87230B5
:10FB7000AAE7002AA8D1237A062BD6D00223A372A3
:10FB8000A2E7002AFAD09FE7012A9DD11146284614
:10FB9000019301F031F82846FFF7C8FC284602F02F
:10FBA0000FF8019B284659689A68C4F82110C4F8D8
:10FBB00025201A7B84F829205A7B84F82A20D3F840
:10FBC0000E10D3F81220C4F83B10C4F83F20D3F82D
:10FBD00016302146C5F88C3000F0ECFF78B1214694
:10FBE000284602B0BDE87040FFF76EBD002A7FF4E2
:10FBF0006BAF2146284600F0DDFF0028EFD12046FC
:10FC000001F01AF80323A3725EE7032A0CD0042A3A
:10FC10007FF45AAF062140F20362072384F82010D4
:10FC2000A4F84D20A3724FE70523A3724CE72146A9
:10FC3000284602B0BDE87040FFF782BD2146284645
:10FC400000F0C0FF0646002800F08480301D02F05E
:10FC5000C7FAF37931466373284600F0C9FF284696
:10FC600003F006FC40F60D33638195F872306FF3B4
:10FC7000C30385F8723027E72146284600F0A2FF2B
:10FC80000646002868D0301D02F096FAF379314616
:10FC90006373284600F0ACFF284603F0E9FB2846D2
:10FCA00003F070FD00230121A372284600F0B8FF85
:10FCB0002846FFF743FC284601F086FF95F872308E
:10FCC00043F0100385F87230FEE62146284600F026
:10FCD00079FF0646002841D095F8103194F84E106F
:10FCE000301D1BB1D5F820315B071DD402F082FA1C
:10FCF000F37931466373284600F07AFF284603F013
:10FD0000B7FB284603F03EFD94F82030062B11D0B7
:10FD1000242B3FF4D9AE00DED6E61A230371F5E6B4
:10FD2000203002F049FAF1E60A4694F84D1002F04C
:10FD30006DFADDE701212846A17200F071FF284627
:10FD4000FFF7FCFB284602B0BDE8704001F03CBF65
:10FD500000DECFE600DE79E700DE94E700DEBBE7F9
:10FD600092F823C002F12003ACF104020D2A08D856
:10FD7000DFE802F00E14170707070711070B070744
:10FD8000070B3D2380F8443170470422FFF740BD44
:10FD90000122FFF73DBD0622FFF73ABD0222FFF721
:10FDA00037BD0322FFF734BD13460022FFF730BDF5
:10FDB00092F823C002F12003ACF10302082A06D80E
:10FDC000DFE802F01205050F0505050C09003D23CB
:10FDD00080F8443170470822FFF762BE0722FFF720
:10FDE0005FBE0222FFF75CBE0122FFF759BE00BFD3
:10FDF0008B7A042B04D002D9053B082B03D870471B
:10FE000005238B72704700DEF9E700BF8B7A042B65
:10FE100004D002D9053B082B0AD87047062040F2CF
:10FE20000362072381F82000A1F84D208B727047F0
:10FE300000DEF2E7887AA0F10400B0FA80F0400911
:10FE4000704700BF13460022FFF72ABE70B591F835
:10FE500026300C46042B91F8272003D8032B01D021
:10FE6000042A0DD91121134313F007034FF00105A4
:10FE700084F822100CD1012584F82230284670BD68
:10FE8000032A0DD0134313F007034FF00005F2D0FF
:10FE9000A68CFFF763FB801B0304EFD42823EAE75B
:10FEA0001123012581F82230F2E700BF10B50023AD
:10FEB0000C468969A36149B394F82130DB0720D54A
:10FEC0000B792E2B20D11D230B71838CCB8094F8C2
:10FED000223081F8203090F85930C3F3020381F8C2
:10FEE000223090F85830C3F3020381F821300868BB
:10FEF000F7F7E0F894F821306FF3000384F821302D
:10FF000010BD01230B71F2E700DEDCE700DED3E772
:10FF10008A7A8C46032A03461CD0052A03D0022184
:10FF2000184600F07DBE90F93720002A4BDBBCF864
:10FF30002620B2B39CF826202AB193F8581062F319
:10FF4000061183F858100822022118468CF80A205E
:10FF500000F066BE00B590F9372083B0002A30DA91
:10FF60001A4A9CF820E092E8030002AA02E9030082
:10FF700093F85820114642EA0E0202F007020832B6
:10FF80006A4412F8080C062260F3061183F8581030
:10FF9000184602218CF80A2003B05DF804EB00F04B
:10FFA0003FBE93F8582009201146C2F3020262F3C3
:10FFB000061183F858108CF80A000221184600F048
:10FFC0002FBE00DECCE700DEB1E700BF101A020052
:10FFD00091F8202030B5940740D402F0070313F0C5
:10FFE000010535D1032B94BF002301234FEA830E73
:10FFF000754691F8203065F3020381F82030C3F391
:020000021000EC
:10000000C202DB062DD412F0010424D1032A94BFCE
:10001000002201224FEA820C644691F8203064F3FA
:10002000C50381F8203090F8583003F00703AB4245
:1000300008BF4FF0000E81F826E090F8593003F029
:100040000703A34208BF4FF0000C81F827C030BD62
:100050004FF0010ECDE74FF0010CDEE70225AE4672
:10006000C7E70224A446D8E7F8B5CE690C46054692
:10007000002E50D00022637B6661162B06F1040728
:10008000E2610BD0182B30D000DE2846314600F05C
:10009000AFFD2846BDE8F84001F09ABD94F8203045
:1000A00095F88021C3F3C20363F3C50285F880216C
:1000B00094F8202095F88031394662F3020385F8E0
:1000C000803194F8203095F85820C3F3801363F3FF
:1000D000C302204685F8582002F0B2F802212846D3
:1000E00000F08AFD0223A372CFE721462846FFF7DE
:1000F0006FFFE38C43B9A3843946204602F0E4F84D
:100100004FF605736381C0E7FFF728FA2B8D06339E
:1001100003449BB2EFE700DECE69ABE738B5054696
:100120000C4601F045FD10B10123A37238BD2846ED
:1001300003F084F90028F7D12146284600F03AFD63
:100140000028F1D0284603F077F90728ECD028469C
:10015000012103F06BF928460D2103F06BF91623FA
:1001600021466373284600F02DFD0346E3612146D6
:100170002846BDE83840FFF777BF00BF38B50546D1
:100180000C4601F015FD10B10423A37238BD2146C1
:10019000284600F00FFD0028F6D005F1C40000F05D
:1001A00009FC0028F0D12846FFF7FAF90028EBD027
:1001B000182321466373284600F004FD0346E361DB
:1001C00021462846BDE83840FFF74EBF2DE9F041F3
:1001D00090F9376090F8585090F859C001F007082E
:1001E000002E034605F0070740460CF0070E02F00C
:1001F00007041BDB1CB162F3020C83F859C058B131
:1002000093F858205FFA88F464F3020283F85820C8
:10021000A74218BF012007D193F8590000F007004A
:10022000B0EB0E0018BF0120BDE8F08154B164F3BB
:10023000020583F858500028EAD061F3020C83F8D5
:1002400059C0E5E70028EFD061F3020C83F859C0EC
:10025000E2E700BFF0B515468A7A0C46064685B03F
:10026000092A00F2EC80DFE802F00505193C6897E6
:1002700071EAB40A002D00F0DC8005B0F0BD042D59
:10028000FBD12146FFF712FE304601F051FD00215F
:10029000304603F0CFF80023A372EEE7032DECD134
:1002A00090F83730DB0900F02F81B54B94F82050DF
:1002B00093E8030004AB03E9030096F858300221E9
:1002C0001A462B4303F0070310336B4413F8085C02
:1002D00041F6060365F3061286F85820304663811E
:1002E00026E0012D00F0AE80062DC6D1002103F0DE
:1002F0009DF8D6F82031204623F41063C6F820314B
:1003000000F09AFC1A2209250221304694F8213087
:1003100084F8222043F0010384F8213096F8583005
:100320001A46C3F3020363F3061286F85820A57237
:1003300005B0BDE8F04000F073BC002D9DD1214612
:10034000304605B0BDE8F040FFF718BF052D00F0BE
:10035000CE80062D00F0AD80022D8ED190F9372091
:10036000002A80F20B8102213046019303F05EF8EF
:10037000019B2046194601F09DFF21463046FFF7BC
:1003800065FD0546204600F057FC002D40F0DB805F
:1003900094F82730ABB10EE0032D7FF46EAF90F9E7
:1003A0003730002BC0F2E880E58C002D00F0B080E3
:1003B00094F826302BB196F8582063F3061286F88D
:1003C0005820304601F00EFC082302213046A3726B
:1003D000AEE7002D7FF451AFFFF7B8F8A38CC01A39
:1003E00003043FF54AAF94F8272094F826103046CE
:1003F000FFF7ECFE07462946304603F017F884F86D
:100400002250002F40F0B68094F82020D20994F8B2
:100410002130092162F3000384F8213096F8583026
:100420001A46C3F3020363F3061286F85820A1723A
:1004300023E7214605B0BDE8F040FFF76FBE00DEC0
:1004400005B0F0BD0221019302F0F0FF019B94F88A
:1004500020201946204602F00707C2F3C20501F02A
:1004600047FF0221304600F0C7FB94F820301946C0
:10047000C3F3C20305EA030262F3C5010B460F4052
:1004800067F3020384F8203096F93730002B0CDB39
:1004900094F8203013F0380F01D05A0705D194F8A2
:1004A000203023F03F0384F82030204600F0C4FBC6
:1004B00045E7002102F0BAFF1A22D6F8203123F4D2
:1004C0001063C6F8203184F82220204600F0B4FBE7
:1004D00094F82130092543F0010384F8213096F87F
:1004E000583002211A463046C3F302031BE719466F
:1004F000204601F09DFE94F84E300021304684F8ED
:10050000223002F093FFE0E741F203736381B4E627
:100510002946304602F08AFF94F8203094F82120D2
:10052000DB0963F3000284F8225084F8212096F856
:10053000582002F0070296F85810092362F30611BA
:1005400086F8581041E70021304602F06FFF94F81A
:1005500022300BB186F8443194F8203094F82120F1
:10056000DB0963F3000284F8212096F8582002F09A
:100570000702E0E701224AE700DE15E700DEF2E6C7
:10058000101A0200F8B5CD690C4606468DB300225C
:10059000637B6561172B05F10407E2610BD0182B13
:1005A00011D000DE3046294600F022FB3046BDE87F
:1005B000F84002F05DBF3946304601F065FE41F675
:1005C00003036381EEE721463046FFF701FDE38C2C
:1005D00043B9A3843946204601F076FE4FF60573F1
:1005E0006381DFE7FEF7BAFF338D063303449BB226
:1005F000EFE700DECD69CAE738B505460C4602F0E4
:1006000027FF10B10223A37238BD2146284600F00F
:10061000D1FA0028F6D0284602F00EFF0728F1D0C4
:1006200028460D2102F006FF172321466373284652
:1006300000F0C8FA0346E36121462846BDE8384089
:10064000FFF7A0BF38B505460C4602F001FF10B118
:100650000423A37238BD2146284600F0ABFA0028D7
:10066000F6D0284602F0E8FE0728F1D005F1C400D4
:1006700000F0A0F90028EBD12846FEF791FF0028F2
:10068000E6D028460D2102F0D5FE182321466373DB
:10069000284600F097FA0346E36121462846BDE864
:1006A0003840FFF76FBF00BF70B50C46897A064629
:1006B0001546092900F2AE80DFE801F0696E0905F0
:1006C0000D0514AC375A022D00F09F8070BD002D2F
:1006D00000F0958070BD002DF8D12146BDE8704036
:1006E000FFF7B0BF032DF1D11946204601F0E2FD1E
:1006F00021463046FFF7AAFB0546204600F09CFA4B
:10070000002D00F0958094F822300921282B08BF95
:1007100086F8443196F858301A46C3F3020363F35F
:10072000061286F85820A17270BD002DCED1FEF7BA
:100730000DFFA38CC01A0304C8D494F8272094F8A2
:100740002610304684F82250FFF740FD94F82130FF
:10075000092160F3000384F8213096F858301A46D6
:10076000C3F3020363F3061286F85820A17270BD2A
:10077000042DABD12146FFF799FB304603F002F878
:100780000021304602F056FE0023A37270BD002DFA
:100790009CD10123A37270BD1946204601F066FD6D
:1007A00094F8202096F88031C2F3C200C3F3C2014E
:1007B0000140C3F30203C2F30200034043EAC10352
:1007C00022F03F02134384F8203096F93730002B93
:1007D0000ADB94F8203013F0380F1DD194F8203044
:1007E00023F03F0384F820300221304600F004FA61
:1007F000012D7FF46BAF96F83730DB090FD021461F
:100800003046BDE87040FFF7F7BE2146BDE87040B6
:10081000FFF77EBB00DE70BD5A07E5D1DEE720465C
:1008200000F00AFA21463046BDE87040FFF70ABFE3
:10083000304602F023FE0823A37270BD92F823C055
:1008400002F12003ACF10702112A0AD8DFE802F016
:10085000200909090909090909091D0909090909DD
:100860001A17242300B580F8443183B0019101F0B8
:100870005FFA002301998B7203B05DF804FB02223A
:10088000FFF7E8BC0122FFF7E5BC0522FFF7E2BC59
:100890000622FFF7DFBC00BF13460022FFF7DABCD9
:1008A00013460322FFF7D6BC38B58B7A082B02D04B
:1008B00002D8072B10D038BD092B0DD105460C46A8
:1008C000FFF7F4FA284601F033FA0021284602F037
:1008D000B1FD0023A37238BD00DE38BD10B592F81B
:1008E00023E002F12003BEF1160F0BD0BEF1180F6A
:1008F0000DD0242380F844310C4602F043FF00233E
:10090000A37210BD0122BDE81040FFF7CDBE032247
:10091000BDE81040FFF7C8BE13460022FFF7C4BE73
:1009200013460222FFF7C0BE00230422FFF7BCBE1D
:100930000023037043608360C3600361704700BF9E
:10094000037801330370704703785BB9C3687BB1E8
:1009500002691AB1816861B10B6082600023C360D3
:1009600003617047013BDBB20370002BEED0704790
:1009700070474360F1E700BF03783BB100230C30C0
:100980000B60436843B11960416070470023043035
:100990000B604368002BF6D101604160704700BFD7
:1009A00000230B60836813B1196081607047416058
:1009B00081607047406870470346406828B1996875
:1009C000026888425A6008BF9A6070474078A0F178
:1009D0000C00B0FA80F04009704700BF4078A0F1E9
:1009E0000800B0FA80F04009704700BF4078A0F1DD
:1009F0000200B0FA80F04009704700BF4078A0F1D3
:100A00001700B0FA80F04009704700BF4078A0F1AD
:100A10000D00B0FA80F04009704700BF4078A0F1A7
:100A20000100B0FA80F04009704700BF4078A0F1A3
:100A30000900B0FA80F04009704700BF4078A0F18B
:100A40000600B0FA80F04009704700BF4078A0F17E
:100A50001800B0FA80F04009704700BF4078A0F15C
:100A60000300B0FA80F04009704700BF4078A0F161
:100A70000500B0FA80F04009704700BFF8B506469F
:100A800008460D46F3F7D8FD044680B100274560BF
:100A900006722C22394620306761A76110F0F8F900
:100AA0004FF47F43FF22A77363816272A3812046C4
:100AB000F8BD00BF4078A0F10200B0FA80F0400914
:100AC000704700BF4078A0F10100B0FA80F0400903
:100AD000704700BF4078A0F10200B0FA80F04009F2
:100AE000704700BF4078A0F10900B0FA80F04009DB
:100AF000704700BF4078A0F10100B0FA80F04009D3
:100B0000704700BF4078A0F10100B0FA80F04009C2
:100B1000704700BF4078A0F10200B0FA80F04009B1
:100B2000704700BF4078A0F10900B0FA80F040099A
:100B3000704700BF4078A0F11800B0FA80F040097B
:100B4000704700BF4078A0F10100B0FA80F0400982
:100B5000704700BF4078A0F10100B0FA80F0400972
:100B6000704700BF4078A0F10900B0FA80F040095A
:100B7000704700BF4078A0F10300B0FA80F0400950
:100B8000704700BF4078A0F10300B0FA80F0400940
:100B9000704700BF4078A0F10300B0FA80F0400930
:100BA000704700BF416809B1F3F75ABD00DE4168E4
:100BB000F3F756BD024B1868003818BF0120704784
:100BC0005402002010B50448F3F736FD0446043003
:100BD000FEF7AAFC204610BD5402002008B50120F3
:100BE000F6F77CFA003818BF012008BDF6F792BA74
:100BF000C430FFF7D5BE00BF38B590F83631054692
:100C00000C461BB11C4385F8364138BDC430FFF794
:100C100097FE95F836311C4385F8364138BD00BF44
:100C200090F8363123EA010180F8361101B170479E
:100C3000C430FFF789BE00BF836943B11A792E2AF9
:100C400004D02E221A71836902691A60704700DE8F
:100C50008369F3E783694BB11A792E2A00D0704774
:100C600001221A7181690868F6F724BA00DE8369E7
:100C7000F2E700BF8B6913B11A792E2A08D0CB692D
:100C80002BB1D0F83C211A60CB69C0F83C317047D9
:100C900001221B68D0F838C1C3F804C08B691A71EF
:100CA0008B69C0F83831EAE7F8B50D4F054638468C
:100CB000F3F7C2FC044680B10026476005722C227F
:100CC000314620306661A66110F0E2F84FF47F43B0
:100CD000FF22A67363816272A3812046F8BD00BF24
:100CE0004402002010B50A4B102258685021F3F737
:100CF0007FFC084B102258685021F3F779FCBDE8BF
:100D00001040054B40222C215868F3F771BC00BFFE
:100D10004C020020440200205402002038B5044652
:100D2000002500F0D9FF2046C4E9365584F8E45088
:100D300002F00AFDC4F80851C4E93A5584F8F650A7
:100D4000A4F8F450A4F8F850C4F80B51A4F82851B2
:100D5000C4F81051C4F81451C4F81851C4F81C5107
:100D6000C4F82051C4F82451F5F7F6FA94F872301B
:100D7000C4E94E55C4E9480123F0180384F83651FC
:100D800084F87230258638BD08460149F3F768BCFF
:100D90005402002010B5B0F8E240034682B024B1FE
:100DA000A1420FD2641AA0F8E240B3F8F20020B1D9
:100DB000814210D2401AA3F8F200002318461370A3
:100DC00002B010BD019200F099FE019A034658B19D
:100DD000197A0A2903D022236FF07300EFE76FF02E
:100DE000730093F82030EAE700DEF1E7034B0B4491
:100DF000B3FBF1F3A0F8F830704700BFFF5962026F
:100E000010B5044602F0A8FC2046BDE8104000F0F2
:100E10006BBF00BF10B5044611B1012907D010BD4A
:100E200002F0D0FC2046BDE8104000F0A5BF02F063
:100E3000DDFC2046BDE8104000F0ACBF70B5D0F836
:100E40003841064634B1206821464468F6F720F957
:100E5000002CF8D10023D6F83C41C6F838313CB11B
:100E6000054D204624682946F3F7FAFB002CF8D1FB
:100E70000023C6F83C3170BD5402002090F9373091
:100E8000002B14DA70B504460E46032009491546B6
:100E9000FFF7F4FD014640B1204681F8206081F85B
:100EA000215000F0F7FD002070BD0C2070BD0C201B
:100EB000704700BF4C02002010B5074904460120CE
:100EC000FFF7DCFD28B10146204600F0E3FD0020DD
:100ED00010BD0C2010BD00BF4C02002038B50446E8
:100EE0000D4602200849FFF7C9FD58B1014690F8A8
:100EF0002030204665F3000381F8203000F0CAFD61
:100F0000002038BD0C2038BD4C02002010B5074928
:100F100004460420FFF7B2FD28B10146204600F048
:100F2000B9FD002010BD0C2010BD00BF4C020020F8
:100F3000F8B51C4690F93730002B25DB05460F46E7
:100F4000052012491646FFF799FD0146E0B13A68BF
:100F50007B68C1F82120C1F825303378284681F814
:100F60002930737881F82A3026686568A268E368BA
:100F7000C1F82B60C1F82F50C1F83320C1F83730C9
:100F800000F088FD0020F8BD0C20F8BD4C020020C8
:100F9000F8B51C4690F93730002B25DB05460F4687
:100FA000062012491646FFF769FD0146E0B13A688E
:100FB0007B68C1F82120C1F825303378284681F8B4
:100FC0002930737881F82A3026686568A268E3685A
:100FD000C1F82B60C1F82F50C1F83320C1F8373069
:100FE00000F058FD0020F8BD0C20F8BD4C02002098
:100FF0002DE9F041054688460720104917461C4652
:101000009DF81860FFF73AFDA8B10146E30008F02B
:10101000070803F03803BF0143EA080307F040075D
:101020003B4343EAC613284681F8203000F032FDE6
:101030000020BDE8F0810C20BDE8F0814C020020CA
:1010400038B504460D4600F0E9FE204602F062FC89
:101050000A200749FFF712FD38B10146204681F802
:10106000205000F017FD002038BD0C2038BD00BF17
:101070004C02002038B590F93730002B12DB0446C3
:101080000D460B200849FFF7F9FC014650B12B68CB
:10109000C0F822302B79204681F8263000F0FAFC87
:1010A000002038BD0C2038BD4C02002008B590F956
:1010B0003730002B08DB00F021FD20B1037A0B2B29
:1010C00014BF0020223008BD02F0BEF9F5E700BFD2
:1010D00070B506460D4602F0B7F920B1037A044612
:1010E000053B012B01D90C2070BD01463046FEF7AF
:1010F000A1FE0028F7D06968D5F800C0AA68EB689F
:101100003046C4F82F10C4F82BC02146C4F8332051
:10111000C4F83730FEF76CFE002070BD38B50546C8
:1011200002F092F920B1037A0446053B012B01D964
:101130000C2038BD01462846FEF77CFE0028F7D07B
:1011400028462146FEF762FE002038BD2DE9F8430F
:101150000546D0F820011E46830788469146BDF813
:10116000207017D495F93730002B1EDB08202A4950
:10117000FFF784FC0446002C41D0237A082B0FD0C3
:10118000092B15D000DE2846214600F083FC002004
:10119000BDE8F88309202049FFF770FC0446EAE720
:1011A000A4F828906685A785EDE71A20BDE8F883A6
:1011B000099BA4F82680A4F828906685A78503B328
:1011C0001B882387099B5B886387099B9B88A38770
:1011D000099BDB88E387099B1B89A4F84030099BA6
:1011E0005B89A4F8423095F93730002BCBDA2846DA
:1011F000FDF79EFB0146284602F000FCC3E70C20E9
:10120000C6E74FF0FF3205494FF6FF73C4E90E12EF
:10121000A4F84020E5E700BF4C0200200000FFFFDB
:1012200010B5044602F010F910B1037A092B00D072
:1012300010BD01462046BDE8104001F05FBF00BF71
:1012400038B505460C4602F0FFF818B1027A01469F
:10125000092A00D038BD81F820402846BDE8384032
:1012600001F050BF08B502F0EFF828B1007AA0F104
:101270000900B0FA80F0400908BD00BF38B5054646
:101280000C4600F03BFC10B14369A3420ED0284647
:1012900002F0DAF810B14369A34200D038BD22460B
:1012A00001462846BDE8384002F0F0B90146224622
:1012B000284600F0DBFCEAE710B5044600F01EFC0F
:1012C00018B10146204600F0F5FC204602F0BCF8BB
:1012D000014620B12046BDE8104002F007BA10BD1B
:1012E0002DE9F04192F82130144606460D46002BB8
:1012F00042D092F823301E2B2AD9304600F0FEFB54
:101300000746304602F0A0F80146002F63D0FA7A73
:1013100094F8233000284CD09342C07A55D03A7BC1
:10132000002A61D0984252D00A7B002A4FD1072B65
:1013300071D0112B04D14A7B94F824309A4246D0C4
:1013400023462A4639463046BDE8F04100F04EBCFF
:10135000454A52F823202AB104F12000904770B189
:1013600094F82330022BC8D1012322462946304667
:10137000BDE8F04102F056BAFF2382F82330304630
:1013800000F0BCFB30B194F82320C37A9A420ED00F
:10139000037B63B9304602F057F8002851D094F827
:1013A0002320C37A9A4202D0037B002BDDD0BDE814
:1013B000F0819342C4D03A7B002AC1D1072B4DD093
:1013C000112B4BD00D2BBBD0CEE798421CD11F2345
:1013D00086F84431EBE70028C6D023462A4630463B
:1013E000BDE8F04102F0E6B8072B2CD0112B18D045
:1013F000B3F10D0218BF012298421FD00B7BEBB94D
:10140000002A9DD02423E3E70A7B002ADFD1072BA3
:1014100091D0112B94D14B7B94F824209A42D6D0B2
:101420008EE77A7B94F82430D21A18BF0122112853
:1014300004D0087B10B9487B9842E1D1002ACCD176
:10144000C5E7034691E77A7B94F82430D21A18BF97
:1014500001220728EDD1002ABFD1B8E77A7B94F8A2
:1014600024309A4280D16BE7301C0200F8B5002688
:101470008D690C4607468E612DB3012603232B711F
:10148000BB8C05F12001EB80237A022B12D0042BB8
:1014900002D000DE46B1F8BD637A0C2BF9D1384694
:1014A00000F008FE002EF6D129462868BDE8F84075
:1014B000F5F700BE637A072B0DD0092BE9D138462A
:1014C00000F046FDE6E7FFF791FB05460028D5D181
:1014D00000DE0071FFDE204600F0E4FCDAE700BF2A
:1014E00070B506460C46FFF76DFB054600284ED04A
:1014F000237A291D013B092B06D8DFE803F0141AD3
:10150000202705050505052D00DEEB7929466373C7
:101510003046FFF76DFB237A0A2B24D03046BDE816
:10152000704000F055BB084600F096FC1323E372B0
:10153000EBE7304600F0C4FC0923E372E5E7204600
:1015400000F07CFDFF236561E372DEE7084600F0F2
:101550009FFD0C23E372D8E7204600F089FDFF23AE
:101560006561E372D1E740F2E24442F21072F38C1B
:10157000B6F8761104FB03F302FB01310139B1FB2C
:10158000F3F13046BDE8704089B200F027BB00DEC1
:10159000AEE700BFF8B506460C4601F059FF20B192
:1015A00003230025A3722846F8BD21463046FFF7E5
:1015B00001FB05460028F3D021463046FFF702FB29
:1015C000074658B3237A381D022B20D0042B14D0A1
:1015D000012B17D000DEFB79394663733046FFF7E5
:1015E00007FB304601F044FF04233046A37202F0AB
:1015F000C9F80023A3722846F8BD00F049FDFF2377
:10160000E372E8E700F032FCFF23E372E3E7014610
:10161000304600F07BFCFF23E372DCE700DED1E71D
:1016200038B50B7A0C46013B0546092B10D8DFE88C
:1016300003F0050509110F0F0F0F0F1DBDE838400E
:10164000FFF7A8BF284602F09DF80023A37238BD1B
:1016500000DE38BD90F80831002BF3D1FFF79AFF78
:101660000028F4D0012385F8083138BD90F93730CF
:10167000002B02DB02238B7238BD02F083F80022BC
:1016800094F82030A27285F8443138BD38B50B7A11
:101690000C46013B0546092B15D8DFE803F016245C
:1016A0000E0514141414142E4B7A0C2B12D18B69C2
:1016B0005BB321462846FFF7D9FE284600F038FBE9
:1016C0000023A37238BD00DE38BD4B7A072BF4D05F
:1016D000132BF2D02423284685F8443100F028FB50
:1016E0000023A37238BD4B7A072B01D0092BF1D10F
:1016F00094F82030DB07E0D5DBE700F019FB00228F
:101700001623A27285F8443138BDFFF767FA002826
:10171000CFD1284600F05CFA0423A37238BD00BF85
:1017200070B50E7A0C46731E0546092B06D8DFE805
:1017300003F0070E4C2205050505053E00DE70BDD1
:1017400000F036FA00285CD00123A37270BD00F0CF
:101750002FFA0028F8D121462846FFF72BFA002857
:10176000F2D021462846FFF7BBFE6369002B08BF75
:101770000326A67270BD90F80831002B39D100F015
:1017800017FA0028E0D121462846FFF713FA00286F
:10179000DAD021462846FFF7A3FE62690123002A1A
:1017A0000CBF03220222A27285F8083170BDFFF738
:1017B00001FA0028C8D021462846FFF791FE1622DC
:1017C000022384F82020A37270BD00F0F1F90028F4
:1017D000BAD121462846FFF7EDF90028B4D02146BA
:1017E0002846FFF77DFE6369002B18BF0226A6720C
:1017F00070BD0C2200234A728B61BDE87040FFF778
:1018000045BF21462846FFF7D5F900289CD0214640
:101810002846FFF765FE6369002B0CBF03230223F4
:10182000A37270BD8B7A022B04D002D9033B012B2B
:1018300007D870470B7A032B01D00A2BF9D1FFF799
:1018400025BF00DE704700BF38B58B7A032B05D06B
:1018500001D9042B00D138BD00DE38BD0C46054649
:1018600092F8230002F12001831E6072172B0DD81D
:10187000DFE803F00C0C0C0C0C1B0C170C0C130DFC
:101880000C0C0C1F0C0D0C0C0C0C0C0D00DE21466E
:101890002846BDE83840FFF7F9BE284600F020FC96
:1018A000F5E7284600F0A0FBF1E7204600F0F6FA45
:1018B000EDE7204600F0BCFCE9E700BF38B58B7AC5
:1018C000032B05D8012B0AD8BDE83840FFF728BF05
:1018D000042B03D10B7A0C46042B01D000DE38BD5B
:1018E0000546FFF77BF90028F9D021462846FFF787
:1018F000BDFD284600F01CFA0023A37238BD00BFCE
:1019000038B58B7A012B06D002D9023B022B00D8C6
:1019100038BD00DE38BD0C46054692F8230002F1C2
:101920002001831E6072172B1AD8DFE803F00C1910
:10193000191919191B19191923191B19191913190F
:1019400019191919191F204600F09EFB0821284675
:10195000FFF752F921462846BDE83840FFF760BE40
:1019600000DEF7E7284600F011FBF3E7284600F019
:1019700077FBEFE7284600F0B3FBEBE738B58B7A4F
:101980000C460546042B1AD8DFE803F0140F0310A9
:101990000F000B7A0A2B10D1284601F0F3FE00222B
:1019A00094F82030A27285F8443138BDBDE8384043
:1019B000FFF736BE01238B7238BD00DEECE700DE98
:1019C00038BD00BF70B504460AF0FCF968B1D4F820
:1019D000D85045B1D4F8DC202B689542C4F8D830F3
:1019E00008BFC4F8DC30284670BD0546012103203D
:1019F0000AF0B0F92A46064601210320F2F7BAFEA2
:101A0000D4F8D85045B1D4F8DC202B689542C4F8FE
:101A1000D83008BFC4F8DC30002EE4D00122032007
:101A20001146F2F7A7FE284670BD00BFF8B506467E
:101A30000C460AF0C7F968B1D6F8D850AC421FD1AD
:101A4000A3690BBB3046FFF7BDFF2046BDE8F84059
:101A5000FFF7A8B80546012103200AF07BF90746E5
:101A60002A4601210320F2F785FED6F8D850002F30
:101A7000E4D0012203201146F2F77CFEAC42DFD015
:101A800000DEA369002BDDD01B792E2BDAD100DE1E
:101A9000D8E700BFF8B505460C460AF093F940B107
:101AA00000232360D5F8DC30F3B11C60C5F8DC40BE
:101AB000F8BD0646012103200AF04CF932460746DC
:101AC00001210320F2F756FE2660D5F8DC3083B101
:101AD0001C60C5F8DC40002FEAD0BDE8F8400122C8
:101AE00003201146F2F746BEC5F8D840C5F8DC40E1
:101AF000F8BDC5F8D840C5F8DC40ECE770B5054640
:101B00000AF060F918B1D5F8D840204670BD0446F7
:101B1000012103200AF01EF9064622460121032076
:101B2000F2F728FED5F8D840002EEED0012203208F
:101B30001146F2F71FFE204670BD00BF38B50546BE
:101B4000FFF7DCFF037A0446013B0A2B2DD8DFE8C0
:101B500003F0060606061A1A20141406260001468B
:101B600000222846FFF7AAFEA37B03B938BD214611
:101B70002846BDE83840FFF759BF014600222846F5
:101B800001F08CFAF0E7014600222846FEF70CF936
:101B9000EAE7014600222846FEF77EFEE4E701461A
:101BA0000022284601F0BCFADEE700DEDCE700BFD9
:101BB00090F8E400A0F10100B0FA80F0400970470D
:101BC000012380F8E4307047002380F8E430704748
:101BD000B0F8F830A0F8E230704700BFA0F8E2108B
:101BE000704700BF0023A0F8E230704738B50C46BC
:101BF00011461A46A3690546FBB1217A01390A2923
:101C000032D8DFE801F0060606062222271D1D064F
:101C10002C0021462846FFF717FEA36923B11B7944
:101C20002E2B1CBF0023A361A37B03B938BD214623
:101C30002846BDE83840FFF7F9BEA2612161DCE724
:101C40002146284601F0E0F9E7E721462846FEF75D
:101C500087F8E2E721462846FEF7F0FDDDE721465A
:101C6000284601F053FAD8E700DED6E738B50B7AFC
:101C70000C46072B054619D00A2B944606D0032B99
:101C800004D00022A37B626153B938BD624621466D
:101C90002846FFF7C7FD0022A37B6261002BF4D02A
:101CA00021462846BDE83840FFF7C0BEFEF7F8FDE4
:101CB000E7E700BF38B50B7A0C46072B054608D07E
:101CC000A37B03B938BD21462846BDE83840FFF75D
:101CD000ADBEFEF7E9FDF3E70222002380F8E02025
:101CE000A0F8E230704700BF38B590F8E030044605
:101CF000032B1AD8DFE803F002100F10FFF7FEFEE7
:101D000048B1057A2046FFF719FF0A2D14BF0123B9
:101D1000032384F8E03038BDFFF7F0FE0028FAD046
:101D20002046BDE83840FFF709BF00DE38BD00BFE0
:101D300010B590F8E0300446032B1BD8DFE803F021
:101D40000D020C02FFF7DAFE90B100230122A4F885
:101D5000E230827384F8E03010BDFFF7CFFE28B187
:101D600000220123A4F8E220837310BD00DEF7E710
:101D700000DEEAE700DE10BD90F8E030022B03D071
:101D800001D9032B04D17047002380F8E03070475D
:101D900000DE704738B590F8E0300446032B3AD89F
:101DA000DFE803F00926121320462946FEF762FFFA
:101DB0002846FEF7F7FE2046FFF704FE05460028FA
:101DC000F2D1022384F8E03038BDFFF7FBFD054671
:101DD0000028F6D029462046FEF74CFF2846FEF79D
:101DE000E1FE2046FFF7EEFD05460028F2D1E8E7C8
:101DF000FFF7E8FD05460028E3D029462046FEF718
:101E000039FF2846FEF7CEFE2046FFF7DBFD0546EC
:101E10000028F2D1D5E700DE38BD00BF38B5054651
:101E2000FFF7D0FD68B1044621462846FEF722FFA1
:101E30002046FEF7B7FE2846FFF7C4FD04460028FB
:101E4000F2D1002428462146A5F8E24001F0EEFA3E
:101E500085F8E04038BD00BF0121122203784170AF
:101E600043F003030370C270704700BF01211322C7
:101E70000378417043F003030370C270704700BFE2
:101E80004FF0020C07220B7881F801C043F00303E6
:101E90000B70CA7090F84C300B7170470B7980F85A
:101EA0004C3070474FF0020C07220B7881F801C0CC
:101EB00043F003030B70CA7090F84C300B717047FD
:101EC00009224FF0080C10B50B7881F803C043F0DD
:101ED00003034A700B7090F937300C46002BACBFEF
:101EE00063460E23CB70F4F737FA0022606061F38B
:101EF0000702C1F307200B0C60F30F2263F31742B4
:101F00001B0A63F31F62A26010BD00BF38B50C4608
:101F10000546F4F721FA09222378627043F003039F
:101F2000E2702370D5F82031217263F0FF0318406E
:101F3000030C1A0AA3710B0CC0F307252071E27180
:101F4000C1F307201A0A65716072A372E27238BD8C
:101F500009220B784A7043F003030B70CA70D0E972
:101F60004623100CC2F3072C0A711A0C81F805C025
:101F700088714FEA102C0B72C3F30720130A81F803
:101F800007C048728A72CB72704700BF00222DE9E9
:101F9000F04105464868134E430F83EA107303F07F
:101FA00001038F68D91852410640C91842F1000454
:101FB00086EA0178F4F7D0F9012207F0EF0747EA43
:101FC000047408EA00000C4060F0FF03C5E948040F
:101FD0003340C5F81C71C5F8183185F81021BDE8EB
:101FE000F08100BF2FCF87F700222DE9F041054691
:101FF0004868114F430F83EA107303F001038E68A2
:10200000D91807EA00075241C91842F1000487EACB
:102010000178F4F7A1F9012306F0EF0646EA04740B
:1020200008EA00000C40C5E94676C5E9480485F891
:102030001031BDE8F08100BF2FCF87F74FF0030CC0
:1020400019220B7881F801C043EA0C030B70CA70A7
:1020500090F820300B7190F821304B71704700BF21
:102060000B7980F828314B7980F82931704700BF0F
:1020700002220B784A7043F003030B70CA7090F889
:1020800020300B71704700BF0B7980F8203070470B
:102090004FF0060C40F60C510378054A43F0030359
:1020A00080F801C00370A0F80310C0F80520704745
:1020B000F105FFFF4FF0060C0C220B7881F801C0F0
:1020C00043F003030B70CA7090F80A310B71B0F83B
:1020D0000B31A1F80530B0F80D31A1F80730704789
:1020E000012380F809310B7980F80A31B1F8053005
:1020F000A0F80B31B1F80730A0F80D31704700BFE0
:10210000032210B517240B784C7013430B70CA7060
:10211000D0F82530D0F821208B604A6090F8293023
:1021200001F10E040B7390F82A304B7309F04AFE4C
:102130000C2120B12046BDE8104003F089BC2046A8
:10214000BDE8104003F07ABC03224FF0170C0B7867
:1021500081F801C013430B70CA70D0F82530D0F855
:1021600021208B604A6090F829300B7390F82A3058
:102170004B7370470D21042210B50378417043F072
:1021800003030370C270841809F01CFE0C2120B1F7
:102190002046BDE8104003F05BBC2046BDE810407F
:1021A00003F04CBC012105220378417043F0030386
:1021B0000370C270704700BF01210622037841708E
:1021C00043F003030370C270704700BF01210A226D
:1021D0000378417043F003030370C270704700BF7F
:1021E00001210B220378417043F003030370C27096
:1021F000704700BF4FF0020C0D22037880F801C039
:1022000043F003030370C2700171704700B54FF0D3
:10221000030E4FF0110C037880F801E043EA0E033F
:10222000037080F803C0017142715DF804FB00BFC8
:102230000B7980F84D304B7980F84E30704700BFF5
:102240004FF0030C16220B7881F801C043EA0C030F
:102250000B70CA7090F82030C3F3C2034B7190F832
:102260002030C3F302030B71704700BF0A7990F866
:10227000203062F3C5031A4680F820304B7963F3AF
:10228000020280F8202070474FF0030C17220B78D1
:1022900081F801C043EA0C030B70CA7090F88031DA
:1022A000C3F3C2034B7190F88031C3F302030B7187
:1022B000704700BFCB8883840B7980F826304B7938
:1022C00080F82730704700BF4FF0050C18220B78BC
:1022D00081F801C043F003030B70CA70838CCB807C
:1022E00090F826300B7190F827304B71704700BF83
:1022F0000A7990F8203062F3C5031A4680F820303E
:102300004B7963F3020280F8202070474FF0180CDD
:102310000F220B7881F801C043F003030B70CA70E1
:10232000C38C8B80038DCB80438D0B81838D4B8140
:1023300090F834300B73C38EA1F80D30038FA1F8E1
:102340000F30438FA1F81130838FA1F81330C38F62
:10235000A1F81530B0F84030A1F81730B0F842308D
:10236000A1F81930704700BF4FF0180C10220B78FD
:1023700081F801C043F003030B70CA70C38C8B80DB
:10238000038DCB80438D0B81838D4B8190F834304E
:102390000B73C38EA1F80D30038FA1F80F30438F5C
:1023A000A1F81130838FA1F81330C38FA1F8153035
:1023B000B0F84030A1F81730B0F84230A1F8193029
:1023C000704700BF8B88C384CB8803850B89438506
:1023D0004B8983850B7B80F83430B1F80D30C38690
:1023E000B1F80F300387B1F811304387B1F81330DB
:1023F0008387B1F81530C387B1F81730A0F84030A3
:10240000B1F81930A0F84230704700BF8B88C38400
:10241000CB8803850B8943854B8983850B7B80F8AB
:102420003430B1F80D30C386B1F80F300387B1F8FE
:1024300011304387B1F813308387B1F81530C38763
:10244000B1F81730A0F84030B1F81930A0F8423098
:10245000704700BF4FF0000C00B54FF00C0E0B782A
:1024600081F801E043F003030B7081F803C090F89A
:1024700023300B4A0B71036BA2FB03239B0AA1F8C9
:102480000530438DA1F80930038DA1F80730838D05
:10249000A1F80B30838CA1F80D305DF804FB00BF70
:1024A0005917B7D140F2E2420B7980F82330B1F8E6
:1024B000053002FB03F30363B1F809304385B1F83B
:1024C00007300385B1F80B308385B1F80D30838474
:1024D000704700BF4FF0080C01220B7881F801C053
:1024E00043F003030B70CA70038CA1F80930D0F8D5
:1024F00022304B6090F826300B727047B1F80930EB
:1025000003844B68C0F822300B7A80F8263070477D
:10251000F8B50023CE690C4607461546CB6136B3A5
:102520000F2D06F104010DD0112D13D075B100DE71
:10253000F379314663733846FEF75AFB237A092B49
:1025400010D0F8BD2046FFF7E1FEF1E72046FFF787
:1025500081FFEDE7084694F8202094F82110FFF75A
:1025600055FEE5E73846BDE8F840FFF731BBFEF71A
:1025700029FB06460028D3D100DED1E700228B6973
:102580008A6113B3192293F804C01A71828CDA801D
:1025900091F8202083F820204AB90A8DBCF12E0F33
:1025A0005A844A8D9A848A8DDA840AD07047C28C04
:1025B000BCF12E0F5A84028D9A84B0F87621DA8409
:1025C000F4D119461868F4F775BD00DEDAE700BFEC
:1025D00030B5C38C0A8D4C8D93428D8D85B002D160
:1025E000038DA34214D0012381F8223002950B6B96
:1025F000CDE900240C7A91F82320898C0391A4F171
:102600000801B1FA81F14909EFF7DAFE05B030BDF2
:10261000B0F876315B1B18BF0123E5E7F8B500235E
:10262000CD690C4607461646CB618DB3291D112E88
:102630000AD8DFE806F0200909090909091C090977
:10264000090909090909241400DEEB792946637395
:102650003846FEF7CDFA237A092B14D0F8BD084688
:1026600094F8202094F82110FFF7D0FDEDE72046E4
:10267000FFF706FCE9E72046FFF7ECFEE5E720461A
:10268000FFF772FEE1E73846BDE8F84000F0F0BE23
:10269000FEF798FA05460028C8D100DEC6E700BF5D
:1026A0002DE9F0411B4E044633680D462BB18342A1
:1026B00003D00123AB72BDE8F0812046FFF778FA22
:1026C0000028F6D1204600F0B9FE07460028F0D1D8
:1026D00029462046FEF76EFA0028EAD02046FCF78D
:1026E0003DFF80460121204600F0A0FE0F22294632
:1026F000204685F83470A5F836803460FFF708FF6F
:1027000094F83730DB090CBF41F2020304236B81DC
:10271000D1E700BF505E0020C38C052B03D9028D8A
:10272000B2F5486F01D9002070479342FBD8438D22
:10273000B3F5FA7FF7D200B540F6764EB0F82CC06C
:10274000ACF10A0189B2714502D900205DF804FBA1
:1027500001339BB202FB03F3B3EB8C0FF5D290F87D
:10276000340090428CBF00200120EFE738B50446CA
:102770000D46FFF71DFA20B929462046FEF71AFA42
:1027800030B910212046FEF737FA0323AB7238BD6B
:1027900004F1C400FEF70EF90028F2D12046FCF740
:1027A000FFFE0028EDD029462046FEF70BFAAB6964
:1027B000E8615BB32E200022012118712A6395F88D
:1027C000342085F823104AB12B8DE98CB3FBF2F34A
:1027D00013FB02F39BB2994298BF2B852046FCF76E
:1027E000BDFE0346B4F828C029460CF1060C63442C
:1027F0002046AB840022FFF78BFE4FF606736B81F9
:102800002046BDE838401021FEF70ABAFEF7E6F987
:1028100010B90723AB7238BDAB69002BCAD1FEF7E4
:10282000E5F90346A861C5E738B504460D4600F052
:102830000FFE20B929462046FEF7BCF930B9102119
:102840002046FEF7D9F90923AB7238BD04F1C40064
:10285000FEF7B0F80028F2D12046FCF7A1FE0028D0
:10286000EDD029462046FEF7ADF9E861FEF7B6F94E
:1028700010B90C23AB7238BDAB6973BBFEF7B6F968
:102880002E2100220123A86101712A6395F83420CA
:1028900085F823304AB12B8DE98CB3FBF2F313FB9F
:1028A00002F39BB2994298BF2B852046FCF756FE57
:1028B0000346B4F828C029460CF1060C63442046B0
:1028C000AB840022FFF7AAFE4FF60B736B81204604
:1028D000BDE838401021FEF7A3B900DECEE700BF07
:1028E00070B506460C4600F0B3FD10B10623A37286
:1028F00070BD054621463046FEF75CF90028F5D04C
:10290000112221463046FFF789FE304600F03AFF9B
:10291000237A092B04D1044B1A68964208BF1D6024
:102920000023A37270BD00BF505E0020F8B5294A95
:10293000064613680C468BB183420FD002238B727C
:1029400000F086FD054620B921463046FEF732F9F3
:1029500068BB2046BDE8F840FEF76EB9218DF38CC8
:1029600016609942628DA08D12D00023A569A361E3
:1029700075B303232F792B71B38C204605F1200109
:10298000EB80FFF7C3FC2E2F1DD00423A372F8BDEC
:10299000338D9342E9D1B6F876318342E5D12046B2
:1029A000FEF758F900220523A261A372F8BD4FF487
:1029B0007263214630462384FFF792FF2046FEF7DC
:1029C00049F9A561F8BD29462868F4F773FBDCE7EF
:1029D00000DECEE7505E0020F0B50C46897A054651
:1029E00083B00C2900F2E580DFE811F012001E0030
:1029F0002E00370043004E006200E30067007200C3
:102A00007B00BA000D00002A00F0D88003B0F0BDB2
:102A1000002AFBD1237A082B00F00B81092B40F010
:102A2000C8800123A372F1E7012AEFD1204619469D
:102A3000FFF7C8FC2046FFF76FFE38B940F61E735B
:102A40002146284623842EE0012ADFD82146284645
:102A500003B0BDE8F040FFF769BF002AD6D101926C
:102A6000FEF7BCF8019A002840F0FE800323A37211
:102A7000CCE7032A00F09F80042AC7D10F22062347
:102A800084F82120A372C1E7002ABFD195F937301D
:102A9000002B80F2CA8094F8203083B10F232146A6
:102AA000284684F8213003B0BDE8F040FFF718BF96
:102AB000002AABD121462846F5E7002AA6D12846B0
:102AC00000F0C6FC002800F0B7800823A3729DE741
:102AD000002A9BD12146284603B0BDE8F040FFF70D
:102AE000A3BE022A92D195F83720C2F3C011D209B1
:102AF00000F0B18019462046FFF7D4FC40F67A403A
:102B0000218D628D8B1F9BB28342A68D00F2BF8008
:102B1000B2F5FA7F80F0BB8040F67640A6F10A035A
:102B20009BB2834200F2B380531C9BB201FB03F3C0
:102B3000B3EB860F80F0AB802846FCF70FFD47F61D
:102B4000FE72A38C1B1A9BB2934240F2C7802823CB
:102B5000284685F8443100F015FE0023A37255E79E
:102B6000002A7FF453AF2846FCF7F0FCA38CC01A70
:102B700003043FF54BAF21462846FFF729FD237A92
:102B8000092B00F0868094F82260002E40F08D80A2
:102B90002046FEF75FF8A661284600F0F3FD237A91
:102BA000092BDAD1564B1A689542D6D100221A6009
:102BB000D3E700DE2AE70523A37227E7FEF70EF826
:102BC00000283FF423AFA369002B40F09780FEF765
:102BD0000DF82E2100220123A0610171226394F8D7
:102BE000342084F823304AB1238DE18CB3FBF2F317
:102BF00013FB02F39BB2994298BF23852846FCF74A
:102C0000ADFC03462E8D2146063633442846A38468
:102C10000022FFF703FD4FF60B7310212846638156
:102C200003B0BDE8F040FDF7FBBF21462846A26196
:102C300052E70A23A372E9E621462846FDF7BAFFC8
:102C400000283FF442AF102221462846FFF7E6FC59
:102C50000A236381DAE6284684F84C1000F0F8FB7A
:102C600058B30D23A372D1E6A669A261002E43D00A
:102C7000032337793371AB8C204606F12001F380B2
:102C8000FFF744FB2E2F24D00423A372BEE61E239D
:102C90005EE7284600F0F2FB237A092B7FF473AF3E
:102CA00094F82030002B3FF46EAF002321462846D5
:102CB00084F82030FFF762FC6EE721462846FDF7D6
:102CC00079FF0028CDD0072221462846FFF7A6FC31
:102CD00062E731463068F4F7EDF9D5E72046FDF7B5
:102CE000ABFF0B232846A372FCF738FCA38CC31A56
:102CF0001A043FF58BAE3EE700DEB9E700DE66E77B
:102D0000505E002070B506460C46FEF751FF10B12C
:102D10000523A37270BD054621463046FDF74AFFE4
:102D20000028F5D02946304600F080FB11222146CC
:102D30003046FFF7EDFB3046FEF7FAFF237A092B0A
:102D400002D00023A37270BD96F93730002B06DB4A
:102D5000064B1A689642F4D100221A60F1E7304619
:102D6000FEF780FA0028F3D0EBE700BF505E0020AA
:102D700070B515468A7A0C46064682B0072A12D8E4
:102D8000DFE802F009131C3C457A7E04002D00F0B8
:102D9000AF8002B070BD002DFBD1237A082B00F06C
:102DA0009680092B03D000DEF3E7002DF1D12146F8
:102DB000304602B0BDE87040FFF772BC032D00F052
:102DC000CA80042D00F08680012DE2D119462046EC
:102DD000FFF71CFB3046022100F028FB2046FFF7DE
:102DE0009BFC002840F0F38041F21E032146304650
:102DF000238402B0BDE87040FFF784BF002DC8D126
:102E00002146304602B0BDE87040FFF7AFBC032D4D
:102E100000F0CC80042D00F0BE80022DB9D11946FF
:102E20002046FFF73FFB40F67A41228D608D931FCD
:102E30009BB28B42B4F82CC000F2BA80B0F5FA7F96
:102E400080F0B68040F67641ACF10A039BB28B422B
:102E500000F2AE80431C9BB202FB03F3B3EB8C0F7A
:102E600080F0A6802946304600F0E0FA2046FDF7C3
:102E7000E3FE0623A3728CE7002D8AD12146B8E732
:102E8000002D86D1FCF762FBA38CC01A030480D40A
:102E90002946304600F0CAFA21463046FFF798FB33
:102EA000237A092B00F09B8094F82250002D40F0EB
:102EB000A2802046FDF7CEFE3046A561FEF738FF22
:102EC000237A092B5CD00023A37202B070BD214687
:102ED000A56197E73046022100F0A8FA2046D6F80F
:102EE000203123F00203C6F82031FDF7A5FE87E765
:102EF000FDF774FE00283FF44CAFA06900287CD099
:102F00002E21002201230171226394F8342084F8D9
:102F100023304AB1238DE18CB3FBF2F313FB02F3B0
:102F20009BB2994298BF23853046FCF717FB0346B6
:102F3000358D214606352B443046A3840022FFF709
:102F4000E7FA4FF6067310213046638102B0BDE800
:102F50007040FDF765BE5A791A2ABBD00021019353
:102F600000F064FA019B5B792146304684F82030FA
:102F7000FFF704FB3046FEF7DBFE237A092BA2D1D4
:102F800096F93730002B24DB1E4B1A6896429AD1F3
:102F900000221A6097E71A22D0F82031214623F048
:102FA0000203C0F8203184F82020E1E75B79DBE7F9
:102FB0000021304600F03AFA1E23304686F84431AC
:102FC000FEF7B6FE237A092B7FF47DAFD8E72046C3
:102FD0008BE73046FEF746F90028D5D073E7304638
:102FE000FEF700FE237A092B7FF45EAF94F82030C1
:102FF000002B3FF459AF0023B6E7FDF7F7FDA061C2
:103000007EE700BF505E002070B50D4692F8231099
:10301000044602F1200311290AD8DFE801F026094D
:1030200009090909092009090909090909091A14DD
:10303000242380F84431FEF77BFE2B7A092B1AD02B
:103040000023AB7270BD2946BDE870400322FFF734
:103050008FBE2946BDE870400122FFF789BE294690
:10306000BDE870400422FFF783BE2946BDE87040EA
:103070000222FFF77DBE94F93730002B06DB064BAA
:103080001A689442DCD100221A60D9E72046FEF784
:10309000E9F80028F3D0D3E7505E00201346002261
:1030A000FFF766BE70B592F8235002F1200335B1E8
:1030B0000F2D09D1BDE870400122FFF78DBC02221F
:1030C000BDE87040FFF788BC24230E4680F84431E9
:1030D000044600F057FB337A092B05D1044B1A68DC
:1030E000944204BF00221A600023B37270BD00BF77
:1030F000505E002013460022FFF76EBC002303221F
:10310000FFF76ABC00230422FFF766BC242310B536
:1031100080F844310C46FEF70BFE0023A37210BD6D
:1031200070B58B7A0C46012B05460AD9022B06D1C5
:10313000FCF70CFA238CC01A030408D570BD00DE1E
:1031400070BDFEF735FD88B10123A37270BD00216B
:10315000284600F06BF9284604F12201FCF70CFA2E
:103160002846FEF7E5FD0023A37270BD284600F057
:1031700065F90028E8D121462846FDF71BFD002807
:10318000E2D00121284600F051F92846FCF7E6F983
:1031900003462A8D21460632134428462384FDF730
:1031A00011FD064660B12046311DFFF793F9F37912
:1031B000314663732846FDF71BFD0223A37270BDE1
:1031C00000DEF0E792F8233070B5012B05460C467F
:1031D00007D0242380F8443100F0D4FA0023A372EE
:1031E00070BD8B7A012B04D013F0FD0FF8D000DEF8
:1031F00070BD084602F12001FFF780F92846268CB1
:10320000FCF7ACF947F6FE73361AB6B29E4202D806
:103210000223A37270BD2823284685F8443100F0AC
:10322000B1FA0023A37270BD38B58B7A012B04D09C
:10323000022B0C4602D09BB100DE38BD0546FCF7E0
:1032400085F9238CC01A0304F7D4284604F122011F
:10325000FCF792F9284600F095FA0023A37238BDD6
:1032600001238B7238BD00BF70B5D0F8E85004461A
:103270001DB394F8F430012B03D1022384F8F0300D
:1032800070BD29462046FDF795FC0028F5D029465B
:103290002046FDF797FC064688B12846311DFEF70B
:1032A000EFFDF37931466B732046FDF7A1FC012257
:1032B0000023AA7384F8F03070BD00DED9E700DE89
:1032C000EBE700BF70B5D0F8E8500446ADB394F812
:1032D000F430012B03D1012384F8F03070BD29466E
:1032E0002046FDF767FC0028F5D029462046FDF76B
:1032F00069FC064688B32046FEF700FC2A7A037A6A
:1033000006F1040C93421AD0082B1AD02A2194F803
:1033100010311BB1D4F820315B0717D46046FEF79B
:1033200069FFF37931466B732046FDF761FC01229A
:103330000023AA7384F8F03070BD00DEC7E72321B4
:10334000E5E7092A14BF2A212321E0E70A4660465F
:1033500094F8F710FEF75AFFE3E700DECBE700BF73
:103360008B7B8BB1D0F8E83099420ED18A69A2B933
:10337000D0F8ECC01A689C45C0F8E82008BFC0F837
:10338000EC200846FDF70EBC704700DE8A6922B9C2
:10339000D0F8E830002BF4D0EAE713792E2BF7D1E0
:1033A00000DEF5E738B5D0F8E85004462B7A013B4B
:1033B0000A2B39D8DFE803F0060606061A1A24108D
:1033C00010062E0000222946FEF7D8FA294620468C
:1033D000BDE83840FFF7C4BF29460022FFF78AFE48
:1033E00029462046BDE83840FFF7BABF29460022EB
:1033F000FCF728FD29462046BDE83840FFF7B0BF5E
:1034000029460022FDF788FA29462046BDE83840C3
:10341000FFF7A6BF29460022FFF706FF29462046F0
:10342000BDE83840FFF79CBF00DECFE780F8F6101C
:10343000704700BF704700BF0020704790F8F5004C
:10344000003818BF01207047D0F8E800704700BF6F
:1034500090F8F400A0F10100B0FA80F04009704744
:10346000012380F8F4307047002380F8F43070476F
:10347000B0F8F830A0F8F230704700BF0023A0F891
:10348000F230704738B5D0F8E840A4B10546D5F819
:10349000EC202368944221462846C5F8E83008BF4E
:1034A000C5F8EC30FDF7E6FB2046FDF77BFBD5F8D1
:1034B000E840002CEBD138BDF8B505460C4631B1DB
:1034C000042903D1FFF7DEFF85F8F040F8BDD0F8FE
:1034D000E860002EFAD0337A90F8F670112B90F84D
:1034E00037E012D80120324900FA03FC0CEA01014E
:1034F000F1B10A2B15D05BB1284685F8F540FFF7EE
:1035000051FF032385F8F030F8BD00DE337AF0E791
:1035100092F82330284686F84C30BDE8F840FFF793
:10352000A3BE2846FFF73EFF052385F8F030F8BD1F
:103530001CF4386FE9D00A2BF3D0002BE8D00FB978
:103540000446D9E71EF0800F10D1012F20D0022FA2
:10355000BCD12846FEF7D2FA327A037A934222D0BF
:10356000082B1ED02A2385F84431F8BD012FEED157
:103570002846FEF7C3FA08B1FF23C3720123284689
:1035800085F8F530FFF70EFF032385F8F030F8BD1E
:1035900092F82330284685F8F730BDE8F840FFF769
:1035A00091BE092ADED1232385F84431F8BD00BF3E
:1035B0007FF4030038B50C468969054610461A4663
:1035C000237AD1B10B2B5BD8DFE803F00C0606069B
:1035D000063636463E3E064E21462846FEF790F910
:1035E000A16921B10B792E2B1CBF0023A3612146B9
:1035F0002846BDE83840FFF7B3BEA26120610B2B1F
:103600003ED801A151F823F079360100D9350100E7
:10361000D9350100D9350100D9350100393601000D
:10362000393601005936010049360100493601009A
:10363000D93501006936010021462846FCF7B8FB60
:10364000A1690029CED1D2E721462846FFF72AFDFD
:10365000A1690029C6D1CAE721462846FDF73EF9EF
:10366000A1690029BED1C2E721462846FFF7AAFD7D
:10367000A1690029B6D1BAE711460029B2D1B6E74F
:1036800000DEA1690029ADD1B1E700BF38B50B7AE2
:103690000C46072B054618D00022A37B62619BB124
:1036A000D5F8E8309C4213D1A269CAB9D5F8EC101C
:1036B0001A688B42C5F8E82008BFC5F8EC20204600
:1036C000BDE83840FDF76EBA38BDFDF729F9E3E7EC
:1036D00000DEA26922B9D5F8E830002BEFD0E5E78B
:1036E00013792E2BF7D100DEF5E700BF38B50B7A42
:1036F0000C46072B054616D0A37B9BB1D5F8E830C6
:103700009C4213D1A269CAB9D5F8EC101A688B4251
:10371000C5F8E82008BFC5F8EC202046BDE83840D1
:10372000FDF740BA38BDFDF7FFF8E5E700DEA26916
:1037300022B9D5F8E830002BEFD0E5E713792E2B2E
:10374000F7D100DEF5E700BF0422002380F8F02067
:10375000A0F8F230704700BF90F8F030052B0ED87B
:10376000DFE803F0060907030603D0F8E83023B9C1
:103770007047FFF779BDFFF7A5BDFFF713BE00DE69
:10378000F6E700BF90F8F030052B04D8DFE803F02F
:1037900004151305040500DE70470023D0F8E82067
:1037A00080F8F5305AB100230121A0F8F23091736E
:1037B00080F8F0307047FFF757BDFFF783BD00DE9C
:1037C000F1E700BF90F8F030052B04D8DFE803F0F4
:1037D00004090B04050400DE7047002380F8F03074
:1037E0007047FFF76FBDFFF73FBD00BF90F8F030A7
:1037F00010B50446052B12D8DFE803F0030D0903CA
:103800000803FFF73FFE042384F8F03010BDBDE845
:103810001040FFF729BDBDE81040FFF753BD00DEA3
:1038200010BD00BFF0B504460E46154683B07BB10F
:1038300092F823201B2A35D8012390F83710344FF3
:10384000C9098B4007EB4201497812B20B404AD1BB
:103850001846FDF729FA074610B300230360D4F891
:10386000EC300BB31860C4F8EC0094F8F030052B82
:103870004CD8DFE803F01E2C030606062046FFF7AF
:10388000F3FC39462046FFF76BFDD4F8E81039B158
:103890002B463246204603B0BDE8F040FFF78ABE13
:1038A00003B0F0BD0023D3E7C4F8E800C4F8EC008F
:1038B000DBE72A4600212046FFF7FEFD3946204679
:1038C000FFF74EFDD4F8E8100029E1D1E8E72046E3
:1038D000FFF7F8FC39462046FFF742FDD4F8E81020
:1038E0000029D5D1DCE717F812300A2BB0D10193AB
:1038F000FFF7C8FD00222046A4F8F22084F8F52046
:1039000084F8F020FEF78AFA019BA1E700DEB8E711
:10391000AC1C020010B50446FFF7B4FD0023A4F868
:10392000F23084F8F53084F8F03010BD00B97047FB
:1039300000DE704730B991F8B8306FF3000381F8BA
:10394000B830704700DE91F8B8306FF3000381F8AB
:10395000B83070474FF6FF712DE9F843099E9DF886
:103960002080B58C8D422ED00746014630469146C8
:103970001C46FBF7CFFB30BB33780133DBB233702F
:103980002BB30022134DB6F84031A97A2C810134B3
:103990001C4468F3000106F110000F4BE860A972A7
:1039A00001201146A6F84041C5E900799D60F0F775
:1039B00015FF50B9FF20FBF7CBFB3046BDE8F843BD
:1039C000FF21FBF7BFBCBDE8F88300DEF2E700DEB5
:1039D000D7E700BF5C7300205C020020012800D004
:1039E000704700B583B00191F3F7F2FB0199814272
:1039F00002D103B05DF804FB00DEFAE7C38D23B10A
:103A000090F8B82012F0010300D0704730B50124BF
:103A10000D4D89B042EA040C01F10802059503211D
:103A200080F8B8C0D2B20690CDE9013318460493AD
:103A300000930394F2F742FB10F0FD0F01D109B09F
:103A400030BD00DEFBE700BF3539010038B50C465C
:103A50001546FAF781FF48B11CB1BDE83840FDF7C3
:103A60005DBB2946BDE83840FDF732BB022038BDBA
:103A700038B50C461546FAF76FFF58B190F9373054
:103A8000002B05DA2A462146BDE83840FDF7F6B995
:103A90000C2038BD022038BD704700BF00B9704708
:103AA00000DE704708B90B7803B97047064B10B5B4
:103AB000024601F11004014602209C60F0F78EFEE0
:103AC00000B910BD00DE10BD7C0200204FF6FF7172
:103AD0002DE9F843099C9DF82090A58C8D4235D0A6
:103AE00006460146204690461F46FBF713FB68BB7F
:103AF00023780133DBB2237063B3B4F840217B1C1D
:103B00001344A4F840310220FBF722FB0221204697
:103B1000FBF718FC0022104D04F11000A97A0F4B9E
:103B200069F30001E860A97201201146C5E9006847
:103B30002F819D60F0F752FE50B9FF20FBF708FB84
:103B40002046BDE8F843FF21FBF7FCBBBDE8F88346
:103B500000DEF2E700DED0E7747300206C02002084
:103B600070B505460020FAF74DFB044602F012FA44
:103B7000C0B278B935B394F84430DB0703D520469A
:103B8000EDF71AFEE8B90120FAF73CFBBDE87040FA
:103B9000EDF712BE6569EB6DCBB905F1500105F18A
:103BA0004C00F0F799FDB0B12E68E865D6F84801F1
:103BB00078B1F3F75BFA3046FAF7B4FE002303203E
:103BC000636170BD2046BDE87040EDF7F5BD00DED5
:103BD000E3E700DEEDE700DEE6E700BF2DE9F041B8
:103BE00006460020FAF750FB04460120FAF74CFB8A
:103BF0000546B4B304F110077B68B3B393F82C20E7
:103C000042F0020283F82C20D7F80480B8F1000FAC
:103C10002BD034B121460020FAF7DCF808B1BDE81A
:103C2000F0812DB129460120FAF7D4F80028F6D109
:103C3000D8F80040D4F8480104F5A475C0B1F3F7F2
:103C400015FA17234FF6FF7284F84C310223C4F89B
:103C50005071A4F84E2184F8683135600020BDE829
:103C6000F08100F110070028C6D10C20BDE8F081DA
:103C700000DEE4E770B50C4615461E46FAF76CFE0A
:103C8000B8B190F872C01CF0180C04D0BCF1180F39
:103C900008D00C2070BD33462A462146BDE870404E
:103CA000FDF746B933462A462146BDE87040FDF788
:103CB0006FB9022070BD00BF30B583B001A8FFF717
:103CC0008DFF044610B1204603B030BDFAF7DCFA90
:103CD00005460120FAF7D8FA98B135B195F8623067
:103CE0006C6164F3410385F862300546002220468A
:103CF00095F862306A616FF3410385F8623003B072
:103D000030BD002DF2D100DE95F8623065F341033D
:103D100085F86230FFDE00BF38B583681C686569CE
:103D2000002D35D000236361EB6D002B36D105F1FA
:103D3000500105F14C00F0F7CFFC034630B3286882
:103D4000EB65FAF7EFFD94F8622094F844306FF3D6
:103D500041026FF30203012084F8622084F84430AA
:103D6000FAF792FA88B184420FD04369C3B10023B5
:103D700090F8621090F8442063F3410163F302026B
:103D8000436180F8621080F8442038BD00DED6E739
:103D900000DE00236361EB6D002BC8D000DEC6E7B8
:103DA00000DEE4E72DE9F0470446A38D90F820708B
:103DB0008CB0806AADF82C30E3070E461546C7F389
:103DC000C0110A90C7F3401700F1EC800023238450
:103DD000B37C707C13F0010318BFD4F8223004F1D7
:103DE0002F021ABFC4F82F30E38CC4F82F30FF28FD
:103DF000938004F1290804F1230200F0B18004F15A
:103E0000220100F0DFFC94F82230BDF82C200A9843
:103E1000023384F82230C4F82900A8F8042033685B
:103E2000D3F80090EB8AE3862B8B2387B9F82430F4
:103E3000638702F00DF984F83C00D5F80080404615
:103E4000FAF776FD03460021AB824046E380FCF79B
:103E5000E1FF3F2385F8A730214620687468F3F717
:103E600017F91C23AA8AD4F800A0E2802371002F3E
:103E700040F085802146504684F82070F3F71AF907
:103E800040F2E24395F84800EF8AC0F3C00100F029
:103E9000070003FB07F7F56801F0E6FE00220221A8
:103EA0002D1A0120F0F766FC4846FAF7B9F90246E8
:103EB000CDF80490B3683F49A3F64F130532009143
:103EC000002001212B44D2B2F2F79CF910F0FD0F33
:103ED0006CD10120FAF7D8F9044680B181455AD057
:103EE0002046FAF79DF90246053201210020324BA7
:103EF0000094D2B2F2F744F910F0FD0F54D100242F
:103F000004220121234620460094F2F739F9404665
:103F1000FAF70EFD40F272322849CDF81C80B368E2
:103F20000891274909920691D8F8041000F1080277
:103F3000059120460121CDE90344A3F64F13D2B2E7
:103F4000029701940095F2F739F810F0FD0F2FD188
:103F50000122022110460CB0BDE8F047F0F70ABC80
:103F60000023BDF82CC00A98C4F82930A8F8043002
:103F700084F82210C4F82300A2F804C04FE795F893
:103F80002730281D43F0400385F8273000F00EFA53
:103F9000012728856EE70020FAF776F90446002805
:103FA000ADD09DE700DE11E700DEA8E700DE90E778
:103FB00000DECDE7993A0100A53A01009D3A0100E3
:103FC000CD3A010070B50F244FF6FF7682B020463F
:103FD000FAF7C2FC054658B190F93730002B07DBE1
:103FE000684600F08DF969462846FDF743F820B988
:103FF000013CA4B2B442EAD1002002B070BD00BFBF
:1040000008607047032805D008380F288CBF0020AF
:10401000012070470120704708380F288CBF00200E
:10402000012070472DE9F04F0026FF27B0468FB0E2
:104030000B964FF0020B04463E46CDE906881D461E
:104040000B1D0DF130098DF82B70059209930DF1C0
:104050002C0A3C4B2146CDE900A300202B46CDF88D
:1040600008900DF12B02CDF830B0F2F711F90228CB
:1040700014D00C9BC3B9FF2E19D02B68434516D022
:10408000002F5DD04FF0FF33013FFF26FFB28DF8C8
:104090002B30DEE721460020F2F742F90C9B022B81
:1040A000F8D00C9B002BE6D000DEFF2EE5D19DF86A
:1040B0002B00FF2835D00023DDF814C01A4619461E
:1040C000E0470028C5D09DF82B000DA9EEF738FF7A
:1040D0000028BED09DF82B000838C3B20F2B16D98C
:1040E000FF2EDDF82C800D9B0AD0404606990893E0
:1040F000F2F730F9099B079A9A189042089B12D858
:10410000CDE906839DF82B60D5F80080A1E780B249
:10411000FAF716FC0028E3D090F93730002BDFDAED
:1041200097E7FF2E08D00023189A06991160199A74
:1041300013601A9B079A1A6030460FB0BDE8F08FE3
:1041400000DE9FE70140010010B588B005AC0346D2
:1041500000940C4606A807AACDE9012019460320C1
:1041600023460C4AFFF75EFFFF280FD0DDE9052349
:10417000032803D00838C0B20F2807D800202168D0
:104180001A4402320A44226008B010BD6FF00900E0
:10419000FAE700BF05400100944630B5002589B01C
:1041A0001C4606AB029307AB019305AB0093134A81
:1041B00063460795FFF736FFFF281BD0069B03B128
:1041C000023307990E4DA1F57420A0F51070A84296
:1041D000059A09D80B481A44A0FB0101002002EB04
:1041E0009142226009B030BD01F57421013A01F518
:1041F0001071EFE76FF00900F4E700BF194001000C
:10420000BFBDF07F83DE1B432DE9F041C468264922
:104210006368D0E900761A68A6F57423A3F51073D5
:104220008B42054682B004D906F57426013F06F597
:10423000107663685168B3F81680022004F1100309
:1042400001AA0197FFF7A8FF40BB0198C31B002BF1
:104250001DDB3946F2F77EF823690344002B236106
:1042600009DB40F2E24202FB08F29A4217D29B1AA3
:104270009A42FCD323610D492A68A1FB0616D21B82
:10428000A2EB96421344236102B0BDE8F0810146DF
:104290003846F2F75FF823691B1ADFE72369002B22
:1042A000E9D102B0BDE8F081BFBDF07F83DE1B43E2
:1042B00008B50346084A0068052110601B791046BE
:1042C0001371F0F7A7FB054B1870FFF77BFEF8F7AB
:1042D0002FF9002008BD00BF8C730020E78000206C
:1042E00010B41F204FF0FF342521034B034A1C60FC
:1042F0001871117010BC70478C730020E78000208B
:104300000346044A044910681860127908781A7143
:10431000704700BF8C730020E780002030B5054651
:1043200002FB01110278204C114484FB01020A4473
:10433000521102EBC20002EB80028A1AD0B228703E
:10434000C108595C02F0070241FA02F212F00101C1
:104350009DF80CC01FD1B0FBFCF25C1E1D1D0CFBB8
:1043600012030846DBB2024600F1080E14F8011FE2
:104370005FFA8EFE11F0010F02F1010C4FEA5101BC
:1043800002D04BB1013BDBB25FFA8CF27245F1D146
:104390001046AC42E7D130BDC11D891AC9B2072908
:1043A0001046F6D830BD00BFA7C867DD4288008838
:1043B000504070474FF0030CF0B5334D334C48403C
:1043C000060A5FFA80FE0EEB8E2E06EB862004EACC
:1043D000401705EA400605EA4E0004EA4E1E3E4339
:1043E00040EA0E0000EB002706EB062E06EB0E2639
:1043F00000EB0720360CC0F3074040EA062000EB34
:1044000000100CF1FF3C08441CF0FF0C80B2D7D127
:1044100041401F48A0FB01400C1A00EB540040092A
:1044200000EBC00400EB8400081AC0F3C404145D60
:1044300000F007052C41E407C0B21CD4604601FB24
:1044400003F3561EC3F307430432014600F1080587
:1044500016F801CFEDB21CF0010F01F101044FEA93
:104460005C0C02D043B1013BDBB2E1B2A942F2D114
:1044700008469642E9D1F0BD0730401AC0B207287D
:104480000846F6D8F0BD00BF1021020040840800A5
:104490004D91CFBA1B491C482DE9F043002301265A
:1044A000451EA1F1020C06E00133082B01F10601C3
:1044B00000F1280024D003EB830215F83220D40742
:1044C000F2D59CF800409CF801E0C2F38012076826
:1044D000B0F8048006FA03F99A40013344EA09046B
:1044E0004EEA0202082BA1F804808CF800408CF8F8
:1044F000012001F1060141F8067C00F12800DAD123
:10450000BDE8F0839A730020857400202DE9F04700
:10451000002301271E481F4ADFF87C80DFF87C90CB
:10452000951EA0F1020C15F8331007FA03F6C9071F
:1045300024D598F8004012F8011C4CB1072901EB72
:10454000810405D819F834104C0701D5C90615D5D2
:1045500015F833109CF801E0C1F340019CF80040CD
:1045600099404EEA010ED2F800A0918834438CF8AD
:1045700000408CF801E08180C0F800A00133082BD6
:1045800000F1060002F10802CDD1BDE8F08700BFBE
:1045900006760020C6750020E98000208474002083
:1045A0000820704738B50020F7F760FCF0B9F9F73C
:1045B000BFFE10F0010019D10D4C0E4D621E14F813
:1045C0003030072B07D803EB830315F833106FF354
:1045D000451105F8331012F830306FF3000302F87C
:1045E000303001300828EAD1002038BD0C2038BD19
:1045F000C5750020847400202DE9F04F074683B074
:104600000020F7F733FC00286FD1F9F791FE10F086
:1046100001056AD197F800B0BBF1FF0F73D03F4E90
:104620004FF0FF0A2C4607F10109A6F102080BF032
:10463000010306E099425CD00134082C06F108061B
:104640000FD018F83420C2F34001D207F2D4BAF1E7
:10465000FF0F08BF5FFA84FA0134082C06F1080640
:10466000EFD1BAF1070F52D8022314FB0A3418F81D
:104670003A306BF3410308F83A30D7F8013048F884
:104680000430B9F804304444A38097F800B0244CB7
:104690000BF0010B661E04E00135082D04F128041F
:1046A00039D005EB8503DF0016F83330C3F38012F1
:1046B000DB07F1D55A45EFD12046062249460CF0DA
:1046C000EFFB0028E8D1F35DEDB243F02003F35592
:1046D00018F83A3008EBCA0243F00103557008F8A5
:1046E0003A30002003B0BDE8F08F0C2003B0BDE8E5
:1046F000F08F30460622494601930CF0D1FB019B16
:10470000002899D1EDE7284603B0BDE8F08F0720D7
:1047100003B0BDE8F08FFF25DAE700BFC6750020C3
:10472000857400202DE9F04106460020F7F79EFB36
:1047300000283AD1F9F7FCFD10F0010435D196F8C4
:104740000080B8F1FF0F36D01C4D0136AF1E08F0C7
:10475000010804E00134082C05F1080528D017F8F9
:104760003430C3F34002DB07F4D54245F2D10622D0
:10477000284631460CF094FB0028EBD107EBC4032C
:104780005B78072B08D80E4A03EB830312F833102B
:1047900060F3451102F8331017F8343000206FF33E
:1047A000000307F83430BDE8F0810C20BDE8F0814B
:1047B0000220BDE8F0812046BDE8F081C6750020EA
:1047C00084740020072800B51CD8104B00EB800E25
:1047D00013F83EE04FEA800C1EF0010F14D0844421
:1047E00013F83CC0CCF3801C81F800C028214FF0A6
:1047F000010C11FB00C158580B4410609B8893803A
:104800005DF804FB00DEE0E700DEE8E784740020EA
:104810000820704710B50020F7F71CFB08B10C20EA
:1048200010BD0446F9F764FD0128F8D8194B1A4960
:104830001A780C7064F300021A7093F8502093F801
:10484000281064F3000283F8502093F8A02064F34A
:10485000000164F3000283F8281083F8A02093F885
:10486000781093F8F02064F3000164F3000283F8F9
:10487000781083F8F02093F8C81093F8182164F3A7
:10488000000164F3000283F8C81083F81821204661
:1048900010BD00BF84740020E88000202DE9F04F97
:1048A000834683B00020CDF800B0F7F7D3FA18B1F3
:1048B0000C2003B0BDE8F08F0446F9F719FD01287C
:1048C000F6D8DDF800B0DFF81C811BF8012B08F1E9
:1048D000FF3902F001031F46019204E00134082C65
:1048E00008F1280840D004EB840219F832604FEA3E
:1048F000840AF307C6F3801109EBC205EED5B9426D
:10490000ECD14046062259460CF0CAFA0028E5D1FF
:1049100076070746019A2BD4334D02F00108AE1EEC
:1049200004E00137082F05F1080512D016F83730DA
:10493000C3F34002DB07F4D54245F2D106222846F4
:1049400059460CF0ADFA0028EBD1FF2306EBC70661
:1049500073700020A24419F83A306FF3000309F88D
:104960003A3003B0BDE8F08F022003B0BDE8F08F0D
:10497000DFF878E09EF800305E1E023B062BF6B2B0
:1049800003D895F817C0B44502D18EF80060C3E78C
:10499000174B054603EB0C12904603EB06130FCBA7
:1049A00088E80F00DFF84C8005EB850309EBC302B4
:1049B00019F83330D80705D5590703D598F81730BB
:1049C000B34207D00135082D08F12808ECD1009B2F
:1049D0001A78DAE7009B82F817C01A78064B03F8BA
:1049E0000C50D2E785740020C6750020E8800020B6
:1049F0000474002084740020FC7300202DE9F84327
:104A00001D465B7903F0C003402B01D0BDE8F8835D
:104A10000E46F1B1DFF8A090002400F0010809F182
:104A2000FF3704E00134082C09F12809EED004EB2B
:104A3000840317F83330D907C3F38012F2D5424507
:104A4000F0D10622484631460CF02AFA0028E9D176
:104A5000E2B2072ADAD8194F02EB820317F8333093
:104A6000DB07D3D502EB82022868D40004F11803D7
:104A7000F85007EB0309AB880026A9F8043001E0E1
:104A8000102EC3D0B0B2F9F767FF013605460028F3
:104A9000F6D000F287180622494640460CF000FA8C
:104AA0000028EDD101343A593B19C5F887219B887C
:104AB000A5F88B31AAE700BF85740020847400201C
:104AC0002DE9F84F82461C4E1AF8019B00240F4630
:104AD00006F1FF3809F0010903E0082C06F1280669
:104AE0001CD004EB840218F832300134C3F3801C6C
:104AF000DB074FEAC205F0D5CC45EED10622514680
:104B000030460CF0CDF983460028E6D1183508EB85
:104B1000050406212046EFF7CFFD20B94FF0020B28
:104B20005846BDE8F88F58F805003860A388584605
:104B3000BB80BDE8F88F00BF857400202DE9F047E9
:104B40008246164E1AF8019B00248846771E09F00B
:104B5000010903E0082C06F128061CD004EB8402AE
:104B600017F832300134C3F3801CDB0707EBC205B2
:104B7000F0D5CC45EED10622514630460CF090F9E6
:104B80000028E7D16B6A1A68C8F800209B88A8F84B
:104B90000430BDE8F0870220BDE8F087857400206E
:104BA00010B504460020F7F755F908B10C2010BDE8
:104BB000F9F79EFB0128F9D80CB1012C03D1034B66
:104BC00000201C7010BD122010BD00BFE980002025
:104BD0004FF47A7202FB00F0014B1860704700BF7F
:104BE000947300202DE9F047824600208846F7F7AD
:104BF00031F910B10C20BDE8F0870446F9F778FBD5
:104C00000128F7D81B4E1AF8019B771E09F00109FD
:104C100003E0082C06F1280620D004EB840217F8E4
:104C200032300134C3F3801CDB074FEAC205F0D5F4
:104C3000CC45EED13046062251460CF031F9002821
:104C4000E7D1B8F1000F0FD0B8F1010F09D1002062
:104C50007B5D43F010037B55BDE8F0870220BDE883
:104C6000F0871220BDE8F0877B5D002068F3041315
:104C70007B55F1E78574002000232DE9F04F344C7B
:104C8000344904F1FF3C14F83320072A07D802EB1B
:104C9000820211F832E06FF3451E01F832E01CF891
:104CA00033206FF300020CF833200133082BEAD1D4
:104CB000002391F8785091F8F04063F3000563F316
:104CC000000481F8785081F8F0404FF0FF354FF044
:104CD000FF3491F8182191F8008063F3000291F8F5
:104CE000287091F8506091F8A0E091F8C8C0DFF802
:104CF000689081F81821194A63F3000863F30007EC
:104D000063F3000663F3000E63F3000CDFF850A0BA
:104D1000DFF850B089F800301370134BCAF800B0B8
:104D2000C3E9004581F8008081F8287081F850605F
:104D300081F8A0E081F8C8C028B1BDE8F04F0B4968
:104D40000B480BF0D7BD0A48BDE8F04F0BF0DEBDB5
:104D5000C575002084740020E9800020E8800020D0
:104D600094730020A0BB0D00C81E0020C550010098
:104D7000981E0020034A044B002814BF1046184612
:104D8000704700BF04760020987300202DE9F0479B
:104D90000678984626B307468A469146072400F1CE
:104DA0002C0526FA04F3DA070ED597F801C04CFA61
:104DB00004FC8CEA0A0C1CF0010F05D128460622DF
:104DC00049460CF06DF888B1013C631CA5F106055D
:104DD000E7D10026FF2488F800403046BDE8F08780
:104DE000FF2488F800403046BDE8F0870126E4B291
:104DF000F1E700BFA8B147F6122340F2E7300021E7
:104E000010B5094A1268E2FB03014FF47A720023DD
:104E1000EBF736FBBDE8104002460B46034809F0AD
:104E2000F7BB02480BF072BD94730020981E00205F
:104E300008B500230C4A138070B900200B4B0C4AB4
:104E40001B78108003B908BDF9F752FA0028FAD18F
:104E5000BDE80840FFF71EBB1846F9F769FAC3071B
:104E6000EBD4FFF753FBE8E704760020E98000204D
:104E70009873002008B500230D4A1380C2070ED492
:104E800000200C4B0C4A1B78108003B908BDF6F7C4
:104E9000E1FF0028FAD1BDE80840FFF7FBBA184649
:104EA000F6F7E4FF0028EBD1FFF730FBE8E700BF9F
:104EB00004760020E9800020987300202DE9F04F4F
:104EC000804689B00BF05AFE44014B01241A43EA94
:104ED000D06363EB0103A2009B00101843EA9473B4
:104EE00041EB0301C90041EA507147F61222002349
:104EF000C000EBF7C5FA81460191B8F1000F18D157
:104F00006B4B0846D3E90013B3F1FF3F08BFB1F183
:104F1000FF3F0ED0B9EB0102664960EB030309685D
:104F20008A4273F10003ACBF4FF0010A4FF0000A50
:104F300001E04FF0010A604E0024DFF880B1F71F56
:104F40000DE0254417F8352042F0020207F835201D
:104F50000134082C0BF1060B06F1280626D004EBD1
:104F6000840217F83220A500D007F1D5BAF1000F5E
:104F700001D19107ECD42A1917F83220520761D4D5
:104F80002A1917F832201307DBD5304604A90AF096
:104F900062FF002840F08A80BDF814200498ABF826
:104FA0000420C6F81DB0CBF80000CAE7BAF1000F24
:104FB00004D03F4B019AC3F800905A60B8F1000F3B
:104FC0000BD00020F6F738FF044630B1FF238DF8F0
:104FD000103094F88020570702D409B0BDE8F08F54
:104FE000E27E072AF9D8627F8DF80F3004EB820346
:104FF0001D6A2B7803F00F03072B07D1AB789E06B1
:10500000EBD0EB78D8078DF8083034D50DF10F01CF
:1050100004F11C0001F0B8F96A7829460232002632
:1050200005460BF00EFF29462046F6F799FF9DF83E
:105030000F30FF2B0ABF9DF810306377737509B0EE
:10504000BDE8F08F0F21327C0DF11F0C01EB021136
:105050001B4A11440DF10F0211F8010902F8010F6A
:105060009445F9D106F1170104A80AF0F4FE0028CE
:1050700086D000DE84E7D906AFD5A66B737D06EB3C
:1050800083039D69AB789A06A7D0EB788DF80C3036
:10509000DB07A2D504A906F1140001F075F96A78BE
:1050A0002946023205460BF0CCFEBCE700DE73E772
:1050B000C81E0020947300208B740020CC73002045
:1050C0000474002010B50120FFF7F8FE47F6122304
:1050D00040F2E7300021084A1268E2FB03014FF476
:1050E0007A720023EBF7CCF9BDE8104002460B467C
:1050F000024809F08DBA00BF94730020981E00206A
:1051000007280FD8094A00EB800312F833104FEA42
:10511000800C0B0706D58B0706D5844402EBCC0226
:10512000506A70470020704700DEF6E78474002064
:1051300007280CD8074A00EB800312F833104B07FE
:1051400005D5282303FB002202F11E007047002032
:10515000704700BF847400202DE9F047884616464A
:105160000AB1FF231370164D002400F0010705F16A
:10517000FF390AE026B13378FF2B08BF86F800A07C
:105180000134082C05F1280515D004EB840319F827
:1051900033305FFA84FAC3F38012DB07EAD5BA42F0
:1051A000EED10622284641460BF07AFE0028E7D1D0
:1051B0005046BDE8F0874FF0FF0A5046BDE8F08743
:1051C000857400202DE9F04F074685B000200E467B
:1051D0009046F6F73FFE18B10C2005B0BDE8F08F01
:1051E0000446F9F785F80128F6D8BA461AF8010BF3
:1051F0000DF10F025146FFF7AFFF072840F2C280C2
:105200009DF80F90B9F1070F00F2B88009EB890300
:105210005E4DDB00D7F801105A1CA950BAF80410F3
:105220002A44918009EB890B15F83B103A783046F7
:1052300062F38611E954102101930093EFF73CFAD1
:10524000009A05EBCB0BA95C60F38201A9544046A0
:105250001021EFF731FA009A00F0010015F802C0B2
:10526000019B60F3C30C1CF0040F4FEA890105F8A1
:1052700002C04BD1002869D100221833E818EA5047
:10528000828001EB090215F83230414E23F01203FF
:1052900005F8323097F800808B4608F00108B71EF9
:1052A000CDF8009004E00134082C06F1080618D06F
:1052B00017F8343013F00109C3F34002F3D042452C
:1052C000F1D13046062251460BF0EAFD0028EAD122
:1052D0005946CB46DDF8009007EBC40787F80190EC
:1052E00004E059464FF0000BDDF8009000204944DF
:1052F00015F831204FEA4B1322F0210243F001034D
:10530000134305F8313005B0BDE8F08FDFF884C0F5
:10531000DFF884E09CF800208BF8172002F1010BE5
:105320008CF800B04FF0FF3C0EF80290DFF86CE014
:105330000CEB021CF44406F10F02013E12F801E9E5
:10534000B2420CF801EFF9D1002895D00020D8F82E
:1053500000B0D8F804E0D8F808C0D8F80C60DA1D1E
:1053600045F802B02A44C2F804E0C2F808C0D6608A
:1053700001EB090205EBC20250627DE7072005B090
:10538000BDE8F08F122005B0BDE8F08F84740020D6
:10539000C6750020E8800020FC7300200474002003
:1053A000072807D8044B00EB800013F83000C0F347
:1053B000C0007047002070478474002007280CD874
:1053C000074900EB800011F83030C0001A0704D5FF
:1053D0009B0702D50144486A70470020704700BF10
:1053E000847400200346024A024812781A707047FB
:1053F000E88000200474002050B1072913D80E4B18
:1054000013F83120D20710D503EBC1035878704749
:1054100007290CD8094B01EB810213F83230DB0766
:1054200007D50846704700DEE9E700DEECE700DE5E
:10543000F0E700DEF5E700BFC475002084740020AB
:105440000C4B1B7883420BD90B4B185C07280CD8EC
:105450000A4B00EB800213F83230DB0707D57047A8
:1054600000DE054B185C0728F2D900DEF0E700DE0D
:10547000704700BFE8800020FC7300208474002087
:1054800007280DD8084A00EB800312F83310830078
:10549000C90707D5034412F83300C0F34010704722
:1054A0000020704700DEF5E7847400200C4B1B7869
:1054B0007BB107290DD860B90A4A01EB810312F8C4
:1054C00033008B00C00709D50B4412F833004307A3
:1054D00001D401207047C0F30010704700DEF3E7ED
:1054E000E9800020847400201378FF2B19D12DE966
:1054F000F047194D0446AE46002303EB830C15F824
:105500003CC09E001CF0010003D0CCF3801CA445DD
:1055100009D00133082B0EF1280EEED10120BDE891
:10552000F08701207047F0464FF0000C4F1E18F82E
:1055300001AF17F8019F0CF1010CCA45E9D1BCF18C
:10554000060FF4D113701E4415F836305A07E6D50D
:10555000C3F30010E3E700BF8474002010B40E4BC7
:105560001C787CB1072A0DD80C4C02EB820C14F885
:105570003CC01CF0080F05D020B14B7903F0C003EC
:10558000402B02D0002010BC7047282303FB0240B0
:1055900010BC07300AF04CBCE98000208474002065
:1055A000024B1878003818BF01207047E9800020AE
:1055B00000F044BA08B5002306F010FD002008BD35
:1055C000684620F007018D4601B505F037FBEEF780
:1055D0008DF8BDE801408546704700BF08B5094B0E
:1055E000D3F828213AB90120EFF756F9BDE8084071
:1055F0000220EFF751B90020C3F82801F0F7AAFC08
:10560000F1E700BF00200E500020EFF745B900BFC2
:1056100090B90E4B0E4A19781078CBB288420DD152
:105620000C480D49013390F800C013700B786345A6
:1056300007D003780B70704700DEEAE700DE1378CE
:10564000EEE700DE03780B70704700BFEA800020B1
:10565000EB800020EF800020EE8000200B4A0C4BF6
:10566000117893F800C08C450DD012781A70094A51
:10567000094B18B911781878884202D012781A703C
:10568000704700DEFAE700DEEFE700BFED800020A4
:10569000EC800020EA800020EB80002005F070BC48
:1056A00008B50B480B4B027819788A420CD00022BF
:1056B0000170094B0399012099601146EFF78EF8AC
:1056C00000B908BD00DE08BD00DE1978EFE700BFB5
:1056D000EA800020EB8000208C0200202DE9F041C0
:1056E0002E4A2F4C1278237888469A428AB005D1E8
:1056F0002C4B2D4A1B7812789A422AD0D8F80050A9
:105700002A4E05F2726738463168F0F723FE00280A
:1057100003DB00200AB0BDE8F081254A254B117853
:105720001A78914213D11F4A1F4912780978914281
:105730000DD00022197810460131C9B219701146F6
:105740001D4B0092F0F71CFD10F0FD0F21D14046DB
:1057500003E00568154E05F27267C16817483760A7
:105760000022079040F272602B46154DCDE905519D
:1057700021780131C9B22170009011461046CDE95F
:105780000322CDE901220892F0F7FCFB0AB0BDE844
:10579000F08100DE00DE4046DFE700BFEE80002043
:1057A000EF800020EA800020EB800020407600207F
:1057B000EC800020ED8000205D56010011560100B4
:1057C000A1560100794A9368002B00F08A802DE9E8
:1057D000F04F1368814689B0002B44D04FF0FF335F
:1057E0008DF80A300DF10A00F1F73CFE044600285E
:1057F00039D0037F9907F5D1857A15F00205F1D1EB
:10580000C3684B4556D0A8462F4606680DF10A00DE
:10581000F1F728FE8346E0B1027F9207F6D1827A43
:105820009307F3D4C268B8F1000F1FD04A4521D0C6
:10583000DBF800A031465046F0F78CFD00280DF152
:105840000A00BCBF5F465646F1F70CFE83460028AF
:10585000E2D1002F08BF274639463846FFF73EFF02
:1058600030F002033BD109B0BDE8F08F4A4539D092
:105870008046DDE7227F204642F002022277E1687F
:10588000A2699047D845A9D1FF238DF80A300DF1C0
:105890000A00F1F7E7FD04460028E4D0037F9F07E4
:1058A000F5D1837A9E07F2D4C3684B4502D000DE5F
:1058B000D4F80C903D4A4846D2E9001303AA984711
:1058C0000646C0B110F1100F56D0384A0020936838
:1058D0001168984716F10B0F16D08C36C3D000DE36
:1058E000C1E77047237F204643F002032377E16836
:1058F000A3699847C8E7237F204643F00203A269C3
:10590000E16823779047AEE700230226FF27274A66
:10591000D2F80890D2E9004813608DF80B700DF1B1
:105920000B00F1F79FFD90B1037F9A07F7D40DB9F3
:10593000DB07F4D4C368A342F1D1037F214643F0CF
:1059400002038269037790478DF80B70E7E7012522
:10595000AE4201D02E46E0E7079400244946404677
:10596000039B009604AACDE904440694F1F732FDA6
:1059700000287FF478AFB2E7A37A43F00203A37262
:105980000DF10A00F1F76EFD014600283FF46BAF00
:10599000037F9D07F4D1837A9C07F1D4FFF79EFE25
:1059A00030F002033FF45FAF99E700BF4476002078
:1059B00010B517480AF0E7FD38B30024154B9C607A
:1059C00000F0C8FA00281FDB21468A202246EEF7A5
:1059D00039F92246E3200121EEF734F92146224627
:1059E0001E20EEF72FF94FF480720B4B8A20C3F87C
:1059F0008824EEF7F7F8E320EEF7F4F81E20EEF730
:105A0000F1F805F035F9204610BD6FF0120010BD19
:105A1000881002004476002000A0085008B500F06D
:105A2000A9FA002809DB8A20EEF7EAF8E320EEF76E
:105A3000E7F81E20EEF7E4F8002008BD0A4601460C
:105A4000024892B283681B68184700BF88100200A2
:105A500030B4074DAB685C6834B1A4468AB2002309
:105A60000146284630BC60476FF0850030BC704767
:105A7000881002000A460146024892B283681B68F9
:105A8000184700BF8810020030B4074DAB685C684F
:105A900034B1A4468AB200230146284630BC604790
:105AA0006FF0850030BC70478810020000207047FE
:105AB00030B5044683B078B31D4B1A68824225D0B6
:105AC000FF250DF107008DF80750F1F7CBFC38B931
:105AD0001AE0A1420AD00DF10700F1F7C3FC98B11A
:105AE000037F9B07F7D4C168002CF2D1037F826942
:105AF00043F00203037790470DF107008DF807503C
:105B0000F1F7B0FC0028EBD103B030BD9B686BB15E
:105B1000014600209847D3E7054A9368002BCFD071
:105B200011680029CCD000209847C9E700DEC7E7FC
:105B3000447600200020704710B50446F1F784FC3D
:105B40008CB90D4B9A68AAB100221C689A601A6041
:105B500004B124680020F1F7A1FC2046F1F744FDD0
:105B600028B1002010BD0028F3D100DEF1E700DEEF
:105B7000002010BD00DEE7E7447600208446064A98
:105B800013689068B3EB0C0318BF0123B0FA80F0E0
:105B90000B704009704700BF447600206FF08B0007
:105BA000704700BF10B548B10C4600F037FA002826
:105BB0000BDB2046BDE81040FFF7BEBF044805F0F0
:105BC0004DF8BDE8104005F0B1B900DEF1E700BFC7
:105BD000315D010040F27260704700BF10B514469D
:105BE000F0F7B6FB2146F0F7B5FB002806DB40F2E4
:105BF000DD235130984298BF002010BD002010BD19
:105C0000262810B504461DD0272813D0252809D0F2
:105C10000A281FD9272822D900DE2046BDE81040D7
:105C200005F0E8B8022005F0DFF82046BDE8104096
:105C300005F0E0B8502005F0D7F82046BDE8104048
:105C400005F0D8B81A2005F0CFF82046BDE810407E
:105C500005F0D0B80230400005F0C6F8E5E70330A3
:105C6000400005F0C1F8E0E705F02AB905F034B9C5
:105C700005F084B805F086B805F086B808B505F0DB
:105C80007FF9BDE8084005F083BC00BF08B505F00A
:105C900077F905F07DFCBDE8084005F031BC00BF98
:105CA00008B505F06DF905F073FC05F057FC05F03B
:105CB000A7FFBDE8084005F023BC00BF014608B5BA
:105CC000114804F0CBFF05F0B3F960B105F02CFEEC
:105CD00005F002F800F0A2F900280EDBBDE808404C
:105CE0000020FFF729BF05F021F905F01DFE04F0A3
:105CF000F3FF00F093F90028F0DA00DEBDE8084079
:105D00000020FFF719BF00BF9D56010010B50446E3
:105D100005F036F905F03CFC05F020FC05F070FFBD
:105D200005F0EEFB2046BDE81040FFF7C7BF00BFFF
:105D300010B5044605F024F905F02AFC05F00EFC28
:105D400005F05EFF05F0DCFB2046BDE81040FFF7E4
:105D5000B5BF00BF10B5044605F012F921460D4845
:105D600004F07CFF05F064F940B100F057F9002819
:105D70000ADBBDE810400020FFF7DEBE05F0D6F8D4
:105D800000F04CF90028F4DA00DEBDE810400020F5
:105D9000FFF7D2BE9D5601002DE9F04FFF2480464B
:105DA000894692461F4689B09DF848B08DF81F403D
:105DB0000DF11F00F1F756FB002864D0037F9D070B
:105DC000F6D1837A9C07F3D405683E689DF81F30AE
:105DD0000446294630460593F0F7BCFABBF1000FA4
:105DE0004AD0BC4208BF002426460DF11F00F1F73F
:105DF00039FBC0B1027F9107F7D1827A9207F4D4C0
:105E000002682946049010460392F0F7A3FA039A19
:105E1000049B00280DF11F00BCBF15461E46F1F77C
:105E200021FB0028E6D1059B8DF81F30314B9A6885
:105E30007ABB76BB24B1BBF1000F48D1BC4244D140
:105E4000FA683846C3E901891A60D04704460DF163
:105E50001F00F1F707FB014650B1037F9A07F6D107
:105E6000837A9B07F3D4FFF739FC30F002033FD16C
:105E7000204609B0BDE8F08F0028B2DAFF2335468E
:105E80005C460593B0E71B4B04469A68002AD7D0BE
:105E900026464946534640463A46CDF800B0F1F70B
:105EA00099FA014678B1BBF1000F09D1BB7A980786
:105EB00006D4C6B13046FFF711FC30F0020310D112
:105EC0006FF07604D4E700DEEDE700DEB8E7534676
:105ED0003A4649464046CDF800B0F1F77BFA002833
:105EE000EED100DEECE7002C14BF26460E46E1E7BB
:105EF00000DEBDE74476002001F1100008F07CB917
:105F000070B505460C468AB00122002104A80AF0AB
:105F10005CFC0323002602930D4B6946284603963A
:105F2000019309F0DCFD002810DB47F6122331460F
:105F300040F2E7304FF47A72E4FB03010023EAF702
:105F40009FFA02460B4604A808F090F90AB070BD0B
:105F5000F95E010010B5012006F07CF90124002350
:105F600003494B608C60CB60BDE8104009F0B7BDC1
:105F70005476002010B5012006F06CF9044604495F
:105F800009F028FE2046BDE8104009F0FFBD00BF23
:105F9000547600200C4B1A780AB10020704701207B
:105FA00010B5187006F056F94FF4FA710446FFF771
:105FB000A7FF38B9204609F0E9FD02280CBF0020F0
:105FC0006FF0040010BD00BFF080002008B5084B42
:105FD000D3E8EF2F511CC3E8E01F0028F8D1002AB6
:105FE00001DD002008BD06F03DF9002008BD00BF1E
:105FF0005076002008B5002006F02CF9064BD3E8B7
:10600000EF1F0131C3E8E21F002AF8D1BDE80840C4
:106010000221FFF775BF00BF5076002008B50B4B7B
:10602000D3E8AF2F002A0DDDD3E8EF2F511EC3E8D0
:10603000E01F0028F8D1012A01DD002008BD06F08C
:1060400023F9FAE76FF0770008BD00BF5076002013
:106050000520704732207047014B33F8100070471D
:10606000E41C020010B50446FFF71AFE05F06CFAB6
:106070002046BDE81040FFF721BE00BF70B5457A4D
:10608000867A82B0C5F38205044606F0010604F064
:10609000BBFFFFF7F3FD962005F090FA2846334644
:1060A0002A46002105F076F90120F1F731F90028A0
:1060B0003BD0203004F0F8FE04F088FF98BB214666
:1060C0001B4804F0CBFDFFF76BFA08BB05F0BAFCE8
:1060D00000210446284604F001FF022D044404F187
:1060E000A30413D0042D0CBF4FF4BC73282300214C
:1060F00028461C4404F0EEFE201A05F01FFC05F0B3
:1061000099FC02B0BDE8704005F0EAB91823EEE74B
:106110000DF10700FFF766F9002201469DF8070020
:1061200005F0D6FCD2E700DEC9E700DEC1E700BF1C
:10613000F568010010B50446FFF7B2FD05F004FA5A
:106140002046FFF7BBFD0021044B012208469C605E
:10615000EEF744FB00B910BD00DE10BD9C0200202C
:10616000814208B50ED00B7ADB0702D46FF08B00AA
:1061700008BD0C4B1360FFF729FF00280FDB6FF001
:106180000A0008BD0B7B01EB83010B691B7803F050
:106190000F03012B14BF6FF08B00002008BD00DE41
:1061A000EDE700BF8166010010B548B10C46FFF76E
:1061B00035FF00280BDB2046BDE81040FFF7BCBCD4
:1061C000044804F04BFDBDE8104004F0AFBE00DE13
:1061D000F1E700BF6560010010B501F077F80446F3
:1061E00068B9084B0522181D4FF48471EEF700FAC8
:1061F000054B1C820322214604480AF0E6FA204699
:1062000010BD00BF98760020847600206C760020B8
:1062100010B501F05DF8044668B9084B0522181D59
:106220004FF48471EEF7E4F9054B1C8203222146FA
:1062300004480AF0CAFA204610BD00BF9876002034
:10624000847600206C76002010B504460648EEF7F0
:10625000F3F930B103460020C3F8040158706360BD
:1062600010BD6FF00B0010BD987600200022034691
:1062700010461A705A709A60704700BF03784278CF
:106280009A4212D070B50026DCB200EB84030546BA
:10629000074958685E60EEF7E3F9631CDBB2022B36
:1062A00008BF33462B70304670BD6FF00B0070474F
:1062B0009876002038B54478054600EB840358688A
:1062C00020B1002209495A60EEF7CAF9631CDBB21B
:1062D000022B08BF002305EB8305686820B100236B
:1062E00002496B60EEF7BCF9002038BD98760020BB
:1062F00038B5214D2B7C6A7C9A4202D055F8234058
:106300004CB91E48EEF798F90446B0B10023C4F822
:106310000431204638BD1A4807F0CEFF2B7C6A7C3A
:106320009A42F3D00133DBB2042B08BF00232B7455
:106330000023C4F80431204638BD0023114A104818
:1063400007F094FFA8B90E4807F0B6FF2A7C6B7CD3
:10635000934209D0531CDBB2042B08BF002355F82D
:1063600022402B74002CD1D100DE0023C3F804316D
:10637000FFDE00DEE7E700BF84760020987600208D
:106380006C7600205A62020010B5027843789A4277
:1063900014D0D4B244700278944204D05A1C437092
:1063A000D3B2022B0ED01A460B7000EB8204606849
:1063B00000B110BDFFF79CFF606010BD0133DBB280
:1063C000022BF0D100221346EEE700BF70B170B58A
:1063D00004460026064D2046D4F804412946C0F85C
:1063E0000461EEF73DF9002CF5D170BD704700BF98
:1063F000987600202DE9F0470278437805469342CD
:106400002DD0D7B200EB87098846D9F80420164C66
:10641000164E0BE0D2F804A144F8212063743046F4
:1064200007F0EAFE5246BAF1000F08D0617C207CEA
:106430004B1CDBB2042B08BF00239842EAD1013782
:10644000FFB2022F08BF0023C9F8042008BF1F466F
:106450004FF0010218BF3B462F7088F8002005EB73
:1064600083056868BDE8F087847600206C7600209C
:1064700030B5037A0446C3F3021393FAA3F0002B5A
:10648000B0FA80F008BF4FF0FF3083B000F1010098
:1064900044D0217A5A1E134063F30611243021722E
:1064A000FFF7AEFB00230DF1070104F10C008DF89E
:1064B0000730FFF79FFF0546A8B3284604F0FAFC13
:1064C00084232A7802F00F02D340DB0716D40DF1A3
:1064D000070104F11800FFF78DFF30B39DF8073076
:1064E000ABB92146124804F0B9FB962005F066F8D6
:1064F000002004F039FF284603B030BD21460D4886
:1065000004F0ACFB04F0C0FF284603B030BDD5F862
:106510000230C0F80230EB88C380E2E700DE237A65
:10652000C3F30213B5E700DEC7E700DED6E700BF1E
:106530007D600100AD660100F0B5C4680546636882
:1065400083B0002B60D104F095FB94F92C0004F08B
:10655000DDFBA17A607A01F00101C0F3820004F052
:10656000BDFB627A252102F01C02082004F06CFCBD
:106570003A4B01A8019304F053FC40F25B603849A8
:1065800004F060FD237A20461A46C3F3420363F306
:1065900006122272FFF76CFFFFF702F870BB637AF6
:1065A0009B0721D127682E683846FFF713FB034667
:1065B0001E446A6806F2DD21012005F00DF805F0A1
:1065C00039FA2046F5F72AFC0146023132463846B0
:1065D000C9B2FFF703FB054618BB2046FFF7AAFA2E
:1065E000E8B9002003B0F0BD0120FEF7C3FB02466E
:1065F00041780232007804F087FFD3E7607A10F028
:10660000030018BF0120F0E793F82C309A079AD0C6
:106610002146144804F022FB04F088FCE1E700DE88
:10662000DFE740F2114310491048114A09F0CDF953
:106630002A461049104809F0C8F9002383F311884D
:10664000BFF36F8F0323184602DF0C48214604F086
:1066500005FB04F06BFC6FF08B00C3E7D6BE898EA0
:1066600055555500555D0100401D0200781B020084
:10667000F41C0200701D0200441D02006560010050
:1066800070B5C36804461E68EFF762FE05463046E3
:10669000FFF7A0FA02460023AD1AC4E90053238194
:1066A0002046BDE87040FFF747BF00BF38B504463D
:1066B00004F0AAFCFFF7F4FA237A03F07102012A2E
:1066C00006D11A46C3F3420363F306122272D3B211
:1066D00013F0700F05D0636863B193F82C309B07FB
:1066E00008D504F031FFA36ABBB12046BDE83840AD
:1066F000FFF7E4BA2046FFF7BBFE0546012005F090
:10670000EFF8A16A034621B1D1E903122846F6F752
:10671000B9FABDE8384005F08DB90220F0F750FF16
:106720000028E2D100DEE0E710B582B00446FFF7B2
:106730004DFC002809DB0023074A0849084800945B
:10674000F0F794FF18B902B010BD00DEF3E7773020
:10675000F9D000DEF7E700BF39650100A96101004B
:10676000616101002DE9F0410D46417A1746CA07E3
:106770001E469DF8188009D5B8F1000F17D02B7868
:10678000B7EBD31F1AD00020BDE8F081294604469C
:1067900011F8020B079AC0F38010FEF7A5FE00283F
:1067A000EDD1637ADB07EED5B8F1000FE7D1079B97
:1067B0001878FEF765FE0028E1D1E4E706223046AE
:1067C00005F108010AF06CFBB0FA80F04009BDE861
:1067D000F08100BFF8B50646032017461D46F0F7C6
:1067E00097FDB0B10446F0F7AFFD16233046237194
:1067F000F5F714FBE08045B97F2320682146237616
:106800006776F0F7CFFD0020F8BD04F073FEC3B249
:10681000F3E76FF06800F8BD2DE9F84F1F460B9BBA
:1068200006460C4692469DF828909DF830506BB96C
:10683000437A03F00303012B2CD9002D3AD023789F
:10684000BAEBD31F4AD00020BDE8F88F884618F86D
:10685000020B0D9A4146C0F38010FEF745FE00285A
:10686000F2D094F800B0BAEBDB1FECD13846062228
:1068700004F108010AF014FB0028E4D10D9B1B78F9
:10688000FF2B1ED0F27AFF2A1BD0981AB0FA80F0A4
:106890004009D9E711F8020B0D9AC0F38010FEF7FA
:1068A00023FE0028CBD1737A03F00303012BCAD94E
:1068B000002DC4D10D9B1878FEF7E2FD0028BED153
:1068C000C1E7CBF3801BCB45BDD1062241460B98D7
:1068D0000AF0E6FAB0FA80F04009B5E70622384639
:1068E00004F108010AF0DCFAB0FA80F04009BDE8D2
:1068F000F88F00BF2DE9F04F89B0044604F070FB1B
:10690000C0B250B9FFF7CCF92146774804F0A6F998
:1069100009B0BDE8F04F04F009BB04F09FFB054649
:1069200004F026FE074604F02DFE05F07FF98246AE
:1069300005F060F9814604F0E5FDEDB28046FFF711
:10694000AFF9002DE0D01AF0FF0A40F08180FF205F
:106950008DF81F000120F0F7DBFC0546002800F051
:10696000A180237B05F1200B04EB83031969FFB29F
:106970000B4613F8026B5FFA88F806F00F00012847
:1069800008BF01F1080995F8201018BF4FF0000961
:1069900001F00F010329C6F380124FEAD6165ED02C
:1069A0000529B1D195F821102229ADD161680029BE
:1069B000AAD091F82C108907A6D40DF11F000390DE
:1069C00059462046CDE901970096FFF725FF00289C
:1069D0009AD00420F0F79CFC002895D0214643482B
:1069E00004F03CF904F0A2FA04F0F0FA002857D1C0
:1069F000B8F1000F4ED1626892F82C3043F00103D9
:106A000082F82C30F0F7A0FC17224FF6FF730271CA
:106A1000C3808460054604F079FF286105F00CF816
:106A200000210446084604F059FA241A6C61BAF1B0
:106A3000000F12D09DF81F306B76F0F785FC0346EF
:106A400029462868EB60F0F7ADFC09B0BDE8F08F8F
:106A50005FFA89F0FEF7F4FC7AE7FF23ECE795F89C
:106A600021100C297FF450AFB9F1000F7FF44CAF27
:106A70000DF11F010191204659460097CDE90423ED
:106A8000FFF770FE80B9DDE9042395F8201001F0CE
:106A90000F0185E704F02EFD636883F8A600AAE7DE
:106AA00000DEA5E700DE5CE721460F4804F0D6F8DB
:106AB00004F0D8FC237E04EB8303D86904F0FAF9D0
:106AC00004F084FA68B9A37A9807BED543465946BC
:106AD00020469DF81F20FFF77DFE00287FF414AFAD
:106AE000B3E700DEEFE700BFAD66010035610100EE
:106AF000837813F03F0315D0C278D3074CBF00F161
:106B00000A03031D900748BF0633100748BF02332E
:106B100012F0100203D1134610460B60704700209C
:106B20000B6070476FF01500F7E700BF10B5044623
:106B3000FFF7B6F80320F0F743FD20B12046BDE88B
:106B40001040FFF7BBB800DE2046BDE81040FFF75D
:106B5000B5B800BF30B5044683B004F055FAFFF76E
:106B60008DF86568962004F029FD6A7AAB7A52099F
:106B70001046002103F0010304F00CFC0120F0F7A3
:106B8000C7FB002846D0203004F08EF904F01EFA2E
:106B900000283DD12146204804F060F8FEF700FDB2
:106BA00020BB04F04FFF0446687A0121400904F03D
:106BB00095F96B7A04445B09022B04F1A30413D00A
:106BC000042B0CBF4FF4BC72282201211846144438
:106BD00004F080F9201A04F0B1FE04F02BFF03B09A
:106BE000BDE8304004F07CBC1822EEE70DF1070050
:106BF000FEF7F8FB6A7A0146C2F34212920042F0B5
:106C000001029DF8070002F01D0204F061FFC8E7D1
:106C100000DEBFE700DEB6E73570010070B5044660
:106C2000856804F0DDF988B120682146F0F7BAFBE9
:106C30006A6892F82C3043F0010382F82C30FFF799
:106C40002FF82846BDE87040FFF738B801262146E6
:106C500020682671F0F78EFBE16808680E71F0F786
:106C6000A1FBFFF71DF82846BDE87040FFF726B8E6
:106C700010B504460320F0F7A3FCD8B121460E4816
:106C800003F0ECFF04F0D4F940B1FFF7C7F9002896
:106C90000ADBBDE810400020FEF74EBF04F046F9C5
:106CA000FFF7BCF90028F4DA00DEBDE81040002050
:106CB000FEF742BF00DEE1E7BD6C010004F060B901
:106CC0000B4630B583B0044601A91846FFF710FF04
:106CD000E8B9019DDDB10620216891F8442002EB5E
:106CE000420300FB021201EB430393F83D30C98ECF
:106CF000208903F03F033832FDF75CFB2389013321
:106D000023812B7860F305032B7003B030BD00DEC8
:106D1000019DE0E7036A43B1D3F8041129B18B78F0
:106D20009A0602D0CB78DB0600D47047FFF7C8BFC5
:106D300070B5044682B0FEF7A1FF206A01A966681B
:106D4000FFF7D6FE002840D1019B002B3DD01878DC
:106D500000F03F00FEF754FF236AD3F80451002DE2
:106D600036D02562AB7821469A0602D0EB78DB0656
:106D700012D4184803F072FF04F056FB284604F0C2
:106D800099F804F023F9F0B904F054FE204602B05B
:106D9000BDE87040FFF7BEBF0F4803F05FFF4FF440
:106DA000967004F00BFC727AB37A520903F0010377
:106DB0001046194604F008FB284604F07BF804F05E
:106DC00005F90028E0D000DEDEE700DE019BBEE72B
:106DD00000DEC6E72D6B0100316D010000232DE9B7
:106DE000F047C46884B007460DF1070104F11400B0
:106DF00066688DF80730FFF7FDFA0546002800F0B9
:106E0000DF80337B06EB8303D3F8108098F80030E3
:106E100003F00F03072B40F0C980404603A9FFF79A
:106E200067FE002840F0CA80039A002A00F0A18083
:106E3000937851781B0203F4F8530B4300F09980C8
:106E4000238992F800A00133238103F013FF96F900
:106E50002C0003F05BFF96F80990B17A4FEA5919BC
:106E6000484601F0010103F039FF4FEA8902FF2192
:106E7000082003F0E9FF644B02A802930AF03F0ADE
:106E800003F0CEFF40F25B60604904F0DBF850464F
:106E9000FEF7B6FE98F802303F2B38D8AB789A064A
:106EA00002D0EB78DB066BD40023214658482362DE
:106EB00003F0D4FE04F0D6FA284603F0FBFF266860
:106EC0003D683046FEF786FE03461D4405F2DD218F
:106ED0007A68012004F080FB04F0ACFD2046F5F751
:106EE000DBFD014603312A463046C9B2FEF776FE85
:106EF000054600286AD12046FFF70CFF2046FEF722
:106F000019FE00285ED1002004B0BDE8F0870DF125
:106F1000070106F11800FFF76DFA8046002853D0EC
:106F200021463C4803F09AFE962004F047FB484671
:106F300004F01AFA9DF80730A3B9FEF731FB58B9EF
:106F4000737A9907B8D00120FDF714FF4178821CAD
:106F5000007804F0D9FAAFE7707A10F0030018BF98
:106F60000120F1E76B68C8F804302B89A8F80830D5
:106F7000E3E72146284803F071FE03F0D7FFC2E79C
:106F8000204629462562FFF79BFE2146234803F051
:106F900065FE4FF4967004F011FBB37A4A4603F095
:106FA00001031946484604F00FFA85E700DE404623
:106FB00003A9FFF79DFD00283FF436AF00DE33E75D
:106FC00000DE1EE700DE9EE700DEA9E74FF4A473B3
:106FD00013491448144A08F0F8FC2A461349144887
:106FE00008F0F3FC002383F31188BFF36F8F0323B2
:106FF000184602DF0648214603F030FE03F096FFF4
:107000006FF08B0080E700BFD6BE898E55555500C6
:107010002D6B0100556B0100716C0100316D010099
:10702000401D0200781B02007C1D0200CC1D0200E6
:10703000441D02002DE9F04F8BB0044603F0D0FF51
:10704000C0B250B9FEF72CFE21469D4803F006FE63
:107050000BB0BDE8F04F03F069BF03F0FFFF05463A
:1070600004F034FA074604F083FA064604F08AFA7C
:1070700004F0DCFD824604F0BDFD814604F042FAD6
:10708000EDB28046FEF70CFE002DDDD01AF0FF03B6
:10709000059340F0B180FF208DF827000120D4F83F
:1070A0000490F0F735F90546002800F0C5800DF191
:1070B000260104F1140099F80C30FFF79BF905F153
:1070C000200B002800F0B6800346C17813F804AB0B
:1070D00011F0020118BF00F10A01049195F8201087
:1070E000CAF3801201F00F010329F6B24FEADA1A4F
:1070F00000F089800529A7D195F821102229A3D174
:10710000D9F8041000299FD004990DF12700CDE98A
:1071100000A10390594648460296FFF77DFB0028E0
:1071200092D00420F0F7F4F8014600288CD065488E
:1071300003F094FD04F096F903F09EFF012402464B
:10714000017821F03F0141F00801017095F820100D
:107150000678C90961F386160670867895F82010BE
:107160006FF3871686700678C1F3801161F3C71636
:10717000067002F8034FA96A4160C178AC8D41F0F6
:1071800002010481C170D5F822108478C0F80A1079
:10719000E98CC18100F110018A1A62F30504821C96
:1071A000891A8470417003F085FE03F00FFF0028F8
:1071B00044D1F0F7C9F817234FF6FF720371C2806C
:1071C000C0F80890044604F0A1FB206104F034FCF0
:1071D000054699F809003946400903F07FFE059BF2
:1071E0002D1A65616BB19DF827306376F0F7ACF826
:1071F000E0600BB0BDE8F08F5FFA89F0FEF720F990
:107200004AE7FF23F1E795F821100C297FF41CAF22
:107210000DF127010191484659460096CDE9062314
:10722000FFF7A0FA60B9DDE9062395F8201001F018
:107230000F015FE700DE47E700DE38E700DEB8E772
:1072400099F8183009EB8303DD69AB78990602D011
:10725000EB78DA061DD42146194803F0FFFC04F050
:1072600001F9284603F026FE03F0B0FE30BB2046AD
:10727000FFF750FD99F80A309B07BAD559464846A2
:107280009DF827205FFA88F3FFF7A4FA0028B0D012
:10729000DAE621460C48256203F0E0FC4FF49670D4
:1072A00004F08CF999F8092099F80A30520903F092
:1072B00001031946104604F087F8D2E700DED6E74E
:1072C0002D6B01001D6C0100316D01000020704725
:1072D0000020704710B582B00446FEF777FE002804
:1072E00009DB0023074A084908480094F0F7BEF973
:1072F00018B902B010BD00DEF3E77730F9D000DE38
:10730000F7E700BFDD6D0100A55B01009D5B01009B
:1073100000B9704700DE704708B54B6823B14B6871
:1073200093F82C30DB070AD481420B8E09D0ABB125
:107330004B8E9BB9134803F091FC03F0F7FD00203E
:1073400008BDDBB991F82830DA07F8D491F8343069
:10735000DB06F4D40C4803F081FCEEE70B6C13B1B0
:107360006FF08B0008BD094B1360FEF72FFE00285D
:1073700002DB6FF00A0008BD00DEFAE74B8E002B3F
:10738000E0D1D7E7817701008D78010061780100B5
:10739000002208B50399054B012099601146EDF7CD
:1073A0001DFA00B908BD00DE08BD00BFBC02002008
:1073B0002DE9F041C4688CB094F92830002BC0F25C
:1073C000E780636805460E46002B40F0D68094F8AF
:1073D00028306FF3000384F8283003F04BFC94F955
:1073E000440003F093FC94F83400012100F00700FE
:1073F00003F074FC94F8342008209200252102F058
:107400001C0203F021FD94F83430012023F018030E
:1074100084F83430EFF77CFF002800F0C080203083
:1074200003F042FD6F4B0BA80B9303F0F9FC6E4980
:1074300040F25B6003F006FE94F82800C0F34100C0
:107440002530FEF7DDFB2146684803F007FC94F881
:1074500028309B0603D46368002B00F08B809620B5
:1074600004F0ACF800231A461946184603F092FFC0
:10747000FEF796F8002841D194F8283013F0180F41
:1074800058D1D4F800802F684046FEF7A3FB07448C
:107490006A6807F2DD21002004F09EF804F0CAFAC1
:1074A00004F01EF82046F6F7C7FE014605314046B7
:1074B0003A46C9B2FEF792FB8046002875D116B94C
:1074C000236C002B3FD163687BB12A68484BA261D3
:1074D000696804F11802E1619A600221012200202A
:1074E0006462EDF77BF900285DD12046FEF722FBB0
:1074F000002856D100200CB0BDE8F08194F8280097
:10750000C0F3C000FDF736FC07460DF12B00FDF778
:1075100069FF804679783878BA1C03F0F5FF94F853
:107520003420414692009DF82B0002F01C0204F02A
:10753000CFFAA6E70120FDF71DFC4178821C0078F8
:1075400003F0E2FF9DE740F2F3120892294A00930C
:107550000792294A3B46059231460422CDE903664B
:10756000CDE901660694EEF70DFD10F0FD0FAAD0EF
:1075700000DEA8E703F076FF7AE7636893F82C3023
:10758000D90705D4636893F82C309A077FF51FAFAD
:1075900021461A4803F062FB03F0C8FCAAE700DEAC
:1075A0003DE700DEA6E700DE9FE740F2E513144961
:1075B0001448154A08F009FA42461449144808F0DC
:1075C00004FA002383F31188BFF36F8F0323184657
:1075D00002DF1048214603F041FB03F0A7FC6FF0E7
:1075E0008B0088E7D6BE898E55555500257E010053
:1075F000CC0200201173010091730100555D010060
:10760000401D0200781B0200D81D0200241E02004B
:10761000441D0200B97601000021FFF7C9BE00BF7A
:1076200010B5044682B0FEF73BFB94F8283094F87E
:1076300034206FF3000322F0180284F828309B06F0
:1076400084F8342001D4636853B3962003F0B6FF66
:10765000002318461A46194603F09CFE0120EFF756
:1076600057FE20B3203003F01FFCFDF799FF40B90F
:1076700003F036FF21460F4802B0BDE8104003F08A
:10768000EDBA0DF10700FDF7ADFE94F83420014688
:1076900092009DF8070002F01C0204F019FAE7E7D7
:1076A00003F0E0FE0120EFF733FE0028DAD100DE20
:1076B000D8E700BF257E010010B50446FEF7F0FABA
:1076C00003F042FF0420EFF77BFF20B12046BDE826
:1076D0001040FEF7F3BA00DE2046BDE81040FEF78A
:1076E000EDBA00BF08B5FFF79BFF03F005FCBDE84E
:1076F000084004F09FB900BF70B582B00546FEF7A0
:10770000BDFA03F0AFFE0120EFF702FE98B3203080
:1077100003F0CAFB03F05AFC58BBFDF741FFC8B9A0
:1077200004F090F900210446084603F0D7FB00213D
:107730000646084603F0CEFB3444CB34201A04F04E
:10774000FDF803F0CDFE29460C4802B0BDE87040BC
:1077500003F084BA0DF10700FDF744FE95F83420DC
:10776000014692009DF8070002F01C0204F0B0F9F7
:10777000D6E700DED1E700DEC9E700BF257E0100C5
:1077800030B5044685B0FEF78BFA20460DF10F01A7
:10779000FEF7F4F908B105B030BD054603F0D4FE9C
:1077A00094F828E02B46CEF3410C0CF1010C0CF0C0
:1077B000030CBCF1030F08BF4FF0000C6CF3420E3A
:1077C000009504222946284684F828E0EEF7D8FCE4
:1077D0009DF80F307BB1238E002B32D194F83430DA
:1077E000DA060FD494F92830002B1FDB2046FEF771
:1077F00065FA05B030BD0420EFF7E2FE0028EAD1BB
:1078000000DEE8E76FF3041384F83430EFF79CFDF3
:10781000014600B30A238C600B71E36A0868CB60F1
:10782000EFF7C0FD94F92830002BDFDA00210B4B75
:10783000012208469C60ECF7D1FF0028D6D000DE7C
:10784000D4E7638E002BC9D194F8283043F080032D
:1078500084F82830C2E700DEDCE700BFAC0200207D
:1078600070B5C36804461E68EEF772FD05463046E3
:10787000FEF7B0F902460023AD1AC4E90053238194
:107880002046BDE870400121FFF792BD38B504469F
:10789000FFF7C6FE94F8283094F82820C3F341037C
:1078A000013303F00303032B08BF002363F34202F9
:1078B00014BF03F12500252084F82820FEF7A0F945
:1078C00063680BB1236953B9EEF742FD014600200E
:1078D000553103F02BFFBDE8384004F0ABB804F09D
:1078E00015F80546EEF734FD01460020553103F04A
:1078F0001DFF04F09FF804F009F82946EEF72AFD71
:1079000023691B1A236138BD2DE9F84316469DF8FB
:10791000209080464A460D46304619461F46FDF7E0
:107920001DFE0446A0B91DB198F834305B061CD486
:1079300098F82850C5F38013B3420CD0C5F3C105A5
:10794000012D05D926B17B7903F0C003402B12D05D
:107950002046BDE8F8830622394608F1360009F0D2
:107960009FFA0028EAD10124F2E74846FDF726FDF8
:107970000028EDD1DCE7099B002BF4D00123099A04
:107980001370F0E710B548B10C46FEF747FB00282E
:107990000BDB2046BDE81040FEF7CEB8044803F0EC
:1079A0005DF9BDE8104003F0C1BA00DEF1E700BFA9
:1079B000817701002DE9F04F074683B00320884608
:1079C000164699469DF830A09DF83450EFF7A0FC7C
:1079D000002800F083800446EFF7B6FC4FF6FF73F3
:1079E000E38097F8343058075ED003F00703012B8B
:1079F0006ED0042B6FD000DE94F8202002F00F032D
:107A0000042B5BD0072B51D10023FB62A76003F04E
:107A10007DFF206104F010F8834697F8340051464A
:107A200000F0070003F05AFAA37EABEB00006AF304
:107A300082036061A376009797F83410294B524671
:107A400001F0070104F1200001F024F9A37E60F3A6
:107A5000C713A3761B0629D597F8343043F01003DB
:107A600087F834306FF00F07B9F1000F22D17F2073
:107A7000B8F1000F14BF3246FF22FF3E18BF0126A7
:107A8000A37E6D0045EA461523F0220305F022058A
:107A90001D432076214620686276A576EFF782FCAA
:107AA000384603B0BDE8F08F052323710027B9F1F4
:107AB000000FDCD003F01EFDC0B2D9E797F83430D8
:107AC0001907F3D5052363F3030284F82020EDE7BB
:107AD0000623237190E7082323718DE76FF0680771
:107AE000DEE700BF158A01000020704700207047C4
:107AF00010B582B00446FEF769FA002809DB0023BE
:107B0000074A084908480094EFF7B0FD18B902B0D9
:107B100010BD00DEF3E77730F9D000DEF7E700BFF5
:107B200019760100857901001973010070B50546C9
:107B30000B4CFEF7B5F8E5602E68EEF709FC05463C
:107B40003046FEF747F802460023AD1AC4E9005359
:107B500023812046BDE870400121FFF729BC00BF0A
:107B6000C47B002010B50446084694F82810090785
:107B700002D442B9012010BD002AFBD1BDE810405B
:107B80001846FDF77DBC1946FDF790FC0028F1D1A1
:107B900094F82800C0F3C00010BD00BF70B5FF2BE3
:107BA00082B006468DF8073007D090F83500C01A2D
:107BB000B0FA80F0400902B070BD0D46144611467F
:107BC00028460DF10702FDF78FFC0028F3D096F848
:107BD0003430C3F34013AB4202D0002002B070BD7A
:107BE0000622214606F1080009F05AF9B0FA80F0A1
:107BF0004009E0E72DE9F04F85B0054614469C4664
:107C00009DF838600F9F11B1DB78D80741D59CF8FB
:107C10000130072B39D99CF803209107C2F34008A3
:107C200018D50D2B31D9E3461BF80A9BC9F3801AEE
:107C30004FEAD9191CB195F828301A0747D55B4689
:107C40004A46214628460F970E9605B0BDE8F04FEC
:107C5000FFF75ABE9CF80020C2F3801AD2091CB963
:107C6000012005B0BDE8F08F95F828301B07F7D448
:107C700091460CF104010CF10A0BFF2E8DF80F60F8
:107C80000BD095F835309E421DD0002005B0BDE8E0
:107C9000F08F084605B0BDE8F08F50460DF10F0299
:107CA0000191FDF721FC0028EFD095F834300199BF
:107CB000C3F340135345E8D1062205F1080009F04B
:107CC000EFF80028E1D1B8F1000FC9D0B7E70CF107
:107CD0000401D2E72DE9F0479DF828509DF8204097
:107CE000AD0105F0400545F0250545EAC4150C46F3
:107CF0004FF0220C01269A4623780B9903F01003CB
:107D00001D43D0F80480257084F801C00B689146AB
:107D1000C4F802308B88099AE38013680746A36091
:107D20009388A381D8F80430C4F80E30B8F808203E
:107D300098F80A30667562822375B8F8165003F019
:107D40007BFE514606464846B9F1000F26D019F091
:107D5000040F51D103F0C2F809F003032B33DB0009
:107D6000C9F34002D34003F65A2333441E1A3B6939
:107D7000E3B103F0D3FD40F2E24A01210AFB05FA28
:107D800005464846D7F8109003F0A6F82B184B4448
:107D9000002B01DB9E4236D95344F9E703F09EF8ED
:107DA00006F5DB66361A3B69002BE2D10C9A1660A9
:107DB000A375E375B8F8162094F823302283B8F839
:107DC00018206283BA8AA283D8F82220C4F81E2021
:107DD00098F8262084F8222098F8282062F30403DB
:107DE00084F82330FEF734F994F8233060F3471316
:107DF00084F82330BDE8F08703F070F806F5D45618
:107E00000C36361ACFE70C9A9E1B1360044BA3FB6B
:107E10000636637DB60A0133E6826375CAE700BFA2
:107E20005917B7D12DE9F04F8DB0044603F0D8F8BB
:107E300010F0FF0013D1FF238DF829008DF82700E3
:107E40008DF82A308DF82830FDF72AFF2146A34807
:107E500002F004FF03F06AF80DB0BDE8F08F03F004
:107E6000FDF8054603F084FB8DF8270003F08AFB3C
:107E70008DF8280003F0DAFE8DF8290003F0BAFE31
:107E80008DF82A0003F03EFB064603F01FFBEDB21F
:107E90000746FDF705FF002DD8D00120EFF738FA8F
:107EA0000546002800F0E88195F8203005F120090A
:107EB00003F00F03072B00F0E5809DF82730002B1F
:107EC0003FD19DF82980B8F1000F40F0FD80424677
:107ED0004FF0FF0A414653462046FFF743FE002875
:107EE000B4D09DF82980002395F8202061688DF892
:107EF0002B30F6B202F00F0300294AD0616891F8E6
:107F00002C10880745D4072B40F0EA8094F83430D1
:107F10005A079BD094F8282012F0010296D10DF157
:107F20002B0101914B4601212046CDF800A0FFF71F
:107F300061FE002840F0A18095F8203003F00F0387
:107F400079E094F828009DF82810C0F3C000FDF7F0
:107F500053FA9DF8298082469DF82720BAE7012B25
:107F600046D195F821200C2AE6D11946002395F830
:107F7000202020460193CDF800A0D20905F1280366
:107F8000FFF7C2FC002840F0B88095F8203003F0DD
:107F90000F036BBB95F821309A1F1F2A44D894F821
:107FA000282002F02102202A08D1D4F804B0BBF125
:107FB000000F00F08D81063B1F2B35D8636833B16D
:107FC00095F8203003F00F03072B7FF43FAF9DF8A7
:107FD0002B50334652464146204600970195FFF705
:107FE000E9FC00283FF432AF10307FF42FAF33E7C5
:107FF000062BCFD04521D94011F0010140F0468138
:10800000012B11D195F821300C2B95D195F820201A
:108010000DF12B0301932046CDF800A0D20905F104
:108020002803FFF771FC40BB95F8203003F00F03E5
:10803000072B3FF46BAF042B7FF408AF95F821308A
:10804000063B1F2B3FF602AF94F82830DB077FF585
:10805000FDAE03F011F895F820300278C3F38013D9
:10806000B3EBD21F7FF4F2AE0622083005F12201F5
:1080700008F016FF00287FF4E9AE95F82130002BB8
:108080009CD1E3E60DF12A0301930DF1290300933E
:1080900049460AAB20460DF1270200F09FFE9DF8ED
:1080A00027308346002B40F0CE809DF82980B8F120
:1080B000000F40F0E3804FF0FF0ABBF1000F3FF4E8
:1080C00012AF9DF8272005E79DF82A00FDF7B8F9C3
:1080D0009DF8298082469DF82720FBE6E576010081
:1080E00094F82810090740F1BA80002B7FF437AFCD
:1080F00095F82130063B1F2B96D80420EFF708F99E
:1081000000283FF4A3AE03F097FC236C43B940F280
:108110007122A38F02FB03F3B0FBF3F203FB120007
:1081200023685B68A3F2D4438342FFF48FAE03F06D
:1081300099F9636850460793FDF740F994F8343095
:1081400081465B0640F11C81002800F019818346BE
:10815000012702F091FFCDE9027B07460BAB0493A8
:1081600005F12203019395F820300022C3F3801318
:108170002046394600930123FFF7ACFD384602F054
:1081800099FE02F023FF002840F0188121468D4817
:1081900002F064FD002E40F0FA80626892F82C3004
:1081A00043F0010382F82C3094F8283043F0800328
:1081B00084F82830EFF7C8F84FF6FF7217213B46D6
:1081C0000646C280017195F820E000F12002CEF34E
:1081D000401E07F1200C1F685D689868D96810334D
:1081E0006345176055609060D16002F11002F2D1D2
:1081F0001B68136096F82030B4606EF3451386F860
:10820000203003F083FBB8F1000F08BF4FF0FF0AE6
:1082100030610B9B86F819A0736194F8343013F029
:10822000400303D0B9F1000318BF0123B27E63F30A
:108230000002B276EFF788F8034631463068F36003
:10824000EFF7B0F808E694F828009DF82810C0F37E
:10825000C000FDF7D1F89DF8298082462DE7BAF1DC
:10826000FF0F8DF82CA0C2F3801B12D094F835209C
:1082700052453FF43AAF8CE600DE15E69DF82A0041
:10828000FDF7DEF89DF82980824616E795F8213043
:1082900091E605F1220158460BAA0791FDF724F952
:1082A000079900283FF471AE94F83430C3F34013BB
:1082B0005B457FF46AAE062204F1080008F0F0FD89
:1082C00000287FF462AE95F8203003F00F030CE72E
:1082D000962003F073F9584603F046F833464146BA
:1082E00052462046CDE9007BFFF764FB00287FF46F
:1082F000ADAD02F0C1FE064603210C223378504694
:1083000061F30303337095F8203072703278C3F351
:10831000801363F3C7123270FDF750F894F83420DD
:1083200057063AD5C8B33246317841F0400102F8D9
:10833000021B0168C6F8021083889380D5F82230AA
:108340003046B360EB8CB38102F0B4FD02F03EFE28
:10835000B0BB03F06FFB94F8283043F0010384F8BE
:10836000283095F82030190705D194F8343043F0BF
:10837000080384F834302146134802F06FFC6BE5A3
:1083800094F8287004F1360BC7F38017E1E603F088
:10839000B1F8079B83F8A600FFE694F828303278FE
:1083A000C3F3801363F38612334603F8022BD4F829
:1083B0003620C6F80220628F9A80BFE700DEE5E62D
:1083C00000DEC6E781770100F97601002DE9F0476C
:1083D000C46882B007460DF102012046F6F78EF818
:1083E00090F92830002BC0F2DC8043680546002B52
:1083F00040F0CC80002223796FF3861323717E4BEB
:108400001A8002F037FC95F9440002F07FFC607995
:10841000012100F0070002F061FC6279082092005F
:10842000FF2102F01C0202F00FFD0120EEF770FFA9
:10843000002800F0BD80203002F036FD6F4B01A80F
:10844000019302F0EDFC6E4940F25B6002F0FAFD30
:10845000207900F03F00FDF7D3FB2146694802F088
:10846000FDFB962003F0AAF86279012302F00702CF
:108470001046002102F08EFFFDF792F800285AD135
:1084800095F8283013F0180F77D1D4F800903E6893
:108490004846FDF79FFB06EB00087A6808F2DD21ED
:1084A000002003F099F806466079012100F00700EA
:1084B000D4F808A002F010FD06446079564400F09C
:1084C0000700022835D004280CBF4FF4BC732823C2
:1084D00001211E4402F002FD304403F02FFA03F0A4
:1084E000A9FA02F0FDFF2046F5F7FEFF014607312D
:1084F00042464846C9B2FDF771FB064600285DD1E9
:108500006B686BB13B680221AB617A683E4BEA61F4
:108510006D62012218359D60ECF760F900284BD19F
:108520002046FDF707FB002844D1002002B0BDE83B
:10853000F0871823CCE795F82800C0F3C000FCF7BB
:1085400019FC80460DF10300FCF74CFF064698F835
:10855000011098F8000008F1020202F0D5FF6279DC
:108560003146C2F30202920042F002029DF803007B
:1085700002F01E0203F0ACFA87E70120FCF7FAFBD9
:108580004178821C007802F0BFFF7EE7436893F8D1
:108590002C30DA0705D4436893F82C309B077FF51D
:1085A00029AF2146194802F059FB02F0BFFCBCE795
:1085B00000DE40E700DEB8E700DEB1E740F251231D
:1085C00013491448144A07F000FA32461349144874
:1085D00007F0FBF9002383F31188BFF36F8F0323A8
:1085E000184602DF0F48214602F038FB02F09EFCDD
:1085F0006FF08B009AE700BFD2800020D6BE898E34
:108600005555550079950100EC020020D5890100EF
:10861000401D0200781B0200381E0200D01E02001E
:10862000441D02002986010030B5044683B0FDF7E1
:1086300037FBACB120460DF10701F5F75FFF9DF860
:108640000730054663B1164B1B8813B31DB195F96E
:108650002830002B0FDB2046FDF730FB03B030BD88
:108660000F4B1B88002BF6D10520EEF7A9FF002841
:10867000F1D100DEEFE700210A4B012208469D60A0
:10868000ECF7ACF80028F4D12046FDF717FB03B057
:1086900030BD0520EEF794FF0028D7D100DED5E7E6
:1086A000D2800020DC020020F0B50C4683B01546D5
:1086B0001E460746FDF7E2FA02F0D4FE204602F01D
:1086C000F3FB02F083FC002842D1FCF769FF68BB92
:1086D00003F0B8F904467879012100F0070002F0B0
:1086E000FDFB97F805C004440CF0070CBCF1020F29
:1086F00004F1A30418D0BCF1040F0CBF4FF4BC73F9
:108700002823604601211C4402F0E4FB201A03F0F8
:1087100015F903F08FF902F0E3FE3146284603B065
:10872000BDE8F04002F09ABA1823EAE70DF107001D
:10873000FCF758FE7A790146C2F30202920042F039
:1087400002029DF8070002F01E0203F0C1F9BFE724
:1087500000DEBAE770B504460120A568EEF7D8FD43
:10876000014638B12346E86A034A2031BDE870402B
:10877000FFF79ABF00DEF5E79595010010B50446B6
:108780000120EEF7C5FD014638B123462046BDE87D
:108790001040034A2031FFF787BF00DEF5E700BF36
:1087A0007995010010B504460120EEF7B1FD0146B0
:1087B00038B123462046BDE81040034A2031FFF778
:1087C00073BF00DEF5E700BFCD8701002DE9F04F54
:1087D00083B0064602F004FC10F0FF074CD1FDF711
:1087E00055FA39463046F5F789FEF4680546002CFF
:1087F00000F0E180F76001276B68214693F82C2098
:108800006FF3000283F82C2095F828306FF3C7131C
:1088100085F8283020682771EEF7ACFDE4682771F1
:1088200021462068EEF7BEFD95F83430DA061AD5F9
:108830006FF3041385F83430EEF786FD0146002807
:1088400000F0B7800A238D600B71EB6A0868CB607B
:10885000EEF7A8FD29465D4802F000FA03B0BDE836
:10886000F04F02F063BB3146594802F0F7F903B00C
:10887000BDE8F04F02F05ABB02F0F0FB814603F076
:10888000D5F95FFA80F803F0B5F95FFA80FA02F0E3
:108890001DFE0746FDF7FAF900213046F5F72EFEDA
:1088A000F4680546002C00F089800023F360B8F1DD
:1088B000000F00F087805046FCF7C2FD83465FFA48
:1088C00089F2002A97D002F0D7FB82460120CDF82A
:1088D00004A0EEF71DFD8146002871D099F8201004
:1088E00001F00F02082A86D199F821200E2A82D1A0
:1088F00099F822203F2A3FF67EAF99F8232002F014
:108900000302032A7FF477AF09F1240A5B4652463B
:108910002846C1F38011FFF741F900283FF46BAFFF
:10892000019B99F820101A78C2F38012B2EBD11F84
:108930007FF461AF19460622023109F12A0008F0DE
:10894000AFFA00287FF457AF6A68707992F8481040
:10895000FF0060F3020182F84810717907F0080700
:10896000C1F3020147EA011792F8481021F078019B
:108970000F4382F84870707992F8491060F3020151
:1089800082F84910B8F1000F3FF44AAF99F820205F
:1089900094F82010C2F3801262F3C71184F82010FB
:1089A000D9F82420A262B9F8282084F819B0A28549
:1089B00036E700DE46E700DEF4601CE700DE74E721
:1089C00000DE8BE74FF0FF0B79E700BF2D7B010046
:1089D0002986010010B504460520EEF7F1FD20B10F
:1089E0002046BDE81040FDF7B5B900DE2046BDE8E1
:1089F0001040FDF7AFB900BF884208B507D0F5F7C2
:108A000035FC00280CBF6FF08B00002008BD00DE95
:108A1000F5E700BF2DE9F04F0746012485B0FDF7CB
:108A20003FF9D7E9020898F802904FEA591904FA79
:108A300009F4E4B23C73F5F719FC8246002800F013
:108A4000D380002398F9002098F80250002AB4BF80
:108A50004FF496721E2298F801104FEA052505F48E
:108A6000F85545EA0105B4BF4FF49E712E2102FB73
:108A700005F598F80020009152064CBF32264FF4BD
:108A8000FA76002105FB06F65C4A4FEA840BA2FB4E
:108A900006265B4A204611805FFA8BFB0121019379
:108AA00002F01CF95A46FF21082002F0CDF998F88F
:108AB0000000B60C00F03F00FDF7A2F807F120001F
:108AC00002F0F2F9019B002B00F0898019464D4815
:108AD00002F0C4F8962002F071FD01232246002125
:108AE000204602F057FCFCF75BFD00285BD19AF8AA
:108AF000283013F0180F4AD17B690121204605EB7D
:108B00000308FDF7B3F8A8EB0608A8EB0008A8F1E6
:108B10001001002002F094FEA8F10F0880450746DE
:108B200014D040F267133848384A394906F04DFFEF
:108B300043463A462946374806F047FF002383F369
:108B40001188BFF36F8F0323184602DF009B0121BA
:108B500020461E44FDF78AF803460121204637448B
:108B60001F4402F0BBF9B9F1010F074419D0B9F164
:108B7000020F0CBF4FF4BC702820384402F0FEFEF8
:108B800002F058FF05B0BDE8F04F02F0A9BC01208B
:108B9000FCF7F0F8024641780232007802F0B4FCAB
:108BA000AAE71820E9E79AF82800C0F3C000FCF70C
:108BB000E1F882460DF10F00FCF714FC80469AF8AC
:108BC00001109AF800000AF1020202F09DFC4146F1
:108BD0009DF80F004BF0020202F07AFF8CE7394655
:108BE0000D4802F03BF875E7BB6801461846009354
:108BF000F5F784FC009B824624E700BF83DE1B431D
:108C0000D280002079950100781B0200381E0200F6
:108C1000881E0200A81E02009595010010B568B1DB
:108C20000C46FDF7FBF900280FDB0520EEF7C8FC2A
:108C300068B12046BDE81040FCF77EBF054802F051
:108C40000DF8BDE8104002F071B900DEEDE700DE7E
:108C5000EFE700BF2986010010B582B00446FDF79A
:108C6000B5F9002809DB0023074A084908480094A1
:108C7000EEF7FCFC18B902B010BD00DEF3E7773068
:108C8000F9D000DEF7E700BFCD8301001D8C0100A5
:108C9000F98901002DE9F04F1F460378884603F05B
:108CA0000F03072B164683B040F091804578002DC6
:108CB0007FD083789C067CD0C378D9074CBF00F165
:108CC0000A04041D9A0748BF0634580748BF0134F8
:108CD000190748BF0234DA066BD5A37862784FEAE9
:108CE000032C0CF4F85C5CEA020C62D05F2B4FEAB8
:108CF00053195ED8227802F03F03242B59D812F082
:108D0000800F14BF4FF496731E2318F0040F03FB5B
:108D10000CFA52D108F003010D440935ED00C8F3F7
:108D20004001CD40534405F596718B4241D3530623
:108D30004CBF32224FF4FA7202FB0AF2264B314644
:108D4000A3FB02324046920C019202F0C7F84FF0AA
:108D5000010B03460BFA09F059469946C0B2FCF7DD
:108D600085FF019A05F21D6313444B4403449A4561
:108D70001FD85846EEF7CCFA814650B30C9BC9F881
:108D80000C40C9F8083002F057FE31460446404610
:108D900002F0A4F80346641BE41A38464946C9F8B1
:108DA000144001F05BFF02F0C1F8012003B0BDE800
:108DB000F08F002003B0BDE8F08F7100ED0001F0EE
:108DC00002012B3501318D4005F5BC75AAE700DEA7
:108DD0006CE700DED2E700BF83DE1B432DE9F041E4
:108DE0000C46C97882B0C90741D5054617461E46CC
:108DF000FCF7D6FBA0B995F8283013F0180F0BD06C
:108E00000120FBF7B7FF224612F8041B3346C1F3DB
:108E10008011FBF7BBFF3870012002B0BDE8F08184
:108E2000A04695F82800C0F3C000FBF7A3FF18F890
:108E3000041B33464246C1F38011FBF7A7FF38708D
:108E40000028E9D123785B06E6D50DF10700FCF791
:108E5000C9FA9DF80730002BDED0404602F018FF1B
:108E6000089B187002F0C6FE099B1870D4E700201A
:108E700002B0BDE8F08100BF2DE9F04F8FB005468C
:108E80000E46174602F0ACF810F0FF0015D1FF2394
:108E90008DF831008DF82F008DF832308DF830309C
:108EA000FCF7F4FE002E5CD031467F4801F0D6FE80
:108EB00002F03CF80FB0BDE8F08F02F0CFF80446A6
:108EC00002F056FB8DF82F0002F05CFB8DF83000AD
:108ED00002F0ACFE8DF8310002F08CFE8DF832000D
:108EE00002F010FBC3B2079302F0F0FAE4B206906E
:108EF000FCF7CCFE9CB30320EEF70AFA044670B3ED
:108F000090F8203000F1200A03F00F03072B26D140
:108F100090F821301BB30DF1320301930DF13103B1
:108F200000930DF12F02514628460CABFFF756FF78
:108F30009DF82F208346002A40F096819DF83190BD
:108F4000B9F1000F40F0B6814FF0FF08BBF1000F00
:108F500028D0434649462846FEF704FE10BB002EA3
:108F6000A2D195F83430D90640F17981EEF7ECF9C9
:108F70000146002800F0B5820A238D600B71EB6A70
:108F80000868CB60EEF70EFA95F83430DA0640F157
:108F900066816FF304132946444885F8343001F0A4
:108FA0005DFE85E700238DF833306B682BB16B686D
:108FB00093F82C1011F002017ED06B68002B00F0AA
:108FC00065816B68002BCAD1002E00F09B8133793C
:108FD0001B0612D4EB6A1BB193F90430002B0CDB97
:108FE00000220DF133030193284653461146CDF874
:108FF0000080FEF7FFFD0028B1D00021A660337984
:10900000A27EC3F3801363F30412A276337943F094
:1090100080033371E962EEF797F902F077FC206183
:1090200002F00AFD06998346384601F057FFA37EF9
:10903000069AABEB000062F38203A376079B6061A4
:10904000002B40F01F817F20B9F1000F08BF4FF0C7
:10905000FF08A37E9DF8332003F0F70362F341037A
:10906000207684F81980A376002E00F02B813946F3
:10907000069A0F4B50460096FFF70CFE0546092254
:10908000A37E214665F3C713A37620682271EEF70D
:1090900089F994F91A30002BFFF60CAF054A1388B2
:1090A0000133138000E700BF298601002D7B0100FA
:1090B000158A0100D280002094F8223058067FF5EE
:1090C0007CAF534601222846CDE90081FEF792FD90
:1090D00000283FF472AF002E00F0F6810420EEF776
:1090E00017F900283FF4E0AEB34602F0A5FC2B6C64
:1090F00043B940F27122AB8F02FB03F3B0FBF3F2F2
:1091000003FB12002B6879075B6800F1EC8107F024
:10911000030202F12B01C7F3400CC9001732D20041
:1091200021FA0CF15B1A22FA0CF2A3F20A439B1A01
:109130008342FFF414AF4046FCF740F995F8343011
:1091400009905A0640F1D981002800F0D6814FF0ED
:10915000010A089001F090FF089B0DAACDE902A337
:10916000049204F12402019294F820200446C2F3F0
:10917000801228462146069B00923A46FEF7AAFD39
:10918000204601F097FE01F021FF002840F0ED811C
:1091900002F050FC962002F011FA384602F0E4F892
:1091A0005946C44801F05AFD079B002B40F0C4818A
:1091B0006A6892F82C3043F0010382F82C3095F85D
:1091C000283043F0800385F82830EEF7BDF84FF6DD
:1091D000FF7317220746C380027100F1200304F1D8
:1091E000200ED4F800C06068A168E26810347445AD
:1091F000C3F800C058609960DA6003F11003F0D141
:1092000022681A6097F82030BD6043F0200387F889
:10921000203002F07BFBB9F1000F08BF4FF0FF08D0
:109220000D9B386187F819807B6195F8343013F015
:10923000400303D0099B003B18BF0123BA7E63F3B0
:109240000002BA76EEF780F8F860CBF80C70002ECA
:109250007FF430AE984A1388013313802AE6E96A16
:10926000964801F0FBFC23E695F828009DF83010A5
:10927000C0F3C0000892FCF7BFF89DF8319080461B
:10928000089A63E602F036F9C0B2DDE695F82830B8
:109290009B067FF596AE002E61D03379580600F11B
:1092A000FC8094F822207F2A66D86A68002A3FF45E
:1092B0008FAEF9E59DF832000892FCF7C1F8089AE4
:1092C000804643E63946069A7D4B50460095FFF7A7
:1092D000E1FC06460922A37E214666F3C713A37666
:1092E00020682271EEF75EF894F91A30002B80F2B4
:1092F0000C8195F8343043F0100385F834300FB00A
:10930000BDE8F08FEB6A1BB193F90430002B16DB3C
:1093100000220DF133030193284653461146CDF840
:109320000080FEF767FC00283FF41BAEEB6A33B900
:1093300095F83430D8063FF519AE002190E7A560C6
:10934000EB6AA27EE3601B79C3F3801363F304121C
:10935000A276EA6A137943F0800313715BE6EA6A46
:10936000002A00F0C580137959063FF52AAE94F81B
:1093700022307F2B7FF625AE00220DF133030193BF
:10938000284653461146CDF80080FEF733FC0028EE
:109390003FF417AE0420EDF7BBFF00283FF4DFAD2C
:1093A000962002F00BF9384601F0DEFF01F064FE72
:1093B000824603210C229AF80030404661F30303F1
:1093C0008AF8003094F820308AF801209AF80020BA
:1093D000C3F3801363F3C7128AF80020FBF7EEFF94
:1093E00095F834305A0640F19580002800F09280BC
:1093F00053469AF8002042F0400203F8022B02681C
:10940000CAF8022082889A80636A5046CAF80830F7
:10941000238DAAF80C3001F04DFD01F0D7FD002896
:1094200040F0A18002F006FBEDF78EFF09232371C7
:10943000002E00F08B8031462248A66001F00EFC21
:10944000337943F04003337102F060FA206102F097
:10945000F3FA06990546384601F040FD079B2D1AA0
:109460006561002B6ED17F20B9F1000F08BF4FF06E
:10947000FF08A27E9DF8333002F065025B0042F0E7
:10948000080223F07D031343207621462068A3764B
:1094900084F81980EDF786FF0CE5EA6A002A7FF46C
:1094A00062AF6A68002A7FF4FFAC1B067FF598ADB7
:1094B000A3E500BFA5870100D28000202986010016
:1094C000158A01007D870100D5F82CB0BBF1000F93
:1094D0003FF42EAF0420EDF71BFF00287FF405AE0C
:1094E0003FE500DE48E54FF4CA62A3F535631CE6AC
:1094F0006B68002B3FF40CAF33E595F828A005F11D
:109500003603CAF3801A089324E6194A13880133F4
:10951000138039E5514695F828309AF80020C3F3B6
:10952000801363F3861201F8022BD5F83630CAF89F
:1095300002306B8F8B8067E701F0DCFF6B6883F88C
:10954000A60035E601F0D6FFC0B28DE7A560EB6A54
:109550002146E360074801F081FBEA6A137943F092
:109560004003137170E700DE5CE700DE10E600BF29
:10957000D28000205587010010B504460021F4F781
:10958000BDFF62792146BDE8104002F00702FFF7F7
:1095900073BC00BF034680681A7B90F83430DB064A
:1095A00002D50021FFF768BCC16AFFF765BC00BFA8
:1095B000F8B50546FCF774FBEDF7F2FF044600280A
:1095C0003ED001201F4B204A1B7812788340024076
:1095D00003F002031343A2791C4922F00302134350
:1095E0001B4A0988A3711378A1802070237219B1D6
:1095F00095F92730002B04DB2846BDE8F840FCF73E
:109600005DBB95F82C30C3F30213022B16D0042B4C
:109610000CBF4FF4BC77282702F000FA064602F090
:1096200003FA0023361AE660EA6B2846C4E90427E9
:10963000EB636B64BDE8F840FCF740BB1827EBE731
:1096400000DEBEE7F5800020F6800020D4800020F8
:10965000F380002008B501F00BFD034601211A78C4
:10966000002061F301021A7008BD00BF0020014B09
:1096700018707047F1800020704700BF002330B49D
:109680000749084A0B801380074C084D08480949D0
:10969000094A2B70237003700B70137030BC704735
:1096A000D6800020D4800020F6800020F5800020A5
:1096B000F7800020F4800020F3800020814207D052
:1096C00091F82C305B070CD50C4B188848B97047C3
:1096D0000A4A0B4B11881A7821B9032A08D900DEEF
:1096E00003E0074B1B78032BF9D86FF08B00704712
:1096F00001326FF00F001A70704700BFD480002055
:10970000F4800020814207D091F82C305B070CD503
:109710000C4B188848B970470A4A0B4B11881A78C5
:1097200021B9032A08D900DE03E0074B1B78032B7D
:10973000F9D86FF08B00704701326FF00F001A708C
:10974000704700BFD6800020F480002038B50D4659
:1097500080B30446FCF762FC002848DBE3682189FB
:109760004A1C9983598B0A4493F927105A8300297C
:1097700014DBEDF715FF0346002836D00021012445
:109780009A79998022F0030242F002029A711C70C9
:1097900019722846BDE83840FCF7CEB920891A6B0B
:1097A000996B00FB02220A44596B8A4228BF0A4681
:1097B0009A63DEE791F92730002B0ADB29460D4832
:1097C00001F04CFA01F0B2FB95F862301B0708D4A7
:1097D00038BD094B1B88002BF0D10122074B1A70B2
:1097E000ECE7BDE8384002F069B900DEC6E700DE0C
:1097F000B4E700BFB1950100D6800020F5800020BD
:1098000070B505460120EDF783FD58B3002180F8BF
:10981000211095F8494000F1200604F00704204685
:1098200001F05CFA95F86230A2001B070FD51F21EA
:10983000082042F0010201F007FB3246214605F103
:10984000630002F001F9BDE8704001F02DBB082073
:109850001B2142F0010201F0F7FA3046BDE87040EA
:1098600001F022BB00DED1E738B50446FCF706FA6A
:109870002C4AA08913880133138001F09FFE94F8CD
:10988000482094F84900C2F3C003002102F0070207
:1098900000F0070001F07EFD2046FFF7B1FF01F068
:1098A00095FB00283BD102F0CDF80346258A94F8B9
:1098B000490001210D3500F007001D4401F00EFBA9
:1098C00094F84930054403F00703022B25D0042BFC
:1098D0000CBF4FF4BC73282394F848001D44C0F318
:1098E000C00100F0070001F0F5FA281A02F026F88E
:1098F0000D4B1B881BB994F92730002B05DA214644
:10990000BDE83840094801F0A9B901F0E9FD214658
:10991000BDE83840054801F0A1B91823DCE700DEB6
:10992000C1E700BFD6800020D4800020559A0100F6
:1099300070B505460E4690F8481001F00704204621
:10994000C1F3C00101F0CAF995F86230A200DB064C
:1099500042F001020CD508201F2101F075FA3146B2
:1099600005F1840002F074F8BDE8704001F0A2BA7D
:1099700008201B2101F068FA3046BDE8704001F074
:1099800099BA00BFF0B5054683B001AA0F46D0E9E9
:109990001301EAF7B5FE95F8623006465A073BD444
:1099A00048B3019C95F8613095F8602004341C445C
:1099B00012B9627885F8602033B10122237862F30E
:1099C0000103237095F8613095F860202846D31A7A
:1099D0006370F5F7A7FD637883422BD9607001218E
:1099E00000222378A27003F00F0343EA01132370CF
:1099F0003C6003B0F0BD43F0040385F8623001F031
:109A000037FB0446124B1B78EBB1237843F010036D
:109A100023703C6003B0F0BD43F0040385F862306E
:109A200001F026FB0446002EECD0237843F010030F
:109A30002370EEE732682B6D9A42D0D1044B19782F
:109A40000029CCD1CCE7227863F304122270CFE74F
:109A5000F18000202DE9F04F85B0044601F0C0FAF6
:109A6000C0B250B9FCF712F92146C74801F0F6F828
:109A700005B0BDE8F04F01F059BA01F0EFFAC6B2F7
:109A800001F040FDDFF80483C7B2FCF7FFF8B8F837
:109A9000003001200133A8F80030EDF739FC05460D
:109AA000002800F03A81002E5AD1B94B93F800807B
:109AB000B8F1000F40F0E38001221A7094F86220A0
:109AC000204603A9C2F3800BFFF75CFF94F927300F
:109AD000B146002BC0F20A81AE4B1B78002B00F080
:109AE000BE802146A84801F0B9F894F92730002B30
:109AF00080F2188101F0B6FC039994F862200B788B
:109B0000204662F3C3030B7094F862300A78C3F303
:109B1000400363F382020A70FFF70AFF01F056FA6E
:109B2000002840F02F8101F079FF002800F08180AB
:109B3000B9F1000F00F085804FF6FF73A08A9842BC
:109B400000F03F814946F5F777FCB8F1000F7BD173
:109B5000EDF720FC002F40F0C28005B0BDE8F08F8B
:109B600094F8622095F8201002F00103C1F3800000
:109B7000984200F0C08083F0010363F3000294F97F
:109B8000273084F86220002B05DA94F82C3043F05B
:109B9000080384F82C30DFF800B29BF8003013B1D2
:109BA000013B8BF8003094F8623013F0040A40F067
:109BB000C680D4E9130103AAEAF7A2FD8146002872
:109BC00000F0D580039B04331A46009394F861306B
:109BD0001A44517871B194F86220D0060AD5D4F8AD
:109BE00094200132C4F89420D4F8982042F1000265
:109BF000C4F8982094F860201944C9B2914280F0CA
:109C0000BE8084F861104FF0000994F92720002AE3
:109C1000C0F2EF8095F82010CA065CBF009A12F8D7
:109C200003A094F862205CBF8AF0100ACAF3001AFD
:109C300064E001F0E7FE01F0EBFEB9F1000F7FF404
:109C40007BAFB8F1000F85D0EDF77EFB03232B71BE
:109C5000A38A29462868EB80EDF78CFB78E7E0893A
:109C600001F0ACFC94F8490000F0070001F07CFB27
:109C700021464A4800F0F2FF01F0DCFE3CE708F123
:109C8000FF3818F0FF0883F8008008BF4FF0010A82
:109C9000B04618BF4FF0000AB14694F86220204643
:109CA00003A9C2F3800BFFF76DFEBAF1000F7FF43A
:109CB00018AF94F92730002B18DB002E3FF40CAFBF
:109CC00095F82030D9063FF507AF039B1A78D206E6
:109CD0003FF502AF5B78002B3FF403AFFCE601F0E9
:109CE00009FC84F8A60005B0BDE8F08F636C002B7A
:109CF0007FF4F7AEE1E74FF0000AD146C1F3C001AF
:109D0000C2F3400399425FD04FF0000800200121C8
:109D10001F4B1870224B1970C1E700DE002E3FF474
:109D2000C4AE1DE701F002F901F050F9002868D136
:109D300094F862306BF3820384F86230F3E66FF3D9
:109D4000820384F8623001F093F994F92730002BF4
:109D50000DDB95F8201011F010090AD190F800A041
:109D600094F862208AF0100ACAF3001AC6E795F840
:109D700020104FF0000A94F86220D146BEE773D05D
:109D800000DE40E700DECEE6B1950100D480002081
:109D9000F7800020F4800020F18000206998010005
:109DA000F680002001F02EFE01F032FEB9F1000F26
:109DB0003FF4D0AE4FF6FF73A08A984250D14FF0D7
:109DC000000800DEA08ABDE60320EDF7A1FAA8B1E5
:109DD00094F8623083F0020384F8623095F8213001
:109DE00094F86220002B8FD010070CD44FF001089C
:109DF0008CE794F8622095F820107FE794F86220B1
:109E000082E700DE94E701F027FE00287DD001F014
:109E10004BFE002861D1D4F87330D4F87720134377
:109E200005D195F8203003F00303032B3ED0022226
:109E3000374B214637481A7000F010FF01F076F8D2
:109E400001F0C4F880BB01F0E9FD0028AAD0B9F107
:109E5000000F3FF47FAE4FF6FF73A08A98424ED0BA
:109E60004946F5F7E9FA73E60022206DA4F8602070
:109E700004F14C010193EAF74BFC039A019B126831
:109E8000C9F80020039AC2F800909BF80020DDF882
:109E90000C9022B9B8F80020052A7FF6B6AE1E4A0B
:109EA00012788BF80020B0E600DECCE701F0E4F891
:109EB00043780146272BBAD80333DAB205F12000E4
:109EC00006F0BFFFD4F87330013BC4F87330D4F808
:109ED000773043F1FF33C4F877300122D4F8733080
:109EE00004F173019B18C4F87330D4F8773043F150
:109EF00000034B60064B1A7094F8622076E700DE90
:109F00004946A08AF5F798FA22E600DE7FE700BF0F
:109F1000F3800020B1950100F28000200246024B40
:109F200018781A70704700BFF28000204FF6FF7358
:109F30002DE9F043C46883B0A28A9A4200F0F5800C
:109F40000646FFF79BFB3389628BA3831A440023E9
:109F5000208C92B2104494F8271080B2451C2584BE
:109F60004D066383E28304F1220300F1AA8001F02D
:109F70003F0094F82810009004F12900FAF7CEF978
:109F80000546D4E90C30A26BA18BA36303FB01222D
:109F9000D4E910C1E36B0027824294BF9B181B18C1
:109FA000834228BF0346614494F84920C4E91071F4
:109FB00094F82C10C2F3020262F3061194F86220A6
:109FC00084F82C1012F00402E36300F08A8000F0A1
:109FD00051FE94F9A70000F099FE201D00F020FF2B
:109FE0002389A17A40F25B6043EA014101F02AF83B
:109FF0002846FBF705FE2146504800F02FFEA089B9
:10A0000001F0DCFA94F8482094F84900C2F3C00348
:10A01000002102F0070200F0070001F0BBF9204622
:10A02000FFF7EEFBD4F8008037684046FBF7D2FD1F
:10A0300003461F44726807F2DD21002001F0CCFACC
:10A04000814601F0C1FC002001F0E2FCE36B94F8D2
:10A05000490003F11102636C012100F0070003EBDA
:10A06000420500F039FF4D44054494F8490000F0E2
:10A070000700022833D004280CBF4FF4BC732823F8
:10A0800001211D4400F02AFF284401F057FC01F093
:10A0900027FAA18A3A4608314046C9B2FBF79EFD2D
:10A0A0000546B0B1B37A13F0020628D00025214648
:10A0B000234800F0D3FD00F039FF284603B0BDE887
:10A0C000F0831A4601F03F03218DFAF773F9054634
:10A0D00057E72046FBF72EFD70BB0025EDE7182360
:10A0E000CEE7D4E91301EAF70BFB00287FF46FAF4A
:10A0F00094F8623043F0040384F8623067E740F27A
:10A100005913104A1049114805F05FFC2A461049BE
:10A11000104805F05AFC86F31188BFF36F8F0323B4
:10A12000184602DF6FF08B05C1E721460A4800F0B0
:10A1300095FD00F0FBFED0E700DECEE7559A01006A
:10A140000D5D0100DC1E0200401D0200781B0200B4
:10A15000301F0200441D0200555D010010B582B0A1
:10A160000446FBF733FF002809DB0023074A0849B0
:10A1700008480094EDF77AFA18B902B010BD00DE75
:10A18000F3E77730F9D000DEF7E700BF2D9F01003D
:10A190004D970100059701004FF6FF73F0B5C468B5
:10A1A00085B0A28A9A4200F0A3800546FFF766FABE
:10A1B0002B89628BA3831A440023208C92B2104413
:10A1C00094F8271080B2461C26844E066383E283EF
:10A1D00004F1220368D401F03F0094F828100090A5
:10A1E00004F12900FAF79AF80646204603A9FFF77A
:10A1F000C9FB039B94F862101A7861F3C3021A70CA
:10A20000039A94F862301178C3F3400363F3820138
:10A21000117000F02FFD94F9A70000F077FD201DCC
:10A2200000F0FEFD2389A17A40F25B6043EA014120
:10A2300000F008FF3046FBF7E3FC20460399FFF7E8
:10A2400077FB21462F4800F009FDE08901F0B6F9BF
:10A2500094F8490000F0070001F086F827682E689E
:10A260003846FBF7B7FC03461E4406F2DD216A6858
:10A27000012001F0B1F901F0DDFBA18A324608317D
:10A280003846C9B2FBF7AAFC0646A8B1AB7A13F070
:10A29000020517D0002521461B4800F0DFFC00F026
:10A2A00045FE284605B0F0BD1A4601F03F03218D5A
:10A2B000FAF780F8064698E72046FBF73BFCF0B932
:10A2C0000025EEE74FF48073104A1149114805F05C
:10A2D0007CFB32461049114805F077FB85F3118865
:10A2E000BFF36F8F0323184602DF6FF08B05D2E7B1
:10A2F00021460B4800F0B2FC00F018FEE0E700DE5B
:10A30000DEE700BF699801000D5D01003C1F0200FF
:10A31000401D0200781B02008C1F0200441D020039
:10A32000555D010010B582B00446FBF74FFE0028D2
:10A3300009DB0023074A084908480094EDF796F91D
:10A3400018B902B010BD00DEF3E77730F9D000DEB7
:10A35000F7E700BF99A101004D970100BD960100EC
:10A3600008B500F00DFE01F013F90C4B0C4A1978FA
:10A370001378CB1ADB0701D4117008BD094B18689C
:10A3800001F01CF9084A094B12781B78104619464F
:10A3900001F01AF8BDE8084001F04CBBF98000203C
:10A3A000F8800020FC7B0020FC800020FB80002047
:10A3B000F8B50C4617461D46064600F03BFAFBF77B
:10A3C00019FE002844DB00F055FC0021069800F03F
:10A3D00045FC032C2FD80121013C01FA04F4E0B222
:10A3E0001C4B1D4C1970207000F078FC7D2F25DC73
:10A3F00007F17F03DBB2932B28D8384600F0C4FC6A
:10A4000000F084FC00277000023000F0EDFC1348DF
:10A4100000F006FD40F25B60114900F013FE237866
:10A420006A0142EA8302FF21082002F0FC0200F0E8
:10A430000BFD3846F8BD00210420D1E77F2F02D163
:10A4400000F0A0FCDCE700F099FCD9E71127DAE77F
:10A4500000DEB8E7FB800020FC800020982102008D
:10A460005555550010B500F0BBFDC0B228B900F03D
:10A4700087FDBDE8104001F08BB800F0EFFD044609
:10A4800000F07EFD01F084F8962001F097F8074A6D
:10A49000074B12781B7810461946E4B200F0ACFF67
:10A4A0001CB1044A13880133138010BDFC800020C6
:10A4B000FB800020D8800020F0B5072A83B09DF8EB
:10A4C00020709DF930C02AD80C461946013B032B59
:10A4D00025D84C4E3378FBB94B4B154600933B1EA9
:10A4E00018BF01236246FFF763FFB0B9A7B9474A17
:10A4F00013780133137000F0BFFD02786B1E65F313
:10A500000302074602704470062B74D8DFE803F09C
:10A51000635D57514B450A000C2003B0F0BD11207C
:10A5200003B0F0BD2246AA21033006F0B1FC384D3D
:10A53000384600F0BFFC2A78530752D5354FE30068
:10A540003A782B33520002F002020132934003F5B5
:10A55000BC7340F27121304A03F26930A2FB002043
:10A56000400A01FB00F0C01A2C4B186001F026F8DD
:10A570003B782A781946104600F026FF00F074F95F
:10A58000014600220331012001F026F801F052FAC1
:10A5900001230020337003B0F0BD2246F0210330C8
:10A5A00006F076FCC3E722460021033006F070FC7B
:10A5B000BDE72246FF21033006F06AFCB7E72246DA
:10A5C0001749033006F03DFCB1E722465521033020
:10A5D00006F05EFCABE722460F21033006F058FC84
:10A5E000A5E702F0030323440933DB00C2F3400272
:10A5F000084FD340ADE722460A49033006F021FC5C
:10A6000095E700BFFA80002061A30100F9800020D7
:10A61000FC800020FB8000205917B7D1FC7B002074
:10A62000981F02009820020070B54A1E022A82B0CC
:10A630002ED8194E1D46337833BB184B7F2200931A
:10A640002B1E18BF0123FFF7B3FE0446C8B9DDB9BE
:10A6500000F012FD00F028FC962000F0AFFF104A39
:10A66000104B12781B781046194600F0C5FE00F01A
:10A67000FBF8014622462046033100F0ADFF0123DE
:10A680003370204602B070BD0C24204602B070BD6D
:10A690001124204602B070BDFA80002065A401009C
:10A6A000FC800020FB800020F8B51A4F3B7853B3A4
:10A6B00000261949194C0B88194D227803802878F7
:10A6C000D3B290420E8020D022780233DBB2934284
:10A6D0002B700CD02026EFF3118086F31288BFF385
:10A6E0006F8F05F0EEFA23782A789A42F3D101F0C1
:10A6F0001BF9FBF793FC00280ADB00F0A5F8002308
:10A700003B701846F8BD0C20F8BD00F00FFCEEE7DA
:10A7100000DEF2E7FA800020D8800020F8800020D8
:10A72000F9800020264B0246D3F8A413013106D04D
:10A730002349D1F8A00310F0010009D170474FF66A
:10A74000FF71D3F8A8339BB28B42F1D10020704740
:10A75000D1F8A4331360D1F8A803C0F3072363F042
:10A760003F0310715371D1F8903301331CD0D1F8ED
:10A770009433013318D0D1F89833013314D0D1F881
:10A780009C33013310D0D1F89033C2F80630D1F8A1
:10A790009433C2F80A30D1F89833C2F80E30D1F8A9
:10A7A0009C33C2F8123008E00023C2F80630C2F829
:10A7B0000A30C2F80E30C2F812300120704700BFD4
:10A7C00000C0FF000023144A036043608360C3603D
:10A7D000D2F88033013318D0D2F88433013314D047
:10A7E000D2F88833013310D0D2F88C3301330CD037
:10A7F000D2F880330B60D2F884334B60D2F88833C0
:10A800008B60D2F88C33CB60704700230B604B60B9
:10A810008B60CB60704700BF00C0FF0000214FF489
:10A820008062034BC3F82811C3F81423704700BF9C
:10A8300000200E50034B1878421C003818BF01202E
:10A840001A707047FD800020064B187830B101382F
:10A85000C0B21870003818BF0120704700DE1878A9
:10A86000F5E700BFFD800020054BD3F84427D3F85F
:10A8700040075200D3F84417F7D40029F5DB70479E
:10A8800000200E5010B586460C461E4AD2F84437BA
:10A89000D2F8401713F08043D2F84407F6D10028CD
:10A8A000F4DB012002EB0E12C2F82C354FEA8E02C7
:10A8B0004FEA0E1CD2B20CF1A04C02F1A0420139B9
:10A8C0000CF5622C02F56222CCF820154FEA0E1E20
:10A8D0001060DCF820259142FBD0A2424FF001022B
:10A8E000DCF824150EF1A04388BF0131C1F3130138
:10A8F00003F56223CCF82045CCF82415C3F82C25A9
:10A9000010BD00BF00200E502DE9F04300246F4D14
:10A91000C5F800450224A142C5F8004500F0B28008
:10A92000042940F0AF804FF0080C8026C5F844455C
:10A93000674F684C6849C7F85043C5F88840674C72
:10A94000022AC4F804C5C7F81413C5F88010644D72
:10A95000C5F89C1105F58025C5F89C106149C1F822
:10A960000465C4F8046559495F4CC1F8044500F01A
:10A97000A580032A00F0A680E322C1F848250268DA
:10A98000524912BAC1F81C254268012612BAC1F810
:10A99000182582684FF00E0E12BAC1F81425C2684D
:10A9A000524F12BAC1F81025027CC1F82C25B0F81C
:10A9B0001340027E64BA02F00102A4B244EAC21457
:10A9C000B0F8112052BA44EA0244C1F82845D0F840
:10A9D0001940474A24BA9260C1F82445D0F81D00B6
:10A9E0003B4C00BAC1F82005D4F8280E15460024C7
:10A9F00005F8044FD2F82C805FFA80FC3D480CF13A
:10AA000002091061956101383B4D69F31708168002
:10AA1000C2F82C8006F1506600F103085561D5613B
:10AA20001062D7605662C2F8288082F82FE0C2E92F
:10AA300013535564D56DACF1040C6CF31705D56553
:10AA4000C2E90C44C2E9184402F10805D76356650F
:10AA500082F85FE0C1F8305502F13805C1F8385589
:10AA6000C1F80441D1F80451C1F80841D1F80811E6
:10AA7000591C941D03331164511D946391649365B3
:10AA8000BDE8F08380241449114E022AC6F814133D
:10AA9000C5F88010124DC5F89C1105F58025C5F844
:10AAA0009C100E49A5F58225C5F80445C1F804455A
:10AAB00006490D4CC1F804457FF45BAFC322C1F8D1
:10AAC00048255CE7A322C1F8482558E700600450F8
:10AAD00000A00850030000800700008000200850FC
:10AAE0000030045000200450020000010200000B5E
:10AAF000647C0020D17C00200100000CF0B4022412
:10AB00000025464B0229C3F80055C3F80045444CC4
:10AB1000C3F804457AD003297CD0E321C3F8481553
:10AB200003683E491BBAC1F81C35436801251BBAAE
:10AB3000C1F8183583684FF00E0C1BBAC1F81435F4
:10AB4000C3681BBAC1F81035037CC1F82C35B0F8C6
:10AB50001340037E64BA03F00103A4B244EAC314B1
:10AB6000B0F811305BBA44EA03442E4BC1F82845D3
:10AB70001E460024D0F819709B603FBAC1F82475B6
:10AB8000D0F81D00284F00BAC1F820051D80DF60F5
:10AB900050789A6126F8020F03321A625A6A1E61CF
:10ABA00060F317025A62214E021D21489C62D8614F
:10ABB0005E6183F827C0DC625865DE6D1D48C3E91D
:10ABC0001844186462F31706013803F10802DE65C1
:10ABD000DF63186583F85FC0C1F8302503F13802E0
:10ABE000C1F83825C1F80441D1F80421C1F8084161
:10ABF000D1F80821C21C9A650F4A0D60591DC3E99E
:10AC00001121DA649A1D9A63F0BC7047C321C3F81E
:10AC1000481585E7A321C3F8481581E70060045073
:10AC200000000501647C00200200000B0200000C03
:10AC30000100000DD17C00200100000C044BD3F872
:10AC4000203223B1034A044B10681B681847704731
:10AC500000A00850DC7E0020E07E0020024B034A6A
:10AC600019601060704700BFDC7E0020E07E00208D
:10AC7000704700BF0022012130B4144B1448154D19
:10AC8000C0F8282EC3F8A020C3F8A420C3F8A82039
:10AC9000C3F8AC205962D962C3F81028D3F8104821
:10ACA00044F48044C3F81048C3F81428D3F8144877
:10ACB00044F40044C3F81448C0F80021C0F804214B
:10ACC000C0F80417296330BC704700BF002008504B
:10ACD00000A0085000E01050704700BF02280ED0BE
:10ACE000042807D1084B01F00101C1F10601C3F8A6
:10ACF000001570470321044BC3F800157047042169
:10AD0000014BC3F80015704700A00850072821DC4C
:10AD100000F10A03DBB2112B15D910F10C0F20DA68
:10AD200010F10E0F1FDA10F1100F18DA10F1140FD6
:10AD30001DDA10F11C0F18DA2930CCBF4FF49872CD
:10AD40004FF4887202E00B4A52F823200A4BC3F8F2
:10AD5000102770473F22084BC3F810277047042282
:10AD6000F4E70622F2E70522F0E70122EEE70222ED
:10AD7000ECE700BF9C21020000A008506FF02D00FE
:10AD8000704700BF0820704707281EDC00F10A0347
:10AD9000DBB2112B18D910F10C0F18DA10F10E0FCD
:10ADA00018DA10F1100F18DA10F1140F18DA10F188
:10ADB0001A0F07DA10F1280FB4BF6FF02D006FF0F3
:10ADC000270070476FF019007047082070476FF038
:10ADD0000B0070476FF00D0070476FF00F00704769
:10ADE0006FF01300704700BF014BC3F808077047AE
:10ADF00000A00850094B40F4090040F04000C3F89F
:10AE00004005D3F8282E22F00072C3F8282ED3F87C
:10AE1000282E42F00072C3F8282E704700A0085078
:10AE200000210123074AC2F83C1EC2F8403EC37805
:10AE3000C2F8343E8178038843EA01431B02C2F81A
:10AE40002C3E704700A00850C2F38203022B02F090
:10AE5000030221D0042B0CBF4FF0C74C4FF0000C65
:10AE6000013A022A98BF4CF4801C00F00F000C4BF2
:10AE700040EA0C0040F48070C3F8200ED3F8280E8E
:10AE8000084A0240C3F8282ED3F8282E114341F473
:10AE90004031C3F8281E70474FF0807CE0E700BFC8
:10AEA00000A008500000F8FE014BC3F8D00E704718
:10AEB00000A00850014BC3F8D00E704700A0085006
:10AEC000022804D004280CBF2A20292070472820FB
:10AED000704700BF0120704729207047022809D021
:10AEE000042805D111F0010F0CBF19201E20704756
:10AEF0000A207047052070474FF40050012110B41C
:10AF0000064A074B074CC3F81823C4F88C20064A9E
:10AF1000C2F80405596010BC704700BF0D000080E6
:10AF200000A00850005008500020085000234FF4A3
:10AF30000050012130B443F688740E4A0E4DC5F816
:10AF40008C30C2F8A030C2F8A830C2F808050B480F
:10AF50005162D162C0F8DC35A0F51C20C0F8803009
:10AF600000F58820C2F80845C0F80034016130BC03
:10AF7000704700BF002008500050085000200E50BD
:10AF80000022114BC3F80022D3F80012C3F80C22A0
:10AF9000D3F80C12C3F81822D3F81812C3F81C22E5
:10AFA000D3F81C12C3F85C22D3F85C12C3F8382221
:10AFB000D3F83812C3F82022D3F82012C3F8502255
:10AFC000D3F85032704700BF00A00850034BD3F8AD
:10AFD0000002003818BF0120704700BF00A00850D1
:10AFE000064BD3F8180238B10120054A0549136809
:10AFF000D1F848150B441360704700BF00A00850FB
:10B00000D47E002000500850064BD3F8180238B107
:10B010000120054A05491368D1F848150B4413600F
:10B02000704700BF00A00850D47E00200050085098
:10B03000034BD3F82005B0FA80F04009704700BFF9
:10B0400000A0085040F20312034BC3F8442EC3F88B
:10B05000480EC3F84C1E704700A00850034BD3F8AD
:10B060000C0E003818BF0120704700BF00A0085028
:10B0700000487047D47D002000487047D07C0020F5
:10B080002DE9F04FDFF8B88283B098F800E09DF822
:10B0900038900EF1040C5FFA8CFC0193A94F4FEA33
:10B0A000CC038A46CDF80090A749DFF8A092DBB226
:10B0B0001F449DF830B0C9F81813396000210EF113
:10B0C0000105A34E05F00105EC0026440EF10E0427
:10B0D000E4B2BAF1010F44F00044316053D00028CB
:10B0E0003ED02D219B4A0CF1700642F8264002F515
:10B0F000A042C2F804410020924A0433DBB20EF1B0
:10B10000060E1A445FFA8EFE924B0EF1700E43F853
:10B110002E000FFA8CFC43F8264014604FEA8C0C8A
:10B120000CF1502C0CF5002CDCF840354FF4005499
:10B130008B4294BF0123DCF84035874888BF5B1AF7
:10B14000CCF840358149804B824AC0F80445C1F8AB
:10B150001833C2F8C83088F8005003B0BDE8F08F4B
:10B16000022A00F0E080042A47D03621794F774840
:10B1700005F10E0242F000420CF1700647F826403D
:10B18000C0F80421B7E7012800F0B480BBF1020F3A
:10B1900000F0AD804AF23C5149F6C476BBF1040F91
:10B1A00018BF31460EF1060E022A5FFA8EFE7BD0E2
:10B1B000042A29D0694E01F51A512C31A6FB0161F0
:10B1C000DFF89091614F0CF1700649F8264089092B
:10B1D000C7F80041002876D1520774D5BBF1020FA1
:10B1E00000F0AA804AF2B8104AF23072BBF1040FA4
:10B1F00008BF104642F2B84224E0019A12F0010F53
:10B200000CBF45214A21B1E7544A01F5EB41143105
:10B21000A2FB01214F4F4D4A0CF1700647F8264022
:10B220008909C2F8004100284DD1BBF1020F7CD042
:10B230004AF2B8124AF23070BBF1040F18BF104640
:10B2400046F21802024445480CF5A876A0FB02021B
:10B2500040484FEA8E0E50F826009609B0EB921F38
:10B2600094BF0120801B08260EF1502E0EF5002EF3
:10B27000CEF8400504333348DBB24FEA8C02CEF8F7
:10B28000C0414032CEF8C041C450354BD2B2134415
:10B29000344A00F5FF40C0F850231A602E4B0FFAD5
:10B2A0008CFCC3F8046539E72C4A01F5AB511C311D
:10B2B000A2FB01212748254A0CF1700640F82640E0
:10B2C0008909C2F80041009A012A05D00020214ACC
:10B2D0000EF1700E42F82E001A4A0433DBB21A4403
:10B2E0001C4B0FFA8CFC43F82640146016E749F615
:10B2F000404157E7BBF1020F1CD0BBF1040F0CBF5C
:10B300002B212A21134F114805F10E020EF1060ED2
:10B3100042F000420CF1700647F826405FFA8EFEBC
:10B32000C0F80021CFE7322120E749F6346046F229
:10B33000180287E72921E5E749F634605AE700BF9C
:10B34000FE800020802008500D00008000A00850E2
:10B35000A02008500050085000200850D34D621023
:10B36000805008500300008010B500230446074AAF
:10B37000074984B0C2F8001401201A461946CDE9E5
:10B3800001330094FFF77CFE04B010BD00A008500C
:10B390000100080070B58C4616461D460024084B77
:10B3A000084A84B0C3F800240121024663462046BF
:10B3B000CDE900650294FFF763FE04B070BD00BFE5
:10B3C00000A008500100080070B58C46002401213F
:10B3D000074D084E84B0C5F80064CDE900230294FF
:10B3E000024663460846FFF74BFE04B070BD00BF3F
:10B3F00000A008500100080070B5002416461D4644
:10B40000074A084B84B0C3F8002402460B46204686
:10B410002146CDE900650294FFF732FE04B070BD0D
:10B420000100080000A0085000200A4A0A490B4BFE
:10B43000C2F800141B780A49033B03F001030E33E2
:10B4400043F00043C1F8A000C1F8A800C2F80031E1
:10B45000704700BF00A0085001000800FE800020D7
:10B46000002008500022054B05490648C1F8000499
:10B47000C3F8A020C3F8A820704700BF00200850E0
:10B4800000A008500100080030B400224FF400541E
:10B4900009480A490A4DC1F818030A4BC5F8C80003
:10B4A0000948C3F80445C1F80004C3F8A020C3F854
:10B4B000A82030BC704700BF0D00008000A00850DD
:10B4C000005008500020085001000800034BD3F83A
:10B4D0005002B0FA80F04009704700BF00A0085049
:10B4E000034AD2F8003443F01003C2F80034704726
:10B4F00000A00850014BD3F81807704700A008506F
:10B50000704700BF012070474FF0000C10B44FEAA5
:10B510008C03146803F1A04303F50A23C3F8504ECB
:10B5200094880CF1010CBCF1080FC3F8704E02F1C5
:10B530000602ECD1034B40EA0120C3F8900E10BC88
:10B54000704700BF00A00850034AD2F8903E23F095
:10B55000FF03C2F8903E704700A008500022034B42
:10B56000C3F82422D3F82432704700BF00A008504B
:10B57000034BD3F82402003818BF0120704700BFE6
:10B5800000A00850014BD3F8180E704700A00850D7
:10B59000002343F6887110B40548064C064AC4F8E7
:10B5A000DC35C0F88030C2F8081510BC704700BF09
:10B5B0000060045000200E5000200850044B054A43
:10B5C0001B780433DBB203F5A87342F823007047FD
:10B5D000FE80002000500850F0B4A2F57423484CBF
:10B5E000A3F51073A342074604D902F5742201396A
:10B5F00002F51072434B0125A3FB02239B0C502B39
:10B60000184638BF5020002402264FF0050C3E4A51
:10B610001944D560C51A3D4BC2F80445C2F810C59F
:10B62000C2F80865C2F840050E1AC3F8DC45D3F825
:10B630004427D3F840175200D3F84447F7D4002CDE
:10B64000F5DB01220139C3F8D015DA622F4AD2F8AE
:10B65000D0359942FBD04FF0000C01214FF480749B
:10B66000D2F8D4259E4238BF0132284BC2F31302D0
:10B67000C3F82CC1C3F8D065C3F8D425244AC3F855
:10B68000DC15C3F8AC21A3F5BC23C3F8A02103F556
:10B690008023C3F8A0201C49A3F50053C3F8044538
:10B6A000A3F58023C1F88020C3F80445EFB101322F
:10B6B000C1F8C02101F5A041C1F800214FF400728A
:10B6C000C3F8042500274FF40051124A124B1560AD
:10B6D000124E134D0C4C134A3760C5F81833C4F89A
:10B6E0008C30C2F80415F0BC70470F4AC1F8C02175
:10B6F0000B49C1F804214FF40072C3F80425E1E7B7
:10B70000BFBDF07F83DE1B430050085000200E5069
:10B7100008000080D87E00200D000080D47E00202C
:10B7200000A008500020085009000080F0B4012457
:10B73000502700260546394A394B5460D460C2F878
:10B740004075A1F14F04C3F8DC65D3F84427D3F862
:10B7500040175200D3F84407F7D40028F5DB012046
:10B7600001392F4AC3F8D015D862D2F8D0359942A2
:10B77000FBD0002601214FF48070D2F8D4259C42E2
:10B7800038BF0132264BC2F31302C3F82C61C3F851
:10B79000D045C3F8D425234AC3F8DC152249C3F8A1
:10B7A000AC21A3F5F033C1F8A021C3F8A020A3F584
:10B7B0000053C3F8040501F58051A3F58023C1F8B7
:10B7C0008020C3F804054FF40070EDB1174C01322E
:10B7D000C1F8C021C4F80021C3F8040500254F2496
:10B7E0004FF40051124A13481560134B0F4A04607E
:10B7F0000A48C2F81833A2F50042C0F88C30C2F8EB
:10B8000004155020F0BC70470C4A084CC1F8C02108
:10B81000C4F80421C3F80405E0E700BF0050085055
:10B8200000200E50080000800040085000A0085082
:10B83000D47E0020D87E00200D000080090000800A
:10B84000F0B44FF40072204B204C98B32048C4F859
:10B85000C031C0F800311F4BC3F804251E4A1C4BF1
:10B860001E4F1C4C3868C3F81823A3F5A043C3F837
:10B870008C204FF40052091A084600260125C4F80E
:10B88000042502E0D3F8404184B9C1EB40014A1CD1
:10B89000502A38BF5022C3F84061D3F84001C3F8A2
:10B8A0004025DD64D3F84C058142EBD33868F0BC09
:10B8B000104470470648C4F8C031C0F80431054B45
:10B8C000C3F80425CAE700BF0900008000500850F3
:10B8D00000A00850002008500D000080D47E0020F9
:10B8E000012108B5064B074AD964D3F84C151368F3
:10B8F0001944FFF7A5FF044B1B68C01A08BD00BF21
:10B9000000500850D47E0020D87E0020024BD3F88F
:10B91000D425D3F8D005704700200E50014B18688D
:10B92000704700BFD87E002001230249024A4B60C5
:10B93000536370470050085000E0105070B44FF44B
:10B94000C056094B094C0A4A0A490B4DC3F8440535
:10B95000C2F80C43C3F8C440C3F8C411C2F81011B4
:10B96000C5F8046570BC7047005008500B0000809B
:10B9700000A008500C00008000200850F0B44FF4E4
:10B98000C0560B4A0B4B17680B4C0C4A0C490D4D1B
:10B99000C01BC3F84405C2F80C43C3F8C440C3F845
:10B9A000C411C2F81011C5F80465F0BC704700BF9F
:10B9B000D47E0020005008500B00008000A00850EA
:10B9C0000C0000800020085009490A480A4B0B4A25
:10B9D00010B4C1F80003C3F8C000C1F80C234FF441
:10B9E0004061074CC3F8C420C4F8041510BC70476C
:10B9F00000A008500A000080005008500B00008092
:10BA000000200850014BD3F84405704700500850FF
:10BA1000014B1860704700BFCC7C0020014B1868B8
:10BA2000704700BFCC7C0020014BD3F84005704725
:10BA300000500850704700BF014B1868704700BFA6
:10BA4000D47E00200020704713460122FEF75CBF21
:10BA50000A460121FFF752B838B50223104CC4F84A
:10BA60000433D4F8043163B92025EFF3118085F352
:10BA70001288BFF36F8F04F024F9D4F80431002B3F
:10BA8000F3D002204021064B064AC3F80803C2F84F
:10BA90008811D3F80801B0FA80F0400938BD00BF22
:10BAA0000060045000E100E0034BD3F800040038CC
:10BAB00018BF0120704700BF006004500121002220
:10BAC000024B5960C3F80025704700BF0060045066
:10BAD000F0B495074FEA920403D4D3076DD4012C38
:10BAE00071D950263C4BD3F8D03E0133042C08BF0B
:10BAF00005360324394AC2F80045394A04F1306456
:10BB0000946004F180741461DC1C06335460D360CB
:10BB100000285ED00223334D1844141D44F833101E
:10BB200002EBC30C01339842CCF8085001F110012C
:10BB3000F4D100254FF0FF330121402702EBC00074
:10BB4000C0E9015513602848244BD265C3F830453D
:10BB5000C3F83805C3F80815C3F80051D3F800112D
:10BB6000C3F80451D3F80411C3F80851D3F80811ED
:10BB70001949C1F8946ED1F800043843C1F80004A3
:10BB80001A48C1F83852D1F83842C1F83803A1F543
:10BB90009021C3F88000C1F80475A3F5405301F566
:10BBA0008221C1F89800C3F8980103F57C33C3F8EB
:10BBB00004750F4B1366F0BC7047074B4026D3F853
:10BBC000D03E013B92E7044B4026D3F8D03E013BE8
:10BBD0008FE70220141DACE700A00850006004505D
:10BBE000007C00201000000D5C7C0020060000801E
:10BBF0000400000B014B1868704700BF007C002058
:10BC00000023402010B4064A064C0749C2F83832D7
:10BC1000D2F83822C4F80035C1F8080510BC7047C6
:10BC200000A00850006004500020085038B5154BA3
:10BC3000D3F8383223B30123134CC4F80433D4F8B7
:10BC4000003163B92025EFF3118085F31288BFF32B
:10BC50006F8F04F036F8D4F80031002BF3D00120B8
:10BC60004021094B094AC3F80803C2F88811D3F8E8
:10BC700004212AB1D3F80801B0FA80F0400938BD98
:10BC8000002038BD00A008500060045000E100E032
:10BC9000274B70B51A4603254FF0FF31254C40263F
:10BCA000C4F8005542F8041B03F15C01C4F83025C8
:10BCB000C4F838150122002158600330D860C4F858
:10BCC0000825C4F80011D4F800311B4DC4F8041144
:10BCD000D4F80431C4F80811D4F80831C5F88861E3
:10BCE000C4F804232260D4F8003163B92025EFF3AF
:10BCF000118085F31288BFF36F8F03F0E2FFD4F851
:10BD00000031002BF3D0012040210A4B0A4AC3F82E
:10BD10000803C2F88811D3F8040120B1D3F8080150
:10BD2000B0FA80F040090022024BC3F8002570BD34
:10BD3000007C00200060045000E100E0013901298E
:10BD400005D8E3200AB1E7F74DBFE7F759BF00DE9A
:10BD5000704700BF29B10139012905D8E320E7F771
:10BD600063BF1E20E7F760BF00DE0020704700BF02
:10BD700088420FD0012807D002280DD1A1F101007F
:10BD8000B0FA80F040097047A1F10200B0FA80F0EB
:10BD9000400970470120704700207047012904D0F6
:10BDA000022902D031B100DE70470822044BC3F8EB
:10BDB0001C2170474FF08042014BC3F800217047AF
:10BDC00000E100E008B504F0B4FD08BD032803D885
:10BDD000054B185C28B1704700DE034B185C002847
:10BDE000F9D100DE704700BFE4210200013810B431
:10BDF0001C46042806D8DFE800F008111A230300C7
:10BE000004292FD000DE10BC70470429FAD1194B49
:10BE100002219C60002010BCE8F7E0BC0329F1D1AE
:10BE20000121154B08469C6010BCE8F7D7BC0429DB
:10BE3000E8D1124B02219C60012010BCE8F7CEBC77
:10BE4000032908D00429DDD102210D4B08469C604E
:10BE500010BCE8F7C3BC0B4B01219C60022010BC56
:10BE6000E8F7BCBC084B02219C60032010BCE8F73B
:10BE7000B5BC00BF4C0300203C0300202C03002075
:10BE80000C0300201C030020FC02002001460A20B5
:10BE9000FEF7F8BC2DE9F0434FF0100E012400220C
:10BEA0004FF0070C374B00EB0E0800F1200700F1B4
:10BEB000300600F140055C60016809BAC3F81C1542
:10BEC000416809BAC3F81815816809BAC3F814158E
:10BED000C16809BAC3F81015C0F8308080F834E0A2
:10BEE00080F8352080F8362080F837C080F8382078
:10BEF00080F8392080F83A2080F83B2080F83C20F8
:10BF000080F83D2080F83E2080F83F20076480F8CC
:10BF100044E080F8452080F8462080F847C080F84B
:10BF2000482080F8492080F84A2080F84B2080F88B
:10BF30004C2080F84D2080F84E2080F84F20C3F828
:10BF40003065C3F83855C3F80021C3F804211C60DC
:10BF500005E0D3F8041131B9D3F8301519B1D3F88D
:10BF600000110029F5D05C60D3F804110029A2D19A
:10BF7000D3F83095B9F1000F9DD0C3F83015BDE866
:10BF8000F08300BF007004502DE9F0410126124CEF
:10BF90004720D4F830756660E7F732FED4F8040124
:10BFA000A7F1400540B10021C4F804113046D5E99D
:10BFB0000E32BDE8F0411847D4F8003143B1C4F85F
:10BFC0000001A7F12001D5E90E32BDE8F041184784
:10BFD00000DEBDE8F08100BF0070045070B594B081
:10BFE0000E4615460146102268461C46E8F756FBE9
:10BFF000102231460DEB0200E8F750FB6846FFF7D0
:10C0000049FF25B11022284608A9E8F747FB2CB1C3
:10C0100008AD0FCD20606160A260E36014B070BD18
:10C020000122024BC3F80424704700BF002008E03F
:10C03000084B70B5C31A0D4607499B100446594377
:10C040004022064803F04EFF2B4601462046BDE83D
:10C0500070401847287F0020B76DDBB6081002003B
:10C06000402373B50B4C0093041B0B460D460A4945
:10C07000A41061430646094A094803F05FFF011E08
:10C0800005DA30462B4602B0BDE87040184702B0D2
:10C0900070BD00BF287F0020B76DDBB6A7FF010091
:10C0A0000810020010B5EFF31184202383F31288E7
:10C0B000BFF36F8F074A136823F00201DB0711609B
:10C0C00002D4012004F07AF984F31188BFF36F8F52
:10C0D00010BD00BF787F002070B500220321044608
:10C0E00040F20510E7F7AEFD0F4800F067FE0F4B7A
:10C0F000984215D100F072FE26690D49304603F0D2
:10C10000DBFC00280BDB012535642469084904F1B8
:10C110001C0003F0D1FC002801DB0020E56470BDA9
:10C120006FF00400FBE700BF35C201000000AD0B5B
:10C13000E82102007FB500220123CDE9022304ABF0
:10C14000CDE90433094A6B46CDF800D0CDF804D0D0
:10C1500003F022FF002805DB43F60952002368465E
:10C1600002F084F807B05DF804FB00BFC5FF0100D2
:10C170000C22104B014602FB0033002030B4D3E9FF
:10C180000E529863EFF31180202484F31288BFF3DA
:10C190006F8F1C6C04F0C00444F002041C6480F334
:10C1A0001188BFF36F8F1DB12B4630BC0248184772
:10C1B00030BC7047287F00200810020010B4EFF355
:10C1C0001182202383F31288BFF36F8F1648016812
:10C1D00041F002040460C80707D482F31188BFF35A
:10C1E0006F8F012010BC00F00FBE1049D1F80C1465
:10C1F000C903F2D5EFF3118083F31288BFF36F8F79
:10C200000B490B6C03F0C00343F002030B6480F393
:10C210001188BFF36F8F82F31188BFF36F8F0020F7
:10C2200010BCFFF7A5BF00BF787F002000E01050D2
:10C23000287F0020022808D0042808D1044B186C5D
:10C2400010F0070003D1FFF793BF0120FBE7704711
:10C25000287F0020C3B21C20014A03FB0020704746
:10C26000287F0020074BD3E8EF2F42F00101C3E8FD
:10C27000E01F0028F7D1930702D4012000F0C4BDCD
:10C28000704700BF787F002010B5EFF311842023A2
:10C2900083F31288BFF36F8F074A136823F00101FD
:10C2A0009B07116002D4012004F088F884F3118800
:10C2B000BFF36F8F10BD00BF787F00202DE9F041E4
:10C2C000012207463449D1E8EF3FC1E8E02F0028BA
:10C2D000F9D133B9314932484B60CB608A6003F001
:10C2E000FEFB7B1E012B28D8012F06D12D4BD3F846
:10C2F000503403F00303012B1FD004F01AFB054652
:10C30000E8B9294B1B78D3B104220646254BC3F864
:10C310000823244CDFF89480D4F84C24D4F84C340F
:10C32000D20315D503F00303012B01D0012F0FD148
:10C3300065B386F31188BFF36F8FBDE8F081EFF32B
:10C340001186202383F31288BFF36F8F0125E0E766
:10C35000BDB1304603F0B5FCD4F8403413F0FF0310
:10C36000DAD1D4F80821002AD6D0C4F80831D4F89C
:10C37000083120220123C4F84034C8F8A0212361E9
:10C38000CAE70021202004F073FBE5E70422054BF7
:10C39000C3F80423D1E700BF247F0020147F0020CE
:10C3A000447F002000E010502181002000E100E0E7
:10C3B00038B508461446EFF31185202383F312881D
:10C3C000BFF36F8F114600F0F9FE85F31188BFF3BC
:10C3D0006F8F064B984201D1204638BD044B9842DE
:10C3E00014BF6FF00A006FF01500F6E70000AD0B08
:10C3F0000400AD0B08B500F0C1FE034B984214BF1A
:10C400006FF00400002008BD0000AD0B2DE9F043E3
:10C4100040F206354668D00648BF0320337B02EA67
:10C42000050558BFC2F3401087B001F01F07B5F5EE
:10C43000837F144647EA43178DF8030046D00FD890
:10C44000062D45D007D8B5B1022D14D06FF01500D8
:10C4500007B0BDE8F083B5F5807FF7D101250AE08C
:10C4600040F20222954235D0B5F5407F34D0B5F583
:10C47000007FEBD104250123220303FA01F12DD51E
:10C4800073685960326972BB5F2F07F01F034FEA70
:10C49000571175D83C4A52F8212084F4803102EBC0
:10C4A0008302D2F88030C1F30041C4F3404423F446
:10C4B000706344EA410423F00F031C4344EA800400
:10C4C00044EA0524C2F880400020C1E70925D2E7EC
:10C4D0000825D0E70625CEE70525CCE7630344BF52
:10C4E00073689960CEE71036394630460DF1020286
:10C4F00001F022FA14F4403F80460CD13946304610
:10C5000004F021F8214B9845DED130469DF8021009
:10C5100001F07EFAD8E74FF0000901AB394630460A
:10C5200003AACDE90439CDE90199CDF80C9001F0C9
:10C5300075F8164B984289D114F4003315D09DF844
:10C54000033084F48034C4F300448DF80E3039464F
:10C550004B46304603AA8DF80C508DF80D4001F083
:10C5600049F90A4B9842CDD070E7CDE904333946FA
:10C570000DF10303304603AA039301F04FF8F0E7EF
:10C58000203352F82330FFDE042202000000AD0BFE
:10C590004209022A034670B503D0012A18D0CAB155
:10C5A00070BD0E4E326951680029F9D0012503F0A3
:10C5B0001F030C689D400029F2D08A682A4002D0EF
:10C5C00030464B6898473CB1236821461C46F2E749
:10C5D000034EE7E7034EE5E72346F6E7681002005F
:10C5E000481002002810020038B545682B69E3B1F5
:10C5F0001035284601F0FEF90446B0B90146284638
:10C6000001F0B8F90B4B984211D1224628460A494D
:10C6100001F084F922460321DB20E7F713FB2246D1
:10C62000032140F20D10E7F70DFB002038BD6FF03D
:10C630000400FBE70000AD0B91C50100F0B5164604
:10C64000426801F01F04107B87B044EA401410696F
:10C65000002871D0B6F5001F02F1100506D1214661
:10C66000284603F072FF002007B0F0BD0027B6F5A2
:10C67000800F01A8019747603BD1B3F1007F14BF41
:10C68000052304238DF804300023CDE9040303932C
:10C6900093680DF1030723FA01F111F001013DD177
:10C6A000B6F1A07F3AD104F01F035F2C4FEA54107B
:10C6B00003F1200346D8254A52F8202052F82330AF
:10C6C000DB072BD43A462146284601F035F9204BAA
:10C6D000984219D002972146284603AA00F09EFFEF
:10C6E0001C4B98422BD101222146284601F0A0F98B
:10C6F000B9E7B3F1C06F05D0B3F1007F14BF0123D8
:10C700000223BFE70323BDE73946284601F088F935
:10C71000104B9842DED06FF00B00A5E73A46214659
:10C72000284601F009F90B4B9842D4D128469DF8D0
:10C73000031001F06DF9CEE76FF0850094E76FF01C
:10C74000150091E751F82330FFDE00BF04220200FC
:10C750000400AD0B0000AD0B036803F01F025F2B5C
:10C7600002604FEA53129ABF024B53F82200002096
:10C77000704700BF582202002DE9F04F15460746CA
:10C7800040F2FF19DFF868A1DFF868B185B000EB6F
:10C790008101B94203D1002005B0BDE8F08F3A68AD
:10C7A000C2F3C323082BC2F3080400F29E804C4559
:10C7B00008BF4FF0FF34B2F1D05F1AF803804FEAA0
:10C7C000126310D2192B12D8DFE803F0142264612F
:10C7D000292F6111111111111111111111111111C3
:10C7E000111167717477382B6AD04E2B52D06FF0CD
:10C7F0008500D1E7C5F80446601C14D0012603A8C3
:10C800000394FFF7A9FF039B06FA03F3436004E0D8
:10C81000C5F80C46621C06D00026324613E0631CA5
:10C82000C5F800465FD10437B3E7661CC5F8044677
:10C83000F9D0012603A80394FFF78EFF0122039B82
:10C8400002FA03F383603B68039403F4004000287A
:10C8500018BF002203A818BF012601930092FFF71A
:10C860007BFF039C019B00EB8400D0F88040C3F366
:10C87000412C009A4FEA082343EA8C03134304EA4D
:10C880000B04234343EA4603C0F88030CBE7C5F8E6
:10C890000846BFE7C5F81046AEE7C5F86045621C1C
:10C8A0003B68C0D0C3F30043002BC2D0A6E7C5F855
:10C8B0006445F4E7C5F86845F1E7C5F86C45EEE76F
:10C8C00003A80394FFF748FF039B00EB8300D0F815
:10C8D000803023F0E04343F08043C0F88030631C95
:10C8E000A1D0012699E70026A4E76FF0150053E7D1
:10C8F00014280200F0F0FCFF2DE9F04104460D463B
:10C90000476804F016F888B12021EFF311831A4626
:10C9100081F31288BFF36F8F60680068D0F8300130
:10C92000D0B983F31188BFF36F8FEEE71E4B1B78EE
:10C93000002BE9D04FF02008642663681B68D3F809
:10C940003031FBB9012003F037FD013EF5D1002164
:10C95000202004F08DF8EFE77B6A00201D706368EB
:10C96000796A1B68C3F83C170121C3F84017C3F864
:10C970003001D3F83001196582F31188BFF36F8F4E
:10C98000BDE8F081EFF311831A4688F31288BFF3F4
:10C990006F8F61680968D1F830110029DCD183F309
:10C9A0001188BFF36F8FD2E72181002070B5144644
:10C9B0001D4603F0E2FCA042A94113D30A4AD2E982
:10C9C0000061A41B24F01F0365EB01009B1941EBE0
:10C9D0000001C2E90031640944EAC060BDE870406A
:10C9E00002F0A4BA70BD00BFD81E002010B500220E
:10C9F0000321E420E7F726F9154A0020D2F818377A
:10CA000023F44033C2F8183701F0F0F8114B044614
:10CA1000984208D10120104901F078F9A04205D0D0
:10CA20000E4B984211D04FF0FF3010BD03F0A5FC23
:10CA300067220B4B20F01F00C3E90001094BC3E93B
:10CA40000001094B00201A60EFE76FF00B00ECE7E4
:10CA500000200E500000AD0B840300200200AD0B3F
:10CA6000D81E0020D01E0020A07F002008B503F0B3
:10CA700084FC054AD2E90032C01A61EB0201400988
:10CA800040EAC16008BD00BFD81E002037B5431C76
:10CA90000CBF6FF0004420EAE07403F06EFC0D4B15
:10CAA000D3E90025801A61EB05032021C4FB0103B3
:10CAB000402873F100042CBF20F01F0100235218FE
:10CAC0004FF0010145EB03030091034801F082F9A7
:10CAD00003B030BDD81E00207C030020064BD3F8E5
:10CAE00040231C2A05D1D3F84403431E5842584121
:10CAF00070470020704700BF00C0FF0003689A071E
:10CB00000CD50368DB070DD50922074BC3F80C25AC
:10CB10000F22C3F8042501221A60FEE7034B0360CD
:10CB2000EF3B0360704700BF00801050F000FA50E8
:10CB300008B501233E4A3F48C2F800383E4AD2F8C1
:10CB400040231C2A04BF3D4AC2F80C34FFF7D6FF2D
:10CB50000830FFF7D3FF0830FFF7D0FF0830FFF7AA
:10CB6000CDFF00F5F470FFF7C9FF354AD2F88C30DD
:10CB700043F44063C2F88C300022D30003F57F03F6
:10CB800003F54043D3F8001401310AD0D3F8001460
:10CB900039B1D3F800140132D3F80434402A0B60C1
:10CBA000EBD1234BD3F84024002A3DD0FFF796FF6A
:10CBB00048B1214BD3F83423224B9A429EBF1C4BE1
:10CBC000214AC3F84026FFF789FF18B11F4B204ABE
:10CBD000C3F8AC27FFF782FF48B13422144BC3F8E7
:10CBE0002426D3F83C2622F40022C3F83C26124B1C
:10CBF000D3F840331C2B08D1164BD3F80026D207AC
:10CC000044BF6FF00102C3F800260323124A0C4907
:10CC1000C2F81835D1F88C3043F44063C1F88C3039
:10CC20000023C2F8A03508BDC822C3F84024BDE7E0
:10CC30000000125000C50D5000C0FF00003005502C
:10CC400000ED00E0001D0A1840E0A91E00A00850F9
:10CC500078000A0400E0105000B0045030B50468B9
:10CC6000ACB1B4FA84F30122C3F11F03DBB29A40E2
:10CC700024EA0202D0E8EF5FA54204D1C0E8EC2F1D
:10CC8000BCF1000FF6D1EAD102480B7030BD02486A
:10CC9000FCE700BF0000AD0B0200AD0B10B5036850
:10CCA000CB40DB0710D401238B40026843EA02012A
:10CCB000D0E8EF4F944204D1C0E8EC1FBCF1000F64
:10CCC000F6D1F2D1014810BD0148FCE70000AD0BE0
:10CCD0000400AD0BF7B5054648B3012825D1042261
:10CCE0004FF48073712032490024C1F808030120F9
:10CCF00002F1A04203F1A04303F5871302F5871266
:10CD000010601C601B682B4BD3F840331C2B13D0D6
:10CD1000854201D10DF10704002342F21076244F21
:10CD20008DF8073065B1012D2ED003B0F0BD14226F
:10CD30004FF484730420D6E7012DEDD1CD60E9E7EF
:10CD4000D7F84C3403F480336CB9002BEDD00120BC
:10CD500003F032FB013EF3D1E7E7012003F02CFBA7
:10CD6000013EDFD1E1E7D7F84C2402F00302227044
:10CD7000002BDAD09DF80730002BEED0012DD4D156
:10CD800000220D4B5A71D0E7D7F80C3403F48033EE
:10CD90003CB9002BF4D0012003F00EFB013EF3D18F
:10CDA000C3E7002B0CBF012300232370E2D1E7E788
:10CDB00000E0105000C0FF00A47F0020044B1A794F
:10CDC00022B9012218601A71024870470248704760
:10CDD000A47F00200000AD0B0C00AD0B08B5084B84
:10CDE0001B6843B140F20510E6F71EFF18B940F288
:10CDF0000510E6F7F7FE0022024BC3F8402408BDF9
:10CE0000A47F002000E0105010B510B1012845D0DB
:10CE100010BD324BD3F84C14D3F84C24C80324D59E
:10CE200002F00303012B04D013B10020FFF752FFDF
:10CE300000232A4A0420C2F8403410224FF484739D
:10CE4000002103F1A04303F5871319601C68012436
:10CE500002F1A04202F587121460214A1268002AEA
:10CE600036D01E4BC3F80403D2E7D3F84824D107C9
:10CE7000DED5D3F850249207D7D4194A12681AB1D4
:10CE80000422C3F80423C3E7D3F80821002AFBD007
:10CE90000022C3F80821D3F80831B9E700220F4B6C
:10CEA000C3F81021D3F81011C3F81821D3F81811C2
:10CEB000C3F81421D3F814210A4AD2F840231C2ABB
:10CEC00004D000224FF480737120B9E79860F8E72E
:10CED0001A68002AFCD019601B6899E700E010501E
:10CEE000A47F002000C0FF0070B500251E4C1F4E1F
:10CEF000D4F80C3303B970BDB3FA83F3C3F11F0345
:10CF00009A0002F5807292B202F1A04202F58712F5
:10CF1000156012680122D8B202FA03F3DBB2102BBB
:10CF2000C4F8083311D0402B1BD0042B16D1D4F8F1
:10CF30004C14D4F84C14890710D1C4F84024C4F818
:10CF400004332261D4F80C33D4E702237371C4F89C
:10CF50001451D4F814312023C4F8043333689847AB
:10CF6000F0E77571FAE700BF00E01050A47F0020E1
:10CF70001022054911F8013D013A01330B701B0ADB
:10CF800001D0002AF6D17047101F0020254B90B029
:10CF900004931123244A2549CDE9062308AB0593C0
:10CFA00040F61102224BCDE90A12089320330C936C
:10CFB00021230CAA09921F4A0090CDE90E230123D8
:10CFC000CDE901320D9320231B4A0393D2F800349C
:10CFD00043F00103C2F800344FF0A34304AA1A60DF
:10CFE0000322C3F810D05A63BFF35F8F9A639A6A23
:10CFF00012F0240F12D1D86B10F02300F7D14FF0AC
:10D00000A34310225A6300225A630B4AD2F8003419
:10D0100023F00103C2F8003410B070474FF0FF3026
:10D02000EDE700BFCC220200040000202000002019
:10D03000E01E002010000020008004502DE9F04187
:10D0400004464FF000088CB06F4608EB0700FFF76E
:10D050008FFFFFF79BFF3D46064608BB08F110080F
:10D06000B8F1300FF0D11CB104F13002944210D16C
:10D070000FCD0D4C0FC495E80F0084E80F0010345D
:10D080000CAB13E90F0084E80F0030460CB0BDE88C
:10D09000F081396854F8043B4B4047F8043BE5E71E
:10D0A0004FF0FF36F1E700BFE01E0020F0B5002092
:10D0B0004FF480744FF400752C4A2D4ED2F8003492
:10D0C0008DB043F00203C2F800342A4B00211C60EB
:10D0D000186458645D631E601A6B12F00E0FC2F381
:10D0E0004207F9D0052FF1D071B95A68032AF3D954
:10D0F000D3F880201A61D3F880205A61D3F88020B9
:10D100009A61D3F88020DA615A68012192002F2AAF
:10D11000E2D9D3F880206B4630211846154C1D1DEE
:10D1200003F8012B9D424FEA122201F1FF3115D085
:10D130000029F5D10123104C0C4A84F83930D2F87B
:10D14000003423F00203C2F80034FFF777FF50B930
:10D1500001220023C4E90C230DB0F0BD0029E9D061
:10D16000D4F88020DBE74FF0FF30F5E70080045073
:10D170000100040000108051E01E002010B50B4C8F
:10D1800094F83830012B0CD040220021204603F0C7
:10D190007FFEFFF78BFF30B90123054884F8383054
:10D1A00010BD0448FCE70448FAE700BFE01E002079
:10D1B0000000AD0B0C00AD0B0100AD0BF0B505464A
:10D1C0000C4685B019B178B3B1F5803F2CD8174E15
:10D1D000736BB3F5803F17D3FFF768FFA0B1144816
:10D1E00005B0F0BD102C6846274628BF1027FFF772
:10D1F000BFFEFFF7CBFE0028F1D128463A4669462C
:10D2000003F01FFEE41B3D44002CEBD12046FFF74A
:10D2100015FF0028E3D1D6E90C32013342F10002B8
:10D22000C6E90C320348DBE70348D9E7E01E0020DB
:10D230000100AD0B0000AD0B0400AD0B036803F063
:10D240001F025F2B02604FEA53129ABF024B53F842
:10D2500022000020704700BFD0220200034A430989
:10D26000D35C00F01F001844C0B2704728280200A9
:10D2700070B505460846FFF7F1FF3C212A79184BA7
:10D2800001FB0202083233F81200C10526D57824CA
:10D290000026C0F3432120F4F85023F812002A7925
:10D2A00004FB02340E3434F8020F10F4807F03D0F4
:10D2B000C0F34320814211D00136232EF3D1002048
:10D2C000C2EB02120A4443F8320078202A79BDE802
:10D2D000704000FB02306030FFF7E0BC70BD00BF63
:10D2E000AC7F0020F0B50646002487B0114F0191B5
:10D2F00017F8012B06AB03EBD20313F8143C02F032
:10D300000702D34013F0010306D10134032CEFD1FF
:10D310000023184607B0F0BD074A03AD07CA85E8E9
:10D32000070055F824100A6A46F824200A62002AE9
:10D33000EBD0EEE738280200181A020010B50446B8
:10D340000846FFF78BFF3C2303FB0400024B083029
:10D3500033F81000400B10BDAC7F002010B5044620
:10D360000846FFF77BFF3C2303FB0400034B083018
:10D3700033F81000C0F3400010BD00BFAC7F0020A8
:10D3800010B504460846FFF769FF3C2303FB040081
:10D39000034B083033F81000C0F3401010BD00BF3D
:10D3A000AC7F002078232DE9F04F6F4C0E460C1B0C
:10D3B000B4FBF3F4D0F81413DFF8B0B1C9B28BB0FA
:10D3C00041F400315BF83420009003F070F88103E1
:10D3D000054638D50023E7000BEBC404CDE907333D
:10D3E0000993636807A819460193FFF77BFF3B1D6C
:10D3F00003934FF0000A5E4B0DF11C090293029A51
:10D4000012F8013B0292039A02EBD3021BF80220AE
:10D4100003F0070322FA03F3DA071AD40AF1010A28
:10D42000BAF1030F09F10409E9D14FF400310022E8
:10D43000009803F03CF8019907A8FFF753FF002874
:10D44000D7D125F400350124002D76D10BB0BDE8ED
:10D45000F08F484B53440493D9F800100029DDD0D5
:10D4600091FAA1F1B1FA81F1049B1C7841EA4414CC
:10D470002046FFF7F3FE083036F81080C8084FEA60
:10D4800098030593012319F8002001F0070103FA1E
:10D4900001F122EA010209F8002006A80694FFF72C
:10D4A000CDFE069A059B203250F82220C8F3820751
:10D4B0005B07B846C2F3014223D53046D7B22146B6
:10D4C000424602F0D5FF06A80694FFF7B7FE069B7A
:10D4D000203350F82330C3F301439F4207D100218A
:10D4E000204602F0B6FF3946204602F0B2FF06A8F9
:10D4F0000694FFF7A3FE0122069B02FA03F30362E0
:10D50000AAE7022A0DD10321204602F0A2FF07F06C
:10D510000503012BEBD142462146304602F0A8FF1D
:10D52000E5E702212046059202F093FF032FF2D097
:10D53000059A032ADBD1022FECE795FAA5F3B3FA9B
:10D5400083F3009904FA03F225EA020503F5A272B7
:10D5500051F8222006EB43033046B3F86410C2F3BF
:10D56000014202F085FF6FE7AC7F0020DC22020061
:10D5700038280200382802002DE9F74305460846FE
:10D58000FFF76CFE3C222B79204F02FB030308338C
:10D5900037F813300E46DB07044635D5284602F02F
:10D5A000ADFF95F8049031464846FFF7E9FE60B1BB
:10D5B0004846FFF7C3FE0022D5F8008000B208EB12
:10D5C0008003C3F81025C3F8102528463146FFF71D
:10D5D0004FFE3C222B7901A802FB034400230834B0
:10D5E00027F814300196FFF729FE019B00EB83001A
:10D5F000D0F88020064B134043F00203C0F880307F
:10D60000044803B0BDE8F0830348FAE7AC7F00208C
:10D61000F0F0FCFF0000AD0B0400AD0B2DE9F04F66
:10D620009046044685B00846FFF718FED8F80090EB
:10D630000F4606462579B9F1000F23D02846FFF79B
:10D640008DFE18B12846FFF79BFE58BB00230DF155
:10D650000F02CDE900338DF80E308DF80F300DF14B
:10D660000E014B46384602F0ABFE3C2303FB05633C
:10D670005D49083331F8132022F0020242F0010222
:10D6800021F81320D8F80430002B3FD039462079F8
:10D6900093F80090D3F804A0FFF760FE20B1BAF130
:10D6A000000F26D0514835E03C226A43DFF838E1CC
:10D6B00002EB060C0CF1080C3EF81C3023F02003A2
:10D6C000DB04DB0C2EF81C30BAF1000F11D0B9F1DD
:10D6D000030FE7D8D8F804102068496891F800A033
:10D6E00000EB8A00B9F1000F17D1C0F81095C0F80F
:10D6F00010953C2303FB05653B4A083532F815308D
:10D7000023F01C0343EA890322F81530D8F80830C7
:10D7100063BB374805B0BDE8F08FD0F810B5524470
:10D720002BF0030BC0F810B5206843EA4A3300EB36
:10D730008A01D1F810050EEB420220F4473020F4A4
:10D740007C70C1F8100541F6F070D1F810B500EA10
:10D75000071040EA094040EA0B0043F02003C1F8FB
:10D760001005A2F864702EF81C30C2E73946D3E9E0
:10D7700000852046FFF77CFDB8F1000FC9D0782363
:10D780002079194F4343FA18FB58984504D1536840
:10D790009D4201D100220CE0782303FB00700DF1C3
:10D7A0000F016030FFF75AFA114B9842B2D19DF841
:10D7B0000F203C212379C3EB0313134447F8338034
:10D7C0002379C3EB0313134407EBC3035D60237991
:10D7D00001FB0363083337F8131041EA422242F495
:10D7E000807227F8132094E7AC7F00200400AD0B73
:10D7F0000000AD0B2DE9FF470546084617461E46BB
:10D80000FFF72CFD8946044687B395F8048040460F
:10D81000FFF7A4FD18B94046FFF7B2FD68BB3C23F3
:10D8200003FB0848DFF8E4A008F108083AF81830CC
:10D8300013F01C0F02D07B78012B1ED001238DF832
:10D840000F3000237A1CCDE900734846BB1C0DF154
:10D850000F0102F0B5FD3C222B7902FB0343083394
:10D860003AF8132042F003022AF81320002E4BD07E
:10D8700049462879FFF772FD18B9254804B0BDE87C
:10D88000F08700214FF03C0C30782B68820003EBCE
:10D890008003C3F81015C3F810152B791B490CFB36
:10D8A0000343083331F8137027F4604727F020074B
:10D8B00021F8137077783FB32B68B6781A44D2F802
:10D8C00010E5144B3F040EEA0303C2F8103541F68D
:10D8D000F07307F4403703EA09133605D2F810E570
:10D8E0003B4306F48016334343EA0E03C2F8103577
:10D8F0002B790CFB0344083431F8143043EA4033ED
:10D9000043F0200321F814300348B7E7AC7F002030
:10D910000400AD0B0FE0ECFF0000AD0B30B5782537
:10D920000479044B05FB0434A160017905FB013344
:10D93000DA6030BDAC7F002070B506791446304601
:10D94000FFF71EFD68B10846FFF788FC3C2303FB88
:10D950000600054B083033F8103004485B0B237089
:10D9600070BD0348FCE700BFAC7F00200000AD0B9A
:10D970000400AD0BF8B5064607797820194D00FB79
:10D98000075393F8744054BB184646222146103082
:10D9900003F07EFA3179144A336852F83160214637
:10D9A0008E4212D10022C3F30830C3F84421013063
:10D9B000D3F84421E6F716F9782303FB0755012332
:10D9C0000A4885F874302B66F8BDCAB2920002F599
:10D9D0008070442A04BF1C501A580131E0E7044803
:10D9E000F2E700BFAC7F0020DC2202000000AD0B9C
:10D9F0000C00AD0B78210279044B01FB023393F844
:10DA00007400003818BF0120704700BFAC7F0020B1
:10DA10000079024B03EB8000FFF740B98C03002034
:10DA20000079024B03EB8000FFF718B98C0300204C
:10DA30002DE9F74390F80490044648461746FFF74F
:10DA40009FFC0D46266800B34846FFF787FC8046DA
:10DA5000D8B94846FFF772FC05B2AD0005F58072F3
:10DA600046F802802168B2582944D1F8102542F0C6
:10DA70000102C1F810252FB10122216802FA00F33A
:10DA8000C1F8143303B0BDE8F083D6F81433284648
:10DA90009B035CBF4FF40033C6F81433FFF7DEFB83
:10DAA0003C22237902FB03000E4B083033F8103080
:10DAB000C3F38203042B11D0052B11D001A80195CB
:10DAC000FFF7BCFB019BC168D94001F001010231A5
:10DAD000284603B0BDE8F04302F0BBBC0321F7E7E2
:10DAE0000221F5E7AC7F002001490248FFF75ABC4C
:10DAF000AC7F002000A00D5001490248FFF752BC46
:10DB00002480002000C0105010B50024037A0D4975
:10DB1000CA181B0103F1A04303F5622392F85420B5
:10DB2000C3F82C450C2303FB02130468DC60426835
:10DB30001A610122007A18758B68824013438B604A
:10DB400010BD00BF10000020074B027AD3F810155B
:10DB500021F001010A43C3F810250268C3F8A42686
:10DB60004268C3F8AC26704700200E50012303FA28
:10DB700000F010F0670F0AD0064B5B68DB4303F040
:10DB800067030342044B054818BF18467047044812
:10DB9000704700BF100000200000AD0B0400AD0B6B
:10DBA0000800AD0B2DE9F048EFF31181202383F33A
:10DBB0001288BFF36F8F4FF0FF356FF04044094E6E
:10DBC000D6E900BC5D4574EB0C07F9D3CCF3130325
:10DBD000C0E900B381F31188BFF36F8F0248BDE83D
:10DBE000F08800BF40270E500000AD0BF0B53C4D53
:10DBF00085B02C78002C6FD13A4A01AB07CA83E874
:10DC0000070039491846D1F8102522F00202C1F860
:10DC10001025FFF799FF0723672202F00101214435
:10DC2000013BCCB24FEA5202F7D1052C56D119462E
:10DC30004FF0010C2A4E00246720CFB204E00CFA0A
:10DC400002F220EA0200013490FAA0F25FFA84FEA8
:10DC5000BE45B2FA82F2F2D30131327505292A4467
:10DC600082F8547006F10C06E5D1012100241F480A
:10DC70009A0801FA02F212F0670F18BF1C50043321
:10DC8000302BF5D1E420E5F7ADFF174B1849D3F859
:10DC9000102503F5C07322F00202C3F8902340F66A
:10DCA000FF72C3F8A82100221A60A3F58070043324
:10DCB0008B420260F8D101240B4B0E4A1C660E4BBE
:10DCC0005D201B68B3FBF2F358430C4B234398478A
:10DCD0000B482C7005B0F0BD0A48FBE70A48F9E78D
:10DCE00010000020241A020000200E5000210E50C7
:10DCF000B0210E5040420F0088030020401A02005D
:10DD00000000AD0B0C00AD0B0100AD0B73B52A4C40
:10DD1000054663680E4603F0010304F1140101A8EF
:10DD20000193FEF79BFF254B98423DD100233370B2
:10DD3000636823F001036360A36843F00103A360F9
:10DD40001F4BD3F81025960732D4D3F8102542F094
:10DD50000202C3F81025C5B1D3F8482712F001021A
:10DD600002BFD3F8481741F00101C3F84817144B1C
:10DD7000D3F84017D3F844174C00F9D42AB9D3F894
:10DD8000482722F00102C3F848270E4B0E4A1B68B1
:10DD9000B3FBF2F30A4A03EB43135BB1D2F840172B
:10DDA000D2F84417490001D402B070BD013BF4E73A
:10DDB0000648F9E70648F7E7100000200000AD0B21
:10DDC00000200E508803002040420F000C00AD0BD5
:10DDD0000700AD0B2DE9F0410446007A1D46FFF720
:10DDE000C5FE1E4B9046984206469DF8187031D1EC
:10DDF0002046FFF789FEEFF31180202383F312887A
:10DE0000BFF36F8F227A164B9200134400221A60E0
:10DE1000217AC5F31305090101F1A04101F5622141
:10DE2000C1F82085C1F8245580F31188BFF36F8FA6
:10DE300087B10123227A0B4903FA02F2D1E8EF5F9E
:10DE40001543C1E8E05F0028F8D1227A9340064AE2
:10DE5000C2F824333046BDE8F08100BF0000AD0BAE
:10DE600000210E509800002000200E50F7B5284BDE
:10DE7000284CD3F82C6304F188070EB903B0F0BD29
:10DE800096FAA6F00123B0FA80F08340DA432249E3
:10DE900026EA0306231893F85450830019440C23F0
:10DEA00003FB0543DB6873B3D7E8EF3F03EA020CDB
:10DEB000C7E8EECFBEF1000FF6D1C340DB0719D59E
:10DEC000020102F1A04202F56222D2F82435D2F812
:10DED0002025D1F800C0BCF1000FCED04FF0000CCF
:10DEE000C1F800C00C2101FB054529690091E968D2
:10DEF0008847C2E705F10C0304EBC30C54F8332048
:10DF0000DCF80430E5E70A68002AB6D00B60B4E715
:10DF100000200E501000002000210E5038B5EFF305
:10DF20001185202383F31288BFF36F8F064B9C6803
:10DF300002F03CFB85F31188BFF36F8F2046BDE8EC
:10DF40003840E5F7F7BD00BF9C80002038B50A4B8C
:10DF500053F82040013053F82050A54200D838BD76
:10DF6000606830B1037FDB0701D402F0F4FA0834B3
:10DF7000F3E723689847FAE7EC220200012270B524
:10DF8000294B032086B01A70FFF7E0FF01F022F959
:10DF90000420FFF7DBFF254C254D2646AE4204F159
:10DFA000300410D300F0D2FC204C224EAC4226D3D9
:10DFB00000F0E0FCE5F792F91F4A137B23F0010320
:10DFC000137306B070BD54F80C3C059354F8103C24
:10DFD000049354F8143C039354F8183C029354F8F7
:10DFE0001C3C019354F8203C009354E90A2354E963
:10DFF0000C0100F013FB54F8303C5E65CDE7D4E92A
:10E000000A23B3F1FF3F08BFB2F1FF3F05D052EA48
:10E010000301206803D100F069FD3034C6E73146C2
:10E02000183000F0F3FEF8E72181002060190200AB
:10E0300060190200330A0200A01F00200023012201
:10E0400070B586B0CDE904230F220193CDE90232E9
:10E0500014234FF4A0720E4D0E4E03FB00550E49D3
:10E0600006EBC016044602FB00110C4B304600952F
:10E0700000F0D4FA737B2C7423F004037373084B01
:10E08000013403EBC423EE606B6006B070BD00BFCB
:10E090009C800020201F0020A8900020FB0502008B
:10E0A000A8880020BFB50020FFF750FF284B03F5DC
:10E0B000006282F3088883F30A880024E023254D58
:10E0C000254F85F82230EC772C766C76AC7685F887
:10E0D00020406B6A43F4E0236B6285F82340E5F748
:10E0E000F3FCE5F72BFE4FF0FF33AB62EB62E5F795
:10E0F000B5FFE5F74BFE194800F0FAFA0120FFF7EB
:10E1000025FF0220164DFFF721FF00F067FC154B9D
:10E1100015495D61154B4FF4806205930123284634
:10E12000CDE90343CDE901443B46009400F076FA83
:10E1300006466A7B284622F004026A7302F03CFC21
:10E140002046FFF77BFF3A4631462846E5F7D6FDE5
:10E15000A888002000ED00E07DDF010020200020E5
:10E16000A01F00209C800020E89100203B28020096
:10E1700038B5064C064DAC4201D3002038BD2046D0
:10E18000D4E9011202F015FA1434F4E7B8030020C0
:10E19000B803002037B51146EFF31185202282F332
:10E1A0001288BFF36F8F04689CB12368426823F024
:10E1B00003039442036008BF43600121204602F03C
:10E1C000A5FA044685F31188BFF36F8F204603B08C
:10E1D00030BD51EA0302F5D000F10802CDE9001389
:10E1E0001046294600F06AFB0028EFD1014B9B68DE
:10E1F0001C69EBE79C80002070B5EFF311862023AB
:10E2000083F31288BFF36F8F0468A0421AD0CCB199
:10E21000D4E90032002513605A60637BC4E90055DD
:10E2200023F002036373A56004F1180002F07AFC86
:10E230002046E56702F0C0FB3146BDE870400A4861
:10E2400000F05EBBD0E902329A4218BF01330221CE
:10E250008360103002F0CAFD0028EDD186F31188EA
:10E26000BFF36F8F70BD00BF2281002013B5EFF3A5
:10E270001181202484F31288BFF36F8F846844B126
:10E28000013C846081F31188BFF36F8F002002B0DE
:10E2900010BD52EA030406D181F31188BFF36F8FDA
:10E2A0006FF00F00F3E7CDE900230246014800F0CC
:10E2B00005FBECE7228100202DE9F8430546EFF34A
:10E2C0001188202383F31288BFF36F8F00266FF02D
:10E2D0000A0937462C68A54216D0ACB1D4E9003201
:10E2E00013605A60637BC4E9007723F00203637311
:10E2F000A76004F1180002F015FC2046C4F87C90D9
:10E3000002F05AFB0126E5E700230221AB6005F18C
:10E31000100002F06BFD30B92EB988F31188BFF3FD
:10E320006F8FBDE8F8834146BDE8F843014800F02F
:10E33000E7BA00BF228100202DE9FF4104462027D3
:10E340004E4EEFF3118887F31288BFF36F8FD4F826
:10E350008450F5B9022104F19C0002F046FA00282D
:10E3600068D004F1940500220121284602F0A1FBA7
:10E370000028F8D100234FF0FF3202934FF0FF3313
:10E380004146CDE900233E4804F18C0200F078FCC0
:10E39000D7E7D4F888202B689542C4F8843008BFAA
:10E3A000C4F88830D4F89C3043F00203C4F89C30A1
:10E3B000EB6823F0040343F00103EB606B6888F320
:10E3C0001188BFF36F8F28469847EFF3118887F3C2
:10E3D0001288BFF36F8FEB68D80623F0010236D4A2
:10E3E000EA60EB689A0716D5306823F00203EB6009
:10E3F00088B10021036870B14268954235D1036845
:10E4000069BB72683360824200D17360002340F8B8
:10E41000083BFFF7F1FED4F89C3023F00203C4F868
:10E420009C3088F31188BFF36F8FDB0589D400F02F
:10E43000DDFA86E7D4F89C30D9069BD5C4F89C0059
:10E4400088F31188BFF36F8F04B0BDE8F08123F02B
:10E450001103EB6005F11000FFF7CEFEC1E70B6082
:10E460007368834208BF7160D0E723B11A68014620
:10E4700018461346BFE71A46F9E700BFBC800020E4
:10E4800022810020F8B5C36804469A070F46C3F3FB
:10E4900040062ED45B071CD40B680BB983680B6055
:10E4A000E368DD0742BFA36802263B603D6858BFB2
:10E4B0000126002D3CD0204B9A68D5F880309A4236
:10E4C0000AD0D5F89C30D807C3F3800214D46FF07B
:10E4D000120600233B6025E002F02BFAD5F89C30B1
:10E4E0000028F0D1D907C3F3C002F0D552B15B07C1
:10E4F00008D46FF00F06ECE7002AFAD1C3F3C0038B
:10E50000002BF6D100232360D5F8883063B9C5E924
:10E510002144284602F083F9E36843F00403E360F2
:10E520003B68A3603046F8BD1C60C5F88840F0E742
:10E530006FF01506CDE700BF9C800020F0B50446C3
:10E54000002089B0C4E921000E9D04F18C00C4E9CB
:10E55000230004F19400C4E9250055B3287900286C
:10E5600040F2011008BF0120C4F89C0000204FF0C9
:10E57000FF364FF0FF37CDE90330CDE90100CDE99B
:10E58000066720460C4B009400F086F855B12968C8
:10E5900011B1204602F0D3F96B791BB1237B43F014
:10E5A00001032373204600F0A1FAC4F8804009B0AB
:10E5B000F0BD0120D8E700BF39E3010037B5019075
:10E5C0000846EFF31184202181F31288BFF36F8F87
:10E5D000C16811F01E0F16D153EA020508D101A936
:10E5E000FFF750FF84F31188BFF36F8F03B030BD86
:10E5F00041F00801C160019910308161034900F0C8
:10E6000005FC0120EEE70020ECE700BF93080200C4
:10E6100001460148FFF7D2BFC02000202DE9F0439A
:10E62000984685B000F15803C0E91633109B0026C8
:10E6300003730423073222F0070543730F9B01EB9A
:10E6400005090F4683734946C0E906668660C673AE
:10E650000446E5F72BF80E9B073020F00700E06634
:10E66000C4E9197502930D9BA9EB000901930C9B5A
:10E670004A460093394643462046E5F723FB054BBF
:10E6800066659B6803B11B6F4846236705B0BDE80C
:10E69000F08300BF9C800020F0B5002587B0059571
:10E6A000109DDDE9127604950F9D044603950E9D9D
:10E6B00002950D9D01950C9D0095FFF7AFFFB6F1FA
:10E6C000FF3F08BFB7F1FF3F05D056EA070305D16A
:10E6D000204600F00BFA204607B0F0BD3A4633461C
:10E6E00004F11800014900F091FBF4E7330A02003D
:10E6F00040F2011383810023C0E919330367014B02
:10E70000986070479C8000206FF00A01084A936867
:10E71000D967084998674B6843F080534B600023E2
:10E7200083F31188BFF36F8F9368D86F704700BF72
:10E730009C80002000ED00E070B590F90D20437B37
:10E74000002A36DBD90634D11B4C63F07F03224606
:10E75000437352F8183FE169934207D1C0E90021A1
:10E760000860E06111E09942F8D01B68002BF5D0F9
:10E7700090F90E5093F90E60B542F4D0AE42F2DD3E
:10E780005968C0E9003108605860A569954200D019
:10E7900005B9E568A3685A7BD20604D1DA897F2AD5
:10E7A00001D9AA6932B1AB4202D0284600F0A8FADA
:10E7B000656170BD6361FCE79C80002038B590F90D
:10E7C0000D200146002A437B04DA03F07F034373E4
:10E7D00002F0B8F80D4D2A4652F8184FAB68944233
:10E7E00000D004B9EC688B4207D05A7BD20604D122
:10E7F000DA897F2A01D9A2692AB1A34202D0204630
:10E8000000F07EFA23466B6138BD00BF9C8000207B
:10E81000B3F1FF3F08BFB2F1FF3F03D00249183008
:10E8200000F0F4BA704700BF330A020070B590F9E7
:10E830000D200146002A437B04DA03F07F03437373
:10E8400002F080F81C4C4B7B224663F07F034B7335
:10E8500052F8183FE069934207D1C1E900200160F6
:10E86000E16111E09842F8D01B68002BF5D091F9D6
:10E870000E5093F90E60B542F4D0AE42F2DD586806
:10E88000C1E9003001605960A569A368954200D0D4
:10E8900005B9E5688B4207D05A7BD20604D1DA89E4
:10E8A0007F2A01D9AA692AB1AB4202D0284600F0DA
:10E8B00027FA2B46636170BD9C800020F8B5DDE926
:10E8C00006670D4B0C46986811460C4A1060EFF332
:10E8D0001182202282F31288BFF36F8F9D68284631
:10E8E00002F042F8284632463B46FFF791FF2046A9
:10E8F000BDE8F840FFF708BF9C800020C4800020DE
:10E9000049B9EFF3058030B9054B5A699B689A42C3
:10E9100001D0FFF7F9BE81F31188BFF36F8F704705
:10E920009C800020034648B9EFF3058232B9064ABD
:10E9300051699268914201D0FFF7E6BE83F31188D6
:10E94000BFF36F8F704700BF9C800020EFF31181F1
:10E95000202383F31288BFF36F8F054B9A68D37B14
:10E96000013BD37381F31188BFF36F8F704700BFF2
:10E970009C80002070B5EFF31186202383F312886A
:10E98000BFF36F8F144DAB68DA7B0132DA732A461E
:10E9900052F8184F944200D004B9EC685A7BD20662
:10E9A00004D1DA897F2A01D9A2692AB1A34202D00F
:10E9B000204600F0A5F923466B6186F31188BFF36A
:10E9C0006F8FEFF31180202383F31288BFF36F8FD3
:10E9D000BDE87040FFF7A6BF9C800020024B03F10A
:10E9E0001802C3E9062270479C80002070B5EFF33F
:10E9F0001186202383F31288BFF36F8F1B4CA1680D
:10EA0000E0690B68814214BF1A46002249680B6016
:10EA10005960A368E1692AB9154AC3E900210B606E
:10EA2000E3610CE093F90E0092F90E50A84218D061
:10EA3000854216DD5168C3E900210B605360A5696A
:10EA40000B4B9D4200D005B9E568A3689D4202D0FA
:10EA5000284600F055F965613046BDE87040FFF783
:10EA600053BE8A42D8D01268D5E700BF9C800020F0
:10EA7000B4800020F8B550EA010306460C4603D1E5
:10EA8000FFF7B4FF0020F8BDEFF31187202383F3D5
:10EA90001288BFF36F8F124D124BA8681860FFF7F2
:10EAA0008DFEA868234632460F49183000F0AEF9B3
:10EAB000AA680446537B384643F004035373FFF7B8
:10EAC00023FEAB68D3E90A23B3F1004F08BF002A45
:10EAD000D8D102F04FF8201A20EAE070D3E700BF47
:10EAE0009C800020C4800020330A020038B5044610
:10EAF000EFF31185202383F31288BFF36F8F437BDD
:10EB00005B070FD5183002F00DF8637B204623F029
:10EB100004036373FFF710FE2946BDE8384004483C
:10EB2000FFF7EEBE85F31188BFF36F8F38BD00BFCE
:10EB300022810020014B9868704700BF9C80002014
:10EB40002DE9F8430446077BEFF31185202383F377
:10EB50001288BFF36F8F437B190705D585F31188A2
:10EB6000BFF36F8FBDE8F883D90943F008025DD188
:10EB70004273A36813B1204601F0ECFE04F11800C3
:10EB800001F0D0FFA66D04F15808B04511D04FF048
:10EB9000000976B1304601F0DDFE06F1180001F003
:10EBA000C1FF3046C6F87C90FFF7C6FDA66DB045A4
:10EBB000EFD1DFF8C080D8F808309C423ED1EFF3A7
:10EBC0000589B9F1000918BF4FF00109D8F818609C
:10EBD000294A964200D00EB9D8F80C60B34202D050
:10EBE000304600F08DF82046C8F8146001F052F865
:10EBF000B9F1000F02D02148FFF77AFDD8F80830AC
:10EC00009C4231D1EFF3058373BB227BD20718D42A
:10EC10002846FFF779FDFB07A4D5002383F311886D
:10EC2000BFF36F8F0423184602DF9BE703F07F03D7
:10EC300043F00803437301F085FE9AE74FF00009A3
:10EC4000C4E785F31188BFF36F8F83F31188BFF397
:10EC50006F8F0423184602DFEFF31180202383F324
:10EC60001288BFF36F8FD4E785F31188BFF36F8FDE
:10EC7000D1E700BF9C800020B4800020202000202D
:10EC8000D3B5DDE90667089CCDE90067FFF716FEFE
:10EC90001CB1034B9B681B69236002B0D0BD00BF51
:10ECA0009C8000200122044BC01A044BC010584322
:10ECB000034B1A54704700BFA0200020ABAAAAAA99
:10ECC00022810020C3897F2B12D80A4B1B6863B1B5
:10ECD000094B90F90E201B689A4209DB437BDB0647
:10ECE00006D1064BC31A18BF012303F00100704779
:10ECF0000023FAE794030020C8800020201F002092
:10ED000070B50E4B0E4C1E7C054606EB460304EB1D
:10ED1000C304204601F006FF00220A4B28469A55FC
:10ED2000FFF7D0FF48B1084B2046BDE870401A6895
:10ED30000649013AD31700F069B870BD9C800020E5
:10ED4000A02000202281002094030020A5EC0100D7
:10ED500038B5EFF31185202383F31288BFF36F8F4B
:10ED6000104B114A9C681068A04206D1FFF7C8FFFB
:10ED700085F31188BFF36F8F38BD00211B7C1160B4
:10ED80000A4AD35C002BF3D02046FFF79BFF0028F4
:10ED9000EED0637BDB0602D12046FFF747FD20461D
:10EDA000E4E700BF9C800020C48000202281002076
:10EDB000024B1868984208BF002070479803002053
:10EDC000034B1B680BB9FDF751BE0020704700BF15
:10EDD000CC80002030B570B10B4B5B6898420AD0F4
:10EDE000036843B1D3E90421D0E90445121941EB8A
:10EDF0000501C3E90421D0E9003213605A60002301
:10EE0000C0E9003330BD00BF98030020B3F1FF3FDD
:10EE100008BFB2F1FF3F2DE9F84F04469946154669
:10EE20001F467AD08160EFF31188202383F3128884
:10EE3000BFF36F8FB9F1000FDFF8E4A020DBFFF71D
:10EE4000BFFFDAE90027013549F100092D1849EB28
:10EE5000E07306464FF00109C4E90453AD1843EBD3
:10EE60000707FFF7A5FF0346DFF8B8E0DEF804A0C8
:10EE7000EBB9C4E900EACAF80040CEF8044028E043
:10EE80006FF00103DAE900125B1A4FF0FF3161EB1A
:10EE900002025B1B62EB0902012B72F10001BCBF95
:10EEA000012300224FF00009C0E90432D9E7D3E979
:10EEB000041CD4E904208A4270EB0C0B24DA891A72
:10EEC0005A686CEB0000C3E90410C4E90032146016
:10EED0005C60FFF76DFF84420ED1134B1B685BB97A
:10EEE000B9F1000F02D1FFF76BFF0646304601F083
:10EEF00002FE0021FDF7CAFD88F31188BFF36F8F72
:10EF000028463946BDE8F88F521A60EB0C009A4546
:10EF1000C4E90420ADD01B68AAE700252F46EFE71F
:10EF2000B820002098030020CC8000202DE9F04775
:10EF3000EFF31185202383F31288BFF36F8FDFF87F
:10EF4000A0900026C9F800000027FFF731FFDFF886
:10EF50009480D9F80030D8E900ECD91750B1D0E945
:10EF60000442A34271EB020A1BDAE41A62EB0102CB
:10EF7000C0E90442002413EB0E034CEB01012046D0
:10EF8000C8E90031C9F8004001F0B5FD2146FDF7A0
:10EF90007DFD85F31188BFF36F8FBDE8F047FFF764
:10EFA000D7BE14EB0E024CEBE473C0E90467C8E96A
:10EFB0000023FFF70FFF85F31188BFF36F8F83687E
:10EFC0009847EFF31185202383F31288BFF36F8FE7
:10EFD000D9F800301B1BC9F80030FFF7E9FEB8E78D
:10EFE000CC800020B820002010B5EFF3118420233E
:10EFF00083F31288BFF36F8FFFF7E2FE0346054AE3
:10F00000D2E90001181841EBE37184F31188BFF3D2
:10F010006F8F10BDB82000201423F0B500242027E6
:10F0200003FB0100134E01B9F0BD10F8073CA0F13D
:10F03000140C03F03F03102B40F80C4C0CD826FAAC
:10F0400003F3DB0708D550F8143C2BB150F8105CE3
:10F050002B605D6040E9054482F31188BFF36F8F38
:10F06000EFF3118287F31288BFF36F8F6046013987
:10F07000D9E700BF160101002DE9F74F1D46274BC8
:10F0800016469F68012387F8603087F8613052EA9E
:10F0900005030CBF0123002307F16002804601F045
:10F0A000DFFD8146EFF3118B4FF0200A8AF31288BF
:10F0B000BFF36F8F97F860404CB901465A464046FF
:10F0C000FFF7AAFF8BF31188BFF36F8F0BE00023CC
:10F0D00087F8603056EA050309D18BF31188BFF336
:10F0E0006F8F6FF00A04204603B0BDE8F08F5946D9
:10F0F000CDE900650A4A0B48FFF7E0FB0446EFF351
:10F1000011858AF31288BFF36F8F2A46494640461D
:10F11000FFF782FF85F31188D6E700BF9C800020AF
:10F12000A00300202381002038B50346EFF31185AA
:10F13000202282F31288BFF36F8FC16001218160AA
:10F140000068834206D185F31188BFF36F8F0024D6
:10F15000204638BDD0E9003213605A600023C0E970
:10F16000003301F000FE294604460248FFF7C8FBC1
:10F17000EEE700BF23810020F8B507460C4616468F
:10F1800001F0D7FB08B10020F8BD0D4B9B681D6F47
:10F19000002DF8D0221DF6D2EFF31184202383F343
:10F1A0001288BFF36F8F284647F00401B04784F3FD
:10F1B0001188BFF36F8F0028E5D040F8045BE3E7C8
:10F1C0009C8000200146024A0020FFF7D5BF00BF07
:10F1D0002DF90100014800F0EBBB00BF4028020000
:10F1E00007B5074B4FF40072009306494FF0FF3309
:10F1F0000548FFF7A3F9002003B05DF804FB00BF4A
:10F2000004230200E8950020C02000202DE9F04FE3
:10F2100043688DB015468046029383789A0740F183
:10F220000D8100240E78002E00F00A81252E0BD0CF
:10F230004B1C0393013441463046029B98470028FB
:10F24000C0F2F6800399EDE74E788B1C252E0393D0
:10F25000F0D00027B946BB46BBF11F0F38D8A6F146
:10F260002003102B0AD8DFE803F02A090930090926
:10F27000092109090928092D09091F00A6F13003F0
:10F28000092B33D92A2E37D11BF0400F55F8043BF8
:10F2900040F08280002BA7BF4BF0200B9946C3F1B2
:10F2A00000094BF0280B01E04BF0010B039B13F816
:10F2B000016B0393002ECFD130E04BF0020B4BF0EB
:10F2C000040BF3E74BF0080BF0E74BF0100BEDE706
:10F2D000BBF17F0F19D8A6F13003092BD2D81BF050
:10F2E000400F03D00A2101FB0737DFE70A214BF06B
:10F2F000200B01FB0939D9E72E2E06D11BF0400F58
:10F3000040F09E804BF0400BD0E76C2E31D02BD8D4
:10F31000682E36D06A2E3CD04C2E3AD0002F46F0C4
:10F320002003B8BF2BF04002A3F16501BCBF00274A
:10F330001FFA82FB022901D9612B2FD1073507273C
:10F34000DFF8ACA225F0070508351BF0080F66D0E2
:10F350000AEB070B56465E4563D1A4EB0A0AA9EBFC
:10F36000070906EB0A026FE1742E9FD07A2E9DD01A
:10F37000D4E71BF0800F18BF4BF4007B4BF0800BE1
:10F3800094E71BF4807F18BF4BF4007B4BF4807B29
:10F390008CE74BF4207B89E71F4687E7A6F16301E2
:10F3A000122900F2F080DFE811F013004F00EE00A8
:10F3B000EE00EE00EE004F00EE00EE00EE00EE007C
:10F3C000EE00FE00E900EE00EE001B00EE00AF00D4
:10F3D00055F8043B01270DF1180A8DF81830B4E7F1
:10F3E00055F804AB834BBAF1000F08BF9A461BF0E7
:10F3F000400F504614BF39464FF0FF3101F060FD19
:10F400000746A2E741462020029B984700280FDBD1
:10F41000013EB742F6D34C44B146A41B98E74E4692
:10F42000F7E7414616F8010B029B9847002892DA4D
:10F4300098F8023043F0040388F802304FF0FF34AC
:10F4400020460DB0BDE8F08F1BF0800F34D01BF4C8
:10F45000007F2CD0073525F00705AA4669685AF8C1
:10F46000080B2BF010050029ADB237DA404245F405
:10F47000806561EB41010DF1180B0A235A4601F03A
:10F480002BFDA0EB0B0301936B0662D5019B25F0CE
:10F4900001019F4289B240F3A180002E00F09980C3
:10F4A00015F0100240F09C80BB460D4623E0AA46B2
:10F4B0005AF8040BC117D4E7AA461BF4807F5AF808
:10F4C000041B01D10846F5E71BF4007F19BF48B2C1
:10F4D00041F3C01108B241F3C031C2E750EA010361
:10F4E000C9D11BF0400FC6D0002FC4D12BF01102A0
:10F4F000BB46019795B240F2064115EA01021CBFD6
:10F500000BF1010B00222CE02BF010020A231FFA52
:10F5100082FB1BF0800C49D01BF4007115BF07352E
:10F52000AA4625F007055AF8040B1EBFAA466968CB
:10F530005AF8080B50EA010545D12BF016051BF0CF
:10F54000400FADB242D0002F40D12BF017020197EF
:10F5500095B215F0100248D0019B002E42D103F164
:10F56000010B29075AD4EB0706D5D9456FDDA9EB66
:10F570000B030199CB465F185B4649E04BF0100B3B
:10F5800010237826C5E7782B04D1C6F1780343F021
:10F590001003BEE741462520029B98470028FFF64E
:10F5A00047AF023447E608230026B2E7AA461BF419
:10F5B00080715AF8040BBDD01BF400711ABFC0B2A1
:10F5C000614680B2B6E72BF0060295B20DF1180B3A
:10F5D00054E725F01105BB46ADB28CE70D46B8E700
:10F5E0003B460D4603F1020BBBE7DDF804B082E7B2
:10F5F0007828020071280200CDE90432414620201B
:10F60000029B98470028FFF613AF049B059A01332D
:10F610009945F1DCA4EB0B019B46CC180AB341469B
:10F620003020029B98470028FFF602AF8EB90134C4
:10F630002744391B019B994224DC1D4655BB019A86
:10F64000A9EB0B09554622441446914433E0019F2F
:10F6500092E7023441463046029B98470028E7DA99
:10F66000E6E640F206410D42E2D015F0020F04F149
:10F670000104414614BF2B20202015F4806F18BFD1
:10F680002D20E9E741463020029B013498470028AD
:10F69000CFDACDE606AB013D4146585D029B984767
:10F6A0000028CBDAC4E641462020029B013498476B
:10F6B0000028FFF6BDAEA9EB0403002BF3DCC1E587
:10F6C0007047022806D0052804D001280CBF03206B
:10F6D000002070470420704700EBC10040884008BC
:10F6E0007047F8B50346FFF7F7FFB0FA80F0C0F1B6
:10F6F0001F0003EB800CDCF81060CA00171D0C46DD
:10F7000006328DB256B9012101FA00F0D9680143E1
:10F71000D960CCF81040DD539D52F8BDF1000431A2
:10F72000585AD85303EBC0009E52C5805D52F4E78F
:10F7300010B500EBC104E388994202F104010AD13B
:10F74000012303FA02F2C36823EA0203C360002321
:10F7500040F8213010BDA28840F8213000EBC201F2
:10F7600000EBC300CB808280F4E708B50346FFF7C7
:10F77000B3FFB0FA80F21846BDE80840C2F11F029C
:10F78000FFF7D6BF2DE9F843B1FA81F5C5F11F099E
:10F7900000EB8908D8F8102003460E46C2B10327B3
:10F7A000D8F8104018462146FFF796FFB04206D31E
:10F7B0004A461846FFF7BCFF2046BDE8F88303EB36
:10F7C000C404E088013FC8F8100001D08242E7D1AC
:10F7D0004FF0FF34C5F120029440DA681440EBD0BA
:10F7E00094FAA4F2B2FA82F2111D53F82140214694
:10F7F000DFE738B50346FFF76FFF0D4604461146B5
:10F800001846FFF769FF0444600003EBC5056880F4
:10F810001846FFF761FF014423F8314038BD38B581
:10F820000C460346FFF758FFA51A511A054403EB8F
:10F83000C4044800608003EBC2006C00448023F8DD
:10F84000321018461146FFF747FF014423F83150A4
:10F8500038BD38B50546FFF73FFF0C46014405EBC0
:10F86000C1035B88DA070AD42846FFF77EFF2146EA
:10F870002846FFF731FF22182846FFF7BAFF35F870
:10F880003410611A05EBC1035B88DB070CD42846F2
:10F89000FFF76BFF35F834102246611A2846FFF750
:10F8A000A8FF35F83430E41A21462846BDE8384030
:10F8B000FFF717BF61B100680439091A21F0070387
:10F8C00003445A88C90822F001025A80FFF7C1BFD9
:10F8D000704770B5056809B9002070BD01F00703D5
:10F8E0000B33CC0804EBD304AB6828469C4228BFFA
:10F8F0001C462146FFF746FF06460028ECD001468D
:10F900002846FFF7E9FEA04207D928463219FFF73B
:10F9100086FF11462846FFF7E4FE05EBC6021046B7
:10F920005388043043F001035380D6E71146FFF7B4
:10F93000D0BF043A2DE9F041CC1D114424F0070456
:10F9400021F007010E1BF708B7FA87F24FF0000805
:10F95000C2F12405AD000735C2F12002ED080460B4
:10F960004146A760C4F80C80920004F1100001F039
:10F970008FFA6B0043F0010363807B1B04EBC5022D
:10F980005900A4F800805180A21924F83550A2F83B
:10F990000280A35304EBC7035A88294642F00102B0
:10F9A0005A802046BDE8F041FFF79BBE002070471B
:10F9B0000FB407B504A951F8040B0191E3F7D4FC87
:10F9C00003B05DF804EB04B070470FB407B504A9A9
:10F9D00051F8040B0191E3F7C7FC03B05DF804EBA9
:10F9E00004B07047002203680BB9184670478B4279
:10F9F00010D10B6842B942680360914200D1436064
:10FA0000002301200B60704713604368994208BFD0
:10FA10004260F5E71A461B68E6E7038B13F007031D
:10FA200005D10368002B0CBF002003207047022B78
:10FA300005D1408BB0FA80F0400980007047012B5F
:10FA400005D10368002B0CBF002005207047002063
:10FA5000704710B50C4600B111B96FF0150010BD1C
:10FA6000081D00F0D2F80028F9D1A368032BF6D9BD
:10FA7000F3E72DE9F0410D4607461946281D90464B
:10FA80001E4600F0D6F8044638B1334642462946B1
:10FA90003846A446BDE8F0416047BDE8F08110B4A7
:10FAA000EFF31182202484F31288BFF36F8F41613A
:10FAB00010BC0121E3F78ABC38B50C46054658B1A5
:10FAC00051B10B6843B14B6833B11C22002101F0E6
:10FAD000DFF900202C6138BD6FF01500FBE770B531
:10FAE00005460E46FFF7B5FF041E14DBEFF3118247
:10FAF000202383F31288BFF36F8F4FF6FF716B8B58
:10FB00002C8B8B4204F0070407D182F31188BFF3DA
:10FB10006F8F6FF00A04204670BD022C0CD10133A8
:10FB20006B8382F31188BFF36F8F00232246314627
:10FB30002846FFF79EFFEEE7062C14D8DFE804F016
:10FB400004131313041A0400002333606B683BB9D9
:10FB5000C5E90066ACB902212846E3F737FCDAE7CD
:10FB60001E606E60F6E782F31188BFF36F8F6FF04F
:10FB70000404D0E782F31188BFF36F8F6FF0850420
:10FB8000C9E782F31188BFF36F8FC4E710B5EFF3B5
:10FB90001182202383F31288BFF36F8F048B04F04C
:10FBA0000704022C0AD0012C0CBF6FF004006FF088
:10FBB000850082F31188BFF36F8F08E0438B013B10
:10FBC0009BB2438323B92146E3F700FC204610BDD6
:10FBD0002046EEE738B5A8B1A1B1EFF31185202298
:10FBE00082F31288BFF36F8F048BFFF7FBFE30B1F7
:10FBF00004F0070085F31188BFF36F8F38BD6FF0F5
:10FC00007700F7E76FF01500F8E7034640B1426868
:10FC100002F00302022A06D0032A04D0012A05D0EA
:10FC20006FF0150070471A68002AF9D0002098601C
:10FC3000704710B54268034602F00302022A4FF0F3
:10FC40000004816007D0032A02D05C60002001E03C
:10FC500018685C6010BD18685C600028F6D0FFF77B
:10FC600063FAF3E7704701F013B901F0EAB801460F
:10FC70000068E3F7E7BC08B5E3F714FDBDE808400A
:10FC8000E3F734BD00210120E3F7DCBC436E83F3CE
:10FC90000B8870476FF08500704761B662B680F3DD
:10FCA0001188BFF36F8F704772B6002383F31188FA
:10FCB000BFF36F8FBFF34F8F30BF62B6BFF36F8F4D
:10FCC000704772B6002383F31188BFF36F8FBFF3C1
:10FCD0004F8F20BF80F31188BFF36F8F62B67047DC
:10FCE00040E800F313F4803FD8B208BF6FF015006E
:10FCF000704730B50C684B6885B00A894D8900940F
:10FD0000013B24F01F04234402F01F0242EA451283
:10FD100023F01F0369468DF808200393E4F76CF87D
:10FD200005B030BD7047416A8968E4F791BA027A3C
:10FD3000013202727047426810B52AB10B461C4668
:10FD40005B68002BFBD16260416010BD10B50446BA
:10FD500020B908460B7A01330B7210BD03461846D2
:10FD60005B68002BFBD1FFF7E6FF2046F5E710B5F7
:10FD700008B14B68436000234C6808464B60E4F7C9
:10FD8000E5FA204610BD8388026819448180D018A6
:10FD9000704730B484880568A3188380281930BC64
:10FDA00001F04FB810B5838802685C1C8480D15480
:10FDB000D01810BD03468288521A82800068084419
:10FDC00018607047034600689A88521A01449A8066
:10FDD0001960704710B5036801211C78FFF7EAFF2E
:10FDE000204610BD8388C2888168D21A03685B1AD6
:10FDF000D01A704730B5054614460A8885B08B780E
:10FE0000ADF8002000210D220DF103008DF8023025
:10FE100001F03EF86A4669462846F5F7CBFB28B95B
:10FE2000BDF800209DF802302280A37005B030BDDF
:10FE300013B50C4601AA0331FFF7DCFF48B90322D2
:10FE4000204601A901F02CF8B0FA80F0400902B078
:10FE500010BD0020FBE770B5CE1C05460C463046B1
:10FE60000321F5F7A5FB60B96379224603F03F0350
:10FE700043F04003637131462846BDE87040FFF708
:10FE8000B9BF70BD0220E4F70DBB033138B5C9B26C
:10FE900005460E20E4F784FB032104460C30FFF7EF
:10FEA00072FF0123A0F801500370204638BD70B5E1
:10FEB00005460E460F200421E4F772FB0421044698
:10FEC0000C30FFF760FF012206704270458020462B
:10FED00070BD0C220369C9B201FB0233186C00F03B
:10FEE0000700704770B5C9B20369EFF3118520248C
:10FEF00084F31288BFF36F8F0C2606FB0134246C49
:10FF000014F0C00408D0A24206D085F31188BFF3D4
:10FF10006F8F4FF0FF3070BD012206FB01331A6472
:10FF200085F31188BFF36F8F436803EBC1035B68F0
:10FF300098470020EFE78022FFF7D4BFF8B5069F6F
:10FF40000469C9B2EFF31186202585F31288BFF347
:10FF50006F8F0C2505FB0144256C05F0070CBCF1E7
:10FF6000010F0CD1276486F31188BFF36F8FC4E9AA
:10FF70000E23436853F8313098470020F8BD05F050
:10FF8000C005AF4286F31188BFF36F8F0CBF6FF0CF
:10FF900077004FF0FF30F1E713B580240094FFF7AE
:10FFA000CDFF02B010BD10B41C240069CBB203FB1E
:10FFB0000400002110BC10470020FCF725BF0020E2
:10FFC00000F0FCB91046FEF717B908B50023FCF79E
:10FFD000EFF900EAE07008BD436800205B68DB6869
:10FFE0000B607047436802EA01005B6821EA020186
:10FFF0005860002099607047436800205B68596032
:020000022000DC
:100000007047436800205B689960704743685A688E
:10001000136821EA03000B40506000209360704792
:1000200010B503695868F8B1884219D19C6808680E
:10003000A142586000D19860002008602AB15A6837
:100040000A609A68596002B99960002010E0814204
:1000500006D10868206098688142EDD19C60EBE78A
:10006000044600680028F2D1002AE8D16FF015009C
:1000700010BD30B543681360057A446804EBC504CD
:10008000A34202D36FF0010030BD5C798C4201D0F5
:100090000833F0E70020F7E710B4026943681168FD
:1000A0001B68D3F8304171B17CB100240C61116838
:1000B000C97B19B94FF48051C3F8081311688C7BC0
:1000C0001CB100238B7310BC7047D3F8141121B1FD
:1000D0000021C3F81411D3F8143112681368002BEF
:1000E000F1D0516810BC184743681B68D3F88004EE
:1000F000C3F88004704742681368D3F84C0150B1CC
:100100000020926A12780A70C3F84C01D3F84C218F
:1001100001229A6270474FF0FF307047002A0FDDCE
:1001200042681368D3F84C0158B10020C3F84C0161
:10013000D3F84C010120926A12780A7098627047D5
:100140000020704710B5436819680369EFF3118206
:10015000202080F31288BFF36F8F00241868847307
:1001600001201B68D8734FF48053C1F8043382F325
:100170001188BFF36F8F10BD012103691A68917355
:1001800000221B68DA737047026903461168C87B56
:1001900040B15B681B68D3F8300118B100230B61D4
:1001A00013689889704743681B68D3F84C0100387E
:1001B00018BF012070474FF4002243681B68C3F842
:1001C000042370474FF4002243681B68C3F80823D8
:1001D0007047202243681B68C3F80423704720221D
:1001E00043681B68C3F80823704738B54368044662
:1001F0001D68D5F80433DB0405D4D5F8040310F4E6
:10020000002006D138BDFFF7BFFF0028F5D0012040
:10021000F8E72046FFF7C7FF003818BF0120F1E7D5
:10022000012070470369186801601B685A607047B5
:1002300013B501AA0446FFF71CFF002805DB019B4C
:10024000226819791868FCF797FA02B010BD6FF0B0
:100250008500704738B5054600220321C620E3F724
:10026000F1FCC620E3F7BEFC6C680121E068FFF7F3
:10027000DFFF6B6819686369C1F82435E28BA38BD3
:10028000A07E1343228C1343628C1343627E9BB285
:100290000243207E02431343C1F86C3569680B6842
:1002A000D3F8002242F48022C3F800220822C3F8C7
:1002B00000254A6A0121C3F83C270022C3F84027E1
:1002C0001965D3F830110029FBD0C3F800256D68FB
:1002D0000021E8682C68FFF7ABFF0823C4F800355D
:1002E0002A7A52B9AB6AC4F804370123C4F8083734
:1002F000C4F84C21D4F84C21A362002038BDF8B5D5
:1003000006690546336801279C8910339442A8BFCB
:100310001446D3E8EF2F002A03D1C3E8E07F00287A
:10032000F7D10CBF3B46002325D13368224698689D
:1003300000F087FDEFF31180202383F31288BFF3D1
:100340006F8F6B6831681B68D3F830213AB9144657
:100350000A6180F31188BFF36F8F2046F8BD8A6869
:10036000C3F83C270022C3F84047C3F83021D3F834
:1003700030211F65EDE71C46EFE707B56846FDF73E
:1003800011FCDDE9000103B05DF804FB08B50220B3
:10039000FBF794FF002008BD10B5EFF31184202374
:1003A00083F31288BFF36F8FFFF7E7FF84F31188A1
:1003B000BFF36F8F10BD004700F0C9B8FCF78ABCCF
:1003C000F7B51646DDE90847019001A81D46FCF780
:1003D00035FF019BB6F1000C18BF4FF0010C00EB8C
:1003E00083000B1E18BF0123002D43EA4C0314BFEA
:1003F0004FF00C0C4FF0000C002C43EA0C0314BF20
:100400004FF4706C4FF0000C002F43EA0C0314BF44
:100410004FF4403C4FF0000CD0F8802043EA0C032E
:1004200022EA030301B109780EB136787600194348
:100430000DB12D78AD0031430CB12478240229434D
:100440000FB13F783F040C433C43C0F8804003B0F9
:10045000F0BD1FB50DF10F03019300238DF80F10B0
:100460001A4619460093FFF7ABFF05B05DF804FB91
:1004700070B5044608461646FCF7F0FE083034F81E
:1004800010300D46DA0509D5C3F3432304EBC3024C
:100490003146284654F8333052689847A3682BB148
:1004A00031462846E268BDE87040184770BDF0B597
:1004B0000446002001270546844695420AD1D4F817
:1004C000443133B10023C4F84431D4F8443140F40A
:1004D0000030F0BDEBB29B0003F580769B0807FA75
:1004E00003F3194208D054F806E0BEF1000F03D020
:1004F00044F806C0A65918430135DEE770B5067901
:10050000044630460D46FCF73BFFB0B13046FCF7E1
:1005100025FF90B93046FCF711FF01232268834084
:10052000C2F81833226803B202EB8303D3F8102514
:1005300022F00302C3F8102570BD2846BDE87040C4
:100540000021FFF786BFFDF717B8FFF7D7BF08B147
:10055000E3F76CBF704710B5436904463BB9002010
:10056000E2684042537843F00103537010BD98474E
:100570000028F4D00028B8BF4042FF28A8BFFF20C1
:10058000E3681870ECE740B1C368587810F00100D8
:100590001EBF1878B0FA80F040097047EFF311835E
:1005A000202383F31288BFF36F8FFEE708B5FFF7B0
:1005B000F5FF10B400F10C04C0E9034410BCFFF7D0
:1005C000B8B938B50446EFF31185202383F31288B8
:1005D000BFF36F8FFFF76EF904F10C0000F035FAEE
:1005E00030B1294604F11400BDE83840FEF788B95F
:1005F00085F31188BFF36F8F38BD202408B5EFF362
:10060000118384F31288BFF36F8FFFF74DFBF6E77A
:10061000D0E9003213605A600023427BC0E9003306
:1006200022F002024273836070472DE9F84391463D
:1006300004460D469DF8202000F10807EFF31186CF
:10064000202181F31288BFF36F8F02B14568D4F87F
:100650000880474518D0B8F1000F15D04046FFF785
:10066000D7FF08F1180000F05DFA00234046C8F8F3
:100670007C30C8F8109000F09FF938463146FEF7FC
:100680003FF90020BDE8F883A3B10820FEF79AFDEA
:10069000002838D00122C0F804900260016801F0FF
:1006A00003015DB922680A430260626820606AB98A
:1006B00060600BE04846C9F80030EFE72A68032A7B
:1006C00016D80160616869B9C4E90000042104F129
:1006D000100000F08BFB0028CFD186F31188BFF308
:1006E0006F8FCFE70A6802F0030202430A60DFE778
:1006F00022F003020A4302602A6802F0030240EA81
:1007000002032B60E2E76FF00B00E6E710B504464A
:1007100030B10268930703D0446809B100F08AFB46
:10072000204610BD0023C0E9003300F10803C0E9F2
:10073000023300F11003C0E904337047F8B500F14B
:100740000806EFF31187202383F31288BFF36F8F1E
:10075000856800F11004AE4217D0B5B12846FFF706
:1007600057FF05F1180000F0DDF900232846EB677C
:100770002B6100F021F90821204600F037FB3946B3
:100780003046BDE8F840FEF7BBB80821204600F02F
:100790002DFB0028F3D187F31188BFF36F8FF8BDCD
:1007A000012307B5009300230A461946FFF73DFFD2
:1007B00003B05DF804FB002307B50A460093194611
:1007C000FFF733FF03B05DF804FB5AB18A4209D347
:1007D00000F11003C0E90212C0E90000C0E90433CF
:1007E000002070476FF015007047012302688B40AE
:1007F00022EA0303036022FA01F000F001007047CF
:1008000010B5032104460C30FFF7EFFF30B104F1BF
:10081000100000F087F9B0FA80F0400910BD20B157
:1008200000228C30114600F044B9704770B5C3689F
:100830000446C3F340069B0716D4856802210C309A
:10084000FFF7D3FF80B1D5F884206AB194421DD15F
:1008500022689EB9D5F88830C5F884209C4201D121
:10086000C5F8882000232360E36813F01F001EBF33
:1008700043F00203E36040F0020070BD3260D5F83F
:100880008820944208BFC5F88860EBE716461268D6
:10089000DBE773B50446EFF31185202383F3128859
:1008A000BFF36F8F0023A0F11006032104380193DA
:1008B000FFF79BFF28B1A369304601A90193FDF71B
:1008C000E1FD85F31188BFF36F8F02B070BD13B5E2
:1008D00001900846EFF31184202383F31288BFF3BD
:1008E0006F8F01A9FDF7CEFD84F31188BFF36F8FE1
:1008F00002B010BD38B530220D460021044600F08C
:10090000C7FA4FF480736560E36038BD38B50446BC
:10091000EFF31185202383F31288BFF36F8FFFF766
:100920006FFF2046FFF782FF85F31188BFF36F8FBB
:1009300038BDEFF30580003818BF012070476FF015
:1009400057007047D0E9003213605A600023C0E9B5
:100950000033704708B5FFF7F5FF437B23F0020330
:1009600043730023836008BD38B504460D46FDF788
:1009700025FF637B43F002036373E5B1A5602B6839
:100980009D4209D16B68C4E900531C606C6012E0A1
:100990006A689A42F6D01B68002BF3D094F90E20B7
:1009A00093F90E108A42F3D09142F1DD5A68C4E9FE
:1009B000003214605C6038BD10B5EFF31184202361
:1009C00083F31288BFF36F8FFDF7B6FE84F31188AF
:1009D000BFF36F8F10BD08B5EFF31181202282F3B2
:1009E0001288BFF36F8F83680BB1FFF7B3FF81F3FA
:1009F0001188BFF36F8F08BD014610B5EFF3118466
:100A0000202383F31288BFF36F8F437B13F0280FEB
:100A10000AD183680BB1FFF79DFF4B7B084623F09B
:100A200004034B73FDF788FE84F31188BFF36F8FC7
:100A300010BD01211838FFF7DFBF10B5FFF7CBFF5E
:100A4000BDE81040183000F06DB838B505460468B0
:100A50000020AC4200D138BD002CFCD02046FFF76E
:100A6000ECFF2046FFF7A8FF2C680120A542F1E724
:100A700070B505460E46FDF7FDFFB6F1FF3F08BF16
:100A8000B5F1FF3F0446284612D04FF47A7547F679
:100A90001120002147F612220023C4FB0501DFF7D5
:100AA000EFFCB0F1004F71F1000128BF6FF0004082
:100AB00070BD38B5EFF31185202383F31288BFF39F
:100AC0006F8F0468A04212D09CB1E167226120467A
:100AD000FFF740FF04F1180000F024F82046FDF76E
:100AE0002BFE012085F31188BFF36F8F38BD0020E6
:100AF000F8E72046F6E708B50246FEF759F970B167
:100B0000D0E904319B1A61EBE272B3F1004F72F14C
:100B1000000104DA002AACBF1846002008BD6FF0BF
:100B20000040FBE7024638B5EFF31185202383F33D
:100B30001288BFF36F8F0368CBB1FEF739F9044613
:100B40001046FEF747F900224FF000438442C0E907
:100B5000042306D1FEF734F9FFF7CDFF0021FBF7A0
:100B600095FF002085F31188BFF36F8F38BD6FF0BC
:100B70001500F7E708B5FEF737FA08BDFEF734BAF7
:100B8000B3F1FF3F08BFB2F1FF3F70B506461D4607
:100B9000144614D01A4316D0002B08DBFEF724FAB3
:100BA000041941EB0501C6E90041304670BD6FF004
:100BB00001031C1B4FF0FF3363EB0501F3E74FF01C
:100BC000FF342146EFE70024FBE7B3F1FF3F08BF06
:100BD000B2F1FF3FF8B5074616461C4610D054EA5E
:100BE000020311D0FEF700FAB0420A46A1410346C3
:100BF0000AD2F31A64EB0204C7E900343846F8BDA0
:100C00004FF0FF331C46F7E70023FBE770B5D0E950
:100C10000034984209D044B1A568EDB115F9526C81
:100C200012F9525CB54208D007DDC1E90004216029
:100C3000416010E0A342F8D01B68002BF5D09A6801
:100C400062B112F9522CAA42F4D0F3DD5A68C1E91C
:100C500000321160596070BDAB7BFFDE937BFCE717
:100C60002DE9F84F00250F461446984601462E46BA
:100C70004FF0200AA946BD4202DB3046BDE8F88F9E
:100C8000EFF3118B8AF31288BFF36F8F4B7B03F066
:100C90003F03082B09D853B1013B072B07D8DFE8E6
:100CA00003F0281C06220606062E102B2DD0B8F1C4
:100CB000000F3BD12378002B38D04B7B03F03F0350
:100CC000082B3AD8002B3AD0013B072B37D8DFE866
:100CD00003F03F393639363636420B699B68002BB4
:100CE000E5D0022317E00B691B68002BDFD004233B
:100CF00011E00B699B68002BD9D001230BE00B6935
:100D00001B6A002BD3D0102305E00B69DA895B89BD
:100D10009A42CCD02023CA68C1F80890C2F386302A
:100D2000034363F39432CA6084F800908BF3118814
:100D3000BFF36F8F013514319DE7102B0FD08C60FE
:100D40000136F3E7224608691030FFF75FFFF6E748
:100D500022460869F9E7086922462430F5E7086960
:100D600022462C30F1E72DE9F041846805460E4615
:100D7000D4B16378012B22D114F8533C9A0711D5D2
:100D8000A4F160073846FFF758FE082E0CBF6FF03D
:100D900003030023E36114F8533CDB0602D1384619
:100DA000FFF70AFE002323700020EB68A860C3F35E
:100DB0008632164366F39433EB60BDE8F081022B74
:100DC000F0D12378002BEDD054F8048CB8F1000F4B
:100DD000E8D004F11400FFF7A5FE0023A4F11407E6
:100DE00039464046E362FFF772FDDBE738B5EFF3C3
:100DF0001185202383F31288BFF36F8F0468A0420C
:100E000011D0D4E9003213605A6000232046C4E9AF
:100E10000033FFF7A8FF85F31188BFF36F8F201E03
:100E200018BF012038BD0024F5E70023C0E9000009
:100E30008360704720B1011F50F8040CFFF7C1BB5D
:100E400070470A44431E914200D1704710B511F813
:100E5000014B914203F8014FF9D110BD884210B502
:100E600001EB020402D98442234607D8431EA14263
:100E700008D011F8012B03F8012FF8E702440146CE
:100E80008A4200D110BD13F8014D02F8014DF7E779
:100E900002440346934200D1704703F8011BF9E76F
:100EA0000139024410B5904201D1002005E00378D9
:100EB00011F8014FA34201D0181B10BD0130F2E719
:100EC0000246014410B58A42134603D01C78013211
:100ED000002CF8D1181A10BDF0B5C3F1370704463D
:100EE00003F01F031046FFB2082BE6B232D0102BDE
:100EF0003DD06508A40845EAC17544EA81748A08B2
:100F00002D1942EB5102290941EA02716D1842EB99
:100F10001212290A41EA02616D1842EB1222290CD1
:100F200041EA02416D1842EB1242AD1842F1000253
:100F3000EC0844EA4274D10804EB8402A6EB4205B3
:100F4000EDB2092D0CD90134A5F10A0541F10001DA
:100F5000EDB212E0E40806F0070544EA4174C9085E
:100F6000303554EA010200F8015BBDD1F0BD24091F
:100F700006F00F0544EA01740909092D84BFED1933
:100F8000EDB2EDE701480068704700006C210020D9
:080F900024F5FD7F01000000C3
:100F9800EDC90100000000008943000000000000C6
:100FA800000000000810020071E1010000000000CC
:100FB8000000000048100200000000002810020095
:100FC8000000000068100200000000008810020005
:100FD80000000000A81002008D03020000000000BD
:100FE800A141000000000000E1F101000000000044
:100FF80000000000C81002003D30000000000000A2
:10100800E1270200F421020098190200AA03002037
:10101800287F0020D9C00100000000000000000067
:10102800F22702001022020068190200AE03002015
:101038007C7F0020E9C501000000000000000000DE
:10104800FE2702002822020068190200B0030020CF
:10105800887F0020E9C501000000000000000000B2
:10106800092802004022020068190200B203002089
:10107800947F0020E9C50100000000000000000086
:10108800EE2702000000000060190200AC030020F7
:1010980000000000F5C3010000000000000000008F
:1010A8001D28020064220200B4190200B4030020C3
:1010B8005C030020550202004F02020000000000FD
:1010C800D01A0200000000008C190200A8030020BA
:1010D8000053002000000000000000000000000095
:1010E8000000000085FC01000000000085FC0100F4
:1010F8000000000085FC01000000000085FC0100E4
:101108000000000085FC01000000000085FC0100D3
:101118000000000085FC01000000000085FC0100C3
:101128000000000085FC01000000000085FC0100B3
:101138000000000085FC01000000000085FC0100A3
:101148000000000085FC01000000000085FC010093
:101158000000000085FC01000000000085FC010083
:101168000000000085FC01000000000085FC010073
:101178000000000085FC01000000000085FC010063
:101188000000000085FC01000000000085FC010053
:101198000000000085FC01000000000085FC010043
:1011A8000000000085FC01000000000085FC010033
:1011B8000000000085FC01000000000085FC010023
:1011C8000000000085FC01000000000085FC010013
:1011D80000000000095601000000000085FC010025
:1011E8000000000085FC01000000000085FC0100F3
:1011F8000000000085FC01000000000085FC0100E3
:101208000000000085FC01000000000085FC0100D2
:101218000000000085FC01000000000085FC0100C2
:101228000000000085FC01000000000085FC0100B2
:101238000000000085FC01000000000085FC0100A2
:101248000000000085FC01000000000085FC010092
:101258000000000085FC01000000000085FC010082
:101268000000000085FC01000000000085FC010072
:101278000000000085FC01000000000085FC010062
:101288000000000085FC01000000000085FC010052
:101298000000000085FC01000000000085FC010042
:1012A8000000000085FC01000000000085FC010032
:1012B8000000000085FC01000000000085FC010022
:1012C8000000000085FC01000000000085FC010012
:1012D8000000000085FC01000000000085FC010002
:1012E8000000000085FC01000000000085FC0100F2
:1012F8000000000085FC01000000000085FC0100E2
:101308000000000085FC01000000000085FC0100D1
:101318000000000085FC01000000000089BF0100FA
:101328000000000085FC01000000000085FC0100B1
:101338000000000085FC01000000000085FC0100A1
:101348000000000085FC01000000000085FC010091
:101358000000000085FC01000000000085FC010081
:101368000000000085FC01000000000085FC010071
:101378000000000085FC01000000000085FC010061
:101388000000000085FC01000000000085FC010051
:101398000000000085FC01000000000085FC010041
:1013A8000000000085FC01000000000085FC010031
:1013B8000000000085FC01000000000085FC010021
:1013C8000000000085FC01000000000085FC010011
:1013D8000000000085FC01000000000085FC010001
:1013E8000000000085FC01000000000085FC0100F1
:1013F8000000000085FC01000000000085FC0100E1
:101408000000000085FC01000000000085FC0100D0
:101418000000000085FC01000000000085FC0100C0
:101428000000000085FC01000000000085FC0100B0
:101438000000000085FC01000000000085FC0100A0
:101448000000000085FC01000000000085FC010090
:101458000000000085FC01000000000085FC010080
:101468000000000085FC01000000000085FC010070
:101478000000000085FC01000000000085FC010060
:101488000000000085FC01000000000085FC010050
:101498000000000085FC01000000000085FC010040
:1014A8000000000085FC01000000000085FC010030
:1014B8000000000085FC01000000000085FC010020
:1014C8000000000085FC01000000000085FC010010
:1014D8000000000085FC01000000000085FC010000
:1014E8000000000085FC01000000000085FC0100F0
:1014F8000000000085FC01000000000085FC0100E0
:101508000000000085FC01000000000085FC0100CF
:101518000000000085FC01000000000085FC0100BF
:101528000000000085FC01000000000085FC0100AF
:101538000000000085FC01000000000085FC01009F
:101548000000000085FC01000000000085FC01008F
:101558000000000085FC01000000000085FC01007F
:101568000000000085FC01000000000085FC01006F
:101578000000000085FC01000000000085FC01005F
:101588000000000085FC01000000000085FC01004F
:101598000000000085FC01000000000085FC01003F
:1015A8000000000085FC01000000000085FC01002F
:1015B8000000000085FC01000000000085FC01001F
:1015C8000000000085FC01000000000085FC01000F
:1015D8000000000085FC01000000000085FC0100FF
:1015E8000000000085FC01000000000085FC0100EF
:1015F8000000000085FC01000000000085FC0100DF
:101608000000000085FC01000000000085FC0100CE
:101618000000000085FC01000000000085FC0100BE
:101628000000000085FC01000000000085FC0100AE
:101638000000000085FC01000000000085FC01009E
:101648000000000085FC01000000000085FC01008E
:101658000000000085FC01000000000085FC01007E
:101668000000000085FC01000000000085FC01006E
:101678000000000085FC01000000000085FC01005E
:101688000000000085FC01000000000085FC01004E
:101698000000000085FC01000000000085FC01003E
:1016A8000000000085FC01000000000085FC01002E
:1016B8000000000085FC01000000000085FC01001E
:1016C8000000000085FC01000000000085FC01000E
:1016D8000000000085FC01000000000085FC0100FE
:1016E8000000000085FC01000000000085FC0100EE
:1016F8000000000085FC01000000000085FC0100DE
:101708000000000085FC01000000000085FC0100CD
:10171800A8100200990002000000000085FC0100EA
:101728000000000085FC01000000000085FC0100AD
:101738000000000085FC01000000000085FC01009D
:101748000000000085FC01000000000085FC01008D
:101758000000000085FC01000000000085FC01007D
:101768000000000085FC01000000000085FC01006D
:101778000000000085FC01000000000085FC01005D
:101788000000000085FC01000000000085FC01004D
:101798000000000085FC01000000000085FC01003D
:1017A8000000000085FC01000000000085FC01002D
:1017B8000000000085FC0100E9DA0100B70302001F
:1017C8000000000085FC01000000000085FC01000D
:1017D8000000000085FC01000000000085FC0100FD
:1017E8000000000085FC01000000000085FC0100ED
:1017F8000000000085FC010000000000DD5501002C
:101808006DDE0100B70302000000000085FC010046
:101818000000000085FC01000000000085FC0100BC
:101828000000000085FC01000000000085FC0100AC
:101838000000000085FC01000000000085FC01009C
:101848000000000085FC01000000000085FC01008C
:101858000000000085FC01000000000085FC01007C
:101868000000000085FC01000000000085FC01006C
:101878000000000085FC01000000000085FC01005C
:101888000000000085FC01000000000085FC01004C
:101898000000000085FC01000000000085FC01003C
:1018A8000000000085FC01000000000085FC01002C
:1018B8000000000085FC01000000000085FC01001C
:1018C8000000000085FC01000000000085FC01000C
:1018D8000000000085FC01000000000085FC0100FC
:1018E8000000000085FC01000000000085FC0100EC
:1018F8000000000085FC01000000000085FC0100DC
:101908000000000085FC0100E9CE0100B7030200D9
:101918000000000085FC01000000000085FC0100BB
:101928000000000085FC01000000000085FC0100AB
:101938000000000085FC01000000000085FC01009B
:101948000000000085FC0100F9DA0100B70302007D
:081958000000000085FC010005
:08196000CBFF0100B1C301003F
:101968000DC40100D9FF0100E5FF0100F9FF0100E6
:10197800030002000D0002003DC601002100020024
:04198800000000005B
:0C198C005D7700003D770000B1760000A0
:1019980035C1010037FF010099FF01000000000078
:0C19A800D3FE0100000000000000000061
:1019B400F7000200F9C80100E9000200FF0202007A
:1019C4001D010200450102007901020089010200A3
:1019D400B7010200C501020089010200A70102004B
:1019E400D3010200DF010200EB0102002102020028
:0419F40025020200C6
:101A0000000103FF04FF02000001060201070000BD
:101A1000000102010404040400A0105000820D50D3
:101A20000004055005000000040000000100000053
:101A30000338FDD8704700000000000000000000DF
:101A40000338FDD8704700000000002000000000AF
:101A500006000100020000005C1A02000000000005
:101A60005427020006000000E04F1600000000208E
:101A70005C27020021000000E0EF02202D42000060
:101A80000000000025FD01007C1A0200981A0200E7
:101A90002000000000000000E89700207C1A0200EF
:101AA000AC1A020045000000000000007099002000
:101AB0007C1A0200C01A020047000000000000006B
:101AC000709D002042542043544C52205258000034
:101AD00062745F6863695F636F6E74726F6C6C656C
:101AE00072000000131510FF1A1B12005A6570686F
:101AF0007972204F532076342E332E3000000000B0
:101B000002010101000001000000000000010000CE
:101B1000000201030303030303000000574553546D
:101B20005F544F504449522F7A65706879722F7311
:101B300075627379732F626C7565746F6F74682F3B
:101B4000636F6E74726F6C6C65722F6C6C5F737701
:101B50002F756C6C5F6164765F6175782E63000031
:101B6000657272203D3D2030207C7C2065727220A1
:101B70003D3D202D31323000415353455254494FA1
:101B80004E204641494C205B25735D204020257343
:101B90003A25640A0000000009706172616D313AF3
:101BA00020257520706172616D323A2025750A001A
:101BB000574553545F544F504449522F7A657068CB
:101BC00079722F7375627379732F626C7565746F98
:101BD0006F74682F636F6E74726F6C6C65722F6CAC
:101BE0006C5F73772F756C6C5F7363616E2E63002F
:101BF000574553545F544F504449522F7A6570688B
:101C000079722F7375627379732F626C7565746F57
:101C10006F74682F636F6E74726F6C6C65722F6C6B
:101C20006C5F73772F756C6C5F636F6E6E2E6300E5
:101C3000CD090100DD090100ED090100FD090100E8
:101C40000D0A01001D0A0100C50A0100D50A0100A4
:101C50002D0A0100E50A0100F50A0100050B01004B
:101C60003D0A0100150B0100250B01004D0A010082
:101C7000350B01005D0A0100450B0100550B010009
:101C800000000000650B0100750B0100850B0100D1
:101C90006D0A0100950B010000000000000000002B
:101CA0000000000000000000B50A010008020B025D
:101CB0000A0305020000000000000000020200000C
:101CC00006020000040300000201090300000000F6
:101CD00001030000000000000703000000000301F2
:101CE00000000000F401FA00960064004B0032008E
:101CF0001E001400574553545F544F504449522F0F
:101D00007A65706879722F7375627379732F626C5C
:101D10007565746F6F74682F636F6E74726F6C6C1F
:101D200065722F6C6C5F73772F6E6F726469632FAF
:101D30006C6C6C2F6C6C6C5F6164762E63000000C1
:101D4000300000000925733A2041637475616C20EE
:101D50004556454E545F4F564552484541445F53A2
:101D6000544152545F5553203D2025750A00000010
:101D7000707265706172655F63620000574553540D
:101D80005F544F504449522F7A65706879722F73AF
:101D900075627379732F626C7565746F6F74682FD9
:101DA000636F6E74726F6C6C65722F6C6C5F73779F
:101DB0002F6E6F726469632F6C6C6C2F6C6C6C5F30
:101DC0006164765F6175782E6300000070726570E3
:101DD0006172655F63620000574553545F544F5012
:101DE0004449522F7A65706879722F7375627379DE
:101DF000732F626C7565746F6F74682F636F6E7488
:101E0000726F6C6C65722F6C6C5F73772F6E6F7274
:101E10006469632F6C6C6C2F6C6C6C5F7363616EA8
:101E20002E630000636F6D6D6F6E5F707265706121
:101E300072655F6362000000574553545F544F5012
:101E40004449522F7A65706879722F73756273797D
:101E5000732F626C7565746F6F74682F636F6E7427
:101E6000726F6C6C65722F6C6C5F73772F6E6F7214
:101E70006469632F6C6C6C2F6C6C6C5F7363616E48
:101E80005F6175782E63000073746172745F75739F
:101E9000203D3D20286175785F73746172745F75B1
:101EA00073202B2031552900096175785F6F6666B4
:101EB0007365742025752075732C2073746172749A
:101EC0005F757320257520213D2025750A000000CF
:101ED000707265706172655F6362000057455354AC
:101EE0005F544F504449522F7A65706879722F734E
:101EF00075627379732F626C7565746F6F74682F78
:101F0000636F6E74726F6C6C65722F6C6C5F73773D
:101F10002F6E6F726469632F6C6C6C2F6C6C6C5FCE
:101F20007065726970686572616C2E6300000000F4
:101F3000707265706172655F63620000574553544B
:101F40005F544F504449522F7A65706879722F73ED
:101F500075627379732F626C7565746F6F74682F17
:101F6000636F6E74726F6C6C65722F6C6C5F7377DD
:101F70002F6E6F726469632F6C6C6C2F6C6C6C5F6E
:101F800063656E7472616C2E630000007072657020
:101F90006172655F636200000000000000000000E5
:101FA0000000000000000000000000000000000031
:101FB0000000000000000000000000000000000021
:101FC0000000000000000000000000000000000011
:101FD0000000000000000000000000000000000001
:101FE00000000000000000000000000000000000F1
:101FF00000000000000000000000000000000000E1
:1020000000000000000000000000000000000000D0
:1020100000000000000000000000000000000000C0
:1020200000000000000000000000000000000000B0
:1020300000000000000000000000000000000000A0
:102040000000000000000000000000000000000090
:102050000000000000000000000000000000000080
:102060000000000000000000000000000000000070
:102070000000000000000000000000000000000060
:102080000000000000000000000000000000000050
:102090000000000000000000FFC1FBE84C90728BC4
:1020A000E7B3518963AB232302841872AA612F3BE3
:1020B00051A8E53749FBC9CA0C18532CFD45E39AD2
:1020C000E6F15DB0B61BB4BE2A50EAE90E9C4B5E49
:1020D0005724CCA1B759B887FFE07D742648B9C50D
:1020E000F3D9A8C4B1D5911101420C39D5B0979D4F
:1020F00028D4F29BA4FD6465068C2996FEA2714D3E
:10210000F3F82E58DB0D5A5F1528F57407CE25AF6E
:102110002B12E6D0DB2CDCC37FF03E3A13A4DCE2CA
:10212000F96C54E2D8EAC8880021869C6AD8CB4E64
:10213000146AF94DD27EB23203C6144B7FD1B8A6D1
:10214000797C17ACED06ADAF0A947ABA03E792D763
:10215000150973E86D16EEE13F781F9D09526EF187
:102160007C362A716C7564448010434E35EC6527CB
:102170000AB5FC26693F599901638AA5BF685CD3FB
:102180003CBE0BD67683D657054A3DDD8173C9EB3D
:102190008A8439F4360BF700294176710700000074
:1021A00008000000090000000A0000000B00000009
:1021B0000D0000000F0000001100000013000000DF
:1021C00015000000180000001B0000001F000000A8
:1021D00023000000280000002D0000003300000054
:1021E000390000000103040561C0010031C0010095
:1021F00000000000BDC10100A5C00100B9FF010041
:10220000BFFF010000A0105000820D5000040550D7
:102210001F00000000A0105000000000000000009F
:1022200000C0105001000000FFFF000000820D50B0
:10223000000000000100000000A00D5000000000A0
:10224000FF0700000004055000000000020000002D
:10225000000000000000000000A0105000820D509F
:102260000004055000600C50000000000000000059
:102270009022020040420F00000000100100000008
:10228000000000400000000000810020FF800020CE
:1022900000600C509C22020002000000BC220200E0
:1022A00004000000AC2202000401000024800000B1
:1022B0002580000126800002278000032400000002
:1022C0002600000225060001270600030001000089
:1022D00000A0105000820D500004055008000000BE
:1022E000020000000400000001000000980F02003E
:1022F000A00F0200E00F0200E80F02000010020031
:102300000810020068280200000100000000000020
:1023100048434920756172742054580072302F610F
:10232000313A2020307825303878202072312F61E2
:10233000323A2020307825303878202072322F61D0
:10234000333A20203078253038780A0072332F61F4
:10235000343A2020307825303878207231322F6995
:10236000703A2020307825303878207231342F6C44
:10237000723A20203078253038780A00207870733F
:10238000723A20203078253038780A004661756C22
:1023900074696E6720696E737472756374696F6EA9
:1023A000206164647265737320287231352F706305
:1023B000293A203078253038780A00556E68616EE9
:1023C000646C6564204952516E3A2025640A002AE3
:1023D0002A2A2A2A205553414745204641554C5424
:1023E000202A2A2A2A2A0A00202044697669736949
:1023F0006F6E206279207A65726F0A002020556E18
:10240000616C69676E6564206D656D6F72792061BE
:1024100063636573730A002020537461636B206FDC
:10242000766572666C6F772028636F6E746578745A
:102430002061726561206E6F742076616C69642919
:102440000A0020204E6F20636F70726F6365737394
:102450006F7220696E737472756374696F6E730A3C
:10246000002020496C6C6567616C206C6F61642092
:102470006F66204558435F52455455524E20696E51
:10248000746F2050430A002020496C6C6567616CB2
:1024900020757365206F662074686520455053521F
:1024A0000A002020417474656D707420746F20657B
:1024B00078656375746520756E646566696E6564BC
:1024C00020696E737472756374696F6E0A002A2ACC
:1024D0002A2A2A20425553204641554C54202A2A64
:1024E0002A2A2A0A002020537461636B696E6720D0
:1024F0006572726F720A002020556E737461636B8F
:10250000696E67206572726F720A002020507265D2
:1025100063697365206461746120627573206572FC
:10252000726F720A00202042464152204164647258
:102530006573733A20307825780A002020496D7041
:1025400072656369736520646174612062757320CC
:102550006572726F720A002020496E73747275631F
:1025600074696F6E20627573206572726F720A00F3
:102570002020466C6F6174696E672D706F696E7490
:10258000206C617A79207374617465207072657350
:102590006572766174696F6E206572726F720A007F
:1025A0002A2A2A2A2A204D5055204641554C54208B
:1025B0002A2A2A2A2A0A002020537461636B696E32
:1025C00067206572726F722028636F6E746578740D
:1025D0002061726561206D69676874206265206E94
:1025E0006F742076616C6964290A0020204461744C
:1025F00061204163636573732056696F6C61746910
:102600006F6E0A0020204D4D464152204164647295
:102610006573733A20307825780A002020496E735C
:102620007472756374696F6E2041636365737320A0
:1026300056696F6C6174696F6E0A005265736572DA
:1026400076656420457863657074696F6E20280034
:1026500053707572696F757320696E7465727275E7
:10266000707420284952512000535053454C206922
:102670006E20746872656164206D6F646520646F9C
:102680006573206E6F7420696E6469636174652080
:102690005053500A002A2A2A2A2A2048415244200C
:1026A0004641554C54202A2A2A2A2A0A0020204230
:1026B0007573206661756C74206F6E207665637427
:1026C0006F72207461626C6520726561640A00201B
:1026D000204465627567206576656E740A00202067
:1026E0004661756C7420657363616C6174696F6EAB
:1026F00020287365652062656C6F77290A00415256
:1027000043485F45584345505420776974682072A8
:102710006561736F6E2025780A0A002A2A2A2A2A00
:10272000204465627567206D6F6E69746F722065F5
:102730007863657074696F6E202A2A2A2A2A0A0033
:102740002A2A2A2A2A20257320256429202A2A2A8F
:102750002A2A0A00464C4153485F30005352414DEB
:102760005F300000FFFFFFFFFFFF010400020000D9
:102770000002000000000000000500000000000052
:1027800000000000000000000005574553545F544E
:102790004F504449522F7A65706879722F73756271
:1027A0007379732F626C7565746F6F74682F686FBF
:1027B00073742F6863695F636F6D6D6F6E2E630056
:1027C00062756600415353455254494F4E2046416D
:1027D000494C205B25735D20402025733A25640A0F
:1027E00000636C6F636B4031306530303000726E67
:1027F00067006770696F403130613030300067705A
:10280000696F406438323030006770696F4035302E
:102810003430300000010405020608090F756172AA
:1028200074406336303030000007182323232323FD
:1028300023232323232323230001026D61696E00D8
:102840002A2A2A20426F6F74696E67205A65706861
:102850007972204F53206275696C642076342E3370
:102860002E30202A2A2A0A00737973776F726B71CF
:1028700000286E756C6C29002A666C6F61742A00E2
:102880001F00000000000000FFFFFFFFFF1F00000F
:1028900000000000670000000000000000000000D1
:1028A0000000000000000000000000000000000028
:1028B0000000000000000000000000000000000018
:1028C0000000000000000000000000000000000008
:1028D00000000000000000000000000000000000F8
:1028E00000000000000000000000000000000000E8
:1028F00000000000000000000000000000000000D8
:1029000000000000000000000000000000000000C7
:1029100000000000000000000000000000000000B7
:10292000ADF90100C81002000000000018230020CB
:102930000000000089760000000000002023002035
:1029400000000000C16700000000000028230020F4
:1029500000000000B15A01000000000030230020F8
:1029600000000000C564000000000000000000003E
:1029700000000000000100000853002000000000DB
:1029800000000000000000000002000030530020A2
:102990000000000000000000000000000004000033
:1029A000185300200000000088550020000000009F
:1029B000A1B60000000000009055002000000000BB
:1029C000B15A0100000000009855002000000000EE
:1029D00059B6000000000000A055002000000000D3
:1029E0002967010000000000B85500200000000029
:1029F000B15A010000000000C05500200000000096
:102A0000F1B2000000000000685600200000000045
:102A1000E1CC000000000000705600200000000023
:102A2000D572010000000000F456002000000000F4
:102A3000B15A010000000000FC5600200000000018
:102A400089DD0000000000000457002000000000A5
:102A5000F17A010000000000FC5700200000000097
:102A600000000000000000000458002000000000EA
:102A7000598C0100000000001C58002000000000DC
:102A80000000000000000000585800200000000076
:102A900071E6000000000000605800200000000007
:102AA000B15A01000000000068580020000000003A
:102AB000C5E8000000000000705800200000000081
:102AC000FDF2000000000000545E00200000000045
:102AD0005463002000000000546800200000000043
:102AE00054730020000000005DA101000000000000
:102AF0006C7300200000000025A30100000000000E
:102B00008473002000000000B15A010000000000A2
:102B10003876002000000000C557010000000000CA
:102B20006476002000000000B15A0100000000009F
:102B3000D47B002000000000B15A0100000000001A
:102B4000DC7B002000000000B15A01000000000002
:102B5000E47B0020000000000942010000000000AA
:102B6000EC7B002000000000B15A010000000000D2
:102B7000F47B00200000000009420100000000007A
:102B80000C7F002000000000415400000000000005
:102B9000047F0020000000004154000000000000FD
:102BA000FC7E002000000000C1500000000000007A
:102BB000F47E0020000000004154000000000000EE
:102BC000EC7E002000000000C1500000000000006A
:102BD000E47E002000000000415400006803002053
:102BE00000000000000000000000000000000000E5
:102BF000018100202000000000000000ADC901009C
:102C000000000000FF0000000090D003FF00000063
:102C10000F000000710200009803002098030020BC
:082C2000A0030020A003002026
:102C2800000000000000000000000000000000009C
:102C38000000000000000000C0030020C0030020C6
:102C4800C8030020C80300200000000000000000A6
:102C5800D8030020D8030020E0030020E003002070
:102C68000000000000000000F0030020F003002036
:082C7800F8030020F80300201E
:102C800000000000000000000804002008040020EC
:102C900010040020100400200700070000000000BE
:102CA00000000000881A0200C89800200000000000
:102CB0000000000034040020340400203C04002004
:102CC0003C0400200B000B0000000000000000008E
:102CD0009C1A0200689C0020000000000000000018
:102CE00060040020600400206804002068040020C4
:102CF0000A000A000000000051440000B01A02005F
:042D000038A00020D7
:042D040015E015E0E1
:0400000300003AFDC2
:00000001FF
