:1000000080960020E15D000057F20100CD5D000008
:10001000CD5D0000CD5D0000CD5D00000000000062
:10002000000000000000000000000000A55E0000CD
:10003000CD5D000000000000455E0000CD5D0000C9
:1000400071600000ED6D01007160000071600000E2
:10005000716000007160000071600000716000005C
:10006000716000007160000071600000716000004C
:10007000716000007160000071600000716000003C
:10008000716000007160000071600000716000002C
:10009000716000007160000071600000716000001C
:1000A000716000007160000071600000716000000C
:1000B00071600000716000007160000071600000FC
:1000C00071600000716000007160000071600000EC
:1000D00071600000716000007160000071600000DC
:1000E00071600000716000007160000071600000CC
:1000F00071600000716000007160000071600000BC
:1001000053B94AB9002908BF00281CBF4FF0FF317E
:100110004FF0FF3000F00CB8ADF1080C6DE904CEE3
:1001200000F008F8DDF804E0DDE9022304B07047D0
:10013000704700BF2DE9F04786468C460846089E6A
:10014000154674461946002B40F0C2808542B2FA2B
:1001500082F245D94AB1C2F1200300FA02FC2EFA1C
:1001600003F3954043EA0C0C94404FEA154EA8B2B5
:10017000BCFBFEF8230C0EFB18CC08FB00F943EA8D
:100180000C43994528D9EB1808F1FF3704D299455B
:1001900002D9A8F102072B44A3EB0903A4B2B3FBD5
:1001A000FEFC0EFB1C330CFB00F044EA0344A042AF
:1001B00014D92C190CF1FF3304D2A04202D9ACF1AE
:1001C00002032C44241A43EA07401EB1D440002302
:1001D00034607360BDE8F0874746DDE76346F1E7CA
:1001E00092BB431B01214FEA154EAFB2B3FBFEFC9D
:1001F000200C0EFB1C330CFB07F840EA0343984528
:1002000062D9EB180CF1FF3004D2984502D9ACF159
:1002100002002B44A3EB0803A4B2B3FBFEFC0EFBCD
:100220001C330CFB07F744EA0344A7424ED92C19B0
:100230000CF1FF3304D2A74202D9ACF102032C44E3
:10024000E41B43EA0040C0E7C2F1200320FA03F1B7
:10025000954090402EFA03F303434FEA154EAFB298
:10026000B1FBFEFC0EFB1C10190C0CFB07F841EA5D
:100270000041884504FA02F422D969180CF1FF30D4
:1002800004D2884502D9ACF102002944A1EB08014F
:100290009BB2B1FBFEFC0EFB1C110CFB07F743EA03
:1002A00001439F420ED9EB180CF1FF3104D29F425B
:1002B00002D9ACF102012B44DB1B41EA004192E779
:1002C0006046E3E76146F7E76046A3E76346B7E7C2
:1002D000834206D916B9002108467BE7C6E900E04B
:1002E000F9E7B3FA83F78FB9834201D3724508D88F
:1002F000BEEB020460EB030301209C461EB9002103
:1003000068E73846FAE7C6E9004CF8E7C7F1200C81
:10031000BB4022FA0CF41C432EFA0CF120FA0CF329
:10032000B84001434FEA14490EFA07F5B3FBF9F858
:100330001FFA84FE09FB18300B0C08FB0EFA43EA87
:1003400000439A4502FA07F240D9E31808F1FF305A
:1003500004D29A4502D9A8F102002344A3EB0A0370
:1003600089B2B3FBF9F809FB183308FB0EFE41EA2A
:1003700003418E452CD9611808F1FF3304D28E4514
:1003800002D9A8F10203214443EA0040A0FB0298ED
:10039000A1EB0E014145CE46434602D306D14D4561
:1003A00004D2B9EB020E68EB04030138002EA6D08C
:1003B000B5EB0E0261EB030101FA0CFC22FA07F324
:1003C0004CEA0303F940C6E9003198E74046C5E727
:1003D0004346D9E7000000002DE9F843D0E907388B
:1003E000856903EB08042F34A5420F46164619D839
:1003F000DFF86C80A3FB080117A3D3E90023FFF704
:100400007FFE0346601BA0FB080123F07F4412A37C
:10041000D3E90023FFF774FE20F07F403C6030609A
:10042000BDE8F883DFF838900BA3D3E90023A5FBE0
:100430000901FFF765FE20F07F440A480A2106A360
:10044000D3E90023E8FB0901FFF75AFE20F07F40C3
:100450003C603060BDE8F8838D49FD1A070000005C
:1004600000CA9A3B00166BF12DE9F04F8DB09A4609
:10047000179C9DF85870A36B05460E464BB1B4F817
:1004800078301BB1B4F87610994276D2E06F00282C
:1004900076D14FF6FF739A4521D023780133DBB232
:1004A0002370002B77D058498B7AA1F808A067F306
:1004B00000038B72554BC1E9005204F11000002279
:1004C000C86099600120114606F00AFA002864D13C
:1004D000A36BC4F8905013B120460EF067FB257E45
:1004E00015F0010549D14A4A4A4B11781B788B42D5
:1004F00055D04FF6FF739A45D4F87C80B4F87690C7
:1005000015BF0AF101074FF0000ABFB25746B8F114
:10051000000F2FD0B9F1000F2CD0A26E0AF1010A02
:1005200040F271211FFA8AF301FB02FA3A4A4FF0B6
:10053000070BA6FB02010AFB03F309930BFB061151
:100540002FA3D3E90023FFF7DBFD099B324A1E18D6
:10055000A5FB02010BFB051129A3D3E90023FFF73B
:10056000CFFD50443044804586BFA8EB0606E667C1
:10057000C4F87CA04F44A4F876700DB0BDE8F08FAD
:10058000A16E40F27123A1FB0313814273F10003BA
:10059000FFF47FAFF1E700DE85E700DE98E7013387
:1005A00004210BA8137016F08DFE0B9B1B490095C0
:1005B000A1FB03211A4A0694CDE90355CDE9015563
:1005C00028465D1A01EB5501A21A164D9208A5FBAB
:1005D0000252090A920840F2471505FB1133023214
:1005E000114905910133D2B201210B9307F052FE5C
:1005F00010F0FD0F01D10B9D7BE700DEFBE700BF94
:1006000000CA9A3B0000000004550020C4000020EE
:10061000608000205F8000208D49FD1A21F1D49078
:100620003055002015F9AC1B75D300000000000008
:10063000002900F0B6812DE9F04F8FB0002840F07E
:10064000B2818C4C164694F8802012F001071D46AA
:1006500040F0B181607EFF2300F00300E37615F0E7
:10066000FFFF94F88000430700F1F48094F82920FC
:10067000637F04EB820204EB8303D76AD3F8208004
:10068000002F00F0CF80394640460DF0D3FC002803
:1006900040F0848198F8003013F00E0F40F0F080A5
:1006A0006369002B40F0798108F0C0FD8146002885
:1006B00000F0AC8108F0C6FD0A90002800F0A3818C
:1006C0000FF038FF8346002800F09A81C06E4FF685
:1006D000FF720BF11003ABF824200B93002800F0FD
:1006E00011820BF160020BF15C0106F075F89BF8CA
:1006F000722022F007028BF872200022CBF86C20C7
:10070000ABF8702098F8002002F00F02072A00F0E2
:10071000EB819BF8582022F0770242F011028BF80F
:100720005820012211465448D0F801C0CBF881C1AD
:10073000D200CBF887C110F801CB42EA01219BF827
:1007400080210CF0010C6CF386126CF3C7128BF84D
:1007500080218288ABF88521ABF88B21BBF858202B
:1007600022F4E16211439BF83720ABF8581002F0F5
:100770003F0262F07F028BF837209BF83C2040F666
:100780007F014FF0000A22F00F02ABF8B6104FF4D1
:10079000C0218BF83C20CBF872115846CBE912AA45
:1007A0008BF839A0ABF82AA0CBF82EA0CBF850A03C
:1007B000ABF840A1ABF878A1ABF86EA112F082F8CB
:1007C0008BF844A1CBF8489110F018FA9BF88011EF
:1007D00060F302018BF8801110F016FA9BF880117B
:1007E00060F3C5018BF880119BF842116AF3410157
:1007F0008BF842110BF1C40011F06EFE0A9B636688
:100800000BF11003C4F860906361CBE902AA8BF886
:1008100000A0CBF810B016F0D9FFB0B30CF04CFE2E
:100820000320BBE098F8003003F00F03072B00F023
:10083000B480124817F032F9C0B2002840F0E680C8
:1008400094F8293004EB8303DF6A04233B7006230A
:100850007B7018E7C0F3C0003A4604F1810116F03E
:1008600097F8FF28E0763FF401AF384615F03EFFD9
:10087000FCE600BF30550020E81402005855002067
:1008800003F00F03072B00F04281B14B1B78022BC2
:1008900000F043810023636300252E46637E227EA1
:1008A000E667C3F38206A37EA4F87850C2F342023F
:1008B000012100250DF133008DF8332003EA0109F1
:1008C000A4F8765006F024F90246002861D0334699
:1008D0003946CDF8009040460CF03CFC9D499E4BBB
:1008E0002570A0FB0101C01841F1070196A3D3E9CF
:1008F0000023C4E90255FFF703FCB4F868606060A8
:1009000007F00EFE00F1180746B998F8005005F000
:100910000F05A5F10105B5FA85F56D09237E65F38F
:1009200000032376DB07656800F12081D4F8388066
:10093000B8F1000F6CD1894B8948049505F2471531
:100940000694CDF8088091211D600993A6FB000351
:1009500001FB0631834B0793834B05934FF6FF73DF
:1009600002260DAD039378A3D3E900230D960895D5
:10097000FFF7C6FB032101903B463246CDF80080CD
:10098000404607F027FC294608F0DEFC002800F06E
:100990009B8063690BB10CF08FFD0C200FB0BDE89C
:1009A000F08F0CF0B3BD6A4B1B78022BF5D0002002
:1009B0000FB0BDE8F08F664B1B78022BF7D194F88F
:1009C0002920637F04EB820204EB8303D16A186A57
:1009D0000DF030FB0028E1D1636B002BDDD01A79DC
:1009E00002F0FF0142B942F2107206FB02F2A4F8D3
:1009F0007610A4F87850E2671B79002BD7D0CCE7AB
:100A00000A9808F025FC484608F016FC0720C5E7C0
:100A1000D8F80080AB1C3B440DA940460D9300F074
:100A20006BF9A36E94F8742040F271218146A3FB08
:100A30000131002A40F0D18042F6DC32981841F1B1
:100A4000000140F2E2420023FFF75AFB80B2A8F80F
:100A500034004A460D99404600F08EF98146002840
:100A600097D10DAB089302903C4B3D48049505F29D
:100A70004715069491211D600993A6FB000301FB15
:100A80000631384B0793384B05934FF6FF73022519
:100A900003932DA3D3E900230D95FFF731FB032129
:100AA00001903B462A46CDF80090484607F092FB5D
:100AB0000DA908F049FC00287FF46BAF98F8463088
:100AC00043F0010388F8463094F88030002043F06A
:100AD000010384F880300FF049FA00287FF467AFF3
:100AE000012015F09FFD62E7617E9BF858204909BF
:100AF00061F3020261F306128BF85820A27E02F025
:100B0000010210E60BF16400CBF86C00E9E598F8FF
:100B1000023059067FF5B9AEC2E508F087FB814681
:100B2000002867D008F08EFB00286AD00023C0F8A8
:100B300000900371237E6063DA073FF5ADAE42F2A9
:100B4000107303FB06F6A9E68D49FD1A07000000A5
:100B50005E80002000CA9A3B8C49FD1A2455002073
:100B6000002AE784E586000069040000284B099309
:100B700000200DAA18600226049501950892254DC3
:100B8000254A05920321CDE9020006943B460090D8
:100B9000079532460D9607F01DFB0DA908F0D4FB12
:100BA00000287FF4F6AE0DAA1C4908924AF2D8320A
:100BB00000920591CDE903000321CDE901000795DD
:100BC0003B46069401220D9607F0D0FA0DA908F0D5
:100BD000BBFB00283FF478AFDBE602FB01110132DA
:100BE000A2FB0303194440F2E2420023FFF788FA14
:100BF00080B22CE76369002B3FF408AF0CF05CFC7B
:100C000004E76369002B3FF4FEAE0CF055FCFAE6F6
:100C100024550020E58600006904000019D2000078
:100C20002DE9F041037E477E90F81A808AB00D4688
:100C3000C3F34203044601210DF1230016468DF84B
:100C4000233005F065FFC7F3820708F0010802466C
:100C50003B4631462846CDF800800CF07BFA20490F
:100C6000204AA0FB0131981841F107011AA3D3E9EA
:100C70000023FFF745FA63689842054623D21B1A02
:100C800000220192184A02930221184B0991A21ADC
:100C9000CA40A3FB0232CA4000230A4409AE1449E9
:100CA0000591CDE903330321D2B20696009318468D
:100CB00007F0F0FA314608F047FB40B965600020C4
:100CC0000AB0BDE8F081FAD9C21A0023D9E70C2096
:100CD0000AB0BDE8F08100BF8D49FD1A0700000091
:100CE00000CA9A3B8C49FD1A3055002015F9AC1BFF
:100CF000E5860000000000002DE9F04182B00446C6
:100D00001B4E1C4F88460DF02DFB07253346294608
:100D1000E0FB0731184614A3D3E90023FFF7F0F9ED
:100D200094F8253020F07F4004EB83036060996ADB
:100D3000FF231A4620460DF0B3FA2946E0FB07616F
:100D400009A3D3E900233046FFF7DAF901A920F01F
:100D50007F4014F0ADFE18B9019B0233C8F8003093
:100D6000002002B0BDE8F0818D49FD1A07000000A7
:100D70008C49FD1A00CA9A3B2DE9F04700268CB039
:100D80008846C0E902662049067017464822044694
:100D900005F002FD0546A08E1C4940F2E24202FB2E
:100DA00000F002230B93A0FB010115A3D3E900235C
:100DB000FFF7A6F90DF12C0ACDF820A006941946EC
:100DC00063681F44124B0793124B0593814600231F
:100DD00010464FF47A72CDE90367FFF791F90335B6
:100DE000EDB2CDE9019043462A46009630460321F4
:100DF00007F0BCF9514608F0A7FA0CB0BDE8F0873F
:100E00008D49FD1A070000000856002000CA9A3BD1
:100E1000E5860000A1E3000070B590F803C01CF067
:100E2000010F14BF00F10A04041D1B481CF0020F3F
:100E300015461E464FF00702A1FB000318BF0634FB
:100E400002FB01311CF0080F11A3D3E9002318BFE6
:100E50000234FFF755F9AD1B10492844A1FB0031BE
:100E60000D09490C04D00E4BA3FB003001214509AC
:100E7000A2782078657022F01F02C5F3042361F385
:100E8000C71013432070A370204670BDAFF30080DD
:100E900000CA9A3B000000008D49FD1A89888888A5
:100EA000B5814E1B000000002DE9F04F93B0D0F843
:100EB00038B00A9000241094DBF80030944909936C
:100EC0004822184605F068FC0A9BCDF82CB0D3F8F0
:100ED00090A0CDF83CA0FF22C51C8DF83720012240
:100EE000EDB20A9252460E94AA460DF144090DF154
:100EF00040080EAF02269B4615460BE0119B4BBBEC
:100F00000F9BAB422AD19DF83730FF2B31D09A4549
:100F100034D00F9D7F4BCDF81890CDE90443CDE937
:100F20000244CDE900780FAB0DF137020221002019
:100F3000119607F091FA0228E0D1119B022BDDD126
:100F40000221002007F0D4FA119B022BF8D0119B4C
:100F5000002BD5D000DE0F9BAB42D4D00A9A531E93
:100F6000DBB2002A00F0C6800A939DF83730FF2BD1
:100F7000CDD100DE9DF837309A45CAD1109C664924
:100F80000E9DA4F57422A2F510728A425B46DDF82C
:100F90002CB007D904F1E874013D04F5D4340E9562
:100FA00004F5A5745D4ACBF80C50A2FB0424A40CF4
:100FB000CBF81040197F587F10948142CAB204D0F8
:100FC0000132D2B2022A08BF002203EB8202597E0C
:100FD000D2F82080BBF8087098F80120C1F3820194
:100FE00003297BD9997ED30001F0010252002B33F3
:100FF0000132934003F5BC731FFA83FA484E4FF059
:101000000709A5FB06013EA3D3E9002309FB05114F
:10101000FFF776F8434A04EB000CA2FB0C120AF52A
:10102000967A22F00F011FFA8AF3A1EB1212B3EBAA
:10103000420F1FD9099B3C489B8E40F2E24202FBC3
:1010400003C4A4FB000130A3D3E90023FFF758F841
:1010500020F07F45A5FB060129A3D3E90023CBF8A7
:101060000C5009FB0511FFF74BF80137241ACBF898
:101070001040BFB22246294600234046FFF7CCFE6F
:10108000DBF80C300999099D0133CBF80C3091F84D
:10109000452091F84430934202EB420305EB4303B1
:1010A00018BF81F8442093F83D30062101FB02521D
:1010B0000446E98E383203F03F03384614F0A0FDB1
:1010C000237860F30503237007F02AFA0F9907F0DD
:1010D00029FA2C280AD813B0BDE8F08F8B180933F1
:1010E000DB004910CB401FFA83FA87E700DE13B01C
:1010F000BDE8F08F00DEFF230A9304E7AFF3008022
:1011000000CA9A3B000000008D49FD1A070000004C
:10111000085600209DE30000BFBDF07F83DE1B4327
:101120008D49FD1A8988888800CA9A3B0000000012
:101130002DE9F04FA5B00D461E4640F201232E9931
:101140000F92AB432F9A0C9104460D9200F0F78159
:10115000637F04EB830305F4007BD3F820A09AF8A7
:10116000007007F00F07072F10D0BBF1000F04D15C
:101170000C27384625B0BDE8F08FD6F8012031782D
:10118000204625B0BDE8F04F0CF0B0BF9AF8023011
:1011900013F03F0218BF9AF803208DF880200AF15F
:1011A00004020A92BBF1000F02D07F2B00F27D8176
:1011B0000C9904F11C0016F00DFD9AF8002003783C
:1011C00002F00F0223F03F03134302464FF00008E2
:1011D00002F8023B9AF80230139282788DF87C80F4
:1011E0009B0963F387128270A26B814604F11000A1
:1011F000002A00F0D882537D02EB830399691368BB
:101200001493CB780B910231129103F001018DF808
:10121000883011910D99099302F1140016F0DAFC4F
:1012200099F8001002780B9B01F00F0122F03F02A9
:101230000A4302701A780178C2F3801262F38611B1
:1012400001701A78C9B2D20962F3C711017099F816
:1012500002208178920962F3871181709DF88020C5
:10126000012115EA010380460E938DF88410099B35
:1012700002EA010040F00781002800F048819AF856
:10128000000098F800C00E99C0F3801060F3861C2F
:1012900088F800C099F8000061F3861089F8000012
:1012A0000AF10A010A911198002840F044810B9834
:1012B0000430099003F0020190071D9140F105816F
:1012C0000A9906310A919DF8841041F002018DF8C7
:1012D00084109AF8001098F800C0C909404661F3DC
:1012E000C71C00F810CB99F800106FF3C71189F8EC
:1012F000001003F0020111B109990631099112F0B1
:101300000801189102D00A9902310A919DF87C10C7
:1013100041F008018DF87C10811C0E9115F0080138
:1013200000F0D18002213170D6F801101791C6F873
:10133000010005369DF8841041F008018DF88410F5
:1013400013F00801199102D009990231099112F0A4
:1013500010011A9102D00A9903310A919DF87C106C
:1013600041F010018DF87C1009F10901109103F092
:1013700010011B91E90640F19A80811CC6F801100A
:101380009DF8841041F010018DF884100321317014
:10139000053603F01001002900F09180002116911C
:1013A0000999033109919DF88410C90644BF411D74
:1013B0000E91520611D50A9A01320A92627E02F00B
:1013C0001C02102A00F00E829DF87C2042F04002A0
:1013D0008DF87C2009F10A0210925B0608D5099B62
:1013E000013309939DF8843043F040038DF8843035
:1013F0009DF88430159313F040031C9302D00E9B8C
:1014000001330E93109B139A981AC0B2022803D886
:1014100009F1030310930120099B129A9B1ADBB276
:10142000022B03D80B9B0333099301230B9A5278A9
:101430009A42C0F0AA800E9908F1020CA1EB0C0CA4
:101440005FFA8CFCBCF1020F04D808F103010E9185
:101450004FF0010CBBF1000F73D096F800B0D6F836
:101460000110D51AEDB2099B3570C6F8013005366A
:10147000BBF1000F40F09580002940F08081099970
:101480005A465B4668E016F801EB98F800C06EF328
:10149000861C88F800C099F800C06FF3861C89F894
:1014A00000C000283FF4FFAEFAE6122761E60F996C
:1014B000C9063FF56EAF03F0100100297FD103F09C
:1014C000100116916FE7179134E70E9908F10A00A1
:1014D00000297FF408AF03F00201002967D09DF8CE
:1014E00084000B9940F002008DF88400087898F889
:1014F00000C00E99C00960F3C71C404600F810CB2D
:1015000099F800C061F3C71C89F800C0F4E611988F
:1015100000283AD00B9998F800C008780E99C0F3CB
:10152000801060F3861C88F800C099F8000061F311
:10153000861089F800000B990A310991BAE600DE9D
:1015400006E66D0523D40F99890500F11881D31A99
:101550000999DDB25A465B4605EB020EBEF1FB0F60
:101560003FF707AE0CEB05071744FF2F30DD0CF1FA
:1015700001035B442B44CA45337000F0A1810B9BEF
:10158000984500F098814527F3E51F27F1E596F887
:1015900000B00999D51AEDB2D6F801305A46053691
:1015A000DAE75D464FF0000B5A465B46D4E799F800
:1015B00000C00E9961F3C71C89F800C09FE69DF832
:1015C000841041F010018DF8841009991691E7E616
:1015D00099F8022089F80100013860F3050289F8C2
:1015E000022098F802200E9E0C930CF1FF3060F35D
:1015F000050288F802200BEB0502624488F80120FE
:1016000030462A461EF0F8FE0C9B23B15A46194676
:1016100070191EF0E3FE98F802309A0600F0AD80D3
:101620009DF87C305B0640F1F4800A9A109912F81C
:10163000013C01F8013C531E0A934B1E10931A9B68
:1016400013B10A9B033B0A93109E637E16F8032C8A
:101650006FF3050206F8032C5D0916F025F9322810
:101660008CBF0020012095FAA5F3002DB3FA83F377
:1016700008BF4FF0FF335B0106F8013C16F8033C4E
:1016800060F386136FF3C71306F8033C002306F8D4
:10169000023C1B9B13B1099B033B0993159BDF067F
:1016A00002D50E9B033B0E93169B23B10E9803228B
:1016B00019461EF0A1FE189B13B10A9B023B0A9328
:1016C000199B13B1099B023B0993179B002B00F058
:1016D000E580179A537812781B0203F470631A435B
:1016E0001098D1B200F8051C94F87230C3F30303CC
:1016F0001B0103EB122300F8043C0E9800F8021CB7
:1017000094F87230C3F303031B0103EB122300F8B8
:10171000013C159B9E076CD40238159BDD0709D54B
:10172000119B002B00F0D080099B991F06380622E0
:101730001EF062FE99F802300B9899061CBF9DF8C6
:101740007C3089F8033098F802309A061CBF9DF867
:10175000843088F80330A57E637E169A05F0010573
:101760004FF496745B094146009501940DF032FAEE
:10177000149B93F84630DB075AD40027F9E499F814
:10178000023089F80100013860F3050389F802305E
:1017900098F8023088F801C00CF1FF3C6CF30503A7
:1017A00088F8023037E70DF097F91490002800F020
:1017B0009780DDF850C0CDF844809CF825300CEBC4
:1017C00083030122996A0B91084610F8023B12909C
:1017D00003F03F034A700B7081F803800CF1100294
:1017E000434617E59DF8842042F040028DF884209E
:1017F000F3E51D9B002B6AD0099B063B09930E99CC
:101800001A6841F8082C9B8821F8043CA1F10800D3
:1018100083E71C9B002B3FF412AF099A0E9912F834
:10182000013C01F8013C531E09934B1E0E9306E741
:10183000149C20460CF096FD2F4A304B0721E0FB0C
:10184000023118462AA3D3E90023FEF759FC656844
:1018500020F07F44AC423ED22E1B0025149F284925
:10186000022348223846239304F096FF002325499B
:101870000195C21C23AD0591CDE9033303210296E6
:10188000D2B200931846069506F004FD294607F0EB
:101890005BFD00287FF46CAC7C606EE794F87230DE
:1018A000194903F00F0331F81320501C21F81300DD
:1018B000C2F30B0214E70D9AA36B12785A7562E615
:1018C0000C9B1B7863775AE60A9B991F2EE70A9BAD
:1018D000063B0A9393E77FF650AF651B0026BDE7F2
:1018E000CA457FF446AC00DE43E400BFAFF300809E
:1018F0008D49FD1A0700000000CA9A3B8C49FD1A69
:1019000008560020E5860000E45500200000000095
:1019100070B5294C9DF810E094F8625015F002055E
:1019200042D110F0080F4FEA500605D094F8C6C017
:101930001CF0020F38D1643471B3A4F84C104FEA94
:10194000401C94F838101D484FEACE0E0EF0180EC9
:101950000CF0200C4CEA0E0C21F038014CEA010C82
:1019600094F8441084F838C066F3020184F84410F7
:1019700094F8621063F3830184F86210A2FB000301
:10198000912101FB02310AA3D3E90023FEF7B8FB42
:101990002065A065284670BD94F8443061F30203C9
:1019A00084F84430284670BD0C25284670BD00BF21
:1019B0008D49FD1A0700000090560020002AE78498
:1019C00010B504469DF80800A2874FEA411CC000EC
:1019D00094F8281000F018000CF0200C4CEA000CD1
:1019E0000B4821F038014CEA010CA3FB00029121C5
:1019F00084F828C001FB032103A3D3E90023FEF7E9
:101A00007FFB206410BD00BF8D49FD1A0700000058
:101A1000002AE784000000002DE9F04F90F86230C2
:101A200090F83820DFF83092DFF830826FF300034F
:101A3000044600F14601C3F3800060F386128DB0C6
:101A400084F8623084F8382006F010FE94F83820CC
:101A5000B4F84C308248246102F07902002684F800
:101A600038209121A3FB000201FB0321C4E9026697
:101A700077A3D3E900232670FEF742FB794AA36DD2
:101A80002365A4EB0905A2FB05251833C5F347150B
:101A9000984205EB450296BF0346636060600746C7
:101AA00048F8223098BF26654FEA450A002D5AD1E2
:101AB00099F8A83003F00703032B72D84FF0000BFE
:101AC00006F02EFD636900F11806002B00F08380FC
:101AD0000DF12C09AA4408EB8A030993CDF8209054
:101AE0000694B4F84C305E484FF00008A3FB0002A7
:101AF000CDF80C80912101FB0321636804935A4BBC
:101B000007935A4B05934FF0020A51A3D3E90023E0
:101B1000CDF82CA0FEF7F4FA104619464FF47A726D
:101B20000023FEF7EDFA05355E44EDB2CDE9017014
:101B3000032133462A46CDF80080404606F04AFB92
:101B4000494607F001FC002841D194F8623043EA8D
:101B50000A0384F862300CF04BF9002856D00020BC
:101B60000DB0BDE8F08F012DA8D199F84430DB0706
:101B7000A4D5266D002EA1D0B9F84C30384891215B
:101B8000A3FB000201FB032131A3D3E90023FEF7ED
:101B9000B7FA87424FF0000B47D00023C8F80C304B
:101BA0008EE7266D002E89D0B9F8B0302C489121EF
:101BB000A3FB000201FB032125A3D3E90023FEF7C9
:101BC0009FFA874226D00023C8F8003076E70C2021
:101BD0000DB0BDE8F08F0DF12C09CDE90A33616835
:101BE0004B460AAA032001F043FD00287FF472AFA0
:101BF0000B991F4816A3D3E90023A1FB0001FEF7B0
:101C00007FFA0A9B20F07F461E4463E7504614F09B
:101C100009FDA4E7D9F8B43033449F42D3D302334B
:101C20009F429CBF193E6660CDE7D9F850303344DF
:101C30009F42B2D302339F42AFD8193E6660D9F8B3
:101C40005030C4F850B0C9F850B003F1020BA4E70B
:101C50008D49FD1A0700000090560020785600209C
:101C6000002AE7841F85EB51E586000021F900007A
:101C700000CA9A3B000000002DE9F04F0B79082BB9
:101C800093B00C46074609D0092B00F07981062B4A
:101C900000F0CC8100DE13B0BDE8F08FD1F80890E1
:101CA000D9F82C30002B40F03B82D9F80080404618
:101CB0000EF028F90530C3B20B930420A37E2760F1
:101CC000002666F38613A37694F82130E660002B95
:101CD00000F04C8104F1220A3546B64694F82220E1
:101CE000910600F03F8194F823C01CF0010F14BF4F
:101CF00004F12A0104F124011CF0020F18BF06317F
:101D00001CF0040F18BF01311CF0080F18BF02317E
:101D10001CF0100B1CBF8B4603311CF0200F18BFAA
:101D200012311CF0400F18BF0131C2F30502A1EBC4
:101D30000A010132D2B2C9B28A4238BF0A469A4277
:101D40003ABF9A1A5FFA82FA4FF0000ABBF1000F0D
:101D500000F08E819BF802109BF801C00A0202F489
:101D6000F85252EA0C0200F08381BEF1000F40F0FD
:101D7000A9815F294FEA511C00F2D6819BF800101F
:101D80000C9101F03F0EBEF1240F00F2CD810C99B1
:101D900011F0800F14BF4FF496711E210D9101FBBD
:101DA00002F2410740F1D781D800A37EC3F380033C
:101DB0005B002B30013300FA03F303F5BC730D997C
:101DC00003F5967E50187045C0F08F810C99B64887
:101DD00049064CBF32214FF4FA7102FB01F1A0FB1E
:101DE0000101890C0C910121CDE90E3201FA0CF3AD
:101DF000D8B2109315F054FB61690F9A0E9B1190A5
:101E00002F390A44D31A0C9A1B1AA8489B1AA3FB11
:101E10000001A3A3D3E90023FEF772F920F07F436A
:101E20000E9394F91A30002B80F25481002D00F0AB
:101E30009E81AB8D53449BB21E2BAB8504D994F984
:101E40001A30002B80F2D380AB6A002B00F0A58102
:101E5000DC60AB8DAC62A3839BF80010109BB28852
:101E600001F03F0141EA032122F4E76240F23F73AF
:101E700022F007020B401343B38094F91A30002B71
:101E8000C0F28D81B8F1000F00F0978198F86230B0
:101E900013F0010340F02F81D9F82C20B24208BF83
:101EA000C9F82C30737903F00703032B00F25C812F
:101EB00003F10902D2005B10DA40119B7B4803F268
:101EC000053313447A4A0721E3FB0021104674A32B
:101ED000D3E90023FEF714F90C9B0D9A2F3302EB84
:101EE000430320F07F4068600022B360022101209C
:101EF00004F0C2FC0B9AFF2A0DD023690E99002032
:101F0000453B0B44CDE90000012106F0DBF910F060
:101F1000FD0F40F0698167493022284604F03CFCFF
:101F200065492369CDE907156449CDE90515696857
:101F300002460020CDE9030107320E990091CDE958
:101F40000100453BD2B2012106F010F910F0FD0F5F
:101F500040F0488101220221104613B0BDE8F04F45
:101F600004F08ABC013BDBB2002D3BD1A3832146A8
:101F7000384607F073F913B0BDE8F04F07F07AB9AF
:101F80008E684C4B35689D4260D1D5F82090B9F1F0
:101F9000000F00F0D08047493022084604F0FCFBD7
:101FA0000730C3B20B93D9F800000DF0C5FF80468F
:101FB000707900F0070002286ED004286AD001284A
:101FC0007FF468AE062394F81AE02371002273466A
:101FD00062F38613A37694F821302760E260002B29
:101FE00040F0FB80AA8D13449BB2AB85A383B8F16C
:101FF000000F7ED098F86230AA6ADB077BD4D460E9
:102000002B6AAC62002B7AD02B6A002B79D02B780C
:1020100003F0FF0233B3012A7ED1AB68002B7DD1E0
:10202000274BC5E9023513B0BDE8F08FD1F8089011
:10203000D9F82C30002B75D1D9F8008040460DF02E
:1020400061FF0530C3B20B93012037E6CB68002B4C
:102050007CD01D682A6A964272D1B1461E46FF2383
:102060000B93A0E7284613B0BDE8F04F0EF006B87A
:10207000002D48D0AB8D53449BB2AB85A383BEF1FA
:10208000000FB4D0AB6A002B43D0DC60AC6213B05D
:10209000BDE8F08F082396E7072394E7AFF30080AD
:1020A0008D49FD1A0700000083DE1B4300CA9A3BDE
:1020B0008C49FD1A84570020DD0001003500010025
:1020C000CD000100002D38D0AB8D53449BB2AB85C1
:1020D000A383D7E706F024FA23690E9A383B9918B0
:1020E00006F020FA02023FF5A1AE002D7FF47FAF8B
:1020F0003DE700DE7EE7AB6AA342C6D1CBE500DE5A
:1021000082E700DE83E7A4F81CA0BEF1000F3FF4D5
:102110002EAF00DEAB6AB8E700DE7EE700DE7FE7C9
:1021200000DEC2E500DE87E795B1AB8D53449BB27C
:10213000AB85A3835BE700DE2DE7A4F81CA0E8E7EE
:1021400000DEB1461E46FF230B932CE700DE80E73E
:10215000A4F81CA00BE700F0030E73440933DB0066
:10216000C0F34000C3402AE64FF43472A5E61F488E
:1021700004F0E4FA054610B30023027D0370C0E9C1
:10218000023363F3C712A0F82CA00061027543620A
:102190008362C0F8209000F110066C6259E6D9F80D
:1021A0002C30B3B9C9F82C60A37E43F04003A3766A
:1021B00033796FF3861333716DE500DE66E694F9CB
:1021C0001A30002BBFF6D3AEA37E43F04003A376B4
:1021D000CDE6B342E6D000DEE4E7CEF3C00E04F174
:1021E000220A7BE500DEB5E600DE94E6805700209B
:1021F0002DE9F04F05468BB08B4601200221994610
:10220000144619F047FA002202218246012004F008
:1022100033FB33494FF4C872284604F0BDFA00F18D
:102220000806304B0093F6B201954B463246012129
:10223000002006F0CDF810F0FD0F48D12A4BA4FB8A
:102240000348204624A3D3E900234146FDF758FF65
:10225000264B20F07F47A7FB03310722E01A02FB41
:10226000071168EB01014FF47A720023FDF748FF74
:10227000CDE90170CDF800B008950695696895F92B
:1022800037401B4804911B4931EA240128BF01460D
:102290000591194C07944FF6FE7103914B46324657
:1022A0000121002005F062FF10F0FD0F0DD1BAF101
:1022B000000F02D10BB0BDE8F08F012202211046C1
:1022C0000BB0BDE8F04F04F0D7BA00DEEFE700DE58
:1022D000B4E700BFAFF300808D49FD1A070000008E
:1022E000F80400200904010000CA9A3B8D49FD1A38
:1022F000E154010055560100F10301000000000007
:102300002DE9F0418468A28C4FF6FF739A428CB09D
:1023100044D00546204610F0A3FD2B7D012B00F094
:102320003181022B00F02481002B00F0038194F80E
:102330004461002E40F01F812B8AE78D94F93720ED
:10234000CDE90A666BB3002AC0F27B810023A4F8B2
:102350007431AB7CA28D03F00303551C012BADB28D
:102360003AD0B4F87831002B00F01581AB4240F23E
:102370007B815B1B9BB20022062BA4F87831E2859F
:1023800040F2068194F937309342C0F27281002303
:1023900025E09DF8271020460EF050FD0CB0BDE85A
:1023A000F081002AB8BF84F8B960AB7CA28D03F03D
:1023B0000303551C012BADB20ED0B4F87431002BC1
:1023C000CFD0AB4240F25F815B1BA4F87431B4F80C
:1023D0007831002BCAD102E00023A4F8783194F8B8
:1023E0003C2063F3820284F83C2029460DF1270249
:1023F000204610F0A3FA7430CBD0B4F872312BB170
:10240000AB4240F20F815B1BA4F87231B4F86E311D
:102410002BB1AB4240F2FD805B1BA4F86E31E58D21
:1024200016B9AF4200F0EC800135ADB294F8B5308A
:1024300013F0010723D1DDE90A130A46002B40F00F
:10244000EF80002900F0DE801F461846A28C246928
:102450000694CDE903560832AB4D0290CDE9001742
:10246000D2B201210020059505F014FF10F0FD0FF8
:1024700094D006F093FF844290D000DE8EE794F96A
:1024800037206FF30003002A84F8B530C0F29E8035
:1024900094F85800C0F3C00100F0070014F0FEFFEC
:1024A00094F8583003F00703032B00F29D8003F1EA
:1024B0002801C9005B10D94094F85930B1F5A07FCC
:1024C00003F0070338BF4FF4A071032B00F295808F
:1024D00003F12802D2005B10DA40B2F5A07F38BFCA
:1024E0004FF4A072E38B03F2093303440B4413440B
:1024F0008648874A0721E3FB0021104680A3D3E9E1
:102500000023FDF7FDFDDDE90A1320F07F4260683E
:102510006260904235BF171A801A002000270A46D1
:10252000002B93D151EA070C90D100286AD01946AC
:102530001F468BE794F8723003F01803182B7FF4D2
:10254000F6AE218DB4F870218B1D9A42C4BF931F43
:102550005B1AB4F86C11CCBF9BB21346994200F0E1
:10256000AE80A4F86C31A4F86E31A4F87221DEE6D6
:102570003D2684F84461314620460CB0BDE8F04168
:102580000EF05CBC0023A4F87231A4F86E31CEE6E4
:102590000126334623E7E28C052A97BF013240F239
:1025A000E2434FF4FA7392B203FB02F2B4F87631CD
:1025B00042F2107101FB0323013BB3FBF2F39BB228
:1025C000A4F87831002B7FF4D1AE08E794F85900D5
:1025D000012100F0070014F063FF94F8583003F075
:1025E0000703032B7FF663AF94F8593003F007031A
:1025F000032B4FF429617FF66BAF4FF4296271E72B
:10260000354613E7002D43D00027114638463B4698
:102610001CE70023A4F86E31204610F021FAFEE6F4
:10262000384613E706F05CFE0146A0B30023A4F889
:102630007231A38CC3801B230371006806F020FE57
:10264000E4E694F8B9306BB3013B84F8B93004F197
:10265000C40840460FF082FFB8B340460FF07EFF3B
:10266000B8B30023E38571E6082120460EF0E6FBAF
:1026700094E6A7B9D4F8BC305A0813F0010336D158
:10268000C4F8BC2083E63E2120460EF0D7FB85E649
:10269000002EB9D182E60123A4F87231B6E61346C2
:1026A00001269CE60AAA0BA92846FDF795FEDDE95E
:1026B0000A231343CBD0237884F8B930C7E7B4F8A2
:1026C000721100297FF433AE4DE7FF200EF04EFB70
:1026D000C3E70246D4E9170104F096F80028C0D1F8
:1026E00094F83C301B0744BF238DE3852EE642F06F
:1026F00000421E46C4F8BC203B4670E6AFF30080A3
:102700008D49FD1A070000004904010000CA9A3BE8
:102710008C49FD1A000000002DE9F04F87B0B0F899
:102720004071BDF84C900091CDE90432B0F804310D
:10273000BDF840A01F44BFB20446A7EB090390F8C0
:102740005800D4F8FC809EB2BDF844300193C0F329
:10275000C001BDF84830039600F00700029314F062
:102760009DFEE58C052D40F21D8115FB06F5ADB2F1
:1027700040F2E24BBAF1050F40F2088194F858207C
:102780004FF0961302F00702E361032A4FF096031D
:10279000238440F2D98094F8592002F00702032ADA
:1027A0004FF4296300F2E18002F12801C9005210C0
:1027B00021FA02F2B2F5A47F38BF4FF4A472134499
:1027C00000F29F300344844A84480721E3FB002140
:1027D00010467FA3D3E90023FDF792FC564620F074
:1027E0007F4040F2E2430BFB05F203FB06F6531E6B
:1027F0003344B3FBF6F31FFA83FB606006FB0BF078
:1028000082425D4680F0B4807449801AA0FB0101C9
:102810006FA3D3E90023FDF773FC20F07F408044D1
:10282000B4F80421B4F84031A9EB07094D44ADB226
:1028300013442B44A4F84031638D13441D4494F891
:1028400037306585DB0900F0B580216CA36C634FE0
:1028500001FB0233039A01FB1233A3640023C4F883
:10286000C03015F021F8054694F8B800C0F34200D6
:1028700015F01CF8054406FB05F5594B564805F5BF
:10288000742505F23F25A3FB0535AD0CA36C25642B
:102890000BFB05FB72085B44963A934228BF134634
:1028A000C4E91123059B40F2E24909FB03F3072128
:1028B0002365EBFB070146A3D3E90023FDF720FCCA
:1028C000049BA8EB00084748A0FB0330800A09FBE3
:1028D00000F0A0FB07013EA3D3E90023FDF710FCA5
:1028E000751B20F07F47019B2385029BA4F876315E
:1028F00031462046A4F826A010F04CF83A4B218D22
:102900003344881DB3FBF6F39AB29042A4F87021C9
:1029100004D2C1F57F41FA310A4492B2009BA4F877
:102920006C2113B10023A4F8783143462A46394676
:102930002046FFF75DFC94F8423143F0010384F830
:10294000423107B0BDE8F08F02F12803DB005210DE
:10295000D34094F85920B3F5A47F02F0070238BFA2
:102960004FF4A473032A7FF61FAF4FF4296226E7C2
:10297000121A1A48A2FB000115A3D3E90023FDF7A0
:10298000BFFB20F07F40A8EB000849E74FF096130B
:102990000AF10106E36196232384B6B219204FF4AD
:1029A000FA7320E7039B013515FB03F5ADB24FF435
:1029B000FA7BDFE6049B0948A3FB000104A3D3E9EB
:1029C0000023FDF79DFB20F07F47354601378AE75E
:1029D0008D49FD1A070000008C49FD1A00CA9A3B78
:1029E00083DE1B435917B7D17FC3C9010000000024
:1029F0002DE9F04F04460B6890F820701668D3F864
:102A000000A0E38CD0F8220095B015464A7CADF8C2
:102A10004C30FF2AC7F3801388460C9212908DF831
:102A20003F3040F0208299461A4612AB93E80300EB
:102A30000DF1400B1090ADF84410FF090AF1870129
:102A4000D4F800C00A915B463846CDF82CC00EF091
:102A5000E1F80A99002840F0EE8196F880310A905A
:102A600069F3C71367F3861386F880311098BBF8B3
:102A70000430C6F88701A6F88B31DAF88730C6F83B
:102A800081318B88A6F88531638E94F83410A97251
:102A90002B81D4F82E306B60D4F83E30C5F822304C
:102AA00005F1220094F842300371052104F030F85A
:102AB00095F8273000F03F0060F3050385F82730D4
:102AC00094F84330C3F3040185F82810218FE9827C
:102AD000012803F01F0389B240F2AD811B3303F0DC
:102AE0001F030B2B00F2A781063989B240F67A4307
:102AF00099420A9A00F29F81D8F800305A60638F99
:102B00002B83E98ADAF8382040F2E24303FB01F72D
:102B1000E18E0A91002A00F013829AF8191040F60B
:102B2000C41240F6A6637F2988BF1A460D92002181
:102B300030460FF043FF94F8433096F8B8205B0915
:102B400063F3430286F8B82014F0AEFE814696F88F
:102B5000B800C0F3420014F0A9FE09EB000307FB24
:102B600003F3D34A03F5742303F23F23A2FB0323A9
:102B70009B0C2B637B08963B6B6394F8353040F2DB
:102B8000E24202FB03F36B64A38FA6F87631394669
:102B900030460FF0FFFEC74BC74AC6F87C213B44C6
:102BA000B3FBF7F39AB2A6F87021298B881D8242F5
:102BB00004DDC1F57F41FA310A4492B2A6F86C21D6
:102BC0006B68C6F8BC30DAF83830002B00F0B381FF
:102BD0004FF00109E20700F1BB814FF480732384B9
:102BE0009AF81B0013F0ECFF04F12F03002800F00B
:102BF0005581A26AC4F82F20A28D9A800C9BFF2BCE
:102C000000F0A081BDF84C301298A4F82D30C4F823
:102C10002900BBF80430A4F8273010989DF83F3005
:102C2000C4F8230084F82230EB8AE3862B8B2387B9
:102C3000B6F87631638796F8B830C3F3420384F868
:102C40003C3030460DF082FC0823A882E08085F8F5
:102C5000A730D8F804B00B98214606F0FFFAAB8AEB
:102C6000ABF806301C23DBF800408BF80430B9F1D8
:102C7000000F40F02F818BF820900AF03BFD0028D8
:102C800040F03B815946204606F0FAFA95F8483064
:102C900003F00703032B00F2FE8003F1280B4FEA39
:102CA000CB0B5B102BFA03FBBBF5A47F38BF4FF4B3
:102CB000A47B95F8490000F00700032800F2E880A3
:102CC00000F12804E4004310DC40B4F5A47F38BFD1
:102CD0004FF4A474012114F0E3FB8146774A78484D
:102CE0005C4409F29F3323440721E3FB02014FF0C8
:102CF0009613C5E903336CA3D3E90023FDF700FA6B
:102D000020F07F407060D8F80C300A982A6B40F2AF
:102D1000E24101FB00342F3C0D9BA41ABD1A022195
:102D2000002201201C4403F0A7FDDAF83830A4EBA0
:102D30000904A3B11F6838460BF07EFEC21C614B2C
:102D40000097D2B20121002005F000FB012800F01D
:102D5000088197F846306FF3000387F846305046F5
:102D60000BF02AF8074655484FA3D3E90023A4FBEC
:102D70000001FDF7C5F9CDF804A0D8F80830514995
:102D8000009120F07F4BBA1C453BD2B25B4401213D
:102D9000002005F01DFB012800F0DC809AF81830B7
:102DA000DB0700F1A28030460DF0D0FB434BA5FBC2
:102DB000035904463CA3D3E9002328464946FDF7BE
:102DC0009FF9D8F80830404A0792A3F145083F4BD5
:102DD000069620F07F47A7FB0331E81A3C4B05938A
:102DE0004FF4F873089373684FF0000ACDE903A31A
:102DF0004FF0070303FB071169EB01014FF47A72EF
:102E00000023FDF77DF90834E4B2CDE90170CDF877
:102E100000B0434622460121504605F0A7F910F0C4
:102E2000FD0F40F0A58001220221104603F024FD91
:102E300015B0BDE8F08F0022CAF8082095F82C30B4
:102E40000B9862F3000385F82C30E56801262146D3
:102E5000267106F003FA28682E71294606F010FA4A
:102E600015B0BDE8F08F0DF1400B10460DF13F019C
:102E70005A4613F0C9F89DF83F9094F8207009F174
:102E800002095FFA89F98DF83F9009F00102D4E553
:102E90004FF429641EE74FF4296B0AE7C4F82F00AA
:102EA0009880ABE6AFF300808D49FD1A0700000063
:102EB00083DE1B437FC3C901404B4C0000CA9A3BD1
:102EC0008C49FD1A69550100B95401008D49FD1A5C
:102ED000E154010095F8273043F0400385F827308E
:102EE000281D12F089FE2885C5E6002301220093E3
:102EF0001846114605F02AFA55E75946204606F0CD
:102F0000ADF9DAF834B05046DBF800400AF054FF6F
:102F100010F0FF000DD100231222ABF806008BF851
:102F200008308BF80420AA8AABF80A208BF8093005
:102F3000A8E600DEEFE794F82030C3F3401949E635
:102F40000D93F4E50022C4F82920A4F82D2060E6B2
:102F500000DE42E606F022FA82453FF41FAF00DEB3
:102F60001CE706F01BFA87423FF4F3AE00DEF0E602
:102F700000DE58E7000000002DE9F04F8DB09B46C1
:102F8000BDF864300893CDE90601BDF868309DF8BE
:102F90005C80BDF860A09DF86C90039200200593C2
:102FA0000CF0FCFF002800F09C8008F001070546AB
:102FB000384605F04BFB04902FB1062103F000FCCE
:102FC000002800F09880169B04995A4638460DF068
:102FD00021FE002840F0818001200CF0DFFF064632
:102FE00000287ED019F0040F7FD04369002B00F039
:102FF000848006F1100494F8343069F3020384F8F5
:1030000034306368002B00F08D80D4F804900BF00E
:103010000103D9F80050089399F84800C0F3C001A3
:1030200000F0070014F03AFA94F8342002F0070296
:10303000032A68D802F12801C900521021FA02F2CD
:10304000B2F5A47F38BF4FF4A4725200B9F80E1045
:1030500000F209330B441344B348B44A0721E3FB9D
:1030600000211046AEA3D3E90023FDF749F820F074
:103070007F406860039D284613F014FBA38E03F085
:10308000BF0363F0FF03A386002D3FD0A8F1020326
:10309000012B40F22D8196F86210089868F38301A5
:1030A00086F8621094F8341060F3451184F83410F7
:1030B00016990968A16016998988A1810599A1824C
:1030C00003990091DDE9062320460021FEF778FCF4
:1030D000B06500200DB0BDE8F08F0B200DB0BDE84D
:1030E000F08F0C200DB0BDE8F08F6B6943B105F196
:1030F00010042E467FE71220F0E76B69436178E702
:1031000043696B61F3E74FF4A9529FE713F05EFE4A
:103110000028BBD0039A1699584613F039FC84F85E
:103120003500B3E706F082F80990002800F0F2803D
:103130000DF000FA0546002800F0E980143003F095
:10314000FBFC05F11009002840F0E680032105F1A1
:10315000180014F091F8E86E089B2B854FF6FF726B
:10316000A5F826A0AA84002800F0CD8005F15C0116
:1031700005F1600203F030FBB5F8582022F4EF624D
:1031800022F0070242F48C7242F00102A5F85820A6
:1031900095F8722022F00702002385F8722040F68D
:1031A0007F02EB66A5F870306B85C5F82E30A5F868
:1031B000B62005F1320012F0C9FC95F8372060F313
:1031C000050285F8372001210DF12F0014F054F885
:1031D000059A9DF82F10A5F87621554AA2FB010209
:1031E000D20802EB4202A1EB820195F8372002F0EF
:1031F0003F0285F8372095F83C20053122F0070280
:1032000040F2E24085F8381085F83C20298D494A83
:1032100000FB0AFA06205244A5F8740101F1060CDD
:10322000B2FBFAF290B20023604585F83930A5F878
:103230004031A5F87831A5F87231A5F86E31A5F8BE
:10324000700102DD0638401A80B2A5F86C012846EC
:103250000FF038FB514628460FF09CFB4FF0000A58
:10326000099BC5F8483185F844A10DF0C7FC95F8D5
:10327000802160F3020285F880210DF0C5FC95F8ED
:10328000802160F3C50285F8802195F842216AF318
:10329000410285F8422105F1C4000FF01DF995F8AF
:1032A00080210BF0010363F3C71285F880214FF0F2
:1032B0009612C5E907220893169B1A68C5F887215C
:1032C00095F880219988049BA5F88B1168F38612E4
:1032D00085F880211A68C5F881219A88A5F885218A
:1032E000C4F80490C5E902AA85F800A02D6193E610
:1032F000002013F0FBF994F8343043F04003B84653
:1033000084F83430C7E605F16400E8662EE70998D2
:1033100005F092FF0720E1E600DE17E7AFF300803B
:103320008D49FD1A0700000000CA9A3B8C49FD1A1E
:10333000ABAAAAAA7FC3C9012DE9F04F04468DB0FC
:1033400090F82070A38D806AADF82C30E3070E460C
:103350001546C7F3C0110A90C7F3401700F11C814E
:1033600000232384B37C707C13F001031CBFD4F8CA
:103370002230C4F82F3004F12F0214BFE38CC4F8BC
:103380002F30FF28938004F1290804F1230200F074
:10339000E18004F1220112F037FE94F82230BDF8EA
:1033A0002C200A98C4F82900023384F82230A8F8A7
:1033B00004203368D3F800A0EB8AE3862B8B2387A5
:1033C000BAF82430638714F06DFA84F83C00D5F81D
:1033D000009048460DF0BAF80021A882E0804846E7
:1033E0000FF0ECFA082385F8A730D6F8048020689F
:1033F000214605F033FFAB8AA8F806301C23D8F825
:10340000004088F80430002F40F0B38088F8207026
:103410004146204605F034FF95F84800B5F816B04F
:10342000F46840F2E243C0F3C00100F0070003FB80
:103430000BFB14F033F80022A4EB0008022101205A
:1034400003F01AFA50460CF05DFD594CA8FB0448F5
:1034500055A3D3E90023054641462046FCF750FE1C
:10346000CDF804A0B3685349009120F07F476A1D4E
:10347000453BD2B23B440121002004F0A9FF10F0EB
:10348000FD0F40F08D8001200CF070FD054678B1F5
:1034900082457AD028460CF035FD421D464B0095FA
:1034A000D2B20121002004F051FF10F0FD0F75D1C0
:1034B0004FF0000A534604220121CDF800A05046E7
:1034C00004F044FF48460DF041F80546384836A35D
:1034D000D3E90023ABFB0001FCF712FE1946374B82
:1034E000B6680893364B069340F27233CDF81C90C1
:1034F0000993D9F804308346CDE904A3104600238C
:103500004FF47A72FCF7FCFD2E4B0722A7FB033128
:10351000CDE902B002FB0711E01A68EB01014FF49C
:103520007A720023FCF7ECFD0835453EEDB2CDE99B
:10353000007033462A460121504604F033FE10F055
:10354000FD0F2FD10122022110460DB0BDE8F04F32
:1035500003F092B90023BDF82CC00A98C4F82930B2
:10356000A8F8043084F82210C4F82300A2F804C09C
:103570001FE795F8273043F0400385F82730281DD2
:1035800012F03AFB0127288540E700200CF0EEFC02
:10359000054600288CD07DE700DEE1E600DE87E707
:1035A00000DE70E700DECDE78D49FD1A0700000060
:1035B00000CA9A3B215601002D56010025560100F4
:1035C000555601008D49FD1A032838B50D4610D017
:1035D0000838C3B20F2B11D880B20CF0BFFF0446DD
:1035E00060B190F93730002B0BDA40682860204634
:1035F00038BD00200BF0C8FA0446D8B90024204694
:1036000038BD90F85800C0F3C00100F0070013F077
:1036100045FF154A00F5C55314481F330721E3FB46
:10362000002110460EA3D3E90023FCF769FD20F02A
:103630007F40DBE7FF2211460BF0AEFA0B4A0A4B44
:103640000721E0FB0231184605A3D3E90023FCF76C
:1036500057FD20F07F402860204638BDAFF3008042
:103660008D49FD1A070000008C49FD1A00CA9A3BDB
:1036700070B588B01E46134606AA029207AA0192A8
:1036800005AA00920024224A079412F07FF9FF282D
:1036900034D0069B1F480721A3FB000201FB032136
:1036A00019A3D3E90023FCF72BFD044600B13E34F7
:1036B000079D1949059BA5F57422A2F510728A424F
:1036C00014D814480721A3FB000201FB03210EA319
:1036D000D3E90023FCF714FD104BA3FB053504EBE5
:1036E000954404443460002008B070BD05F1E875CD
:1036F00005F5D435013B05F5A575E2E76FF0090046
:10370000F2E700BFAFF3008000CA9A3B0000000060
:10371000815901008D49FD1ABFBDF07F83DE1B4337
:103720002DE9F043C668476873683D491A68D0F8C8
:103730000090A7F57423A3F510738B4283B08046E5
:1037400007D907F1E87707F5D43709F1FF3907F50D
:10375000A57773685168DD8ACDF8049006F11003EF
:1037600001AA0220FFF784FF00284ED10199A1EBA6
:1037700009031B0237D40846494604F0D3FE03462A
:1037800028480721A3FB000201FB032122A3D3E960
:103790000023FCF7B5FC34690444002C346109DBD8
:1037A00040F2E24305FB03F3A3422FD2E41AA34203
:1037B000FCD33461D8F800301A48A3EB0903A3FB0B
:1037C0000002072101FB032113A3D3E90023FCF727
:1037D00097FC154BA3FB0737A0EB974020443061C3
:1037E00003B0BDE8F083484604F09CFE03460D4854
:1037F0000721A3FB000201FB032107A3D3E9002358
:10380000FCF77EFC3469241AC7E73469002CD1D157
:1038100003B0BDE8F08300BF00CA9A3B000000007F
:10382000BFBDF07F8D49FD1A83DE1B430000000001
:10383000F0B5C468636883B00546002B5CD117F00F
:103840004DF894F92C0017F077F8A17A607A01F01E
:103850000101C0F3820017F059F8627A252102F0C5
:103860001C02082017F0CEF8414B019301A817F075
:10387000B5F8404940F25B6017F088F9237AC3F34A
:10388000420262F306132372204614F017FA13F073
:103890009DFA58BB637A9B071FD127682E6838466C
:1038A00013F0B4FD06446A6806F11801012017F010
:1038B00019FC17F05BFD20460AF08CFA811C324699
:1038C000C9B2384613F0A4FD054610BB204613F0DC
:1038D0004FFDE0B9002003B0F0BD012012F062FE00
:1038E0004178821C007817F09DFBD6E7607A10F0D3
:1038F000030018BF0120F1E793F82C309A079ED0FF
:103900001D48214616F0BEFF17F0DAF8E2E700DEA8
:10391000E0E71A4A1A491B4840F211431BF045FBE5
:10392000194B0721A5FB030301FB05310EA3D3E9C6
:103930000023FCF7E5FB1549024615481BF035FB53
:10394000002585F31188BFF36F8F0323184602DF2C
:103950001048214616F096FF17F0B2F86FF08B0072
:10396000B9E700BFAFF3008000CA9A3B0000000037
:10397000D6BE898E55555500897501003C0B020055
:10398000880B0200C00902008D49FD1AB80B020025
:103990008C0B0200B97801002DE9F047C46884B0AF
:1039A000002307460DF1070104F1140066688DF845
:1039B000073014F045F90546002800F0DD80337B20
:1039C00006EB8303D3F8108098F8003003F00F0360
:1039D000072B40F0C78003A9404614F007FC0028DD
:1039E00040F0C880039A002A00F09F8093785178B5
:1039F0001B0203F4F8530B4300F09780238992F8DD
:103A000000A00133238116F069FF96F92C0016F00F
:103A100093FF96F80990B17A4FEA591901F0010124
:103A2000484616F073FF4FEA8902FF21082016F07E
:103A3000E9FF6B4B029302A816F0D0FF0AF03F0A91
:103A4000684940F25B6017F0A1F8504613F0F2FCB1
:103A500098F802303F2B36D8AB789A0602D0EB7834
:103A6000DB0669D4002360482362214616F00AFF72
:103A700017F09CFA284616F0FBFF26683D68304692
:103A800013F0C4FC054405F118017A68012017F011
:103A900029FB17F06BFC20460AF0D8FFC11C2A4610
:103AA000C9B2304613F0B4FC054600286AD120465E
:103AB00014F0AEFC204613F05BFC00285ED1002021
:103AC00004B0BDE8F0870DF1070106F1180014F00D
:103AD000B7F88046002853D02146444816F0D2FE5D
:103AE000962017F0F3FA484617F0FCF99DF80730D6
:103AF000A3B913F06BF958B9737A9907BAD00120BA
:103B000012F050FD4178821C007817F08BFAB1E773
:103B1000707A10F0030018BF0120F1E76B68C8F855
:103B200004302B89A8F80830E3E73148214616F025
:103B3000A9FE16F0C5FFC2E720462946256214F00B
:103B40003DFC21462B4816F09DFE4FF4967017F071
:103B5000BDFAB37A03F0010319464A46484617F006
:103B6000EBF987E700DE03A9404614F03FFB00288D
:103B70003FF438AF00DE35E700DE20E700DE9EE7E9
:103B800000DEA9E71C4A1D491D484FF4A4731BF031
:103B90000CFA1C4B0721A5FB030301FB05310EA307
:103BA000D3E90023FCF7ACFA1749024617481BF08B
:103BB000FCF9002585F31188BFF36F8F03231846A6
:103BC00002DF0948214616F05DFE16F079FF6FF01E
:103BD0008B0075E7AFF3008000CA9A3B000000003D
:103BE000D6BE898E555555002982010051820100AB
:103BF0006D8301002D840100C40B0200880B0200BC
:103C0000C00902008D49FD1A140C02008C0B020041
:103C10002DE9F041C46894F92830002B8CB0C0F233
:103C2000E680636805460E46002B40F0D58094F888
:103C300028306FF3000384F8283016F04FFE94F913
:103C4000440016F079FE94F83400012100F00700DA
:103C500016F05CFE94F8342092000820252102F032
:103C60001C0216F0CFFE94F8343023F01803012024
:103C700084F8343005F032FC002800F0BF8020309A
:103C800016F0F0FE764B0B930BA816F0A7FE7549C5
:103C900040F25B6016F07AFF94F82800C0F3410010
:103CA000253013F0C7FB7048214616F0EBFD94F861
:103CB00028309B0603D46368002B00F08A8096208E
:103CC00017F004FA00231A461946184617F01EF991
:103CD00013F07CF8002840D194F8283013F0180F26
:103CE00057D1D4F800802F68404613F08FFB07446B
:103CF0006A6807F11801002017F0F4F917F036FB95
:103D000017F06CF920460CF009F9411DC9B2404684
:103D10003A4613F07DFB8046002875D116B9236C16
:103D2000002B3FD163687BB12A68504BA2616A685F
:103D3000E26104F11801996064620122022100200D
:103D400002F0CEFD00285DD1204613F011FB0028C3
:103D500056D100200CB0BDE8F08194F82800C0F3E3
:103D6000C00012F01FFC07460DF12B0012F050FFAF
:103D700079788046BA1C387817F054F994F83420D2
:103D80009DF82B009200414602F01C0217F088FBC0
:103D9000A7E7012012F006FC4178821C007817F09A
:103DA00041F99EE7324A0792324A059240F2F312F5
:103DB00000930892CDE90366CDE9016606943B467F
:103DC0003146042204F0D2F910F0FD0FAAD000DE33
:103DD000A8E717F0EBF87BE7636893F82C30D90776
:103DE00005D4636893F82C309A077FF520AF2248FA
:103DF000214616F047FD16F063FEAAE700DE3EE717
:103E000000DEA6E700DE9FE71C4A1D491D4840F280
:103E1000E5131BF0CAF81C4B0721A8FB030301FBA9
:103E200008310DA3D3E90023FCF76AF917490246CC
:103E300017481BF0BAF8002585F31188BFF36F8F80
:103E40000323184602DF1348214616F01BFD16F027
:103E500037FE6FF08B007DE700CA9A3B0000000040
:103E6000D6BE898E55555500393F00003C020020D2
:103E7000B98701003988010089750100200C020012
:103E8000880B0200C00902008D49FD1A6C0C02006B
:103E90008C0B0200F988010038B5044614F0E0FCF0
:103EA00094F8283094F82820C3F34103013303F039
:103EB0000303032B08BF002363F3420214BF03F183
:103EC0002500252084F8282013F0B4FA63680BB18C
:103ED00023694BB904F024FBC11C002017F064F9DE
:103EE000BDE8384017F042BA17F0E4F9054604F08F
:103EF00017FBC11C002017F057F917F037FA17F01D
:103F0000D9F9294604F00EFB094A03460721A0FB14
:103F1000020201FB032104A3D3E90023FCF7F0F81C
:103F200023691B1A236138BD00CA9A3B00000000B8
:103F30008D49FD1A000000002DE9F04F8DB00446B8
:103F400016F00EFE10F0FF0013D1FF238DF82900AC
:103F50008DF827008DF82A308DF8283013F0BAFA42
:103F6000A348214616F08EFC16F0AAFD0DB0BDE860
:103F7000F08F16F017FE054617F088F88DF8270029
:103F800017F08EF88DF8280017F0FCFA8DF829004C
:103F900017F0DAFA8DF82A0017F03AF8064617F00B
:103FA00013F8EDB2074613F095FA002DD8D0012092
:103FB00005F094FA0546002800F0F88195F82030C5
:103FC00003F00F03072B05F1200900F0E5809DF8B1
:103FD0002730002B3FD19DF82980B8F1000F40F029
:103FE000FD8042464FF0FF0A41465346204614F0FA
:103FF00095FE0028B4D09DF8298095F820206168AE
:1040000000238DF82B30F6B202F00F0300294AD0BE
:10401000616891F82C10880745D4072B40F0EA809E
:1040200094F834305A079BD094F8282012F00102FB
:1040300096D10DF12B010191CDF800A04B46012145
:10404000204614F0B3FE002840F0A18095F82030FF
:1040500003F00F0379E094F828009DF82810C0F3CE
:10406000C00012F0DFFD9DF829809DF827208246D0
:10407000BAE7012B46D195F821200C2AE6D195F814
:104080002020CDF800A0194600230193D20905F1A4
:104090002803204614F016FD002840F0B88095F85B
:1040A000203003F00F036BBB95F821309A1F1F2AB5
:1040B00044D894F8282002F02102202A08D1D4F80C
:1040C00004B0BBF1000F00F09D81063B1F2B35D8DB
:1040D000636833B195F8203003F00F03072B7FF4AA
:1040E0003FAF9DF82B50009733465246414620463D
:1040F000019514F03DFD00283FF432AF10307FF4FD
:104100002FAF33E7062BCFD04521D94011F0010165
:1041100040F05681012B11D195F821300C2B95D10F
:1041200095F82020CDF800A00DF12B030193D209C2
:1041300005F12803204614F0C5FC40BB95F820305B
:1041400003F00F03072B3FF46BAF042B7FF408AF92
:1041500095F82130063B1F2B3FF602AF94F828302C
:10416000DB077FF5FDAE16F02BFD95F820300278C9
:10417000C3F38013B3EBD21F7FF4F2AE08300622F4
:1041800005F122011CF05AF900287FF4E9AE95F8F8
:104190002130002B9CD1E3E60DF12A0301930DF1B0
:1041A000290300930DF127020AAB4946204615F07A
:1041B000E3FA9DF827308346002B40F0DE809DF81F
:1041C0002980B8F1000F40F0F3804FF0FF0ABBF1F7
:1041D000000F3FF412AF9DF8272005E79DF82A0055
:1041E00012F044FD9DF829809DF827208246FBE6C9
:1041F0002589010094F82810090740F1CA80002B96
:104200007FF437AF95F82130063B1F2B96D804205A
:1042100005F064F900283FF4A3AE17F0AFF8236C63
:10422000074643B9A38F40F2712202FB03F3B0FBB0
:10423000F3F203FB120723685A68B14B0721A2FB74
:10424000030301FB0231ACA3D3E90023FBF758FFC2
:10425000A0F2D3431F3B62EB0202BB4272F10002A9
:10426000FFF47EAE16F0A2FE63680793504612F08C
:10427000B5FC94F834305B06814640F11B81002880
:1042800000F018818346012716F09AFCCDE9027BE5
:104290000BAB049305F12203019395F82030C3F38F
:1042A000801301460746009300220123204614F0A4
:1042B000EDFD384616F0DCFB16F048FC002840F017
:1042C00017819048214616F0DDFA002E40F0F98063
:1042D000626892F82C3043F0010382F82C3094F895
:1042E000283043F0800384F8283005F013F91722B2
:1042F00002714FF6FF72C28095F820E006463B46F9
:10430000CEF3401E00F1200207F1200C1D68586812
:104310009968DF68D760103363451560506091601D
:1043200002F11002F2D11B68136096F82030B460DD
:104330006EF3451386F8203016F0BCFFB8F1000F7D
:1043400030610B9B736108BF4FF0FF0A86F819A01C
:1043500094F8343013F0400303D0B9F1000318BFD0
:104360000123B27E63F30002B27605F0D3F8314642
:10437000F060306805F0FCF8F8E594F828009DF846
:104380002810C0F3C00012F04DFC9DF82980824631
:104390001DE7BAF1FF0F8DF82CA0C2F3801B12D0DD
:1043A00094F8352052453FF42AAF7CE600DE05E65E
:1043B0009DF82A0012F05AFC9DF82980824606E7F3
:1043C00095F8213081E605F122010BAA58460791A4
:1043D00012F0A0FC079900283FF461AE94F8343045
:1043E000C3F340135B457FF45AAE062204F1080084
:1043F0001CF024F800287FF452AE95F8203003F02A
:104400000F03FCE6962016F061FE584616F06AFD92
:10441000CDE9007B334641465246204614F0A8FBC6
:1044200000287FF49DAD16F0CBFB064603223378BF
:1044300062F30303337095F820303278C3F38013AE
:1044400063F3C7120C2332705046737012F0C6FB30
:1044500094F8342057063AD5C8B33178324641F043
:10446000400102F8021B0168C6F80210838893809D
:10447000D5F82230B360EB8CB381304616F0F8FAF1
:1044800016F064FBB0BB16F071FF94F8283043F0CF
:10449000010384F8283095F82030190705D194F8E5
:1044A000343043F0080384F834301748214616F0BE
:1044B000E9F95BE594F8287004F1360BC7F380172F
:1044C000E2E616F095FD079B83F8A60000E794F856
:1044D00028303278C3F3801363F38612334603F82F
:1044E000022BD4F83620C6F80220628F9A80BFE7EC
:1044F00000DEE6E600DEC6E700CA9A3B00000000E8
:104500008D49FD1AC18901003989010000000000B0
:104510002DE9F047C46882B007460DF1020120463C
:104520000BF05AFE90F92830002BC0F2D880436877
:104530000546002B40F0C8802379854A6FF3861327
:1045400023710023138016F0C9F995F9440016F081
:10455000F3F96079012100F0070016F0D7F96279CC
:1045600092000820FF2102F01C0216F04BFA0120F5
:1045700004F0B4FF002800F0B980203016F072FA81
:10458000744B019301A816F029FA734940F25B605D
:1045900016F0FCFA207900F03F0012F04BFF2146A4
:1045A0006E4816F06FF9962016F090FD627902F0D1
:1045B000070201231046002116F0A8FC12F006FCA9
:1045C000002859D195F8283013F0180F73D1D4F87A
:1045D00000903E68484612F019FF06EB00087A6822
:1045E00008F11801002016F07DFD06466079D4F828
:1045F00008A000F00700012116F04CFA064460798B
:1046000000F007000228564434D004280CBF4FF4B1
:10461000BC73282301211E4416F03EFA304416F0E4
:104620005DFE16F0A3FE16F0D9FC20460BF0CAFD85
:10463000C11D4246C9B2484612F0EAFE06460028AD
:104640005AD16B686BB13B68AB617A68444BEA61E5
:104650006D620122183502219D6002F041F90028A7
:1046600048D1204612F084FE002841D1002002B03B
:10467000BDE8F0871823CDE795F82800C0F3C00007
:1046800011F090FF06460DF1030012F0C1FA7178A7
:104690008046B21C307816F0C5FC62799DF80300A4
:1046A000C2F30202920042F00202414602F01E02F0
:1046B00016F0F6FE8BE7012011F074FF4178821CA2
:1046C000007816F0AFFC82E7436893F82C30DA07E5
:1046D00005D4436893F82C309B077FF52DAF214814
:1046E000214616F0CFF816F0EBF9BFE700DE44E7FD
:1046F00000DEBBE700DEB4E71B4A1C491C4840F261
:1047000051231AF052FC1B4B0721A6FB030301FBAC
:1047100006310DA3D3E90023FBF7F2FC164902464C
:1047200016481AF042FC002585F31188BFF36F8FFD
:104730000323184602DF1248214616F0A3F816F0AC
:10474000BFF96FF08B0092E700CA9A3B00000000AF
:104750004E800020D6BE898E555555000D9801001B
:104760005C02002075930100800C0200880B02009F
:10477000C00902008D49FD1A180D02008C0B0200C1
:10478000D98F0100000000002DE9F04F8FB00546E1
:104790000E46174616F0E4F910F0FF0015D1FF237E
:1047A0008DF831008DF82F008DF832308DF83030D3
:1047B00012F086FE002E5CD07E48314616F062F87C
:1047C00016F07EF90FB0BDE8F08F16F0EBF9044655
:1047D00016F05CFC8DF82F0016F062FC8DF83000AE
:1047E00016F0D0FE8DF8310016F0AEFE8DF83200D6
:1047F00016F00EFCC3B2079316F0E6FBE4B2069087
:1048000012F05EFE9CB3032004F068FE044670B311
:1048100090F8203003F00F03072B00F1200A26D177
:1048200090F821301BB30DF1320301930DF13103E8
:1048300000930DF12F020CAB5146284614F09CFF5B
:104840009DF82F208346002A40F0A6819DF83190E4
:10485000B9F1000F40F0C6814FF0FF08BBF1000F27
:1048600028D043464946284614F058FA10BB002E7B
:10487000A2D195F83430D90640F1898104F04AFE7E
:104880000146002800F0C3820A230B718D60EB6A99
:104890000868CB6004F06CFE95F83430DA0640F11D
:1048A00076816FF30413444885F83430294615F0B7
:1048B000E9FF85E76B6800228DF833202BB16B6828
:1048C00093F82C1011F002017CD06B68002B00F0E3
:1048D00075816B68002BCAD1002E00F0AA81337954
:1048E0001B0612D4EB6A1BB193F90430002B0CDBCE
:1048F0000DF1330300220193CDF800805346114699
:10490000284614F053FA0028B1D0A6603379A27E6D
:10491000C3F3801363F30412A276337943F0800368
:1049200033710023EB6204F0F5FD16F0C3FC206147
:1049300016F024FD06998346384616F0ADF8A37E9E
:10494000069A62F38203A376079BABEB00006061DB
:10495000002B40F02F817F20A37E9DF8332020760E
:10496000B9F1000F03F0F70308BF4FF0FF0862F33F
:10497000410384F81980A376002E00F03B81069A4B
:104980000E4B00963946504614F054FEA37E092281
:1049900060F3C713A37620682271214604F0E8FD76
:1049A00094F91A30002BFFF60DAF054A1388013336
:1049B000138001E7D98F0100E98C0100B593010054
:1049C0004E80002094F822305B067FF57EAFCDE963
:1049D000008153460122284614F0E8F900283FF4EC
:1049E00074AF002E00F00682042004F077FD00284A
:1049F0003FF4E2AEB34616F0C1FC2B6C824643B9DD
:104A0000AB8F40F2712202FB03F3B0FBF3F203FB26
:104A1000120A2B68A0485B680721A3FB000201FB78
:104A200003219BA3D3E90023FBF76AFB0346780726
:104A300000F1EF8107F0030202F12B01C7F3400000
:104A4000C9001732D200C1405B1AC2406FF48161C5
:104A50000B449B1A1F3B62EB0202534572F10002AA
:104A6000FFF405AF404612F0B9F895F834300990DC
:104A70005A0640F1D881002800F0D58108904FF007
:104A8000010A16F09DF8089B0DAACDE902A3049235
:104A900004F12402019294F82020069BC2F38012B4
:104AA00001468246009228463A4614F0EFF95046F5
:104AB00015F0DEFF16F04AF8002840F0EC8116F001
:104AC00055FC962016F002FB384616F00BFA734898
:104AD000594615F0D7FE079B002B40F0C3816A684A
:104AE00092F82C3043F0010382F82C3095F82830EE
:104AF00043F0800385F8283004F00CFD1722027182
:104B00004FF6FF72C2800446534600F120020AF1BC
:104B1000200E1F6858689968D3F80CC0C2F80CC002
:104B20001033734517605060916002F11002F0D1AC
:104B30001B68136094F82030A56043F0200384F8CC
:104B4000203016F0B7FBB9F1000F0D9B206108BFB4
:104B50004FF0FF0884F81980636195F8343013F042
:104B6000400303D0099B003B18BF0123A27E63F3DF
:104B70000002A27604F0CEFCE060CBF80C40002EE0
:104B80007FF420AE464A1388013313801AE6E96A9F
:104B9000444815F077FE13E695F828009DF830108C
:104BA0000892C0F3C00012F03DF89DF83190089AC9
:104BB000804653E616F01CFAC0B2CDE695F82830D0
:104BC0009B067FF586AE002E70D03379580600F133
:104BD000058194F822207F2A75D86A68002A3FF45C
:104BE0007FAEE9E59DF83200089212F03FF8089A8E
:104BF000804633E6069A2C4B00953946504614F011
:104C000019FDA37E092260F3C713A37620682271E1
:104C1000214604F0ADFC94F91A30002B80F20B8190
:104C200095F8343043F0100385F834300FB0BDE808
:104C3000F08FEB6A1BB193F90430002B16DB0DF1FA
:104C4000330300220193CDF80080534611462846D5
:104C500014F0ACF800283FF40CAEEB6A33B995F8C9
:104C60003430D8063FF50AAE002191E7A560EB6A23
:104C7000E3601B79A27EC3F3801363F30412A27670
:104C8000EA6A137943F0800313714CE6AFF30080B6
:104C900000CA9A3B000000008D49FD1A4D910100A9
:104CA0004E800020D98F0100B5930100EA6A002AE6
:104CB00000F0B480137959063FF50BAE94F822301A
:104CC0007F2B7FF606AE0DF1330300220193CDF862
:104CD000008053461146284614F068F800283FF437
:104CE000F8AD042004F0FAFB00283FF4C0AD962094
:104CF00016F0ECF9384616F0F5F815F061FF037878
:104D0000032262F30303037094F820300278C3F3A4
:104D1000801363F3C7120C2302704370824640462F
:104D200011F05CFF95F834305A0640F18980002874
:104D300000F086809AF80020534642F0400203F8C3
:104D4000022B0268CAF8022082889A80636ACAF835
:104D50000830238DAAF80C30504615F089FE15F066
:104D6000F5FE002840F0958016F000FB04F0D2FB21
:104D700009232371002E7FD04848A660314615F0E4
:104D800081FD337943F04003337116F093FA2061CB
:104D900016F0F4FA06990546384615F07DFE079B95
:104DA0002D1A6561002B63D17F21A27E9DF83330DF
:104DB000217602F065025B00B9F1000F42F00802B3
:104DC00023F07D0308BF4FF0FF081343206884F8E9
:104DD0001980A376214604F0CBFBF3E4EA6A002AAB
:104DE0007FF468AF6A68002A7FF4E6AC1B067FF5A3
:104DF0007FAD8AE5D5F82CB0BBF1000F3FF42FAFA3
:104E0000042004F06BFB00287FF4F5AD31E500DEF3
:104E10003AE5A3F535634FF4CA6217E66B68002BD9
:104E20003FF40DAF25E595F828A005F13603CAF348
:104E3000801A089325E61A4A1388013313802BE55C
:104E400095F828309AF80020C3F3801363F3861294
:104E5000534603F8022BD5F83620CAF802206A8F91
:104E60009A8073E716F0C4F86B6883F8A60036E6FC
:104E700016F0BEF8C1B298E7A560EB6AE360094896
:104E8000214615F0FFFCEA6A137943F040031371E1
:104E90007BE700DE68E700DE11E600BF2591010038
:104EA0004E800020FD9001002DE9F043C468A28AE5
:104EB0004FF6FF739A4283B000F00281064614F069
:104EC00029FD3389628B208CA3831A4492B210444B
:104ED00094F82730E28380B2411C21845D064FF0B4
:104EE0000001618304F1220100F1AA8003F03F0078
:104EF0000B4694F82810009004F1290010F034FEBD
:104F00000546D4E90C31A26BA08BA36303FB0022FE
:104F1000E36B8A4294BF9B185B188B4228BF0B46F9
:104F2000626C216CE3630A4494F8493062640022A5
:104F300094F82C10226494F86220C3F3020363F304
:104F4000061112F0040284F82C1000F08A8015F08B
:104F5000C5FC94F9A70015F0EFFC201D15F03EFDEF
:104F60002389A17A40F25B6043EA014115F00EFE0D
:104F7000284612F05FFA2146594815F083FCA089B3
:104F800016F0A4F894F8482094F84900C2F3C0033E
:104F9000002102F0070200F0070015F0B7FF2046DD
:104FA00014F078FDD4F800803768404612F02EFAED
:104FB0000744726807F11801002016F093F8814643
:104FC00016F0A8F9002016F0BFF9E36B94F8490039
:104FD00003F12F02636C00F00700012103EB42058F
:104FE00015F058FD4D44054494F8490000F00700C1
:104FF000022834D004280CBF4FF4BC7328230121AD
:105000001D4415F049FD284416F068F915F0E6FF37
:10501000A18A08313A46C9B2404612F0F9F905466C
:10502000B0B1B37A13F0020629D000252D482146ED
:1050300015F028FC15F044FD284603B0BDE8F083C8
:105040000A4603F03F03218D10F0DAFD054658E7CC
:10505000204612F08DF9002839D10025ECE71823FD
:10506000CDE7D4E9130101F0CFFB00287FF46FAF47
:1050700094F8623043F0040384F8623067E71A4A18
:105080001A491B4840F2591319F08FFF194807219C
:10509000A5FB000301FB05310FA3D3E90023FBF7B8
:1050A0002FF815490246154819F07FFF86F311883D
:1050B000BFF36F8F0323184602DF6FF08B05B5E750
:1050C0000F48214615F0DEFB15F0FAFCC5E700DEBF
:1050D000C3E700BFAFF3008000CA9A3B00000000A6
:1050E000E59C010041750100240D0200880B0200BF
:1050F000C00902008D49FD1A780D02008C0B0200D8
:105100008975010000000000F0B5C468A28A4FF65E
:10511000FF739A4285B000F0AF80054614F0FAFBA9
:105120002B89628B208CA3831A4492B2104494F88A
:105130002730E28380B2411C21845E064FF00001DB
:10514000618304F1220168D403F03F000B4694F818
:105150002810009004F1290010F006FD06462046B4
:1051600003A914F057FD039B94F862101A7861F3B9
:10517000C3021A70039A94F862301178C3F34003A3
:1051800063F38201117015F0A9FB94F9A70015F0E3
:10519000D3FB201D15F022FC2389A17A40F25B602D
:1051A00043EA014115F0F2FC304612F043F903994D
:1051B000204614F005FD2146374815F063FBE089D1
:1051C00015F084FF94F8490000F0070015F08AFEFE
:1051D00027682E68384612F019F9064406F11801BE
:1051E0006A68012015F07EFF16F0C0F8A18A083128
:1051F0003246C9B2384612F00BF90646A8B1AB7A6E
:1052000013F0020517D000252448214615F03AFB7B
:1052100015F056FC284605B0F0BD0A4603F03F03E2
:10522000218D10F0EDFC064699E7204612F0A0F81B
:1052300048BB0025EEE71A4A1A491B484FF4807311
:1052400019F0B3FE19480721A6FB000301FB063144
:105250000FA3D3E90023FAF753FF15490246154877
:1052600019F0A3FE85F31188BFF36F8F032318464F
:1052700002DF6FF08B05C7E70F48214615F002FBF0
:1052800015F01EFCD5E700DED3E700BFAFF30080CA
:1052900000CA9A3B00000000F99A01004175010024
:1052A000840D0200880B0200C00902008D49FD1A1E
:1052B000D40D02008C0B020089750100034883683D
:1052C000DB6903B118476FF05700704718060200FA
:1052D000024883689B6903B11847704718060200AB
:1052E00010B4034606480A4681680C691CB1194689
:1052F000234610BC18476FF0570010BC704700BF22
:105300001806020010B50F4C20461AF008FCA8B190
:10531000A3685B6A0BB120469847FFF7D9FFA368E3
:105320002BB11B6C1BB10849064800229847A368A3
:105330001B6A0BB103489847002010BD6FF01500A1
:10534000FBE700BF180602004D5300002DE9F04FA7
:10535000804E814FB3688FB00393039BDB6B002BB0
:1053600040F0EA80B468A36B002B40F0ED80E36A64
:1053700023B13046984708B9FFF7A0FFFFF79EFF1B
:1053800050B13B68B3B975480022002318F0E0F92A
:10539000386078B9FFF79CFFB368DB6A13BBDFF8AE
:1053A000C081704D98F80030032BD6D8DFE803F0A9
:1053B0001F3395B63B68D9681A8AB368DB6873B146
:1053C00030469847014638680C3019F0CDFF3868F0
:1053D000048A002CE0D101F089F83C60DCE76FF032
:1053E0005701F0E7304698470028B6D0D7E75E4C23
:1053F00001212046FFF774FF0028AED02078431E1D
:10540000012B01D90528CDD119F04BFC01232860CF
:1054100088F80030C6E7DFF850A1DFF850919AF81D
:10542000000019F03EFC2968401A4844FFF758FF75
:105430002B681B1A04462B60002B6BD19AF80000D6
:10544000421E042A16D8DFE802F0041715031300E1
:105450000220CDE900330022002301F0C7F8DFF875
:1054600010B10346CBF8000040B988F8000074E79B
:105470001020EEE70020ECE70420EAE79AF80000AD
:10548000022823D005281CD0012822D199F8022017
:105490002A6019F006FC3549024603F10C0019F0A8
:1054A00052FFDBF800000C3019F076FF2B689842B1
:1054B00011D2DBF8000001F019F8032388F800305E
:1054C00028E0B9F80220C2F30D02E1E7B9F80220A2
:1054D000DEE70022DCE70223F0E7DFF8949029689A
:1054E000D9F800301A8AD8681044FFF7F9FED9F8C5
:1054F00000100B8A03440B822B68A3EB00090446BF
:10550000C5F80090B9F1000F04D11A481AF014FC44
:1055100088F80090002C7FF445AF1EE72968212908
:1055200028BF212105A8FFF7DBFE2B681B1A0446C4
:105530002B60002BEED1C1E73046984700287FF45E
:1055400011AF0FB0BDE8F08F3046984700287FF4C8
:105550000EAFF6E71806020098200020480300204E
:105560005B800020942000205A800020568000207C
:10557000902000203003002038B5094D4FF0FF3255
:105580004FF0FF33284618F0E3F8044601F066F8C0
:1055900010B1204600F0AAFF18F014FDEEE700BF9E
:1055A0003003002070B5184888B001F063F800227D
:1055B0000023CDE9062300236FF00802CDE9032381
:1055C000CDE9013300931149114B12484FF4806229
:1055D00018F04EFB10490F480B4D104E104C1AF0AE
:1055E0007AFC4FF0FF324FF0FF33284618F0B0F846
:1055F000014630461AF0A0FBA3685B69002BF0D08F
:1056000020469847EDE700BF18030020C080002027
:1056100079550000E8030020C01002004803002074
:1056200018060200014B1B68184700BF100000203D
:1056300030B585B004460D461022002168461AF0A8
:10564000F5FE02238DF802302A46044B01932146D1
:10565000684619F0C9F805B030BD00BF25560000F6
:1056600080B505460E461746984618F04FFD03468E
:105670001AF058FFDFF81890044649F80030424607
:1056800030463946A84754F8090000F0C5FB00BF72
:10569000080000002DE9F047058B044628079046D6
:1056A00011D4022905F0070540F0CC80204619F0FE
:1056B000A4FC78B10138218B042811D8DFE800F070
:1056C000C2106D85950001290CBF45F0100545F00D
:1056D0002005258388F31188BFF36F8FBDE8F0871D
:1056E00001F0070AAA4500F0A5800027B9463E460A
:1056F000A368002B00F0BC8041F00801218388F3EF
:105700001188BFF36F8FA168002900F0BA800D687F
:10571000002900F0B680D1F8048033465246204676
:10572000C047002D76D02B6829461D46F0E701F0D2
:1057300007035A1F012A1BD8002221F00701062B5C
:10574000276889B2C4E9002209D13B4603E0628B95
:10575000013262831B68002BF9D141F002012183E1
:10576000204619F04AFC00287AD041F0200176E06A
:10577000042B0AD121F0070189B22183204619F0B8
:105780003CFC10B141F020012183218B01F0070A7C
:10579000AA454FD00027B946AAE7236921F007019F
:1057A00041F00601062DD3F8009021832DD1B9F1E7
:1057B000000F3FD041F00801218388F31188BFF327
:1057C0006F8F3A492046C84729E021F00701236935
:1057D00041F0040189B2042DD3F804902183E6D06E
:1057E00000273E464FF0040A82E721F007012369B3
:1057F00041F0050189B2052DD3F808902183D6D058
:1058000000273E464FF0050A72E700273E464FF05C
:10581000060A6DE72B4687E7B9F1000FD1D1EFF308
:105820001188202383F31288BFF36F8F238B23F01B
:1058300008032383258BEA062ED525F01003238346
:1058400005F007056669218B002EBFF670AF0023B7
:105850002768C4E9003321F0070141F001012183E9
:10586000218B01F0070AAA454FF000097FF440AFF1
:10587000002F9CD041F00801218388F31188BFF3E9
:105880006F8F002FC8D03D683946334652462046B8
:1058900019F0DFFB2F46F4E7AB067FF51BAF25F0D1
:1058A0002003238305F0070500E700BF7FF0010018
:1058B000014B0360002070479808020008B50348B8
:1058C000034A0021121A19F0BEFC08BDE8030020AB
:1058D000A08000200748084A084908B5121A19F0A4
:1058E000B4FC0748074A0849BDE80840121A19F0F5
:1058F000ACBC00BF00000020E40300201016020032
:1059000000000020000000201016020038B50546F7
:105910000C4699B1D1E901230F48096819F038FB09
:10592000D4E90423E1680D4819F032FBE1690C4821
:1059300019F02EFBA1690B4819F02AFB012D05D1A6
:10594000EFF305810848103919F022FB214628465B
:10595000BDE8384017F0BCBDCC100200FC100200BE
:105960002C1102003C1102006B11020030BFFFF746
:10597000FDBF00BF2DE9F0410B4EDFF8308006EB94
:105980000807CC1B05463246094920461AF026FD79
:10599000A01942460021083C1AF048FD6C6707F147
:1059A0000800BDE8F08100BF000000000400000016
:1059B00070080200054B5A699B689A421FBF044A4F
:1059C000536843F080535360704700BF1880002035
:1059D00000ED00E02DE9F843324D8046324889461B
:1059E000174619F0D5FAAB6ADE0622D52F4819F012
:1059F000CFFA1124AB6A1D0703D52D4819F0C8FA58
:105A00001224284DAB6A980715D52A4819F0C0FA18
:105A10006E6BAB6A190642D52748314619F0B8FAC1
:105A2000B9F1000F03D0AB6A23F08003AB621324FB
:105A300003E01024DEE76FF015061A4DAB6ADA07B3
:105A400003D51E4819F0A4FA1424AB6A9B0603D5AB
:105A50001B4819F09DFA1524124B9A6AD50602D4F8
:105A60009A6A90070AD55B68190507D54146304602
:105A700000F0B8FA10B180F309880224094B9A6A41
:105A8000920642BF5A6A22F400525A629A6A42F05F
:105A9000FF029A6200233B702046BDE8F8836FF056
:105AA0001506C4E700ED00E07F1102009611020028
:105AB000CA110200DE110200F71102000E120200EC
:105AC0002E12020010B51D4C1D4819F061FAA36A90
:105AD000990130D51B4819F05BFA1E20A36ADA0140
:105AE00003D5194819F054FA1F20144CA36A1B035C
:105AF00003D5164819F04CFA2120A36A590303D59F
:105B0000134819F045FA22200C4CA36A9A0303D5D6
:105B1000104819F03DFA2320A36ADB0303D50E4891
:105B200019F036FA2420054A936A6FEA03436FEAB4
:105B30001343936210BD1D20D0E700BF00ED00E0CD
:105B40005E120200771202008B120200A6120200FF
:105B5000C5120200EB1202000613020070B5244CBD
:105B6000064624480D4619F013FAA36AD90435D520
:105B7000214819F00DFA1720A36A1A0503D51F480A
:105B800019F006FA18201A4CA36A9B050FD51C4879
:105B900019F0FEF9A16BA36A180407D5194819F08A
:105BA000F7F91EB1A36A23F40043A3621920104C35
:105BB000A36A590503D5144819F0EAF91A20A36A13
:105BC000DA050DD5114819F0E3F91B20084A936A4C
:105BD00043F47F43936200232B7070BD1620CBE704
:105BE000A36A9B04F2D50A4819F0D2F91C20EDE70C
:105BF00000ED00E03213020049130200CA11020056
:105C00005B130200751302008B130200A71302003E
:105C10002E1202002DE9F0415B4B5F688AB004460A
:105C2000C7F30806002585F31188BFF36F8F02F0D4
:105C30007F43B3F17F4F06D102F00C03082B13D141
:105C4000524819F0A5F900252C464FF00008F31E24
:105C50008DF80780092B00F28680DFE803F00A7ACE
:105C60007E7684848484848210074CBF0C46012590
:105C7000EBE74748444E19F08BF98DF80780F36A3B
:105C80009A0704D5434819F083F9002330E0F36AFA
:105C9000002B01DA4048F6E7F36A5B00F5D53F4890
:105CA00019F076F97369A26943F480737361BFF3E5
:105CB0004F8FBFF36F8F736932F8022C23F4807318
:105CC0007361BFF34F8FBFF36F8F4DF602739A422C
:105CD00009D0B36ADBB253B30DF1070201212046AC
:105CE000FFF778FE33E021682D4819F051F9236859
:105CF0009DF80720C2B902AE04F120072068616850
:105D0000324603C20834BC421646F7D1099AB5B3ED
:105D1000C2F3080121B96FEA52226FEA42220992C6
:105D200002A91846FFF7F2FD0AB0BDE8F081B36A98
:105D300013F47F4F05D00DF107010120FFF70EFF8F
:105D400005E0B36AB3F5803F9FD3FFF7BBFE034680
:105D5000CEE70DF107020021C1E70DF10701002098
:105D6000ECE710488FE7104B1049114817F4F87F03
:105D7000A6F1100218BF194619F00AF985E722F4B6
:105D8000FF7222F00102CAE700ED00E0EE1302000C
:105D90001A140200321402005414020063140200A8
:105DA00083140200A0140200D5130200C0130200E5
:105DB000C5140200044B5A6942F010025A615A6934
:105DC00022F008025A61704700ED00E0EFF308800E
:105DD000EFF3098101B57246FFF71CFF01BD00BF5B
:105DE0000B4880F3088816F0F7FD202080F3118817
:105DF00008484FF40461401880F30988EFF31480D9
:105E00000221084380F31488BFF36F8F00F0B2F8CB
:105E100080960020C0880020084B9B6883420BD1ED
:105E2000EFF3058343B1064B5A6842F080525A6043
:105E30005A6A22F400425A6218F06EB918800020A3
:105E400000ED00E014498A684FF030001044EFF391
:105E5000098C80E8F01F202080F31288BFF36F8F39
:105E60000E4F4FF000664A698A603E60506F0C4CDE
:105E70002060906F0023936780F3118804B510466B
:105E800000F014F9BDE8044002F1300090E8F01F82
:105E90008CF30988704700001880002004ED00E0B2
:105EA0009C2000201EF0040F0CBFEFF30880EFF3DE
:105EB0000980816911F8021C0229FFD001B57246E0
:105EC00019F0C5F901BD00BF40B2002807DB044A44
:105ED0004109012300F01F00834042F82130704740
:105EE00000E100E040B200280CDB4309064900F065
:105EF0001F0020330122824041F82320BFF34F8F3F
:105F0000BFF36F8F704700BF00E100E0054B42090F
:105F100000F01F0053F82220012303FA00F0104084
:105F2000704700BF00E100E040B20028A8BF00F1C8
:105F3000604001F10101B8BF064B4FEA4111ACBF0F
:105F400000F5614000F00F00C9B2B4BF195480F8E9
:105F50000013704714ED00E0044B054A23F07F0363
:105F60009360BFF34F8FBFF36F8F70470000000047
:105F700000ED00E008B5FFF7EFFF0B4AD2F88830DC
:105F800023F47003C2F88830EFF3148323F0040382
:105F900083F31488BFF36F8FFFF790FCFFF79AFC31
:105FA00000F05AF817F05CFB00ED00E042F8203CEE
:105FB000009B42F81C3C0A49019B42F8183C029B9A
:105FC00042F8143C21F001014FF0807342F8043C88
:105FD00042F8081C0023203A02658367704700BF1F
:105FE00061560000094A0346906870B113F1160F1C
:105FF000406E05D0A0F140029A4205D8834203D2F8
:10600000814228BF00207047002070471880002080
:1060100008B515460B4A0C4B9060426F1A600E464D
:1060200000F044F82C4686F309880020034B98477B
:106030002046002100220023014C204773F201007A
:1060400061560000188000209C200020014B102287
:106050001A61704700ED00E0044800232021C218B7
:106060000133302B82F80013F9D1704700E100E0D2
:1060700008B5EFF30583064A103B02EBC30152F863
:10608000330049688847BDE80840FFF793BC00BF6C
:1060900058060200024B034A0348012100F076B87B
:1060A000000002200000002098080200426E054B0C
:1060B000403A1A60044A4021C3E9011218460121FE
:1060C00000F06EB8A020002000000B15084AC2F8AE
:1060D00098000B6823F01F03034343F01003C2F83A
:1060E0009C308B6843F00103C2F8A030704700BFBA
:1060F00000ED00E02DE9F043DFF8608085B00E464A
:106100001F4604464FF00009B14523DA6068D8B154
:106110003FB1411E08421BD11F2819D923681942DB
:1061200016D12368019319F0C7F8A36803430393BA
:10613000D8F89050C5F30725D0B2013DA84207D842
:1061400001A9FFF7C3FF421C09F101090C34DBE789
:106150006FF01502104605B0BDE8F08300ED00E0D9
:10616000044B0522C3F89420BFF34F8FBFF36F8F0A
:10617000704700BF00ED00E0BFF35F8F024B0022CD
:10618000C3F89420704700BF00ED00E010B5034C49
:1061900001232278FFF7AEFF207010BD5C80002045
:1061A00008B50B4A00231278FFF7A4FF10F1160F71
:1061B00007D0084A0021D2F89030C3F30723984251
:1061C00000DB08BDC2F89800C2F8A0100130F2E769
:1061D0005C80002000ED00E02DE9F043534B544C6F
:1061E000D3F890302568C3F307239D4285B000F2B1
:1061F0009A80FFF7C1FF00200C2685421AD14D4C32
:106200004D4F25706846FFF753FBDFF82081DFF81C
:106210002C9106460025AE4213D123784349002035
:10622000D1F89020C2F30722934276DBFFF798FF64
:10623000002042E0616806FB0011FFF747FF0130D4
:10624000DBE7009800EB05114FEA051CCB683B40EB
:10625000B3F5000F48D00AD8B3F5001F30D0B3F51E
:10626000800F36D0B3F5801F10D00135D3E7B3F1DE
:10627000807F42D0B3F1007FF7D150F80C308868AE
:106280004A6819F019F840F4802009E050F80C3001
:1062900088684A6819F010F840F0885040F43020BF
:1062A000CDE901230390D8F890302078C3F3072379
:1062B000013B98422AD96FF0150005B0BDE8F08384
:1062C00050F80C3088684A6818F0F6FF40EA090078
:1062D000E6E750F80C3088684A6818F0EDFF40F0A7
:1062E000C06040F40030DBE750F80C3088684A6842
:1062F00018F0E2FF40F08270D2E750F80C30886866
:106300004A6818F0D9FF40F08870C9E701A9FFF783
:10631000DDFE237801332370A7E7C1F89830C1F878
:10632000A00001337CE74FF0FF30C6E700ED00E04E
:10633000A40802005C8000200000F0FF00000811AB
:1063400008B50649064821F00701C1F1005202F5DF
:10635000003218F0DEFD002008BD00BF47A200207B
:10636000AC20002070B54169867A0B4D044659B1C6
:10637000437ADB0706D42C2303FB06535B6A1B68B6
:106380009B689847002363612C20214606FB005040
:10639000BDE8704019F0DBBC60030020024B2C22EA
:1063A00002FB0030704700BF60030020827A064B7A
:1063B0002C2101FB02339A6A1B7F1B33801A23F0C6
:1063C0000303B0FBF3F070476003002038B5074BC0
:1063D000827A2C2404FB02335B6AD3E901240C602B
:1063E0001568FFF7E3FF04FB005038BD6003002091
:1063F0002DE9F04385B005466846039190461C465A
:1064000019F08BFEDDE90067EFF31189202383F398
:106410001288BFF36F8F6B8B002B41D02A8B9A426F
:1064200025D900220023284617F092F90446F0B13E
:1064300089F31188BFF36F8F039B002B41D0324645
:106440003B46684619F08EFEA27A264B2C2101FBB2
:10645000023320465B6A1B6803A91D68DDE900233F
:10646000A847606170BB2046FFF77CFF24E0698B82
:106470004B1E6B8389F31188BFF36F8F2B7F2A8BA1
:10648000AC6A1B3323F00303521A02FB0344154B7F
:10649000154AEB1A9B105343A3722B7FE372CBE791
:1064A00089F31188BFF36F8F23464246284617F0C1
:1064B0004FF904460028BFD10024204605B0BDE8AE
:1064C000F0836361012300252381039B6382E27AC9
:1064D0006560294604F1180019F0A8FF6369258258
:1064E000E360EAE760030020A38B2EBA70B50D4C81
:1064F0002C2500B970BD037A4668002BFAD0013B09
:10650000DBB20372002BF5D1C3604360837A05FBD5
:1065100003431B6A13B198473046EAE7FFF722FFAF
:10652000FAE700BF60030020044A0123C2F84035A7
:106530004FF080420020C2F87835704700E00140FB
:1065400020B1034B800143F001031847704700BF9F
:106550009008020070B50446807AFFF71FFF61695A
:10656000054649B1637ADB0704D4436A1B682046B9
:106570009B689847002363612146284619F0E7FB92
:10658000034B1B681BB1BDE870402A20184770BD43
:10659000B820002008B5034B186819F0CDFB002087
:1065A00008BD00BFBC200020811EC9B21E2938B51D
:1065B000044609D80A4820FA01F1C90704D5094858
:1065C00018F08BFE054610B90025284638BD013C61
:1065D000054BE4B20C30195D18F0BEFEF5E700BFC4
:1065E00041000040B8030020EF140200F8B5012874
:1065F000DDE90676044609D0042804D1144818F0D1
:106600006CFE054620B900252846F8BD1148F6E77E
:10661000013CE4B21F2C9CBF0F4B195D00F10C0430
:1066200088BF0021204618F097FE002FECD0002EE6
:10663000EAD0204618F0B0FE864203D92846FFF77C
:1066400055FFE0E732463946204618F07CFEDBE78E
:10665000600300208C030020EF140200038A01462F
:1066600023B1034B186883689B6818471220704752
:106670001400002010B5084B084C1860206819F071
:106680004EFA30B1206806498368BDE810401B68A7
:1066900018476FF0120010BDBC200020140000202D
:1066A0009565000070B54FF0FF320D464FF0FF3397
:1066B0000021064618F0C0FE044660B90A4A0B499C
:1066C0000B481A2318F071FC84F31188BFF36F8F05
:1066D0000323184602DF022104F10C0018F02DFEFE
:1066E00006704570204670BD0F150200451502006A
:1066F0004915020000F1070C2CF0030C10B4541ED5
:106700001860A4B2ACF80020023A93B201FB04F284
:106710004FF0000C40F802C074B103FB011403FBFE
:1067200001F22044121B4FF6FF7C013B9BB26345F4
:106730008050A0EB0100F8D110BC70470346006800
:1067400010B102680AB91A60704700F1070C2CF00A
:10675000030CD11DBCF800C021F003010CF1FF3C7B
:10676000A1F800C0EFE700BF0B687BB1073323F04F
:1067700003031A88013292B20346D1F800C043F8ED
:1067800007CB23F003031A80086070470122F3E768
:1067900002FB0100704700BF401A90FBF2F080B28C
:1067A000704700BF531E11449BB242B1DB43013816
:1067B000CA1811F8013D00F8013F9142F9D1704724
:1067C000014402E010F8013B1BB98842FAD10020D5
:1067D00070470120704700BF10600860704700BF1D
:1067E0000A6803460068904205BF00220A60002044
:1067F0001A607047D2F800C0CCF80000D2F800C090
:10680000CCF8041010607047884203D01AB1436876
:1068100013607047002070470B68834209D02AB18B
:10682000586810601A680A6018467047002BF9D142
:10683000FAE70023F8E700BF2DE9F041DFF83080E8
:106840000C4E0C2706F130044546221D21462846F1
:106850000C3CFFF7C1FFA642A5F10805F5D1043FA6
:106860003B1DA8F12008A6F13006EBD1BDE8F08170
:106870003C210020C821002010B403468C469AB168
:1068800001EB4101144803EB4304090101EB8401CE
:106890000144487A0C7AA04204BF0130087210BC4F
:1068A0006146184614F0EABE01EB41020A4C12019F
:1068B00000EB400302EB830323449C7ADA7AA24282
:1068C00001D010BC704701329A72044B01225A5415
:1068D00010BC14F003BF00BF44210020C0200020E2
:1068E000F8B506461C460D4602B322786378D21AE4
:1068F00012F003023AD1274F71004FEA450C3144A0
:10690000AC44890001EB0C1101330431DBB27A187D
:10691000606823702146FFF76DFF1F4B0122294657
:1069200030465A5514F0DAFE0020F8BD14F0C0FECF
:106930000028DAD02946304614F0ACFE0028D4D026
:1069400005EB450206EB4601124F6378120102EB9C
:1069500081023A447100907AD27A90424FEA450C13
:106960000CD02078C01A10F00302C8D0012A03D03E
:106970000133DBB22370D0E71046F8BD2278D21A7B
:10698000920702D00233DBB22370D4E902039847A6
:10699000CAE700BF44210020C02000202DE9F04FAD
:1069A000DFF8649119F8003089B0002B5AD0DFF875
:1069B0005CA13C2204234FF0000B00EB400712FBCC
:1069C00000330324CDE904BB09F800B00AEB071734
:1069D000039302948346B8460023B96A58F8240FFB
:1069E000079307AAFFF710FF044607AAB4B1079D53
:1069F0002E786978761A06F00306012E35D02B78AA
:106A0000591A01F003010129DBB23DD1D7E909018F
:106A1000FFF7FAFE044607AA002CE8D197F82E30BB
:106A200097F82F209A4203D087F82F300123049340
:106A300097F82C3097F82D209A4203D087F82D3004
:106A400001230593029B5D1EEBB2FF2B0293A7F17E
:106A50000C07C0D1049AD846DDF814B012B1BBF1CE
:106A6000000F45D009B0BDE8F08F01396970079B70
:106A7000D3E902039847079D2A786978D3B2521A5E
:106A800002F00302012A21D0B86A01930022414694
:106A9000FFF7C2FE6C60019B6A786B702B789B1AC3
:106AA00003F00303012B08D0D7E9090107AAFFF778
:106AB000ABFE012E044698D10EE0039B6A70294676
:106AC00020460AEB0302FFF795FEEDE7D7E909013F
:106AD00007AAFFF799FE0446029B8BB10123594692
:106AE000584609F80B3014F0F9FD09B0BDE8F08FF5
:106AF0005A464146404609B0BDE8F04F14F0BEBDCD
:106B0000002C8BD0EAE700BFC020002044210020E9
:106B10004B1EDBB271B1411E00EB030C002011F8DB
:106B2000013F23B15A1E01301340C0B2FAD1614572
:106B3000F5D17047084670472DE9F04F074683B0FE
:106B4000032601250421384610F096FBD7F800C033
:106B500000204FEADC741F234FF0010E834682466B
:106B600008E01C2B40F2808119294BD04FF0010E18
:106B700008461446013BDBB2FF2B4AD02CFA03F245
:106B800002F0010294420CD0411C0E2BC9B271D903
:106B9000002AE6D01C2B40F26481192932D0964697
:106BA000E6E70EF10108072B5FFA88F810D9B8F173
:106BB000060F00F24B81002A40F03981B8F1060F30
:106BC00000F006811C2B40F2FB800146C646CFE751
:106BD000002A40F00281B8F1060F40F2EC804FF03D
:106BE000010E0EFA03F20BF1010B01304CEA020C1C
:106BF0005FFA8BFBC1B2D1467246CA4500F0918064
:106C00001929B5D1013305FA03F34AB35B420CEA03
:106C1000030CA14B8CEA0303019301A802AC0022F0
:106C200010F8013B23B1591E01320B40D2B2FAD108
:106C3000A042F5D1012A09D91FFA8CF3B3EB1C4FFE
:106C400012D15FFA8CF3B3EB1C6F0DD1013E16F03D
:106C5000FF067FF477AF6FF00D0003B0BDE8F08F53
:106C6000013B4CEA030CD4E70020C7F800C003B096
:106C7000BDE8F08F0AF10109072B5FFA89F900F2EC
:106C80009180002A73D1052B5FD914464FF001087B
:106C9000012902D02246C6460DE0CCB105FA03F226
:106CA000072B2CEA020C88BF002221D9A0421AD05F
:106CB00001460E2BA1D91929A4D0B9F10C0FA1D0EE
:106CC000CA4655E7B8F1060F4ED009B101294BD19C
:106CD00005FA03F2072B4CEA020C1AD90C46A04223
:106CE0004FF00102E4D1611CC9B24FF0010EE0E7A0
:106CF0000BF1FF3BA0425FFA8BFB20D00022CA457C
:106D000017D0014634E74FF0010801292CD14CF08F
:106D1000200C0BF1010B88425FFA8BFB06D001229D
:106D2000EDE709F101095FFA89F9C4E70446012298
:106D3000D9E709F101095FFA89F90146BDE7013098
:106D4000C1B200224FF0010E57E7BBF1000F19D07E
:106D5000052BD8D0BBF1010F1AD0042B4FF001083E
:106D60000DD1E1B101291AD0C6460022A3E70BF1EB
:106D7000010B5FFA8BFB0124A04689E7D146BBF1EA
:106D8000020F9FD101229A404CEA020CC1E7D14682
:106D90004FF0010B0BFA03F24CEA020CB9E74CF08E
:106DA000100CB6E7002AE6D14FF001081C2B3FF487
:106DB00072AF14466CE7052B1FD9B8F1060F07D048
:106DC0000146D146002883D00022EFE78B4634D11C
:106DD000014622464FF0060ECAE60BF10101B8F15A
:106DE000060FC9B2F2D9964601229A4001302CEA28
:106DF000020CC1B2D1460022FFE6BBF1000F09D15F
:106E00004FF0010B0BFA03F24CEA020C0446D14698
:106E10005A4668E7052B31D0BBF1010F0146B6D0C9
:106E2000042BABD1B8F1060F0CD0D14699E7B8F1DD
:106E3000060FCDD01C2B3FF6C8AE30B30146D1466D
:106E40000122B3E72246C646D14634E74FF0010E91
:106E50000EFA03F162B94CEA010C04467246D146BF
:106E600041E79046D146A1E7D1464FF001089DE7A2
:106E70002CEA010C0446D146002234E7B8F1060F93
:106E8000A6D028B10146D1463FE70446D14605E7E2
:106E9000D14600213BE700BFD6BE898E30B5037EC8
:106EA0000568FF2B14D003EB43028B4205EB021263
:106EB00027D04FF0000C01E099420BD09E4613788A
:106EC0009468FF2B03EB4302A44405EB0212F3D1B9
:106ED000002030BD714517D00FFA8EFE13789068F0
:106EE0000EEB4E0E4FEA0E1EFF2B05F80E3006D0AD
:106EF00003EB430305EB03139A6802449A60604472
:106F000030BD9E464FF0000C13780376E4E700BFD7
:106F1000A2EB010C1CF4000F10B4836844690AD181
:106F20002CF07F4C6344A3420DD8E41A0023446143
:106F3000836010BC7047891A21F07F418B4208D9C9
:106F40005B1AA342F1D91B1B00244461836010BC6F
:106F500070470C44E41AE9E72DE9F843284DBDF8E1
:106F60002C7004464FF02C0E0EFB045E084604EB1A
:106F7000840104EB4104DEF8041001EBC00605EBCC
:106F80008405F47811F83080717804F1010C5FFA0F
:106F90008CFCE04598BF4FF0000C61452DD0716826
:106FA00004EB44044FEA041901EB04144FF0040805
:106FB00001F809806360089BA360099BE3600A9B5A
:106FC00023610C9BA361119B63620D9BE3610E9B8C
:106FD00023620F9BA362109BE36202236270A7826D
:106FE000A37086F803C0DEE9083698472B46414671
:106FF0000022B047A078BDE8F8830120BDE8F883FF
:10700000042200202DE9F04F0346407AD3E90045E1
:1070100087B0002800F0FD80421ED2B205EBC2020C
:107020009A468B46039205952346039A51685678F3
:107030000491BBF1FF0F66D00BEB4B044FEA041831
:10704000CDF804B013F808B003EB041400254FF09A
:10705000FF0C84F800C0DAF800709AF8182007EBEB
:1070600008096245D9F8081018BF02960ED1CAE087
:10707000091A06D1B9F81E80BEF81EE0F04500F2EC
:10708000B680B85DFF2894466DD0024602EB4206FA
:1070900007EB061E3601DEF808008842E8D9029E9A
:1070A000C9F80810BCF1FF0F89F8002064D00FFA6E
:1070B0008CFC0CEB4C0C4FEA0C1C019807F80C00F4
:1070C000FF2A06D002EB420207EB0217BA68521AF7
:1070D000BA60A27801326270002DAAD0AA6A4FF07D
:1070E00000012970A97022B1E96A0193002090473C
:1070F000019B6268002A9CD1AA6A2262EA6A6262E3
:10710000BBF1FF0F98D1039A049F9278994606EB42
:107110004601701CB2424FEA011CC6B207EB0115D2
:1071200068D0039B17F80C101878B04208BF0026EF
:107130000429ECD16A7802EB420809EB081401201B
:1071400094F801E0A1788E454FEA081818D04FF066
:10715000000307F80C30AA6AA8700AB1E96A9047E0
:10716000039B9A78D3E70246BCF1FF0F029EC9F851
:10717000081089F800209AD101988AF818009FE732
:107180000192AA8ADAF814104FF6FE7082424B463A
:1071900007D04FF6FF70121AB2FA82F2520984F841
:1071A0002C206A6AA262EA6862602A69029300235C
:1071B00063622262AA8A4FF6FD70824288BF1A4635
:1071C000A283AA69A261EA69E2602A6A2261AA68C6
:1071D000A26063616A682046FFF79AFEE2784FF08A
:1071E000000342F00102E383E270029B2FE7029E5C
:1071F000014655E70399059881424B46A1F10802E3
:1072000007D0039211E707F80820019A8AF818209E
:107210005FE707B0BDE8F08F2DE9F04F447E012312
:107220008FB08376002C40F0B880037EFF2B814620
:1072300000F0B28013F086FAD9F81420D9F81C3087
:1072400099F81880D9F800A0801A20F07F45AB4249
:1072500094BF00230123B8F1FF0F0493A3467AD013
:10726000059408EB48080AEB08144FEA0818A368CD
:10727000AB426FD8A0781AF80880ED1A9B44637867
:107280001B1ADBB2012B62D1A26AA3690393002A05
:1072900000F0F2801668002E00F08280002B40F093
:1072A0009280049B002B00F00C8104230393137A3B
:1072B000590700F0FB80137A6FF302031372E78B18
:1072C000E2786FF300027B1CE27094F82C209BB2F2
:1072D000E383002A73D0A28B9A4270D2A26A002A5A
:1072E00000F04881137A03F00703012B67D00126D1
:1072F000002051685060A36A1A7A60F302021A7281
:10730000A078E7680138A0700FB36369D9F814203A
:1073100094F803C0ABEB0303134423F07F40626A8D
:1073200023690CF0010C002E40F0B780B4F81EE089
:10733000CDE900C37346B847039BE683002B049B4B
:1073400018BF01230493E37866F30003E370B8F1F8
:10735000FF0F86D1059C99F80B3099F80A209A42C4
:1073600008D10132D2B2022A1ABF144623460023A2
:1073700089F80B4009EB83030022C3F80CB0D9F85D
:10738000244089F81A204B46012204210320A446F8
:107390000FB0BDE8F04F604784760FB0BDE8F08FC6
:1073A000039B002B66D0049B002B84D1D9F81C30A2
:1073B0005B4580D8B8F1FF0F11D1049E98E7A37800
:1073C000013BA370C3E7049B002B7FF470AFD9F897
:1073D0001C309B45FFF46BAFB8F1FF0F47D0039B08
:1073E000E78B07939C46A38B6668DDF81CE0BB42E5
:1073F0009CBFFB1A99B208EB480388BF39460AEBD9
:10740000031301FB0661069199688E452DD3CDE9E2
:107410000C70CDF82CC0DDF81CC0CDF81C90DDF848
:107420000C90CDF82880CDE9085B8E46A346B04687
:107430001446986A9A6910B1006800284FD1002A52
:107440004DD11B78FF2B07D003EB43030AEB03134B
:1074500099688E44E645ECD92246DDE90A8C5C4603
:10746000DDE9085B0D98DDF81C90CDF80CC0002A12
:1074700000F0978000263BE7039BA3B1049B002B01
:107480007FF41DAFD9F81C309B45FFF418AFB8F15D
:10749000FF0FA4D104990E4633E7CDE900C34FF6A0
:1074A000FF73B84753E7039E00212AE7A08BE18BC7
:1074B00088423FF600AF012161F302031372E78BAC
:1074C000FEE6D9F81C305B453FF6EFAEB8F1FF0F92
:1074D00053D04FF0040CE78BCDF81CC083E7DD8B55
:1074E0009F8B5E68BD422AD2002E41D1002CA8D0CD
:1074F000304626682EB1B9F1000F02D1724496428F
:107500003FD2BD429DD3DA789BF8031002F001060A
:1075100001F00105AE4204D84A40D50791D40028B5
:107520008FD02246DDE90A8C5C460C9FDDF81C906A
:10753000DDE9085B002A32D1CDF80CC0C0E69EB16F
:10754000E81B80B2B8F1000F0AD000FB0660401AB9
:10755000069981422CBF00200120002CC9D1D0E720
:107560004046002CC5D1CCE7002CC1D12046CAE74B
:107570002846E7E7A078012696E70423049E0393B4
:10758000B6E62246DDE90A8C5C46DDE9085BDDF8FB
:107590001C90CDF80CC0002E3FF48DAE87E6166827
:1075A000F7E716461146ACE62DE9F04F8FB0837E23
:1075B0000090002B40F0A282437E0C93002B7AD1E6
:1075C0000098837AC27A012141769A4241690791F3
:1075D00000F0F3830133DBB2022B00990ABF0C9A4F
:1075E0001A46134601EB82028B72D268079B059202
:1075F000134423F07F434B610126009C237E0893B4
:1076000013F0A0F8677A236801937B1E65680490E5
:10761000DBB2002F00F0E78405EBC30A0027FF234D
:1076200003930D960997DAF804B04FF000092F463E
:107630009AF803009AF802800FFA88F404EB4404E5
:1076400008F1010340454FEA0416DBB20BEB0414CA
:1076500000F010819AF800209A4208BF00238AF8AF
:1076600002301BF806206178042A3AD9019801EB10
:10767000410300EB0315082A4FEA03130293A8788D
:107680006B7822D81B1A13F0FF032CD1062A1CD1C9
:10769000009BDB7E8B4251D00BF80690A36A84F8E6
:1076A0000290002BC4D00020E16A98479AF80300AA
:1076B0009AF80280C0E7446A0421034601220420AC
:1076C000A4460FB0BDE8F04F60470BF806904FF0AE
:1076D0000103A370A36A002BAAD0E16A0120984796
:1076E000A6E79846A8E7052A1FD162684AB9A268AA
:1076F0003AB9E2682AB922691AB9626932F07F425E
:10770000E3D0012B1CD0009B04215C6A3D46012282
:107710000846A0470123AA4509938AF80280AAF1E6
:10772000080300F0AD809A467DE7012B00F09C81B4
:10773000062AE8D1009BDB7E8B42ADD16168B5E1C2
:10774000DDF800804046FFF7A9FBA860D8F81410C8
:10775000049B059A5B1A23F07F431344984240F23E
:10776000BD81C01A6B68002B52D0A38A002B4FD06A
:10777000013B9AB2A282D5F804C0EB8B604523D9B5
:107780000CF1010806970A911AE06A6ADFF80CE228
:10779000834996448E4584BF02F1E87202F5D432E3
:1077A0004746296A94BF674602F5A572013BC01B94
:1077B000521A9BB260456A62EB8340F21582A28A3C
:1077C0009342E2D8069F0A99934220D2CDE90A71EA
:1077D0000CF10102D5F820E006926A6ADFF8BC815C
:1077E0006F49724490448845674606D8A2F1E87212
:1077F000A2F5D432069FA2F5A57201339BB26A624C
:10780000EB83A28A9A423844E7D8DDE90A71AA8359
:1078100063680344AB60A2686B69A86A13446B6138
:1078200028B103681BB1D4E901329B1A4360049A62
:107830002846FFF76DFBE268AB691344AB61226930
:1078400093428CBF9B1A0023AB61A37D1BB1EA78E6
:1078500063F30002EA70E37D13B1013B85F82C303D
:10786000DDE90121039B53546B7862780392013365
:107870006B7011E73D46AA45AAF108037FF453AFA8
:107880000D9E099F0099089B91F818B0BBEB03056A
:1078900018BF0125002E00F0B081049B079AD1F893
:1078A00000809B1ABBF1FF0F23F07F495DD04FF0A2
:1078B000000A0996CDF804A00695C2460E46C846B1
:1078C000DDF8149005970BEB4B050AEB05142D0121
:1078D000A3684B4500F25F83019AA178E08B1A44BC
:1078E00001926278521AF1698B4234BFC91A0021A1
:1078F000A9EB0309A8EB030824BF4FF0FF33F3768D
:10790000F161A16AD2B2002900F064810B68A76915
:10791000002B00F04C81002F40F04C81022A00F037
:1079200035830023A3601AF8053033766168A36AB3
:10793000002940F003812BB11B7A03F00703012BD0
:1079400000F0DF803AB1012A00D020B1236A13B1E0
:10795000616A01209847A378637096F818B0BBF16C
:10796000FF0FB0D1069D099E059F009C089B0399BF
:1079700020465B4518BF3546FFF744FBD4F800B0FE
:1079800001954FF0000C3846009B1A7EFF2A1646E0
:1079900000F0448315464FF0FF0804E05A2B17FF10
:1079A000592B177F1D462BB203EB43030BEB031739
:1079B0001B01BC6A21463CB194F808E00EF0070EAA
:1079C000BEF1010F00F0FD811BF80330FF2BA8462C
:1079D000E8D10746019D1046BCF1000F00F013816D
:1079E000089B934200F0EF82002F00F021810646B1
:1079F000FF2E00F02083089BFF2B00F00383DDF8AF
:107A00000080D8F8003006EB460603EB06139F68AB
:107A1000002F00F0D58212F095FE0A260446D8F811
:107A20001430E21A22F07F42974206F1FF3602F14B
:107A3000030259D9BA422CBF9B18DB1923F07F45AA
:107A40002846D8F82830984712F07CFE021B2B1BE2
:107A500022F07F42033223F07F439A4246D9002E20
:107A600000F072810446DAE7062A3FF411AEDDF831
:107A700000804046FFF712FAAB78A8606B7098F868
:107A80001B2063789A427FF407AE1BF80630062B62
:107A90003FF454AE009AFF23D3761BF80630062B32
:107AA0003FF44CAE082B3FF449AE0499009B5A6951
:107AB0008B1A1D0209D4059A23F07F4313440099C1
:107AC000CA699A4288BFCB61E6E5059B521A22F04B
:107AD0007F4293428CBF9B1A0023F0E76A691344EC
:107AE0001B1A6B6100203DE601230C93009A0023D2
:107AF0005376937E0C9A1A4340F095800FB0BDE800
:107B0000F08FA378C4F808906370079B019A71699D
:107B10009A1822F07F422046FFF7FAF9039B0AF8F1
:107B200005306378CDF80CB00133DBB2637096F8A2
:107B300018B0BBF1FF0F7FF4C6AE13E723B11B7A79
:107B400003F00703012BDCD0B4F81EC0BCF1000F1A
:107B50004ED1B4F81CC0E646481C0290D4E9087324
:107B600000220494704604E001388E46441C72449E
:107B700012D0DFF8B4E2AD4C3B449E44A645F3D8A6
:107B8000DDF808E0A3F1E8730138A3F5D433441C11
:107B9000A3F5A5737244ECD1049C94F82C006362A5
:107BA000002800F0E080A260A4F81EC0ADE7002F1E
:107BB0003FF4B7AE022A7FF4B4AE00287FF4B1AE32
:107BC0000B7A03F00703012B3FF4ABAEF76186F8A5
:107BD0001BB0A6E6A769002F3FF4A3AE022A7FF4EC
:107BE000A0AE0028F2D09CE6069F0A99A28AEBE597
:107BF000A37863704FF0000EAEE7009C0399204617
:107C0000FFF700FA207E089B98427FF4EDAE002F2C
:107C100000F0EC81009B002D40F042825D769B7E5F
:107C2000002B3FF46BAF009B01225C6A032146E509
:107C3000009B5A7A5C68531EDBB20125002A3FF490
:107C4000D6AECDE9064504EBC3030193019B5E78F4
:107C5000DA785B68B24218BF1D466CD036B206EBCC
:107C60004606330105EB0616EB5C012B4ED0022BCA
:107C700056D1D6E901C19CF80040009AF368D6F8C5
:107C800010E0D2F80090D3F800805069FF2CD6E9BC
:107C900005AB02D00A6882425FD0009A4FF000081C
:107CA000147E0860FF2C2DD0CDE90256CDF810C00F
:107CB0005646CDF814E09A4609E0BA684244B04707
:107CC00088B919F80540BB68FF2C98443FD004EBF5
:107CD000440509EB05172046B9695B462D01002EC6
:107CE000EBD10029EDD0DDF814E0DDF810C0BA6862
:107CF000DDE902565346BEF1000F02D0796ACEF894
:107D0000001090448CF80040C3F80080B36A4FF034
:107D10000002B27013B1F16A00209847019BDA7833
:107D200001994E780B780136F6B2B34208BF0026AF
:107D3000B2424E7092D1019A06998A42A2F108038A
:107D400000F02281019381E700DE044667E6DDE969
:107D50000256DDF810C05346D4E704EB4404220178
:107D600019F802409EE790457FF61DAF8646481CF5
:107D70000290029C0A95704605E08E4672440130DE
:107D8000904580B212D9DFF8A0E0284D3B449E44D4
:107D9000AE45F2D8A646A3F1E8737244A3F5D433F6
:107DA00001309045A3F5A57380B2ECD8049C0A9DE0
:107DB000636260441FFA80FCF5E60C9B05931E4647
:107DC0001BE4BA68002A40F04B81D7F818A0BAF13A
:107DD000000F06D10A68002A00F03D810C464FF0E2
:107DE000040A009A6168D2690291043205922268FD
:107DF000914280F0DA80A2EB010E1BF8032007927B
:107E0000FF2A00F0D280D645C0F0CF800022AEEB32
:107E10000A01CDE90310D14605989446CDE90585C0
:107E200016469846079B3BE05A2B17FF592B177FA6
:107E3000351F6544754528BF75460AEB0002964517
:107E40000CD34D450AD3BA69002A4BD0227A1207C7
:107E500048D4B5EB0A0201D082424AD28A6A22B1E2
:107E6000127A02F00702012A32D08A6982B3496885
:107E700071B30432B44402EB0C00BA69002A00F07A
:107E80008180217A0907AEEB0A0200F1A9801BF874
:107E900003300026FF2B2CD00AEB0C09CE4528D34B
:107EA00003EB43030BEB03111B018D682E44042EDF
:107EB000BED8BD6985B1257A15F00805BDD08869A1
:107EC0000399B44404306044814228BF0246DEE78F
:107ED0001BF803300022DDE78A69B44404326244AF
:107EE0001046D4E70028B9D0A5EB0A058542B5D3E2
:107EF000024602990498069D4346114461601BF8AE
:107F00000360DDF81480FF2E00F0B2804FF0FF090F
:107F10009C4600E00E4631B201EB41010BEB011E25
:107F20000901DEF80830934280F0BC801BF8011094
:107F3000FF29B146A2EB0302ECD16346FF2EBA60E3
:107F400015D0B8F1FF0F1BF8031058D00FFA88F2C4
:107F500002EB420212010BF8021036B206EB4606A3
:107F600032011BF802100BF803100BF80250FB8BC8
:107F7000013BFB83237A022262F3020323724FF058
:107F8000010C01E5024682E7079D43E600287FF4E5
:107F9000C8AC042714E64A469B1AA360009B069DC2
:107FA000099E059F93F818B0DFE4029A62601BF8FF
:107FB0000330FF2B08BF00225AD00023BB60D6E756
:107FC000009B5F762FE6002F7FF419AD009B5A7A55
:107FD0005C68531EDBB2002A3FF411AD654630E603
:107FE0001146002270E7FF2303934BE4009B5A7A6B
:107FF0005C68531EDBB2002A7FF423AE0AE6009AC7
:108000001176AAE712F09EFB044612F077FB009B64
:108010001E7E00287FF4F3AC5C61F0E40746019D0E
:108020001046BCF1000F3FF4EEAD089BFF2B21D0B2
:10803000002F3FF4FDAD12F071FB044628B3009A07
:1080400000235376937E002B7FF4EDAD56E5B96A9D
:1080500000297FF4BFAE00DE4FF0040ABC6AC0E620
:1080600000DED7F818A0BAF1000FF0D0BC6AB8E66D
:10807000BA607CE7002FDED1009B5A7A5C68531E01
:10808000DBB2002AD7D06546DBE5009DE86112F03F
:1080900059FB6C766861AB7E002B3FF42FADC2E5D7
:1080A0001E7EA5E461469C460B46ACEB0201CEF871
:1080B00008104E4642E700BFF8B5069E9DF81C50DA
:1080C000089CB8B9144F3A605A1E39727B727E60B0
:1080D000D2B273B106EBC2025460114612F80839ED
:1080E0008E4203EB4300A5EB030304EB0014DDB267
:1080F000F2D10DB10120F8BD099B3B620A9B7B6266
:10810000FF240B9BBB623C7612F01CFB7D817861E7
:10811000FC76FD612846F8BD0422002040B9064BDC
:108120001A7EFF2A01D1187270476FF00F00704756
:108130006FF01500704700BF0422002010B40A4BF6
:108140002C2202FB0032546A5CB100EB800200EB8F
:10815000420003EB8003A446012210BC032102204D
:10816000604710BC704700BF0422002010B58AB0E1
:108170000C9C00940D9C01940E9C0294BDF83C4014
:108180000394109C0494119C0594129C0694139CD7
:108190000794149C089400240994FEF7DDFE0AB0AD
:1081A00010BD00BF10B4039C0294049C0394BDF85E
:1081B00014400494069C0594079C0694089C07941C
:1081C000099C08940A9C099400240A9410BCFEF7A8
:1081D000C3BE00BF10B4BDF81040049410BCFEF73D
:1081E000BBBE00BF2DE9F84F294DBDF834609DF8A6
:1081F0003880044608462C2101FB045104EB840717
:1082000004EB470405EB84054C6804EBC00E14F83E
:1082100030909EF803409EF8017004F1010C5FFA63
:108220008CFCE14598BF4FF0000C67459DF84490E9
:108230002AD0DEF8047004EB44044FEA041A07EB7A
:1082400004144FF0050B07F80AB063600A9BA360A3
:108250000B9BE3600C9B23610F9BA362109BE3626B
:1082600002236270A68284F8168084F81790A370A7
:108270008EF803C0D1E9083698472B460022042126
:10828000B047A078BDE8F88F0120BDE8F88F00BFA7
:108290000422002010B588B00A9C00940B9C019425
:1082A0000C9C0294BDF8344003949DF8384004942B
:1082B0000F9C0594109C069400240794FFF792FFEE
:1082C00008B010BD2DE9F0411F4D064608462C218F
:1082D00001FB065E06EB860406EB4404DEF8046050
:1082E00005EB840706EBC00516F83060EC7869787A
:1082F00004F1010C5FFA8CFC664598BF4FF0000C4E
:1083000061451DD0696804EB4404260101EB0414A7
:108310004FF0060801F806806360069BA362079B86
:10832000E36202236270A37085F803C0DEE90835BA
:1083300098473B4600220421A847A078BDE8F08179
:108340000120BDE8F08100BF042200202DE9F041AA
:108350001E4D064608462C2101FB065E06EB8604F0
:1083600006EB4404DEF8046005EB840706EBC00569
:1083700016F83060EC78697804F1010C5FFA8CFC37
:10838000664598BF4FF0000C61451BD0696804EB4F
:108390004404260101EB04144FF0070801F806809D
:1083A000A362069BE36202236270A37085F803C098
:1083B000DEE9083598473B4600220421A847A0780B
:1083C000BDE8F0810120BDE8F08100BF042200205B
:1083D0002DE9F0411F4D064608462C2101FB065EA3
:1083E00006EB860406EB4404DEF8046005EB840724
:1083F00006EBC00516F83060EC78697804F1010CE2
:108400005FFA8CFC664598BF4FF0000C61451DD0AB
:10841000696804EB4404260101EB04144FF00808DA
:1084200001F806806360069BA362079BE362022358
:108430006270A37085F803C0DEE9083598473B46B3
:1084400000220421A847A078BDE8F0810120BDE802
:10845000F08100BF042200202DE9F041234D0646A3
:1084600008462C2101FB065E06EB860406EB44045D
:10847000DEF8046005EB840706EBC00516F83060F3
:10848000EC78697804F1010C5FFA8CFC664598BFC2
:108490004FF0000C614525D0696804EB44042601C7
:1084A0004FF6027801EB041421F80680C4E9012399
:1084B000069BE360079B2361099B63610A9BA361A1
:1084C0000B9BA3620C9BE3620223A37085F803C09D
:1084D000DEE9083598473B4600220421A847A078EA
:1084E000BDE8F0810120BDE8F08100BF042200203A
:1084F00070B50A4D2C2202FB0052D2E90836044620
:108500000846984704EB840304EB430305EB83031D
:10851000B4460022BDE870400421604704220020D8
:1085200012F010B9401A20F07F4070470148002136
:10853000704700BFDF590100012868B51E4604D00E
:10854000022812D050B1012068BD002007F0CCFCF9
:10855000B8B190F954003070002068BDC8B205F081
:1085600023FC70B190F93C00F5E70846154608F089
:1085700001F830B115B990F9B700ECE70EF094FFAF
:10858000E9E7022068BD00BF70B5054692F900001A
:108590007F2804BF0820107014460E460EF086FF98
:1085A000012D207004D0022D15D05DB1012070BDC9
:1085B000002007F099FCB8B194F9003080F85430ED
:1085C000002070BDF0B205F0EFFB68B194F9003007
:1085D00080F83C30F4E7304607F0CCFF20B194F946
:1085E000003080F8B730EBE7022070BD38B50C469C
:1085F00005460EF057FF28700EF056FF207038BD6C
:1086000038B5054600200C4605F000FC10B105F019
:1086100071F8A0B1002007F0D9FC10F0060F0ED1C0
:108620003DB9084B44B120681860A2889A800020A8
:1086300038BD054B002CF6D11C609C80F7E70C2060
:1086400038BD00BF38220020302200200128034618
:1086500005D8044A0448002B08BF10467047002084
:10866000704700BF382200203022002001280AD89D
:10867000064A074B002818BF1346186808609A88F6
:108680008A80184670470023184670473022002021
:108690003822002010B504460EF026FE68B90FF00F
:1086A000E1F978B910F000FB88B911F02BF998B90D
:1086B0002046BDE8104015F07DB800DE0FF0D2F97D
:1086C0000028EFD000DE10F0EFFA0028EDD000DE39
:1086D00011F018F90028EBD000DE2046BDE810406C
:1086E00015F068B80860014815F064B8344B0020F4
:1086F00015F060B82DE9F84F89462A4D99F80030F9
:1087000095F84012472B88BF0B469A423ED05C1C1E
:10871000E4B29246482C35F833200280834608BFE5
:10872000002405EBC303002601274FF012081AE0CE
:10873000012833D0C3F8048089F8004095F840320E
:10874000472C98BF23469A4521D01AB20133DCB298
:1087500035F83200BBF80010482C08BF00248842CE
:1087600005EBC20313D1586860B1FF28E0D9027944
:1087700002F00302013A012A0CD912225A6007F0D2
:1087800015FFD9E701365F60F6B2D5E7002630461F
:10879000BDE8F88F0136F6B20122EFE70136F6B2F6
:1087A000CAE700BF642200202DE9F047374F3B881D
:1087B00098425DD913F0FF0528D0DFF8D4A0DFF888
:1087C000D4809AF82D40DFF8D0909AF82C300134FC
:1087D000E4B20B2C08BF0024A342404618D0FDF79A
:1087E000ADFF064648468EB1FDF7A8FF002841D0F0
:1087F00006609AF82D304AF823003B888AF82D400D
:10880000013D013B15F0FF053B80DED1BDE8F0875F
:108810003B88002BFAD0DFF884A01E4D9AF8454023
:108820001D4E4FF000080134E4B2112C9AF8443088
:1088300008BF0024A3422846E8D0FDF77FFF814609
:108840003046B9F1000FE1D0FDF778FFC0B1C9F8AB
:108850000480C0F800909AF845304AF823003B881D
:108860008AF84540013B9BB23B80002BDBD1CDE732
:108870000546A2E730460749BDE8F047FDF774BF5B
:1088800048460449BDE8F047FDF76EBF04250020C7
:108890008C4700200825002074260020AC240020EE
:1088A0002DE9F84F344B354FDFF8D490DFF8C8B0DE
:1088B000181D0A2224214FF00008A7F82C80FDF78C
:1088C00019FF2F4B0A220821181DFDF713FF97F8F7
:1088D0002CA097F82D400A260134E4B20B2C08BFD7
:1088E0000024A245484615D0FDF728FF0546584606
:1088F00085B1FDF723FF002838D0C5F80480056056
:1089000097F82D3047F82300013E16F0FF0687F850
:108910002D40E1D11B4B1D22181D4FF49271FDF724
:10892000E9FE194B2D22181D0821FDF7E3FE16481C
:10893000FDF704FFB0B1154A111FFDF74DFF1248B6
:10894000FDF7FCFE80B1124A111FFDF745FF114BE8
:108950001A22FF201A80FFF727FF0DF0E7F800200A
:10896000BDE8F88F00DEE6E700DEECE704492846C4
:10897000FDF7FAFECEE700BF104800207C4900203A
:10898000BC47002074260020082500200025002078
:10899000F8240020042500202DE9F041994D9A4E3D
:1089A00086B004AA02A90DF1070008F013FB0446E3
:1089B000D5E9000103AAFDF727FF074650B3039B43
:1089C000002B6BD0187804AA02A908F01BFB044600
:1089D000002841D0DDE90313BDF808200F78ADF879
:1089E0000A20059308F020FB2146059ABDF80A00ED
:1089F00008F04EFB204608F0E1FA05AA0DF10A0145
:108A0000384608F0FFFA04460028EBD1306814F02D
:108A1000D1FEC6E7002C3ED0049B05939DF807705D
:108A2000BDF80830ADF80A3008F0FEFA2146059A84
:108A3000BDF80A0008F02CFB204608F0BFFA05AA92
:108A40000DF10A01384608F0DDFA04460028EBD1A2
:108A5000306814F0AFFEA4E7039B05931B79013B3C
:108A60002C2B1ED8DFE803F01F43601D1F321D3280
:108A7000327C1D1D1D1D1D1D1D1D1D1D1D1F721F59
:108A80001D1D1D1D1D1D1D1D1D1D1D1D1D1D1D1D16
:108A90001D1D1D1D1F0006B0BDE8F08100DE039BFB
:108AA00090E700DE7DE7574968680022FDF7B4FED5
:108AB000564B059993F8413238460B70544AFDF7EE
:108AC00099FE514B186814F075FE6AE74D496868C5
:108AD0000022FDF7A1FE059991F8203003F00F0365
:108AE000072B71D0494B384693F84132E5E74549A9
:108AF00068680022FDF790FE059CD4F80880B8F164
:108B0000000F09D098F80030002B76D098F800308C
:108B1000013BDBB288F80030237B052B6FD8DFE800
:108B200003F02C5C6064682905A9384608F0C2F897
:108B3000344968680022FDF76FFE059900293FF46B
:108B400030AF0B792E2B3FF42CAFCBE72D49686863
:108B50000022FDF761FE0599384608F099F820E7F4
:108B6000284968680022FDF757FE0599384607F046
:108B700045FB16E7204607F0FDFA264A002323733B
:108B800092F82D3092F82C100133DBB20B2B08BF7A
:108B9000002399421CD0276092F82D1042F8214002
:108BA00082F82D30B8F1000F3FF4FBAE98F800309A
:108BB000002B7FF4F6AED8F80830002B3FF4F1AE6E
:108BC000D8F80C009847ECE63846F9F755F8E8E68F
:108BD00000DEB8F1000FE9D1E3E62046F9F790FB9B
:108BE000CBE7204605F03CF9C7E7204605F0ECFF4F
:108BF000C3E7204607F004F9BFE700DE86E700DEA2
:108C0000BBE700BFFC240020304B00206422002082
:108C1000F82400207C49002030B52F4B2F4C1860E1
:108C200087B011F05DFD2378002B4ED02C492D4AE2
:108C30002D4D05954FF0050C81F808C02B4C049282
:108C40002B4A0220CDE9022404230D24CDE900148F
:108C5000284A087408760B7000201821FFF72CFAB8
:108C6000002837D101220021234817F07AF80EF0AE
:108C7000BDFA044610B1204607B030BDFFF710FE24
:108C800004460028F7D10EF0D1FE04460028F2D1A8
:108C900005F054F804460028EDD110F003F804461E
:108CA0000028E8D106F004FF04460028E3D110F0C4
:108CB0001DFE04460028DED107F04AFF04460028C6
:108CC000D9D101200DF0F8FBD5E7FDF7B5FD012363
:108CD0002370ABE700DEC5E7304B00205D8000204D
:108CE000BC4D002031B70100D1B7010011B7010020
:108CF0004C4B0020DC4D0020344B002010B586B0DA
:108D000005F02CF800283BD106F050FF00283CD19C
:108D100007F020FF00283DD10024254B2046A3F872
:108D200040420DF0C9FB2349234A244BA1F880415E
:108D30009485A3F8444001222146684617F011F8B3
:108D40001F4B224621460320C3F808D0FDF7C8FD7B
:108D500010BB4FF0FF324FF0FF33684614F064FD54
:108D600005F006F8D0B9684611F002FCFFF798FD4F
:108D7000E0B90021012006B0BDE81040FFF740BC7B
:108D800000DE06F013FF0028C2D000DE07F0E2FE8E
:108D90000028C1D000DEBFE700DEDAE700DE68466B
:108DA00011F0E6FBFFF77CFD0028E2D000DEE0E7F3
:108DB00064220020AC4900208C470020AC24002015
:108DC0004800002008B5FFF799FF0EF045FA00B102
:108DD00008BDBDE80840FFF7A1B900BF2DE9F04F7D
:108DE0002B4C2C4EDFF8B0A083B00746884604F524
:108DF000107900233B6094F841B2D6E9000101AA42
:108E0000FDF702FD054690B3019B49461A7840469E
:108E1000FFF770FC80BB94F840328DF8013094F875
:108E2000412283460DF101010DF10200FFF762FCC2
:108E30004BEA000212F0FF02F1D1019B19790129DE
:108E400020D131467068FDF7E7FC51462846FDF712
:108E50008BFC124A1388192B11D801981049013341
:108E60001380FDF781FC0120FFF79EFCC1E70D494F
:108E70005A464046FFF73EFC03B0BDE8F08F00DEE7
:108E80001388EAE710463B6003B0BDE8F08F00BFEF
:108E900064220020F424002008250020042500205E
:108EA00074260020A424002070B57F4982B00023DE
:108EB0004868019301AAFDF7AFFC002800F0A680E6
:108EC0007A49FDF751FC019A13792D2B19D8DFE867
:108ED00003F01718181718171B1B1B18183318182E
:108EE0001818181838181818177117171717171790
:108EF00018181818181818181818181818181817F3
:108F000003B900DE02B070BD92F8203003F00F0309
:108F1000072BF7D1D568002DF4D0644E1D242868A6
:108F2000ED68013C3146E4B2FDF71EFC002DE9D0AE
:108F3000002CF4D100DEF2E7907906F0A3FF02B036
:108F400070BD907904F030FF0446002800F09C804A
:108F5000A36B33B11B6893F846206FF3000283F8CC
:108F600046206569002D6AD0EB6D002B40F09080A3
:108F700005F1500105F14C00FDF732FC03460028D5
:108F800000F084800026EB65286807F0D9FA606E4F
:108F900047496661FDF7E8FB4449206E6666FDF7C8
:108FA000E3FB94F88030266666F3000384F8803093
:108FB00002B070BD92F8203095683C2B2E6827D007
:108FC00092F82140002C48D0706E20B1002338491F
:108FD0007366FDF7C9FBAB6A33B11B6893F8462093
:108FE0006FF3000283F846206B6A7BB3002006F023
:108FF000EDFF0446002004F009FF40EA440010F0B1
:10900000FF007FF47FAF0DF00DFB7BE700DE57E73D
:109010006C68002C3ED000236B60E36D6BB904F1EB
:10902000500104F14C00FDF7DBFB0346002833D070
:109030002068E36507F084FACDE700DEEFE794F8F7
:10904000803065F3000384F880305BE796F8802079
:1090500063F3000286F88020C8E7012006F086FF4F
:1090600048B186421AD090F86230002262F3410380
:10907000426180F8623096F86230002262F3410368
:10908000726186F86230B1E700DE61E700DE79E701
:1090900000DE6DE700DEBEE700DEC9E7204606F031
:1090A00065FF0028E7D0DEE7F42400200825002033
:1090B000742600202DE9F84304688046A4B1594F76
:1090C000594E0125204624680379122B14D805FA3D
:1090D00003F240F2E9110A4240F0998012F4812F24
:1090E00074D100DE002CEDD10023C8F80030BDE8BB
:1090F000F843FF20FFF758BB163BDAB2172AF0D827
:10910000172BEED801A252F823F000BF7D9100008A
:109110006D910000939100007D9100007D91000011
:109120007D9100007D9100007D910000E3900000A2
:10913000E3900000E3900000E3900000E390000063
:10914000E3900000E3900000E3900000E390000053
:10915000E3900000E3900000E3900000E390000043
:10916000E3900000E39000007D91000090F8203033
:109170003C2B32D0022B3AD0002B46D13B88192B06
:1091800032D8013331463B80FDF7EEFA002C99D1FD
:10919000AAE7C0880F28A5D807F0E0F98146002883
:1091A0003BD0D9F86C30002B39D109F1600109F1BD
:1091B0005C00FDF715FB00282DD0C9F86C0048466F
:1091C00007F0BEF9002C7FF47DAF8DE73146FDF747
:1091D000CBFA002C7FF476AF86E71349FDF7C4FA8B
:1091E000002C7FF46FAF7FE700DE3B88C9E70CF00F
:1091F00057FB002004F0FCFD00287FF473AF0DF056
:1092000011FA002C7FF45EAF6EE700DE0379002BCD
:10921000B4D100DEB2E700DECFE700DEC1E700DE5A
:10922000C3E700BF04250020742600200148FDF795
:1092300085BA00BF082500200149FDF795BA00BF97
:10924000082500200148FDF779BA00BF74260020E8
:109250000149FDF789BA00BF74260020034B044A78
:1092600093F841320B70FDF7C5BA00BF64220020AD
:10927000F8240020014B186814F09CBA304B0020F1
:1092800008B5064B064A93F841320B70FDF7B2FA67
:10929000044B1868BDE8084014F08CBA6422002022
:1092A000F8240020304B00200C4991F8442091F81C
:1092B00045309A420AD8A3EB020C5FFA8CFC604559
:1092C00009D89A4207D051F82200704711339B1AEF
:1092D000DBB29842F7D90020704700BFAC240020D1
:1092E000094A92F8441092F845308B4209D04B1C41
:1092F000DBB2112B08BF002352F8210082F8443062
:1093000070470020704700BFAC24002000B50D4A14
:1093100092F841C292F840E20CF10103DBB2482B13
:1093200008BF00239E4509D022F83C0002EBCC0C7C
:10933000CCF8041082F841325DF804FB00DE002313
:109340001B80FFDE64220020022810B50C4602D0EC
:109350000B68022B07D004484FF0FF324FF0FF3369
:1093600014F062FA206810BD344B002004490A68EA
:109370000AB110467047024608601046704700BFA9
:1093800060220020044A136823B1984206BF0021DE
:10939000116000231846704760220020014B1868B6
:1093A000704700BF6022002004490A680AB11046D5
:1093B0007047024608601046704700BFA82400208E
:1093C000044A136823B1984206BF002111600023AC
:1093D00018467047A8240020014B1868704700BF4A
:1093E000A824002030B505682B7887B0EBB104467F
:1093F00001220021684616F0B4FC0D4BC5F80CD0D4
:10940000AB602B788BB10B4B0022114603209C6084
:10941000FDF766FA38B94FF400420023684614F0AD
:1094200003FA07B030BD00DEF5E76FF07700F8E72C
:10943000F186000038000020F0B5254E336885B075
:109440000C461746002B36D0994215D102230393C0
:1094500003AB0246009303211E4B0020FEF776FF6C
:10946000022805460CD0039B022B09D195B1336825
:109470000BB19C4221D014B36FF02D0005B0F0BDAC
:1094800015484FF0FF324FF0FF3314F0CDF9039D34
:10949000002DECD13846FFF7A5FF33680BB19C4295
:1094A00011D0002CE8D10028E8D010F1780F08BFC7
:1094B000002005B0F0BD3160C8E7002333606FF0D5
:1094C000770005B0F0BD35600028D7D0EDE700BFCC
:1094D00060220020E5860000344B00200C4991F802
:1094E0002C2091F82D309A420AD8A3EB020C5FFA97
:1094F0008CFC604509D89A4207D051F82200704789
:109500000B339B1ADBB29842F7D90020704700BF9B
:109510008C470020094A92F82C1092F82D308B428B
:1095200009D04B1CDBB20B2B08BF002352F82100E3
:1095300082F82C3070470020704700BF8C47002015
:1095400038B50C46054607F03FFD207021462846F9
:10955000024ABDE83840FDF74DB900BF00250020A4
:109560000122024B11460020FDF7BAB92800002065
:1095700070B50C46054607F027FD21462070064AC7
:109580002846FDF737F90122BDE87040034B11462C
:109590000020FDF7A5B900BF00250020280000200D
:1095A0002DE9F0431A4D9DF81C8095F881C10CF10E
:1095B000010E5FFA8EFEBEF10C0F994695F88031D0
:1095C00008BF4FF0000E73451DD0144605EB4C1C30
:1095D000E36807460E4610685168926864460FC4F7
:1095E0009CF81C30CCF8186008F0010823F0030345
:1095F00043EA0803CCE904978CF81C3085F881E134
:109600006046BDE8F0834FF0000C6046BDE8F08393
:10961000AC490020054890F8803190F881219A42A9
:1096200014BF00EB43100020704700BFAC4900207E
:1096300001460B480A7890F881310B2A84BF90F8D4
:1096400080210A70934208D0531CDBB20C2B08BF58
:10965000002300EB42100B7070470020704700BFE2
:10966000AC4900202DE9F04F3D4E96F8801196F858
:10967000813187B08B42039047D04FF0000906EB51
:1096800041110E24CDF81090CA46CB46CDF8089073
:10969000CDF814900D7FD1F80080CF68C5F340025B
:1096A00005F00105002C4FD0013CE4B282B396F8DE
:1096B000811196F88031994227D00133DBB20C2B0F
:1096C00008BF0023994286F880311ED006EB431173
:1096D0005B01C868002ADDD135BBBBF1000F37D074
:1096E000BAF1000F029A08BF4246029208BFBA467A
:1096F0000A7F9507CED4D2071DD48345F3582BD0CB
:109700008245C7D1029A9A42C4D107B0BDE8F08F12
:10971000144B0398996011460192FDF7E1F8019A04
:109720000028C4D000DEC2E7049A7AB1B9F1000F74
:1097300008BFB946DCE7BAF1000FABD1049B834206
:10974000E3D04845A6D1E0E700DEADE70497CFE7D8
:10975000BB46CDF81480CBE7059A9A42D0D1D4E726
:10976000AC49002018000020064B93F82C2093F8F9
:109770002D10914204D053F8220010B10C307047E4
:10978000002070477C490020084A92F82C1092F87B
:109790002DC08C45034606D052F821201AB102F1A3
:1097A0000C00137370470020704700BF7C490020F5
:1097B00070B5144A92F82C1092F82D308B421FD0BD
:1097C0004B1CDBB252F821400B2B08BF002382F860
:1097D0002C30ACB102230025266823712560A060DF
:1097E00007F0F2FB084A207021463046FDF702F8E8
:1097F0000122064B11462846FDF772F8204670BD3F
:109800000024FBE77C4900200025002028000020E0
:1098100010B582B0049B9C7A6FF341049C720024C3
:10982000CDE900440DF0D2FE02B010BD10B50346E4
:10983000007F1A699969012482B02040CDE90004B3
:1098400058690DF0C3FE08B902B010BD7730FBD0E7
:1098500000DEF9E70B8A002B3CD030B5054683B01B
:1098600001F10C000C4615F08FFD012817D00228DD
:1098700003D06FF0150003B030BD01A9204602F0FF
:10988000A7FE019919B12B6928461B689847002843
:10989000F1D12046FCF72AFE002003B030BD0023A2
:1098A00001A92046019301F071FA01460028F0D089
:1098B0002B6928461B6898470028DCD1019D002DA4
:1098C000E7D0284603F0F0FB68710199034816F0D1
:1098D00033FADEE76FF01500704700BF74520020C6
:1098E00010B50469FFF76EFA28B90448FCF794FA3A
:1098F0000020206010BD00DEF7E700BF70040020EC
:10990000F0B50546076989B00E46174816F0D6F936
:109910004FF0FF320021154816F023FA1348FFF7E5
:109920007BF90446E0B93E60114816F04BFD104843
:1099300003F0D2FB002000216FF00702CDE9060101
:10994000CDE90324CDE901440A4B0B4900954FF4BE
:1099500060720A4814F08CF90949084816F0BBFAFD
:10996000204609B0F0BD00BF745200208C52002088
:1099700064520020859900000085002070040020BA
:109980000C0902002DE9F04F85B00369DFF8A882C9
:10999000DFF8A892DFF8A8A2DFF8A8B20193064684
:1099A0004FF0FF324FF0FF330321404614F052FED8
:1099B000002840F0A881D8F80C3003F4FE13B3F56A
:1099C000804F00F0A880D8F8203003F4FE13B3F5E0
:1099D000004F00F02581D8F8343003F4FE13B3F5BE
:1099E000803F00F081810024D8F80C3096486FF356
:1099F0009433C8F80C30D8F820306FF39433C8F89B
:109A00002030D8F834306FF39433C8F834308F4BAB
:109A10001D68BFF35B8F50E8003F23F0010240E870
:109A200000210029F7D1BFF35B8FD80703D50022AF
:109A30000023C9E90023002D40F34081DAF800300B
:109A4000DBF80020EB1A1344814A1360D9F8002098
:109A5000002A00F060815179002C65D1042950D989
:109A6000052940F05581002B9AD0D9F804101368CD
:109A7000C9F800308A4200F0738103924FF0FF333F
:109A80004FF0FF320820FCF78FFD04462146039873
:109A900002F01CFE039B00221A6003A8FFF70AFBDA
:109AA000DAF80030ED1ADBF800301D44684B1D6019
:109AB000D9F800302BB15B79DA1E012A1CD9052BAD
:109AC00018D0002C3FF46CAF019F204615F009FC24
:109AD00005462146002015F024FC2B8A012B044664
:109AE000294630461CD93B68984714F06BFA002C85
:109AF000EBD155E7002DE4D00021564814F002FECA
:109B0000DFE7022971D800DE4B1E012B039240F2E1
:109B1000328100DEBEE7D8F8103000229A6062E79A
:109B20002846FCF7E3FCE0E7CA1E012A40F2E48085
:109B3000052900F0F480591C627900F0C780511E9D
:109B4000D9F80000052900F22181DFE801F00303C4
:109B50001D1D3403042A039400F2BE80022A1AD188
:109B6000012100200022002315F066FC0446039822
:109B7000E4B1214602F0F8FD039B00221A6003A81D
:109B8000FFF798FA019FA0E7314A012313600028EC
:109B900040F0DD80039402204FF0FF324FF0FF339E
:109BA000FCF702FD04460398002CE2D1046003A8F0
:109BB000FFF780FAF4E6002840F0C980002B00F09F
:109BC000C68003944FF0FF324FF0FF330820FCF7BC
:109BD000EBFC04462146039802F078FD039B00222B
:109BE0001A6003A8FFF766FA6BE7D9F8043011682A
:109BF000C9F80010934212BF0392C9F804100393EE
:109C00004FF0FF324FF0FF330220FCF7CDFC04464B
:109C1000002C3FF43FAF0398214602F0A5FD39E741
:109C2000D8F824000022002313F0FEFD002840F0A5
:109C30009D80376925E000BF58000020680400209F
:109C4000D4520020D0520020AC520020D852002024
:109C5000605200206452002073BB4FF0FF334FF07E
:109C6000FF320021132015F0E7FBBDF80A1005466E
:109C7000224603F001FA3B6829463046984714F023
:109C8000A1F90DF10A0103A8FFF7A8F8039B044608
:109C90000028E1D1002B3FF4A6AEFFF705F9039CA5
:109CA000204603F001FA607103993A4816F044F82F
:109CB000039B002BE5D196E600DECEE7364A4FF057
:109CC000FF331360002C3FF46BAE62790394042AD7
:109CD00049D9052A3FF476AF00DE039B00221A60C3
:109CE00003A8FFF7E7F95BE6D8F838000022002365
:109CF00013F02EFD044677E62848002114F002FDFB
:109D0000254B1B6817E704303FF455AE00DE52E6E2
:109D100000DE0392FDE6002C7FF40DAF40E6002B41
:109D2000EAD16279531E052B30D801A151F823F0F6
:109D3000559B0000559B0000499D0000499D000077
:109D40004F9D0000559B0000134A01231360D9F872
:109D50000430002222605BB11C60C9F804401FE699
:109D6000C9F8043089E6002AB6D0F7E600DE60E7DD
:109D7000C9E9004414E602297FF442AF20460121DC
:109D80000022002315F058FB044641E700DE03944F
:109D9000A2E700BF745200206052002064520020ED
:109DA00010B514F0BFF8054C204615F093FF20467F
:109DB00015F084FFBDE8104014F0C8B874520020BC
:109DC000038800B5C3F3441303EB430C8444B2FA95
:109DD00082F29CF802E05209013362F3000E03EBB9
:109DE00043038CF802E0F1B10A88C2520278D3062C
:109DF00012D1531C03F01F0363F3040202700288A4
:109E000063F3491202F47873202B028004BF6FF3CE
:109E1000491202805DF804FB0388C3F34413013345
:109E200003F01F03EBE7C152E0E700BF2DE9F04F5D
:109E3000DFF8B89183B0D9F800609DF83440019400
:109E4000002E5EDB07460D461446984661D0DFF8CB
:109E5000A0A14FF0000B05E00BF1010B5E450AF1EC
:109E6000200A56D051460622204616F0E7FA00286E
:109E7000F2D11AF8013CAB42EED15E4C4FEA4B11E5
:109E800004EB4B1B9BF8073023FA07F2D50778D574
:109E9000072F3AD108EB480301EB430323444FEA71
:109EA00048071A7AD20603F1080600F085800C9A5A
:109EB0005AB352781D7B4FEA121CBCEB151F40F0C1
:109EC0008A80DDF830C093F80BE09CF800C02D02CA
:109ED000120205F4706502F4706242EA0C0245EA6F
:109EE0000E0595425CD1B378DB070ED4019B43B9D4
:109EF00007EB080301EB430323449A7A42F0010283
:109F00009A72002003B0BDE8F08F012003B0BDE8D5
:109F1000F08FDFF8E4A03749DAF800B0D4F800C0D9
:109F2000019A4FEA4B13581C41F800C00844A4881A
:109F30008480CC180120CD54B8400833E071C85A51
:109F40002E4D2840C8525C18062010FB0830E388CC
:109F50002B40E380A3892B40A381638A2B4063823B
:109F600008440C99FFF72CFF0F2ED6BF731C0BF182
:109F70000103C9F80030102B08BF0023CAF80030D5
:109F8000BFE7062000FB08100121B94008300B4351
:109F9000019A0C998BF807302044FFF711FFB0E7C6
:109FA0000C9A83F80BC052781A73019B73B9B3787B
:109FB00043F00103B370A4E7062000FB081008304B
:109FC000019A0C992044FFF7FBFE9AE7B37860F3FF
:109FD0000003B37095E7062303FB081101F10800A5
:109FE000019A0C992044FFF7EBFE8AE7E05200202B
:109FF000E5520020E4520020DC52002000FCFFFF6C
:10A000002DE9F04F89B0054607939DF84C30059334
:10A01000149B1C9C06939DF8543004939DF9583072
:10A0200001930C349DF95C30029320461B9B0393F3
:10A030000E4602219DF86870DDF84890BDF860A0DA
:10A04000DDF864B0904615F078F93E22027007F111
:10A050001A0242700121204615F06FF902460D21C7
:10A06000117007F119012046C9B215F066F90122F5
:10A07000A0F80150027004460BF0EAFF049B9842DE
:10A0800043D8231DB9F1000F33D0079AE270D9F8F5
:10A0900000206260B9F804209A8096FAA6F6B6FA13
:10A0A00086F6013684F80B80A672BBF1000F35D01E
:10A0B0009BF801301B092373019B637315F00405A2
:10A0C000029BA373A4F80FA004F1120318D0059A01
:10A0D000069962740A68C4F812208A889A800399E3
:10A0E00027763A4604F1190009B0BDE8F04F16F0A2
:10A0F00075B984F80390C4F80490A3F80490CCE7F1
:10A100006574C4F812509D80E9E71846221DE11CD1
:10A110000BF07AFFE3780233E370BEE7FF23CAE770
:10A120002DE9F0411A4C6468A40004D51646194A7A
:10A130001268120701D4BDE8F08103F10C04054652
:10A140000F462046022115F0F8F840F63E43038002
:10A150000121204615F0F1F80346042220461A702A
:10A160000B2115F0EAF80570A0F801603DB97B6895
:10A17000BA68C0F80720C0F80330BDE8F0814FF09E
:10A180000008C0F80380C0F80780BDE8F08100BF78
:10A1900008000020000000202DE9F04F594D044632
:10A1A0000B4695E8030087B00490ADF81410080C36
:10A1B00055498DF81600496889007DD51546534AE2
:10A1C0001268D20478D5274693F8189017F8020B36
:10A1D00093F819B0430679D40023C0F38011CDE978
:10A1E00000333A4600F00F00FFF720FE002863D14D
:10A1F000237803F00F03012B61D094F80180A8F1BC
:10A20000060A08F114035FFA8AFA08F11308DBB2B0
:10A2100003935FFA88F856460C350221284615F05C
:10A220008CF8039B43703E2303700121284615F0F0
:10A2300084F803460D221A704146284615F07DF831
:10A2400001230370237803F00F0318336B44054692
:10A2500013F8083CA0F801300BF0FAFE58453DD940
:10A2600058462A1DE91C0BF0CFFEEB780233EB7049
:10A2700001226A81FF2200232A73C9F100097F228B
:10A28000214685F80E90EB732B746A7311F8082B36
:10A2900002F00F00012805F1120729D06B74C5F8F0
:10A2A0001230BB80324605F1190085F818A007B0BE
:10A2B000BDE8F04F16F092B807B0BDE8F08F1A2352
:10A2C00006464FF0190803938246A5E70021084689
:10A2D0003B465A460BF0B4FF20787DE72378C3F362
:10A2E0008013EB70D4F802306B60BB882B81BFE722
:10A2F000C2F3C0126A74A368C5F812308B88BB80A1
:10A30000D0E700BF2C090200080000200000002058
:10A310002DE9F04F95B09046139341F020030C9334
:10A320009DF88030289D0D939DF888300E939DF9FF
:10A3300090300F939DF87890BDF89430BDF89CB0A4
:10A34000299E2B9F95F800C010930246139B1292F2
:10A350001B781193239B64462A2C93F900A028BFF5
:10A360002A24269B0793109B06930F9B0894CDE904
:10A3700004A30E9B0393219B02930D9B01931F9BB0
:10A3800000933B680A933368119A0C9809934146ED
:10A390004B46FFF735FE3368234433602B781B1B95
:10A3A0002B7002204FF4A0220023FCF7FDF8ABEB4A
:10A3B000040B1FFA8BFB01463860002858D02A98FE
:10A3C00014F09EFF95F800C0BCF12A0FC9D8129A6C
:10A3D000D2686146002A45D0E34546D9BCF1000F5A
:10A3E00064D1239B7F21197092F822108C0659D0DA
:10A3F00092F82310C8074CBF02F12A0002F1240092
:10A400008B0748BF06300C0748BF0230CB0607D584
:10A410008178139B49090131197092F82310033098
:10A420008C0648BF12304B0603D5239B10F9011B45
:10A43000197092F82210C1F305010131CCB202F17A
:10A440002201411AC9B2A14203D2611A50FA81F025
:10A45000214692F821408C420DD84FF00003002194
:10A460002B708C468B453FF671AF15B0BDE8F08F71
:10A4700000DE3968A3E7306092F821C0ACEB010C34
:10A480005FFA8CFCDC45614684BF59465FFA8BFC61
:10A49000594585F800C0FFF459AFBCF12A0F3FF6CB
:10A4A00055AFE2E702F123000121D2E7139B12929C
:10A4B00093F800A0239BCDF844A093F90040A24656
:10A4C0006446269B0793109B06930F9B0894CDE947
:10A4D00004A30E9B0393219B02930D9B01931F9B4F
:10A4E00000933B680A933368119A0C98099341468C
:10A4F0004B46FFF785FD3368234433602B781B1BE5
:10A500002B7002204FF4A0220023FCF74DF8ABEB98
:10A51000040B1FFA8BFB0146386038B12A9814F0FF
:10A52000EFFE2B782A2BCCD8129A5AE700DE396836
:10A53000F4E700BF2DE9F04FA9B07F241F937B4BB8
:10A540008DF88A405B688DF88B409D004FF00004C9
:10A55000CDE924448DF88C408DF88D408DF88E40E7
:10A560008DF88F408A4603D5714B1B68D90410D4EF
:10A57000DAF80C4054B127AD002627942346E4684E
:10A580001E602846FEF796FD002CF6D129B0BDE8E6
:10A59000F08F164680461C940BF05AFDDAF80C90AA
:10A5A0001490CDE91544CDE91D44D346119413947C
:10A5B0001A94129417941B944F46209698F80250C0
:10A5C0009BF819309BF81A900F939BF81830199349
:10A5D00015F03F064FEA9513C9F34000C9F3401246
:10A5E000189300F0708198F8033013F0010608F119
:10A5F000040400F08281DA4500F0F081DAF80C10F2
:10A60000594500F0EB81002110910E4613F0020134
:10A6100008F10A0400F07681DA4500F0BB81DAF82F
:10A620000C10594500F0B6814FF0000C614606341D
:10A630005A0748BF013413F008021CBF22460234F7
:10A6400013F010000E9013D0DAF80C000E9058455D
:10A6500000F0CA81DA4500F0CE8194F802E0BEF144
:10A660005F0F4FEA5E1000F2C98101300E90033493
:10A67000980602D560881A9012345B0648BF14F918
:10A68000010BC5F3050508F1020305F10105A4EB73
:10A690000303EDB2DBB258BF7F20AB4206D8A5EB77
:10A6A000030E1EF0FF0E1CBF74442B4698F8015099
:10A6B000AB423FD2EB1ADDF858E0DBB21D467544E1
:10A6C0001F2D3FDCDA4500F01F8119F0100F40F01C
:10A6D0000481DDF890E0119A139D002A08BF3546E9
:10A6E0001395109D18BF1546129A1195002A159DB5
:10A6F00004BF62460D4615951292BEF1000F00F0A0
:10A700003F81179A1A4493B217930BF0A1FC149A45
:10A710000F991346824228BF0B461493002F00F076
:10A72000108107F12008BB46FF6847E708000020BA
:10A73000000000200024DDF858E0254675441F2D58
:10A740002346BFDD249F209E002F00F0AE8102270C
:10A75000119B002B00F0968100241B9B0093119A03
:10A760001C9B139901940720FFF760FB002840F021
:10A77000A2816401E4B2129B1BB11C9B43F0040351
:10A780001C93199B169A26965B425DB29DF88E30FB
:10A790009342C0F050812A2B00F24D81324608933B
:10A7A0001B9B07931A9B1C990A92CDE90553149B96
:10A7B0000393129B0293159B0193119B00932143DA
:10A7C000259B09930C469DF98B3004939DF88F20AF
:10A7D000139B1F992046FFF713FCDDF89080B8F11A
:10A7E000000F00F0518102204FF4A0220023FBF75C
:10A7F000DBFE04F09F0444F0080480462690002805
:10A8000000F06A814146304614F07AFD9DF88C30A4
:10A81000179A934201D32A2B25D9179B09931B9B87
:10A8200008931A9B1E981F9A0C96CDE90653149B09
:10A830000493129B0393159B0293119B0193139B0B
:10A84000009326AB0D9324AB0B9323AB0A930DF12E
:10A850008A03059321460DF18D03FFF759FD9DF8FD
:10A860008C30DDF8988008931B9B07931A9B249AE1
:10A870000992CDE90553149B0393129B0293159BF8
:10A880009DF98A200193119B009344EA471004929A
:10A89000139B1F999DF88D20CDF82880FFF7B0FB02
:10A8A000DAF80C40002C3FF471AE27AD0026279457
:10A8B0002346E4681E602846FEF7FCFB002CF6D118
:10A8C00029B0BDE8F08F08F103040E96314601234C
:10A8D0001096B44632467F20E8E60E9A002A57D1F9
:10A8E0009DF88F508DF88D508DF88C3024948DF814
:10A8F0008A00A646CDF878B0EDE613F00201109676
:10A900007FF48AAE8C4693E60E9B8DF88F304FF025
:10A9100000038DF88E30002325930F9B1493189B12
:10A920001C93109B11930023CDE912C68DF88B0068
:10A9300015911B921693CDF874A01793002F7FF4F6
:10A94000F0AE0E9B209E003B18BF0123B9465F006E
:10A95000249B002B7FF4FCAE119B002B40F0D58094
:10A96000002F00F0D5801B9B002B00F0BD809DF9CF
:10A970008B307F2B00F0B480002740241197FAE63B
:10A98000259900294BD0169A1A4493B21693BCE627
:10A990000E9DA7E700284BD1DAF80800016891F86E
:10A9A0006210C1F381010E9182B190F8282098F8CD
:10A9B0000010C2F38012B2EBD11F0AD1363006224A
:10A9C0002146219315F03AFD219B10B90E99A4461A
:10A9D0002DE60E9AA44642F0020128E698F800609F
:10A9E0001094C6F3801611E6A80900283FF432AE91
:10A9F00000200E903BE6002F7FF42FAE0E9800282B
:10AA00003FF4C4AD27AD0024064627963346F668CA
:10AA10001C602846FEF74EFB002EF6D1B6E52594C5
:10AA20008DF88B008DF88E301693CDF874B06CE6EF
:10AA3000A446FE21FBE5169B09931B9B08931A9BDA
:10AA40001F9A1D981C990C96CDE90653149B0493EC
:10AA5000129B0393159B0293119B0193139B0093ED
:10AA600026AB0D9325AB0B930DF18E030A930DF1DD
:10AA70008B0305930DF18F03FFF74AFC9DF88E3091
:10AA8000269A8CE61C4676E6DAF80C40002C3FF459
:10AA90007DAD27AD464627942346E4681E602846D0
:10AAA000FEF708FB002CF6D170E5119B002B3FF45C
:10AAB0005AAF022451E6DAF80C40002C3FF466ADA0
:10AAC00027AD002627942346E4681E602846FEF73B
:10AAD000F1FA002CF6D159E500DEDDF8988091E618
:10AAE000259B002B7FF448AFDAF80C40002C3FF494
:10AAF0004DAD27AD002627942346E4681E60284606
:10AB0000FEF7D8FA002CF6D140E53C464F4624E645
:10AB1000119C30E670B50546022002F0CFFD0446D8
:10AB200060B1074B0121188814F089FC0121064609
:10AB30000C3014F002FC0C2303702E60204670BD14
:10AB40004C80002070B50546012002F0B7FD044698
:10AB500060B1074B0121188814F071FC01210646F1
:10AB60000C3014F0EAFB0C2303702E60204670BDFD
:10AB70004C8000202DE9F041013886B014461128A0
:10AB800013D8DFE810F02C0048005E00120012001D
:10AB9000700012008200A100B40012001200120026
:10ABA000C600E5001200120017006FF0150006B095
:10ABB000BDE8F081CB68DA78997818880AF01CFD36
:10ABC000704B06460121188814F039FC0121054616
:10ABD0000C3014F0B2FB067025600020E7E7694BEB
:10ABE0000D21188814F02BFC0D2120600C3014F07E
:10ABF000A4FB4FF0021400234FF480610322037082
:10AC0000C0F80140A0F80510C2710372437283724C
:10AC1000C3720373E1E75B4B4121188814F00FFC0A
:10AC2000412120600C3014F088FB002104463E22B4
:10AC300000F8031B15F0FAFB46F2A733A4F8013025
:10AC4000CBE7504B0921188814F0F9FB092120604B
:10AC50000C3014F072FB0346002203F8012BC0F8FD
:10AC600001205A60B9E7C9680020FDF7C9FC454BCF
:10AC70000121188814F0E3FB012105460C3014F083
:10AC80005CFB002303702560A7E73F4E3D4F0FCECE
:10AC900001AD0FC5336838882B70122114F0CFFB3B
:10ACA000122120600C3014F048FB0446002301AE52
:10ACB00004F8013B84460FCE2D78CCF8010061608A
:10ACC000A260E360257488E72E4B1821188814F0E1
:10ACD000B6FB182120600C3014F02FFB0023044633
:10ACE000012100F8023B0FF081FC607075E7254BF5
:10ACF0002121188814F0A3FB212120600C3014F0CE
:10AD00001CFB0146002301F8113B01300FF0BEFC93
:10AD100063E71C4BD1F80C80188898F80060B8F8ED
:10AD20000150052114F08BFB052120600C3014F03C
:10AD300004FB024698F9033002F8043FAFB2044620
:10AD400039463046FDF720FC66702070658044E788
:10AD5000CB681E78B3F801500A4B0521188814F00F
:10AD60006EFB052120600C3014F0E7FAAFB2044608
:10AD7000031D394600223046FDF7DEFB6670207069
:10AD800065802AE74C800020340902002DE9F04F4D
:10AD9000038A97B00022022B119235D905460E4640
:10ADA0000C30032114F0E8FA2A8A83789A422BD3D4
:10ADB0000088D14CC0F38523082B1FFA80FC20802B
:10ADC000C0F309070DD8C3B1013B072B15D8DFE845
:10ADD00013F0200014002C007901AB0114001400C2
:10ADE0007D003F2B09D111AA29463846FFF7C2FE44
:10ADF000163041F05C81B4F800C00121604617B004
:10AE0000BDE8F04F14F02DBB0024204617B0BDE87C
:10AE1000F08F062F01F025811D2FEED1EB681888E9
:10AE200005F07CFD01462088E9E7352F00F2B4816A
:10AE30002C2F00F29681012F00F0DF81032FDCD14F
:10AE4000AE48AF49AF4AB04B4FF0FF354FF0FF3639
:10AE500041F6FF77C1E90067056000210020C2E9E3
:10AE600000011F200021C3E90001FDF747FF2088F2
:10AE7000A64D012114F0E3FA012104460C3014F030
:10AE80005CFA00260670A24AA248A34B1660066030
:10AE90002022A2481E60314611942E6015F0C6FA99
:10AEA000BFF35B8F9E4B53E8001F41F0010143E865
:10AEB0000012002AF7D1BFF35B8F9A4B1868314616
:10AEC00013F020FCFEF76CFF119C9EE7781E7A2899
:10AED00093D801A353F820F0B9BA000031BA0000AA
:10AEE0006BBA0000FBAD0000C9B90000FFB900005B
:10AEF000EBB9000057BA0000B5B900009FB90000D7
:10AF00008BB9000061B90000C9B80000A9B8000001
:10AF100087B8000069B8000049B8000029B80000EF
:10AF200005B80000E5B70000BBB70000ABB70000F4
:10AF30006FB700004DB7000033B7000007B700003F
:10AF4000DBB60000B7B6000087B6000051B60000BF
:10AF500029B60000EDB50000B9B50000FBAD00005A
:10AF6000FBAD0000FBAD0000FBAD0000FBAD000041
:10AF70003DC000001DC00000E5BE0000C3BE0000D3
:10AF8000DDBC0000A9BC000087BC000065BC00005F
:10AF9000FBAD00006FBF000039BF0000C7BF00005D
:10AFA00077BD000003BF000051BB000029BB0000BB
:10AFB000DFBA000079BE000005BE000063BD0000DE
:10AFC0004FBD0000C5BD0000A7BD0000FBAD0000E7
:10AFD000FBAD0000FBAD0000E3BB000093BB000035
:10AFE0009DB40000FBAD0000FBAD0000FBAD000018
:10AFF000FBAD0000FBAD0000FBAD0000FBAD0000B1
:10B0000055B40000FBAD0000FBAD000035B40000FE
:10B01000FDB3000011BD0000FBAD0000FBAD000062
:10B02000FBAD0000FBAD0000FBAD0000FBAD000080
:10B03000FBAD0000FBAD0000FBAD0000FBAD000070
:10B04000FBAD0000FBAD0000FBAD0000FBAD000060
:10B05000FBAD0000FBAD0000FBAD0000FBAD000050
:10B06000FBAD0000FBAD0000FBAD0000FBAD000040
:10B07000FBAD0000FBAD0000FBAD0000FBAD000030
:10B08000FBAD0000FBAD0000FBAD0000FBAD000020
:10B09000FBAD0000FBAD0000FBAD0000FBAD000010
:10B0A000FBAD0000FBAD0000FBAD0000FBAD000000
:10B0B000FBAD0000FBAD0000FBAD0000FBAD0000F0
:10B0C0007BB50000781E08283FF697AE01A353F821
:10B0D00020F000BFBBB2000065B200003FB200002C
:10B0E000FBAD0000FBAD0000FBAD0000FBAD0000C0
:10B0F000FBAD00001FB200004C800020E052002099
:10B1000008000020F004002000000020A4520020CD
:10B11000D8520020D4520020D0520020B05200203B
:10B12000AC520020A8520020052F7FF466AEEB68D9
:10B13000604604211E8814F082F9042104460C3074
:10B1400014F0FBF80546E91CB0B205F079FCA5F84F
:10B150000160287000284DD1EB785B425BB2EB7048
:10B1600053E6A7F12D0008283FF647AE01A353F898
:10B1700020F000BF25B30000FBAD0000FBAD0000D8
:10B18000FBAD0000E5B20000FBAD0000C5B3000060
:10B19000FBAD000057B300007B2F00F06B877C2FC6
:10B1A00013D1EB681E885988B0B205F09BFC0321CF
:10B1B0000546208814F043F9032104460C3014F0AE
:10B1C000BCF80570A0F801601FE6632F7FF415AE90
:10B1D000EA68A94B1168196052685A6060460121FB
:10B1E00014F02DF9012104460C3014F0A6F80023C8
:10B1F00003700AE67F23EB7007E6EA689F4B11684D
:10B20000196052685A603946604614F018F9394698
:10B2100004460C3014F091F800230370F5E5604605
:10B22000072114F00CF9072104460C3014F085F8BE
:10B230000146002001F8010BFDF718FAE5E50921A8
:10B24000604614F0FCF8092104460C3014F075F83F
:10B250000346002203F8012B6021C0F801205A6048
:10B260004171D2E56046412114F0E9F841210446DC
:10B270000C3014F062F8002105463F2200F8021B52
:10B2800015F0D4F87E497F4A7F4BC5F81A10C5F8EF
:10B2900021200121C022C5F82530E423802085F833
:10B2A0002E10AA7142F22821EB7204222023E870AA
:10B2B000A5F80F10EA756B70A7E50921604614F038
:10B2C000BEF8092104460C3014F037F84FF45061F1
:10B2D00000236E4A01800D218370C3700171C0F894
:10B2E000052092E5EB686A4D1E780121604614F056
:10B2F000A6F8012104460C30119414F01EF82B68B6
:10B30000002B00F0D086634B1B68002B40F0CB86EF
:10B310000370002E00F0FC86012E00F00B87122334
:10B32000037072E5EB68604604211E8893F8028082
:10B3300014F085F8042104460C3013F0FEFFB7B278
:10B340000546C31C424639460220FDF7F5F8A5F82C
:10B350000160287059E54E4BED681B68002B40F3E7
:10B36000CA864C4B1B68002B00F0B8862C78002C4A
:10B3700000F0A8860020484E044603460CE036F84C
:10B3800011309A42A3EB020310D826F811302A7824
:10B39000C3B29A4240F2968605EB83030130B3F8BC
:10B3A0000110B3F803200F291444E8D901216046A5
:10B3B00014F045F8012104460C3013F0BEFF1223AF
:10B3C000037022E5EB6801216046B3F803501E8844
:10B3D00014F035F8012104460C30119413F0ADFF40
:10B3E0002B4A1368002B40F065861A2E40F26686C1
:10B3F0000A2D28BF0A256D42156006E5ED682E4628
:10B40000EB7816F8070BAA7869780396AE7902965E
:10B410006E7901962D7900950FF06AF801210546A5
:10B42000208814F00CF8012104460C3013F085FF3D
:10B430000570EAE4E868C1790AF0F4FF01210546E5
:10B44000208813F0FCFF012104460C3013F075FF37
:10B450000570DAE46046032113F0F1FF032104468E
:10B460000C3013F06AFF0146002301F8023B013063
:10B47000FDF7BCF8C9E400BFF0040020080000207C
:10B48000F7FFFF7F3030F8F7FFE3801CF105FFFF87
:10B49000D8520020A4520020B05200200220ED68B3
:10B4A00002F00CF9002840F0F6876F7A17F0050FCC
:10B4B00007F0FD0800F0EB8718F0F80F40F0E78781
:10B4C0002B780C936B780D93AB780E93EB1C0F934A
:10B4D0000A354FF00209052696FAA6F30122B3FABF
:10B4E00083F302FA03F3DAB213EA080301F00780E8
:10B4F00028886988B5F806C0B5F808E0B5F80AA04C
:10B50000032840F2CC87032940F2C987ACF1060337
:10B510009BB240F67A4B5B4500F2C187BEF5FA7FDD
:10B5200080F0BD87AAF10A039BB240F6764B5B45DB
:10B5300000F2B5870EF101039BB20CFB03F3B3EBF2
:10B540008A0F80F2AC870D9B01930F9B0093CDE98E
:10B5500004A2CDE902CE0E9B0C9A1035F7F70CFD34
:10B56000002840F0F981731EB9F1010F06EA0306C5
:10B5700040F07C8707F00400ECE1ED68AE79EB78F1
:10B58000AA782878A919EF1D91F907C06978029661
:10B59000CDE9037C6E7901962D7900950EF0F2FECF
:10B5A00001210546208813F04AFF012104460C3092
:10B5B00013F0C3FE057028E4EA6816889278002329
:10B5C000CDE90233CDE900330221B0B205F0D6F85F
:10B5D00003210546208813F032FF032104460C3076
:10B5E00013F0ABFE0570A0F801600EE4E9680022DC
:10B5F0000E884B88039208890290C8880190898838
:10B600000091B0B2022105F0B9F803210546208867
:10B6100013F015FF032104460C3013F08EFE057065
:10B62000A0F80160FFF7F1BB12A80EF0A1FF032103
:10B630000546208813F003FF032104460C3013F065
:10B640007CFE0570BDF84820A0F80120FFF7DDBBA7
:10B65000EB687F259A785978187804950023CDE90E
:10B660000233CDE9003301230EF08CFE01210546A3
:10B67000208813F0E4FE012104460C3013F05DFE37
:10B680000570FFF7C2BBEA68002310780121CDE9FD
:10B690000233CDE900331A460EF02AFF0121054698
:10B6A000208813F0CCFE012104460C3013F045FE37
:10B6B0000570FFF7AABB0921604613F0C0FE0921FF
:10B6C00004460C3013F039FE0346D749D7481860BA
:10B6D000002259601A72FFF798BBEB681E8800229F
:10B6E0000621B0B209F076FF03210546208813F049
:10B6F000A6FE032104460C3013F01FFE0570A0F8CF
:10B700000160FFF782BBEA6832F8026B0021B0B239
:10B7100009F060FF03210546208813F090FE032105
:10B7200004460C3013F009FE0570A0F80160FFF725
:10B730006CBBEA68114602F10C0331F8020B0A32C5
:10B740000AF05CF801462088FFF759BB60460921E2
:10B7500013F075FE092104460C3013F0EEFD0023B2
:10B7600000F8013B08210BF087FDFFF74EBBE868AE
:10B77000002312AA00F1100110F07CF8208811219A
:10B7800013F05DFE112104460C3013F0D6FD064681
:10B79000002306F8013B12AD07460FCDC7F80100A4
:10B7A0007160B260F360FFF730BBEB68188805F09A
:10B7B0008FF801462088FFF722BBEB68604608211E
:10B7C0001E8813F03CFE082104460C3013F0B5FD32
:10B7D0000546E91CB0B205F01BF8A5F80160287019
:10B7E000FFF713BBE8680AF089F9012105462088B4
:10B7F00013F025FE012104460C3013F09EFD057068
:10B80000FFF703BBE96800224B88088803920D8983
:10B810000295CD88019589880091114604F0AEFF0C
:10B8200001462088FFF7EBBAE8680AF09DFB01218A
:10B830000546208813F003FE012104460C3013F066
:10B840007CFD0570FFF7E1BAE8680AF0F9FA01211A
:10B850000546208813F0F3FD012104460C3013F057
:10B860006CFD0570FFF7D1BA0AF0C0FA0121054658
:10B87000208813F0E4FD012104460C3013F05DFD37
:10B880000570FFF7C2BA6046022113F0D8FD02210D
:10B8900004460C3013F051FD0023037005460AF0F6
:10B8A000A3FA6870FFF7B1BA304609F05BFF0121D7
:10B8B0000546208813F0C3FD012104460C3013F027
:10B8C0003CFD0570FFF7A1BA0120ED6801F0F6FE1E
:10B8D0000646002840F0DF8528886988B5F80F7093
:10B8E000B5F811C0B5F813E0031F9BB243F6FC7224
:10B8F000934200F2D4850B1F9BB2934200F2CF8596
:10B90000BB1F9BB240F67A42934200F2C885BCF559
:10B91000FA7F80F0C485AEF10A039BB240F676420E
:10B92000934200F2BC850CF101039BB207FB03F3C9
:10B93000B3EB8E0F80F2B3856B792A79CDE904E6FB
:10B94000CDE9027C0635AE7901960095F7F714FB38
:10B95000014610B909F0C8FE01462088FFF74FBA2A
:10B960000120ED6801F0AAFE0346002800F0B6842D
:10B970002088012113F063FD012104460C3013F0EF
:10B98000DCFC0C230370FFF740BA11A8ED68FFF749
:10B99000D9F8002800F0BE84119CFFF736BA11A830
:10B9A000ED68FFF7CFF80346002800F0CD84119C26
:10B9B000FFF72BBA11A8ED68FFF7C4F8002800F0D4
:10B9C000E584119CFFF721BAE9680120FCF718FE15
:10B9D00001210546208813F032FD012104460C3078
:10B9E00013F0ABFC0570FFF710BA11A8FFF7AAF827
:10B9F0000546002800F0FE84119CFFF706BA0120DE
:10BA0000ED6801F05BFE002800F0388420880121F9
:10BA100013F015FD012104460C3013F08EFC0C23AD
:10BA20000370FFF7F2B900BFFFFF030000FFFF3F05
:10BA30000421604613F003FD042104460C3013F08A
:10BA40007CFC034600221B2007211A7058709A7054
:10BA5000D970FFF7DAB911A8ED68FFF773F800287D
:10BA600000F0A684119CFFF7D0B96046092113F0BD
:10BA7000E6FC092104460C3013F05FFC0346002568
:10BA800003F8015BC0F801505D600646FCF74EFD0F
:10BA90002B460A4661F30703C1F30721120C61F339
:10BAA0000F2362F31743120A62F31F63C6F8010003
:10BAB000C6F80530FFF7A9B9EA68BF4B11681960ED
:10BAC00052685A606046012113F0B9FC0121044616
:10BAD0000C3013F032FC00220270FFF796B911A867
:10BAE000ED68FFF717F8002840F05083287812A976
:10BAF00001F00AFE0646002840F03D83EB78AA7864
:10BB000069789DF848000435009503F051F901214A
:10BB10000546208813F093FC012104460C3013F0F5
:10BB20000CFC0570FFF771B90220ED6801F0C6FD4D
:10BB3000002800F02E832088012113F080FC0121D1
:10BB400004460C3013F0F9FB0C230370FFF75DB9CA
:10BB500011A8EE68FEF7DEFF002840F0FB82307887
:10BB600012A901F0D1FD0546002840F0E882711CC1
:10BB70009DF8480002F03AFC01210546208813F0A8
:10BB80005EFC012104460C3013F0D7FB0570FFF773
:10BB90003CB911A8ED68FEF7BDFF0346002840F050
:10BBA000AB842878002800F015846A78002A00F019
:10BBB0001184824A1360824A1360AA88698804F05B
:10BBC0000FF801210C280546208808BF002513F036
:10BBD00036FC012104460C3013F0AFFB0570FFF773
:10BBE00014B911A8ED68FEF795FF002840F07E8497
:10BBF000AF7817F0050F00F06C8417F0FA0F40F0E3
:10BC000068846B7895F800B00C9303354FF0020808
:10BC100005264FF0010996FAA6F2B2FA82F209FA65
:10BC200002F2D2B250003A40C0B200F03C842B780D
:10BC3000B5F80110B5F8032003F0010318430535EA
:10BC40000C9B00935B46F5F763FE731E1E40824615
:10BC5000002840F0FB83B8F1010F00F0F7834FF0AC
:10BC60000108D8E7EB6818880AF0D2FB2088012188
:10BC700013F0E5FB012104460C3013F05EFB0022BB
:10BC80000270FFF7C2B8EB6818780AF0A9FB01212F
:10BC90000546208813F0D3FB012104460C3013F035
:10BCA0004CFB0570FFF7B1B8EB68186812909A88E2
:10BCB0009B798DF84E3060460721ADF84C2013F08B
:10BCC000BEFB072104460C3013F037FB0546411C30
:10BCD00012A80AF051FB2870FFF797B8EB681868B4
:10BCE00012909A889B798DF84E3060460721ADF806
:10BCF0004C2013F0A4FB072104460C3013F01DFB6D
:10BD00000546411C12A80AF0FDFA2870FFF77DB81D
:10BD1000ED682E467F2716F8070BEB78AA7869782E
:10BD2000CDE90367AE7902966E7901962D7900957B
:10BD30000EF028FB01210546208813F080FB01212D
:10BD400004460C3013F0F9FA0570FFF75EB811A83D
:10BD5000FEF7E0FE0646002800F06883119CFFF71E
:10BD600054B811A8FEF7D6FE0646002800F0FD8262
:10BD7000119CFFF74AB8EB689A7859781878002335
:10BD8000CDE90233CDE900330EF0B2FB01210546C7
:10BD9000208813F054FB012104460C3013F0CDFA37
:10BDA0000570FFF732B811A8FEF7B4FE002800F0C6
:10BDB0002E83119CFFF729B800000020DC520020E0
:10BDC000E052002011A8ED68FEF7A4FE002840F024
:10BDD000CF81287812A901F097FC0546002840F091
:10BDE000BC819DF8480002F013FB01210546208824
:10BDF00013F025FB012104460C3013F09EFA057068
:10BE0000FFF703B811A8EE68FEF784FE88BB7778C9
:10BE1000002F00F04B83354607F1FF38A7F1020EE3
:10BE200006F1040C804540F3AA83C3B25A1CD2B277
:10BE3000974240F25E83AEEB030250FA82F295F82D
:10BE400002900CEB82022B4602E09A4200F05183F2
:10BE50009979494503F10403F7D12088012113F0B2
:10BE6000EEFA012104460C3013F067FA1223037036
:10BE70001194119CFEF7C9BF11A8ED68FEF74AFEA8
:10BE8000002840F0F881287812A901F03DFC064610
:10BE9000002840F0E581EB78AA7869789DF84800A1
:10BEA0000435009503F050FA01210546208813F06F
:10BEB000C6FA012104460C3013F03FFA0570FEF774
:10BEC000A4BF6046022113F0BAFA022104460C30E6
:10BED00013F033FA05460AF0BBF8002368702B70A4
:10BEE000FEF793BF0AF0B6F801210546208813F04B
:10BEF000A6FA012104460C3013F01FFA0570FEF774
:10BF000084BFE8680025C378827841780078CDE95D
:10BF10000255CDE900557F2504950EF033FA012135
:10BF20000546208813F08BFA012104460C3013F0EB
:10BF300004FA0570FEF769BFEB681A78D00744BFB2
:10BF400007215970910744BF07229A709978587851
:10BF500004F02CFD01210546208813F070FA012120
:10BF600004460C3013F0E9F90570FEF74EBFEB689C
:10BF7000604605211E8813F062FA052104460C3044
:10BF800013F0DBF905462A1DB0B2E91C04F0EAFC07
:10BF9000EB782A792870002B93FAA3F3B3FA83F392
:10BFA00008BF4FF0FF330133EB70002A92FAA2F37F
:10BFB000B3FA83F308BF4FF0FF330133A5F80160F4
:10BFC0002B71FEF722BFEB6899781888B3F80550FB
:10BFD000CA0703D5DA7842F00702DA708F0703D573
:10BFE0001A7942F007021A71D9781B7941EA0302E3
:10BFF000072A00F28E824E0700F035825A0700F0C1
:10C00000328215F003021CBF05F1FF3505F0010275
:10C0100004F0D6FC01462088FEF7F1BEE8680AF07D
:10C020005DF801210546208813F009FA0121044634
:10C030000C3013F082F90570FEF7E7BEE86800F1F6
:10C040001702C11D0AF0D8FC01210546208813F013
:10C05000F6F9012104460C3013F06FF90570FEF774
:10C06000D4BEEB689978188804F0F8FB0146208864
:10C07000FEF7C5BEEB681E8812A9B0B204F0FAFC48
:10C0800005210546208813F0DAF9052104460C3015
:10C0900013F053F90570A0F80160BDF84830A0F81E
:10C0A0000330FEF7B2BE0C230370FEF7AEBE119C48
:10C0B000FEF7ABBE0C230370FEF7A7BE122303707E
:10C0C000FEF7A3BEC54AC649136808682344136037
:10C0D000002112F017FB119CFEF797BE012160466C
:10C0E00013F0ADF9012104460C3013F026F91223A8
:10C0F0000370FEF78ABE0121604613F0A0F901210A
:10C1000004460C3013F019F90C230370FEF77DBEC2
:10C110002B68002BFEF679AEB24AB04BB248002134
:10C1200011602022196014F081F92B685B422B60AA
:10C13000FEF76BBE2B68002BEEDDFEF766BE208897
:10C14000012113F07CF9012104460C3013F0F5F8BD
:10C1500011940570119CFEF758BE2088012113F040
:10C160006EF9012104460C3013F0E7F811940570C4
:10C17000119CFEF74ABE2088012113F060F90121CD
:10C1800004460C3013F0D9F811940670119CFEF798
:10C190003CBE2878EF2800F2CC81B5F801806B799D
:10C1A000B5F803602A7A08F01801182946EA034610
:10C1B000EB880BD043EA02439E4200F2AD811F2E72
:10C1C00040F2AA81B3F5804F00F2A6812B7D032BAC
:10C1D00000F2BC81AB7D032B00F2B88112A901F003
:10C1E000A3FA0746002840F0BE81EB7C8DF843306F
:10C1F0002B7E0A93EB7D0993AB7D0120013B00FA76
:10C2000003F3DBB208936B7D07932B7D013B00FAB0
:10C2100003F3DBB206930DF143030593AB7C049368
:10C220006B7A039305F10C030293EB7A0193A87ADE
:10C2300000903246072341469DF8480001F096FAE7
:10C2400002210546208813F0FAF8022104460C303A
:10C2500013F073F805709DF843204270FEF7D5BDCA
:10C260002088012113F0EBF8012104460C3013F073
:10C2700064F811940670119CFEF7C7BD2B792A88CB
:10C28000012B0AD069888A4200F2F4801F2A40F20A
:10C29000F180B1F5804F00F2ED800021CDE9091168
:10C2A000CDE90711CDE90511A87B0490687B0390C7
:10C2B000E81D0290A879019068790090084601F085
:10C2C00055FA01210546208813F0B9F801210446EA
:10C2D0000C3013F032F80570FEF797BD287880B364
:10C2E0006A7872B3414A1360414900220B601146DB
:10C2F00003F076FC01210C280546208808BF0025A4
:10C3000013F09DF8012104460C3013F016F8057067
:10C31000FEF77BBD6B79B5F80320B5F801102878DE
:10C32000AD790095F5F7F4FA01210546208813F060
:10C3300086F8012104460C3012F0FFFF0570FEF76D
:10C3400064BD4FF0FF33CFE729780246F4F770F968
:10C3500001210546208813F072F8012104460C30B3
:10C3600012F0EBFF0570FEF750BD2088032113F09B
:10C3700066F8032104460C3012F0DFFF054602F098
:10C3800043F82E70A5F80100FEF73FBD2A4612F8CB
:10C39000011B01F07DFF01210546208813F04FF8B5
:10C3A000012104460C3012F0C8FF0570FEF72DBDC8
:10C3B0002A4612F8011B01F0FDFE012105462088E6
:10C3C00013F03DF8012104460C3012F0B6FF057061
:10C3D000FEF71BBD4FF0FF33FFF7EDBBD05200203F
:10C3E000A8520020D4520020B0520020DC5200207D
:10C3F000E05200202088022113F021F80221044697
:10C400000C3012F09AFF05704570FEF7FEBC02F08A
:10C410002DF801210546208813F011F8012104466A
:10C420000C3012F08AFF0570FEF7EFBC2088022165
:10C4300013F005F8022104460C3012F07EFF054689
:10C4400001F0E4FF2E706870FEF7DFBC2088012148
:10C4500012F0F5FF012104460C3012F06EFF80F857
:10C4600000A0FEF7D2BC1221FEF7C8BC4FF00109B4
:10C47000FFF732B82088012112F0E1FF01210446C4
:10C480000C3012F05AFF12230370FEF7BEBC208856
:10C490001121FEF7B4BC20880C21FEF7B0BC208827
:10C4A0001221FEF7ACBC1146FFF7CABB3378002B54
:10C4B0007FF4D3AC01F04CFC01210546208812F03A
:10C4C000BEFF012104460C3012F037FF11940570B5
:10C4D000CFE42088012112F0B2FF012104460C3084
:10C4E00012F02BFF11230370FEF78FBC119CFEF797
:10C4F0008CBC0130043595E4119CFEF786BC5200DB
:10C50000009302F0FE0019461A46F5F701FAFFF70C
:10C5100027B81121FEF772BC2088012112F08FFF8D
:10C52000012104460C3012F008FF11230370FEF7BE
:10C530006CBC2088012112F082FF012104460C30DE
:10C5400012F0FBFE12230370FEF75FBC208801216E
:10C5500012F075FF012104460C3012F0EEFE11239B
:10C560000370FEF752BC2088012112F068FF012100
:10C5700004460C3012F0E1FE0770FEF746BC06F1EF
:10C58000020811E098F80330B8F8012031789DF8DE
:10C590004800F4F74DF808F104087B1E054658B929
:10C5A00013F0FF0508D02F4698F8000012A901F0FB
:10C5B000ABF805460028E5D02088012112F03FFFA6
:10C5C000012104460C3012F0B8FE0570FEF71DBCC8
:10C5D0002DE9F84300230B60038A032B2ED905466F
:10C5E00088460C30042112F0C7FE2B8A4788B0F829
:10C5F0000090BB4222D31B2F20D803F0D1FF4FEA7B
:10C60000193633460446F8B19B0817D1D6B1012E2E
:10C6100014D12379677166F301032371E9683A46FF
:10C62000E01D13F0DBFE2146C9F30B0003F0C4FF4D
:10C6300008B9BDE8F883204603F0B8FF6FF0150095
:10C64000BDE8F8830226E4E70F4B1B689B0117D572
:10C650004FF0FF324FF0FF330220F9F7A5FF022120
:10C66000C8F800000C3012F068FE4FF48D730380A0
:10C67000D8F8000001210C3012F05FFE0123037096
:10C680006FF06800D5E700BF08000020F8B50E4B3A
:10C690001B68DB0600D4F8BD02F10C0406460D460B
:10C6A0002046022112F049FE034640F205421A805C
:10C6B0002046042112F041FE00270770A0F8015027
:10C6C0003278C270F8BD00BF0800002070B590F845
:10C6D0002030C68803F00303013B012B01D900DEA3
:10C6E00070BD044601F10C052846042112F025FE18
:10C6F00094F8203003F00303022B0CBF46F40053E0
:10C7000046F48053038094F82130438094F821103C
:10C71000284612F012FE94F8212004F1230113F0B0
:10C720005DFE0D4B1A68002ADADD0C480C490368DF
:10C730000968591A91420AD201330F2E036009D8B1
:10C74000084A32F81630013322F8163070BD00DE88
:10C750000368F1E700DEF3E7D8520020D45200204E
:10C76000D0520020B05200202DE9F04F0379C68846
:10C77000032B89B004460D4600F120071DD0053B70
:10C78000182B30D8DFE813F03300840271029702CF
:10C790002F002F0052022F002F002F002F002F00FC
:10C7A0002F00A4012F002F002F0065010301EC00D2
:10C7B00023020C02F901D801B20090F82330033BA8
:10C7C0000E2B10D8DFE813F0B7020F000F00DE02C7
:10C7D000A9020F0034030F000F00F70218030F0027
:10C7E00083020F00100000DE09B0BDE8F08FCC4BD3
:10C7F000077EA67E94F8198093E803000B0C8DF851
:10C800001E3094F82030ADF81C107F4259067FB2DC
:10C810000690C6F3400600F12183C24B5B6803F02B
:10C820000053002E40F05383002BDDD0BE4B1B681D
:10C830009B07D9D5CDE9006694F8200004F1220BBE
:10C84000C0F3801133465A4600F00F00FDF7EEFAB0
:10C850000028C9D194F8203003F00F03012B00F019
:10C86000F08394F82130A3F1060A9A1D05335FFA8C
:10C870008AFADBB25FFA82F9059356460C3502213B
:10C88000284612F05AFD3E23037080F801900121E2
:10C89000284612F052FD034602221A7005992846D6
:10C8A00012F04BFD0123037094F8203003F00F03C6
:10C8B00020336B44054613F8083C437009F0C8FB6D
:10C8C000804580F0B0834046EA1CA91C09F09CFB1F
:10C8D000AB780233AB7085F809A00A3504F1280162
:10C8E0003246284613F07AFDAF557DE78D4B5B68E5
:10C8F00098007FF579AF8C4B1B6819057FF574AFF5
:10C900000C350221284612F018FD40F23E630380E8
:10C910000121284612F011FD0C2303700521284641
:10C9200012F00BFD94F820300370A0F8016094F829
:10C930002120002A92FAA2F3B3FA83F308BF4FF042
:10C94000FF330133C37094F8222092FAA2F3002A35
:10C95000B3FA83F308BF4FF0FF330133037143E7AA
:10C960000A4638463146FFF791FE0F2E3FF63CAFA0
:10C970006E486F49046831F816306E4A23440360EC
:10C9800013680020013B21F8160013602CE7F8071C
:10C9900000F1478394F82070002F00F06D82614B06
:10C9A0005B6899007FF520AF5F4B1B6840F2012266
:10C9B000134203F400783FF417AF0C35002F40F01A
:10C9C00065825C4A136801331360B8F1000F00F010
:10C9D000D9820221284612F0B0FC41F63E73038052
:10C9E0000121284612F0A9FC03460A221A702846A3
:10C9F0001E2112F0A2FC0770A0F8016094F821300B
:10CA0000C37094F822300371D4F82330C0F8053095
:10CA1000B4F82730A0F80930D4F82F30C0F80B3024
:10CA2000B4F83330A0F80F30D4F82930C0F8113002
:10CA3000B4F82D30A0F81530E38EA0F81730238F0E
:10CA4000A0F81930638FA0F81B3094F83C3043777E
:10CA5000CAE6344B5B689B0040F1EF81324B1B68A8
:10CA60005F0340F1EA810C350221284612F065FC93
:10CA700040F63E1303800121284612F05EFC13238A
:10CA800003700821284612F058FC0546A07900F0F2
:10CA90005DFE287094F82030C3F380136B70D4F8D7
:10CAA0002230C5F80230E38CEB80667E09F0D0FAC4
:10CAB000864205F1020704F1220880F056823A46C8
:10CAC000691C304609F0A0FA6B7802336B708BE674
:10CAD000144B5B6899007FF587AE134B1B689A0374
:10CAE0007FF582AE0C350221284612F026FC40F27A
:10CAF0003E6303800121284612F01FFC12230370BD
:10CB00000521284612F019FC237A03700546A07906
:10CB100000F01CFE687063896B80637A2B7163E69A
:10CB2000700802000800002000000020D052002001
:10CB3000B0520020A4520020CC4B5B689B007FF5D4
:10CB400053AECB4B1B681F037FF54EAE0C35022155
:10CB5000284612F0F2FB40F23E43038001212846B2
:10CB600012F0EBFB142303700321284612F0E5FBBF
:10CB7000068094F82030837036E6BE4B1B681A029C
:10CB80007FF532AE0C350221284612F0D6FB40F27A
:10CB9000572303800221284612F0CFFB068023E6AC
:10CBA000B24B5B6819044FF000047FF51DAE0C35E5
:10CBB0000221284612F0C1FB4FF44C73038003217D
:10CBC000284612F0BAFB0470A0F801600CE6A74BEF
:10CBD0005B689A007FF508AEA54B1B685B077FF585
:10CBE00003AE0C350221284612F0A7FB40F63E2387
:10CBF00003800121284612F0A0FB034603222846A9
:10CC00001A70092112F099FBFD0700F1208294F8B7
:10CC100020300370A0F80160638CA0F80330A38C6F
:10CC2000A0F80530E38CA0F80730DDE58F4B5B689A
:10CC30009C007FF5D9AD8E4B1B68D8037FF5D4AD32
:10CC40000C350221284612F078FB4FF49F730380C5
:10CC50000121284612F071FB1123037000212846A0
:10CC600009B0BDE8F04F12F068BB90F8203003F037
:10CC70000F03072B04D190F82130002B40F0B58131
:10CC80002A462146384609B0BDE8F04FFDF784BA80
:10CC900090F8203003F00F03072BF1D190F82130EA
:10CCA000002BEDD001232A462146384609B0BDE8C5
:10CCB000F04FFDF73FBC90F8203003F00F03072B37
:10CCC000DED190F82130002BDAD00423EBE7674B5C
:10CCD0005B689A0040F1B780654B1B689B0640F18A
:10CCE000B2800C350221284612F027FB40F63E3375
:10CCF00003800121284612F020FB062303700A213D
:10CD0000284612F01AFB0680A38C4380E38C8380B4
:10CD1000238DC380638D038166E590F824300E2B4C
:10CD20007FF462AD0B46324600211A2009B0BDE8FF
:10CD3000F04FFDF7F5B94D4B5B689A007FF554ADA8
:10CD40004B4B1B68DB067FF54FAD0C3502212846A7
:10CD500012F0F3FA40F63E5303800121284612F008
:10CD6000ECFA052303700C21284612F0E6FA03467C
:10CD700023F8026B616AA26AC0F802105A60A38DA0
:10CD8000438131E5394B1B681F064FF000047FF5E6
:10CD90002BAD0C350221284612F0CFFA4FF48163F7
:10CDA00003800421284612F0C8FA01230470A0F879
:10CDB0000160C37018E52D4B1B6818054FF0000784
:10CDC0007FF512AD0C350221284612F0B6FA034663
:10CDD00040F60C021A802846082112F0AEFA0770BD
:10CDE000A0F8016094F82430C370B4F82530838033
:10CDF000B4F82730C380F7E41C4B90F824401B683C
:10CE000019067FF5F1AC0C350221284612F095FA8F
:10CE10004FF4816303800421284612F08EFA002C1F
:10CE200008BF1F2400230470A0F80160C370DBE476
:10CE30000B4632463946002078E7F0B209B0BDE82B
:10CE4000F04F00F083BC0023CDE90233CDE900337D
:10CE50001A220221304603F091FCC5E4002104F1BE
:10CE600022034246084609F0EBF9D6E40800002008
:10CE700000000020F004002094F8220004F12903AF
:10CE8000FF2204F1230109F0DBF988E5B8F1000F76
:10CE900040F0AD800221284612F04FFA41F23E33B5
:10CEA00003800121284612F048FA01230370122161
:10CEB000284612F042FAC0F80180C0F80580C0F898
:10CEC0000980C0F80D8080F8118007708CE4002B79
:10CED0003FF48AAC674B1B685A057FF585AC94F824
:10CEE000200000F00F03012B40F0C080002304F16C
:10CEF0002206C0F38011CDE90033324600F00F0066
:10CF0000FCF794FF00287FF46FAC0C350221284613
:10CF100012F013FA41F23E2303800121284612F059
:10CF20000CFA03460B221A702846112112F005FA5A
:10CF300040F201130380054609F08AF8804580F02D
:10CF40008880EA1C4046A91C09F05EF8AB780233E1
:10CF5000AB7094F82030C3F3C0136B72A36AC5F8AA
:10CF60000A30A38DEB812F743EE494F82030C3F394
:10CF700080136B70D4F82230C5F80230B8F8043052
:10CF8000BB8031E40221284612F0D7F941F23E334A
:10CF900003800121284612F0D0F9034601221A70BD
:10CFA0002846122112F0C9F90770A0F8016094F820
:10CFB0002130C37094F8223003F001030371D4F8D8
:10CFC0002330C0F80530B4F82730A0F80930E38EDC
:10CFD000A0F80B30238FA0F80D30638FA0F80F302E
:10CFE00094F83C304374FFF7FFBB02235BE6022159
:10CFF000284612F0A2F941F63E730380012128462B
:10D0000012F09BF90A2303701E21284612F095F9AD
:10D0100004461D220021013013F008FA2770FFF7A3
:10D02000E3BB00DEB6E494F82030C3F38013AB70AA
:10D03000D4F82230C5F80330BBF80430A5F8073027
:10D0400049E40B2305934FF00C09B24616E400DEC9
:10D05000DDE594F82030C3F38013AB70D4F82230B0
:10D06000C5F80330B388A5F8073072E700DE94F8FE
:10D0700020003BE70000002070B500F10C040E46D4
:10D0800020460221154612F058F940F2135303804E
:10D090000521204612F051F901230370A0F8016028
:10D0A000A0F8035070BD00BF0379032B08D0053BE7
:10D0B000DBB2182B01D900207047064AD05C7047BC
:10D0C00090F8203003F00303032B14BF0520042045
:10D0D000704700BF48090200144B4FF0FF32D0B533
:10D0E0001A60134B134C144A20604FF0FF3641F680
:10D0F000FF77C3E90067114B1148124C0026002747
:10D10000C2E90067104A1F2600270021C3E9006713
:10D110000E4B1160016020220D482160196013F050
:10D1200085F9BDE8D040FCF73BBE00BFE0520020CF
:10D1300008000020A8520020F00400200000002079
:10D14000D4520020A4520020D8520020D0520020F7
:10D15000B052002010B504789DF808E004F00F04E8
:10D1600002F1FF3C072C1FFA8CFC24D0022C13D0B8
:10D17000012C4CD04B781033DB00002C40D1407890
:10D180001030C00003F2E54300F5B372184412FBFF
:10D190000CF3184480B210BD41780CEB8C03C3EB48
:10D1A0000310400001F11003DB0000F2053003FB27
:10D1B000020290B210BD4178580715D403F0030065
:10D1C00008440930C000C3F34003D84080B20CEBE0
:10D1D0008C0CCCEB0C1C4FEA4C0C0CF2053C12FBFB
:10D1E00000F0604480B210BDC8004FEA4E0E2B30F4
:10D1F0000EF1010E00FA0EF000F5BC7080B2E6E709
:10D20000062CBCD040F21D404FF4F372BFE740F251
:10D21000AD5040F21622BAE700B583B00E4B059927
:10D220000E4ACB1A9B08A2FB032313F47F7FC3F3A0
:10D2300087020DD102320091094BD2B201210020A8
:10D24000FBF784F810F0FD0F04D103B05DF804FB88
:10D2500000DEEFE700DEF8E73055002015F9AC1BE3
:10D26000E1D3000000B50C4A0C4B821A9208A3FBD4
:10D27000023283B0920802320090094BD2B20121EF
:10D280000020FBF763F810F0FD0F02D103B05DF84A
:10D2900004FB00DEFAE700BF3055002015F9AC1B97
:10D2A00005D4000010B50C4650B9064B00220121F0
:10D2B00002209C60F9F714FB00B910BD00DE10BD20
:10D2C00000DEF2E794000020416A11B10868FBF724
:10D2D000D7BF7047F8B505682F6E0646002F3AD0C5
:10D2E0006C6E00232B66002C3CD00021172369664E
:10D2F00023714FF6FF73E3801E2204F1200013F028
:10D3000095F83C2384F82030A6606B6BDBB1214696
:10D310003846FBF7A3FF154B154AEB1A9B08A2FBF7
:10D32000032313F47F7FC3F3870112D16C6B1223A5
:10D3300023713C224FF6FF73E18022726381B5F8BE
:10D3400076302768637221463846BDE8F840FBF71F
:10D3500097BF00DEEAE700DE6C6E2F6E00232B66BF
:10D36000002CC2D100DE6C6EBFE700BF305500203C
:10D3700015F9AC1B38B54B7F174A0C4604EB8303F9
:10D3800092F800C01A6A1549137881F800C013F0AA
:10D390000E0F01D1D8B938BD03F00F03072B07D00A
:10D3A0000028F8D0FBF7FAFF8442F4D000DE38BD45
:10D3B0009378C3F381150028EDD0FBF7EFFF84428B
:10D3C000E9D0EB07F2D56369002BEFD138BDFBF74D
:10D3D000E5FF8442F7D138BD608000205F800020E7
:10D3E00000B17047064B10B502460C4602200121E1
:10D3F0009C60F9F775FA00B910BD00DE10BD00BFE2
:10D40000E400002000B17047064B10B502460C4600
:10D41000022001219C60F9F763FA00B910BD00DE1B
:10D4200010BD00BFB4000020014610F8103B7BB1D6
:10D4300010B50B4B98608A6872B90A4C084B0022F1
:10D44000C1E9024011460120F9F74AFA10B910BDAE
:10D45000FFF740BF00DE10BD00DE9868EDE700BFBB
:10D46000D4000020D5D2000038B5124C20460AF076
:10D4700015FB34F8042C6178A4F11C0322F44372E8
:10D48000002003EB810122F00202C4E90300606185
:10D4900042F00E0294F864401A83096A022262F391
:10D4A00042044FF4006506229D6683F880400870B0
:10D4B0004A7038BD4C55002038B5134C6569EB6D8A
:10D4C000B3B905F1500105F14C00F9F789F90346AC
:10D4D000C0B1EB65286803F033F80025606E656124
:10D4E000FBF7B6FE206E6566FBF7A6FE256638BD27
:10D4F00000DE05F1500105F14C00F9F771F9034622
:10D500000028E6D100DEE4E730550020002878D17D
:10D5100030B53D4C94F88030D90785B057D5636954
:10D5200053B193F82C2042F0020283F82C20636957
:10D5300093F82C30DA0752D43348FBF717FF8442B4
:10D5400055D1237EDB0703AD0DD5022103912F4B6F
:10D550000095032101220020FAF7F8FE2946FBF787
:10D56000F3FE002836D102220321284B009500202B
:10D570000392FAF7EBFE2946FBF7E6FE50BB244880
:10D58000FBF730FF002836D11F48FBF7FBFE844233
:10D590002FD1A36B1BB1186801F062FA08BB636955
:10D5A0000BB1FFF789FF656B3DB10023636328680A
:10D5B000FBF742FE2846FBF74BFE94F88030002034
:10D5C0006FF3000384F8803002F0D0FC60B10020DB
:10D5D00005B030BD0C48FBF7D5FE84420FD10C20BE
:10D5E000F6E77830DBD0FAE709F01CF8EFE700DE69
:10D5F000A7E700DECDE77830C6D000DEC4E700DE66
:10D60000EDE70020704700BF30550020E5860000A0
:10D610004055002003788BB110B50E4B00F110017E
:10D620009960826892B90C4C0A4B0022C0E9024111
:10D6300011460120F9F754F930B910BD416B11B111
:10D640000868FBF71DBE704700DE10BD00DE99685C
:10D65000E9E700BFA4000020C9D20000836B1B686B
:10D660001A7801462AB19A68DAB9104AC3E9022148
:10D67000704700B502F0FF000D4A0E4B8A1A92085F
:10D68000A3FB023283B09208023200910A4BD2B25D
:10D690000121FAF75BFE10F0FD0F04D103B05DF835
:10D6A00004FB00DEE1E700DEF8E700BF65D2000022
:10D6B0003055002015F9AC1B05D400000B4A137837
:10D6C00023B90128107006D0002070478342FBD098
:10D6D0006FF015007047064AB2F8723003F0EF039E
:10D6E00043F01003A2F87230002070475E800020E3
:10D6F00030550020034B1878A0F10200B0FA80F0FA
:10D70000400970475E800020064B93F87220D206D5
:10D7100006D593F87330834202D100200870704719
:10D720004220704730550020074B93F87220D206F4
:10D7300004D483F8730000200870704793F87330A6
:10D740008342F8D0072070473055002038B9064B87
:10D7500093F87220D20603D593F873007047002324
:10D7600000DE93F873007047305500202DE9F04F2C
:10D770008846BB49BB4C074603C98DB094F880C0AE
:10D780000A900CF0010C9DF87000049057EA0C0709
:10D790009DF87800ADF82C1003909DF85C909DF8F2
:10D7A00064509DF868109DF874E09DF87CA09DF889
:10D7B000800040F05081072B00F0BB80012B03F16B
:10D7C00030036B4494F819C013F808BC84F874E073
:10D7D00094F872304FF0010E6EF3840C84F819C087
:10D7E00023F0300C4CF0300C08BF002284F872C0DB
:10D7F00003F01006238BA26605F0070501F0030174
:10D800006D0023F4437323F0020345EA01251D4311
:10D81000A37E258360F34103A376637F04EB830338
:10D820001D6A2A7802F00F03002E76D16BF30302F3
:10D830002A7002F00F02072A00D06E704FF0010B21
:10D840002A7802F00E01B1FA81F1490902F0EF02E3
:10D8500061F3451282202A7002F00F02D040C20705
:10D860007FD494F880109DF8582062F342014E074F
:10D8700084F88010C8B20CD5014669F3C30184F85E
:10D880008010189918980968C4F881107649808822
:10D890008880297801F00F00012800F09381072883
:10D8A00000F0E88002F001066A78002A66D0012BB9
:10D8B00000F0D481072B00F0D1812B7866F386131A
:10D8C0006FF3C7132B7024612D7805F00F05072D1A
:10D8D00061D094F8293004EB8303DA6ABBF1000FBE
:10D8E00040F0A680002A00F0A3801378507823F03F
:10D8F0003F0343F0040313709DF8583011789B01E7
:10D9000003F0400301F03F010B43137008B90623F5
:10D91000537038460DB0BDE8F08F5B4500F066816E
:10D9200002F00F02072A76D02A786BF303022A70DE
:10D9300084E718F0100F49D018F0200F40F0F48160
:10D940004A4B099318F0080F94F872C05FFA88F3F5
:10D9500040F0D88103F0030330336B4413F80C3CE0
:10D960002CE7012B3FF47DAF072B3FF47AAF6A78A9
:10D97000002A40F07F8184F8402072E766F3861128
:10D9800062F3C711062329706B7024612D7805F0AE
:10D990000F05072D9DD1BBF1000FBAD034480AF016
:10D9A000B1F833480AF08CF831480AF077F810F0F3
:10D9B000FF0040F06D8194F8293004EB8303DB6AAB
:10D9C0001A78587065F303021A70A2E708F0030C86
:10D9D000BCF1030F00F0948118F0080F40F0908123
:10D9E000049E94F819C084F874E066F3840C9B4696
:10D9F00094F8723084F819C094F81AC023F0300EED
:10DA00004CF0010C4EF0300E84F81AC084F872E02D
:10DA100003F01006EEE6A26B002A00F068810021F8
:10DA2000697010680593A16301F0A0F8059B7BE77E
:10DA30000F480AF067F80E480AF042F80C480AF05E
:10DA40002DF8C0B2002840F0238194F8293004EB6F
:10DA50008304E26A49E70C2738460DB0BDE8F08F31
:10DA60007808020030550020B15500200304020060
:10DA700058550020AB7868F38713AB7005F1020CA2
:10DA80002E1DBBF1000F00F0BE80D9B23F294FF030
:10DA90000003EB7040F21981CDE905339E4618462C
:10DAA00033462A786EF386122A7018F0040208D0E2
:10DAB00095F803E04EF0020E09F00102063685F8F3
:10DAC00003E095F800E062F3C71E059A85F800E0D0
:10DAD0002AB1EA7842F0080202330236EA700028DE
:10DAE00000F08C800333EA7842F010020336EA70CB
:10DAF000069A02B1013318F0400F07D0002840F019
:10DB0000DF80EA7842F040020136EA70A6EB0C02B0
:10DB1000D2B2022A6DD902F1FF3E0EF03F0E6A70BA
:10DB2000AA786EF30502AA70069A02B1013BEA7860
:10DB300052060AD51B9A002A00F0DE8012787F2A4E
:10DB400000F0D78006F8012C013E627E039961F354
:10DB50004712627600B1033BEA78D00600F19A8062
:10DB6000059901B1023B110709D51B8826F8023C33
:10DB7000C3F3032303EB0A1306F8013C023E94F8B7
:10DB800072306AF3030384F87230EB789A0700F17D
:10DB90008D80DB067FF597AE09AB01930DF1230372
:10DBA0000093644816AB00220121F3F7C1FA002864
:10DBB00040F0A480A36B9DF824205A759DF8233073
:10DBC000637780E6930103F0400301F03F012A46AA
:10DBD00043EAC9130B4302F8083B18990968A96086
:10DBE00018990C23898891806B706CE64FF0000BBC
:10DBF00026E6EE1C4FF0000E012290E718F0030F0E
:10DC00003FF476AF6FE7EB7895F802E08DF82030BF
:10DC100003F00201079103F00801059103F04001B0
:10DC20000691D90703F010004CBF05F10A033346F3
:10DC3000BEF13F0F85F803B008D818F0200E05D1CB
:10DC400010B10499042903D01E4646E04FF0000E9F
:10DC5000079A002A3FF425AF063322E794F84020C4
:10DC6000354905F1080012F0B9FB94F8403006334D
:10DC70006B7022E6052A59D9063AD2B22E4805938E
:10DC800005F1080184F8402012F0A8FB059BE8E5A7
:10DC900007273EE60493039B033E03F0070200219F
:10DCA000304600F095FEEA78049B59E7189B1B6804
:10DCB00046F8063C189B9B8826F8023CEB7868E700
:10DCC000049A042A7FF41DAF20E718F020017FF4A6
:10DCD000E3AECDE905110846079102F0010EEA789E
:10DCE00042F001023346EA7005F10A06B0E76A70B5
:10DCF0001AE61B9900220A70002223E7074608E66D
:10DD0000122706E6627E84F874E0012363F384023E
:10DD10009B462CF0300343F03003627684F8723077
:10DD20000CF010063A4665E51127F2E500DE6A7848
:10DD3000A2E700BF305500207155002008B500F063
:10DD40009DFB00B108BDBDE80840FFF78DBB00BFDB
:10DD500008B50020FFF7DAFB002008BD08B5002059
:10DD6000FFF7D4FB014B0020187008BD5E80002037
:10DD700010B500F099FBA0B90A4C94F87220034644
:10DD800063F3041204F11C0084F87220A36309F009
:10DD900097FE04F1280009F093FEBDE81040FFF75C
:10DDA00063BB10BD30550020024B00280CBF184645
:10DDB0000020704730550020044A054B801A800827
:10DDC000A3FB0030C0F38F00704700BF3055002028
:10DDD00015F9AC1B044A0068044B801A8008A3FBA9
:10DDE0000030C0F38F0070473055002015F9AC1B90
:10DDF00038B9054890F8803013F0010F08BF0020B3
:10DE000070470020704700BF3055002028B9044BF0
:10DE100093F8800000F0010070470020704700BFB9
:10DE20003055002048B9064B93F8800010F00100EF
:10DE300004D0587E00F0030070470020704700BFF8
:10DE40003055002038B9054890F8723013F0100FA3
:10DE500008BF002070470020704700BF30550020E9
:10DE600010B58468B4F8783082B053B1B4F8762035
:10DE70009A4206D3616B00224323A4F878200B72E8
:10DE800010E0E16F91B3A26E40F27123A2FB032375
:10DE90008A4273F100034FF0000027D3616BE06703
:10DEA0003C230B72184B194AE31A9B08A2FB03236D
:10DEB00013F47F7FC3F3870222D112204FF6FF7342
:10DEC0000871CA804B81B4F876304B72A06B78B180
:10DED000006800F0B1FDC21C0D4B0094D2B20121CC
:10DEE0000020FAF733FA30F002030BD102B010BD74
:10DEF0000232084B0094D2B20121FAF727FAF2E776
:10DF000000DEDAE700DEF1E73055002015F9AC1B42
:10DF1000A5D2000005D400002DE9F0418B7882B035
:10DF200013F03F0318BFCB788DF800300546C07E54
:10DF30000C4608F001FD3E4B1B78022B064620786C
:10DF400001D143062BD4C0F38010FAF77FFB03689E
:10DF5000C5F887308388A5F88B305EB3237843F00B
:10DF600040032370A2782378970603F00F0323D091
:10DF7000E2788DF80420072B44D004F102084746CC
:10DF800033683B60B388BB80237803F00F03012B19
:10DF90001AD0072B14D0384602B0BDE8F081EB6EE2
:10DFA000C5F88730B5F87030A5F88B3005F16C00F6
:10DFB000002ED3D10646D5E7072BDED100DE25E0C3
:10DFC0009DF800309907E6D5E87E08F0CDFC0028E2
:10DFD000E1D0237843F080032370A3789A0619D008
:10DFE0002378E2788DF8042003F00F03072B1AD072
:10DFF0000368C8F806308388A8F80A30384602B0AB
:10E00000BDE8F0819DF80430D807D7D504F10208A7
:10E01000271DB5E7237803F00F03072BE8D100DEB7
:10E0200008F10208E4E79DF80430DB07F7D5F7E7CD
:10E030005E80002070B5037803F00F03072B82B0D9
:10E0400004460E4614D183789A099B0627D0C378DC
:10E050008DF80030012A07D9234B93F8292003EBD0
:10E060008203DB6A5B782BB39DF80030DD072AD58D
:10E0700025461D482946FFF74FFF2B785B061BD42A
:10E08000237803F00F03072B02D1A3787F2B03D94A
:10E0900015483146FFF740FF002002B070BD012A4D
:10E0A000FAD9114B93F8292003EB8203DB6A5B78E2
:10E0B000002BF1D10C20F0E70621F8F781FB0028B6
:10E0C000DED11220E9E7D806E6D5074B9B6B5A7DD7
:10E0D00003EB82039D69AB789906DDD0EB788DF870
:10E0E0000430DA07C5D4D7E7305500201F2953D8AC
:10E0F0002DE9F041437F00EB830390461F6A3A7895
:10E10000822302F00F02D340DA0782B00D460446A4
:10E110003AD40DF107011C3009F05CFD3A78037820
:10E1200002F00F0223F01F03134303703B780278C1
:10E13000C3F3401363F3451202703B78D2B2C3F3CA
:10E140008013394663F38612027011F8023BD2B293
:10E15000DB0963F3C712064600F8022B062212F011
:10E160004BF92A46414606F10800063512F036F909
:10E17000757094F88030DB0710D49DF80730637712
:10E18000002002B0BDE8F08180F840100A4641301E
:10E19000414612F023F9F3E71220704794F8293032
:10E1A00004EB83033146DA6A2046F2F739FD002892
:10E1B000E3D0E6E710B90248FFF798BF0C2070479C
:10E1C000305500201F295ED82DE9F04190F8293004
:10E1D00000EB830382B0DE6A0F460446904600F1EE
:10E1E0002805002E40D028460DF1070109F0F2FC69
:10E1F000037823F03F03314643F00403037011F822
:10E20000022BDBB2C2F3801203F03F0343EA821316
:10E210000370BB1D437005460622023012F0ECF875
:10E220003A46414605F1080012F0D8F894F88030DB
:10E23000DA0707D49DF8073084F82930002002B0AF
:10E24000BDE8F081627F04EB82024123116A0A7803
:10E2500002F00F02D340DB07ECD52A462046F2F746
:10E26000DFFC0028E6D0EAE7284609F017FCC0B238
:10E2700058B994F8293004EB8303DE6A0423337021
:10E2800006237370AFE7122070470720D7E700BF5F
:10E2900010B90248FFF796BF0C2070473055002098
:10E2A00030B54569687A00F0E004802C08BF402250
:10E2B0008C7808BF13467F284FEA941C4FEA501110
:10E2C000C4F3801414D9A97AD00001F001025200DD
:10E2D00001322B30904000F27D40BCB39323934039
:10E2E00003F5BC739BB24FF448621344184430BD2D
:10E2F0008D1DA8180330C0004FEA610E20FA0EF001
:10E3000000F2053084B101F12B0201F11603D200B5
:10E31000DB0022FA0EF223FA0EF302F598729BB29A
:10E3200092B21344184430BDBCF1020FDFD15A1928
:10E3300001F115030332DB00D20023FA0EF322FAB7
:10E340000EF203F5987392B29BB2EAE7BCF1020FAA
:10E35000CDD1DB002B33934003F5BC739AB24FF45D
:10E36000E063DEE7426990F825C0517E02EB81024E
:10E3700000EB8C03D269996A5378927891F802C0C5
:10E38000C2F305023E339B1A4A78CCF3050C3E32A9
:10E39000A2EB0C02DBB2D2B2FFF782BF086070477B
:10E3A00038B5059D9DF810C02C4614F8101B01319E
:10E3B000C9B2297099B10B49C1E900028A7A0B816F
:10E3C0006CF30002084B8A720022CC609960012035
:10E3D0001146F8F785FA00B938BD00DE38BD00DE19
:10E3E000E9E700BFD45500200401002010B50C4619
:10E3F000FFF728FD30B12368C366A388A0F870300A
:10E40000002010BD422010BDFB2070470120704746
:10E4100070B5FFF717FD20B3044690F8800010F0A8
:10E4200001051BD1A36B4BB11E68A56306F1240047
:10E4300009F068FB0C493046F8F796F904F11C0026
:10E4400009F044FB04F1280009F040FB94F8723015
:10E450006FF3041384F87230284670BD0C252846EB
:10E4600070BD4225284670BD0456002008B5002026
:10E47000FFF7CEFF0C2818BF002008BD10B50748D5
:10E48000202108F015FF044628B9054B0548012254
:10E490004821F8F72FF9204610BD00BFE4550020B1
:10E4A000045600200856002008B50448044B0122F9
:10E4B0004821F8F71FF9002008BD00BF08560020CA
:10E4C0000456002070B50020FFF7BCFC00B3836B3E
:10E4D000F3B11D6895F8452095F84430934217D163
:10E4E0000133DCB2022C15D006203823264610FB5F
:10E4F000043006EB460605EB4606284407F026FBEB
:10E5000096F83D3060F3050386F83D3085F84540C8
:10E51000002070BD002638203446EAE72DE9F04F90
:10E5200089B014464A7805908E1C00208DF818009A
:10E53000BDF848E0139802961AB18A78970640F021
:10E5400042818A7800276FF305028A70B8460197E6
:10E550000397B946BA460D78227805F00F0522F0E8
:10E560003F022A4322700A782578C2F3801262F3B0
:10E57000861525700A78EDB2D20962F3C7152246D6
:10E5800006F1020C02F8025B8D7894F802B0049256
:10E59000AD0965F3871BDD0784F802B040F1C68042
:10E5A0009DF8185045F001058DF8185004F10A0542
:10E5B000BAF1000F01D001F10A0C9A0740F19A80DC
:10E5C0009DF818A04AF0020A06358DF818A0B9F196
:10E5D000000F01D00CF1060C13F0080900F0C48004
:10E5E0009DF8189049F008098DF818904FF002092D
:10E5F000D0F801B080F80090C0F8015005304D44CB
:10E60000039A0AB10CF1020CDA0640F1BF80C0F89F
:10E6100001509DF8189049F010098DF818904FF0AE
:10E62000030980F800900530019A002A00F0B580B7
:10E630004FF000099DF818A01AF0100F0CF1030C10
:10E6400018BF0335B8F1000F40F0B38047B19DF813
:10E65000187047F040070CF1010C01358DF8187067
:10E6600091F802A04F78CAF3050AACEB06060AF14E
:10E67000010AF6B25FFA8AFA564500F2B880BA4546
:10E6800000F2E680AAEB0606F7B20CEB0702029254
:10E6900013F4807800F0B68090F80080C0F8015044
:10E6A000B8F1000F08BFB846077045440530049A1A
:10E6B000AA1AD2B2022A9CBFE51C01229E0540F193
:10E6C000A7804E78029BD0F80110C0F80130A6EB6D
:10E6D0000A0690F800A0F6B206700530BAF1000FF5
:10E6E00040F0CF80002940F033810299CDF810A08E
:10E6F000D6469BE01EF0020F7FF469AFB9F1000F20
:10E700003FF46AAF9DF818A091F800904AF0020A11
:10E710008DF818A094F800A04FEAD91969F3C71A28
:10E72000063584F800A00CF1060C55E7049A1EF09B
:10E73000010F02F102057FF43BAFBAF1000F3FF485
:10E740003CAF9DF818C00D784CF0010C8DF818C046
:10E7500094F800C0C5F3801565F3861C254605F8BE
:10E760000ACB01F10A0C28E71EF0080F3DD1039AED
:10E77000002A00F08D809DF8189049F00809E346C2
:10E7800002358DF818900CF1020C3DE71EF0100FC9
:10E790007FF44AAF019A002A7DD19DF818A0DDF8D8
:10E7A00004901AF0100F18BF0335B8F1000F3FF4B2
:10E7B0004DAF9DF8188048F020080CF1120C12356E
:10E7C0008DF8188042E7CF788DF81C7007F00802AA
:10E7D000039207F0100207F0010A07F0020907F0A0
:10E7E0002008019207F04007B5E6CB4608E76FB373
:10E7F000CA1C13F4807802924FF0010A4FF0000710
:10E800007FF44AAF1EF4807F04BFED19B8464EE78F
:10E810005E0521D41EF4007E40F09A804E78029965
:10E82000CDF810E0A6EB0A06F6B2F24606EB0E03B0
:10E83000FB2B22DC93197344FF2B34DD013252444D
:10E8400032440270452009B0BDE8F08FBA461FE798
:10E850001F2009B0BDE8F08F4E78D0F80130049346
:10E86000A6EB0A0690F800A00299F6B2D64606EB8F
:10E870000E03FB2B00F10500DCDD072009B0BDE82D
:10E88000F08F56464FF0000AD646CDF810A0CDE7DF
:10E89000DDF80CB0B8E69DF8189049F010098DF835
:10E8A0001890E146C6E6A378501E60F30503A370F6
:10E8B0000AEB0603134463703246284611F09CFDB0
:10E8C000049B23B152461946A81911F087FDA3787D
:10E8D000980639D0029BDE1BB8F1000F55D19DF888
:10E8E0001870790605D516F8013C05F8013C013E83
:10E8F000013DBA0641D4019B03B1033EFB0648BF6C
:10E90000033DB9F1000F04D049460322284611F017
:10E9100073FD039B03B1023E38070BD5BBF1000F1B
:10E920003BD09BF8003005F8023C9BF8013005F81D
:10E93000013C023DB90718D4FA0710D4A3789B060E
:10E940001CBF9DF81830E370002009B0BDE8F08FBF
:10E95000A3786270013A62F30503A370B7E7062259
:10E96000B11FA81F11F048FDE8E7063E063D06224C
:10E970003146284611F040FDDEE7123E123D1222DC
:10E980003146284611F038FDB5E7A5EB08053A46B3
:10E990003146284611F030FDA1E7DDF814C00B48E0
:10E9A0009CF8722002F00F0230F81210C1F30B0332
:10E9B000013120F8121005F8023C9CF872201B0A65
:10E9C00003EB021303F0FF03B1E700BFE45500209F
:10E9D00070B503786FF30503037004460E461546C1
:10E9E00008F062FF2278124B32288CBF00200120F1
:10E9F00060F386122270A3FB062319095B0C04D076
:10EA00000C4AA2FB06260123710920786170002DB3
:10EA100095FAA5F2B2FA82F263F3C71008BF4FF07D
:10EA2000FF32C1F3042303EB42132070A37070BDC7
:10EA300089888888B5814E1B08B503494822F7F7B5
:10EA4000ABFEC0B208BD00BF0856002008B50349A0
:10EA500000684822F7F7A0FEC0B208BD08560020A3
:10EA600070B5184948220446F7F796FEC6B2F01C66
:10EA700004F110022146C0B2FAF7DEFC054638B9AF
:10EA800094F8463060F3000384F84630284670BDA1
:10EA900010F1780FFAD040F66D230B4A0B490C4861
:10EAA00010F083FA0B482A46314610F07EFA002314
:10EAB00083F31188BFF36F8F0323184602DF2846C4
:10EAC00070BD00BF0856002064090200A8090200BA
:10EAD000C0090200E009020070B505462248F7F7B8
:10EAE0002DFE00283CD0044600F1100300F124065E
:10EAF000AB623046656108F0E3FF304608F0CEFFB8
:10EB0000064638BB022104F1180008F0B5FB0221CB
:10EB100004F1360008F0B0FB94F8445084F84550F6
:10EB2000062303FB054305EB450504EB450503F10F
:10EB3000380007F00BF895F83D3060F3050385F8D1
:10EB40003D3094F84630246166F3000384F8463083
:10EB5000204670BD00230449AB622046F7F704FE4F
:10EB60000024204670BD00BF0456002010B50446A6
:10EB7000243008F0C7FF20460249BDE81040F7F7EF
:10EB8000F3BD00BF04560020024B00280CBF1846FE
:10EB900000207047085600208C4690F8251000EBA6
:10EBA00081011346896A6246FFF77ABB08B5054BB7
:10EBB0000122986002211046F7F792FE00B908BDC5
:10EBC00000DE08BDF400002082685269126882608D
:10EBD000FFF746B92DE9F04F85B09A469DF838B059
:10EBE0000F9F4FEA4B0B0BF0020B0BF1010301934C
:10EBF000CAF3400C002A79D083460AF00303DBF8FD
:10EC000004B1DFF8A491CDF80CC006330AF0040873
:10EC10000E46144602934546BBF1000F66D073784A
:10EC2000002D66D0019ADB002B33934003F5BC73B3
:10EC300022786FF30502227003EB070808F034FE18
:10EC4000227832288CBF0020012060F386122270C7
:10EC5000A9FB08200209400C04D0544BA3FB082355
:10EC60005A0901202378627060F3C7132370BAF148
:10EC7000000F9AFAAAF3B3FA83F3C2F3042208BF8F
:10EC80004FF0FF3302EB4312A270D6F80431002B91
:10EC900065D09BF8022092060BF1030426D0F07891
:10ECA0009BF8032060BB06F1030C8AB1D4076BD537
:10ECB00002F0020102F004060BF10A0402F008025D
:10ECC00001B10634410748BF0CF1010C06B1013413
:10ECD000000726D402B102349BF80320D10605D5E3
:10ECE000DBF804B11E46BBF1000F98D105B0BDE8BA
:10ECF000F08F029A13440333039ADB00D34097E763
:10ED000006F1040C00F00101A2B909B106F10A0CE8
:10ED100010F0020632D04107DED500070CF1070CD7
:10ED2000D8D5002AD8D09CF8002022709CF8012069
:10ED30006270D0E709B106F10A0CD10754BF0BF19C
:10ED400004040BF10A0410F0020F02F0020102F0B9
:10ED5000040618BF0CF1060C02F00802B0E708F038
:10ED6000EFFE0346D0B19BF8012018460232594607
:10ED700011F034FB0346C6F804018AE74207ABD51D
:10ED80000CF1010C3246A3E702F0020402F0040683
:10ED900002F0080224B10BF10A0497E700DEE2E773
:10EDA0000BF1040492E700BF89888888B5814E1B67
:10EDB0002DE9F04F8DB08B469A46FFF743F80028B7
:10EDC00000F0DF8190F88030DB0706460BD490F826
:10EDD00072309D0634D51BF0FD0F71D10C252846ED
:10EDE0000DB0BDE8F08FBBF1020FF7D990F872308B
:10EDF0009F0625D5BBF1040F2BD8152323FA0BF35F
:10EE0000DB0740F1B481002209ABBBF1040F8DF8A0
:10EE10002420CDF8252003931DD10DF11F0301936C
:10EE20000DF11E0300934FF40071039B304617460B
:10EE3000F2F77EF9B8460546002D00F08C80CEE74B
:10EE4000BBF1040FCAD004D8152323FA0BF3DA0759
:10EE50003ED509AB0393B06B437D00EB83030DF10B
:10EE60001F011430D3F8188008F0B4FE0024039D6D
:10EE70000746A1464FF40073CDE900953A46414656
:10EE800030468DF82490CDF82590FFF747FB9DF88C
:10EE90002430002840F0498123449CB204EB0A034B
:10EEA000FB2B00F37381D8F80431D7F80421002B31
:10EEB00000F04081002A00F0FB8117469846D9E710
:10EEC000BBF1040FC5D8152323FA0BF3DC079AD442
:10EED000169B8DF824A0BBF1010FCDF8253002D090
:10EEE000BBF1030FB5D10DF11F0201920DF11E020E
:10EEF00009AB00924FF40071102230460393F2F7F1
:10EF000017F94528054600F0F880002D7FF467AF1B
:10EF1000B06B002800F0EF80BAF1BF0F00F11400D1
:10EF200040F27281169BCDF82530CDF82A3008A921
:10EF3000BF238DF824308DF8293008F04BFE9DF862
:10EF400020209DF81F300AF141059A42EDB280461B
:10EF500040F0A1814746B36B002B00F0CC801BF042
:10EF6000FD0400F0F080002D00F095800023CDE935
:10EF70000433BB7813F03F0318BFFB788DF82030C3
:10EF800008F0DEFD0446002800F099810023E370BC
:10EF90006370072323709DF8203013F0080117BF1A
:10EFA000082104F10309E17004F10409D8074CBFFA
:10EFB00007F10A00381D9B0704F1020248BF063022
:10EFC00011B1038829F8023BA9EB02035FFA83FA27
:10EFD000A378BAF1020F6FF38713A3709CBF04F1FB
:10EFE00003094FF0010A002D40F0D580049B5344E3
:10EFF000FF2B00F3FD806370A3780AF1FF3262F308
:10F000000503A370049B002B40F04981727EDDF85C
:10F0100025807B787F2A4FEA521540F2ED80B27E40
:10F0200002F00102DB0052002B330132934003F562
:10F03000297998F800306FF3050388F8003008F05C
:10F0400033FCBC4BA3FB092398F8002032288CBF6B
:10F050000020012002F03F0242EA8012002D95FAC2
:10F06000A5F5B5FA85F588F8002008BF4FF0FF3503
:10F070001A0B02EB45121B0988F8022088F80130B0
:10F08000D7F8040120B10023C7F8043108F0C4FD0B
:10F09000C7F80441B36B96F88020D10716D51C68D9
:10F0A00094F8463013F0010100F0C38008AD294602
:10F0B00006F11C0008F08EFD002201463046F1F7F3
:10F0C000AFFD054600287FF48AAEB36B9DF81F2084
:10F0D0005A75BBF1010F50D0ABF10303012B4CD992
:10F0E00096F87230BBF1010F94BF0022012262F347
:10F0F000451386F87230002571E6169ACDF8252062
:10F100009DF829200DF11F030193AAEB02020DF1D6
:10F110001E0300938DF82420039B10224FF40071EE
:10F120003046F2F705F80546EFE645283FF4B4AE61
:10F1300000DEB1E60546002A3FF47EAE00DE002D7B
:10F140003FF409AF4BE6039B8DF824A0CDE90043C3
:10F15000169BCDF825303A464FF480634146304641
:10F16000FFF7DCF9002840F0AE80B36B93E7169B05
:10F170008DF824A0CDF82530B2E69DF81E307377C7
:10F18000AEE7422528460DB0BDE8F08FB84500F047
:10F190009180072523E69DF82430DDF825102A46C6
:10F1A0001944484611F01AF9039B01930023009378
:10F1B0003A464FF4047341463046FFF7AFF9002852
:10F1C0005AD1049A0AEB05031344FF2B10DCA378F1
:10F1D00016990AF1FF3262F30503A370049BEB1842
:10F1E000A944534463702A46484611F0F7F809E7EA
:10F1F000B84545D04525F2E52B440933DB006A10BC
:10F20000D34003F5967914E708A908F0E3FC9DF8CC
:10F2100020109DF81F20914203463ED1D3F80401EF
:10F2200020B10022C3F8042108F0F6FC0027B846FC
:10F2300091E6B26E40F2712342F6DC30E2FB03014C
:10F2400040F2E2420023F0F75BFFA086F9F768F98D
:10F2500008AD1830089029462046F1F74DFD089971
:10F2600002462046F1F788FD58BB94F8463043F03B
:10F27000010384F846301AE7B84506D00546AEE5E6
:10F28000B36B9DF81F205A75B4E7B36B9DF81F2030
:10F290005A750546A3E500DE5CE600DEBEE705998B
:10F2A0001A46169B29441944484611F097F8ADE6D2
:10F2B00000DE02E6B36B9DF81F205A7569E700DE99
:10F2C00064E60D258BE545283BD1039D169BCDF8C3
:10F2D0002530CDF82A303A464FF482634146CDE9D5
:10F2E000004530468DF824A08DF829A0FFF716F9C7
:10F2F000169BCDF82530CDF82A309DF82E3004939A
:10F30000AAEB030A5FFA8AF305938DF824308DF88F
:10F310002930CDE900454FF482633A4641463046F4
:10F32000FFF7FCF840B9049B002B3FF41EAF00250B
:10F330001FE600BF8988888800DE049B002BF6D179
:10F3400013E700DEB36BA6E62DE9F04F8FB00F4652
:10F35000DDF860B01E46FEF775FD002800F0DD8088
:10F36000437F00EB830304461B6A1D7805F00F05FD
:10F37000072D09D0032F02D11F2E40F2C78012257E
:10F3800028460FB0BDE8F08F90F88030D80700F124
:10F39000B880032F01D0002EF1D0A36B002B00F01A
:10F3A000DE815A7D03EB82039B6904939B787F2B5C
:10F3B00040F2E58094F88030D90702D5002E00F0A5
:10F3C000A38094F8293004EB83030DF1270104F1A5
:10F3D0002800D3F82C9008F0FDFB17F0FD038046C1
:10F3E000039300F09F80042F00F09281012F8DF88D
:10F3F0002860CDF829B040F0E7800DF126030AA976
:10F40000002201930DF125030591009320460B4640
:10F410001146F1F78DFE05460028B1D1059B0193F9
:10F420001027009740F20123424649462046FFF745
:10F4300075F84528054600F00081002DA0D1BF2EAB
:10F4400040F2B781BF238DF82D3006F14103DBB2C6
:10F45000069340F20123CDF82EB0079398F80230BE
:10F4600013F03F0318BF98F803308DF8243008F0EC
:10F4700067FB8246002800F0CD819DF82410002310
:10F480008AF803308AF8013007238AF8003011F037
:10F4900008030EBF0AF103020AF104020823104612
:10F4A00018BF8AF80330CA074CBF08F10A0208F1F6
:10F4B000040289070AF1020748BF063223B1138804
:10F4C000024622F8023B10469AF80230C71BFFB2F0
:10F4D0006FF38713022F8AF8023003D80AF103036F
:10F4E00018460127069B002B40F03C81069B3B44BD
:10F4F0003344FF2B40F3BD80C84500F063814525B0
:10F500003EE7032F3FF449AF0C2539E75A46314611
:10F510000FB0BDE8F04FFEF755BE422528460FB0AC
:10F52000BDE8F08F8DF82830CDF829300AAB5A4667
:10F5300000270695C3460593BA461D469046CDE979
:10F5400000A55A4649464FF4047320468DF82DA075
:10F55000CDF82EA0FEF7E2FFA8B99DF82DC06744B4
:10F56000BFB2BB19FB2B7BDCD9F80431DBF80411EB
:10F570006BB1002900F01B818B469946DFE7002E16
:10F580003FF41FAFFBE64528E7D000DEE5E7434642
:10F590000A46D84661469B4602B100DE452800F087
:10F5A000CB8000238DF825308DF82630002840F0E0
:10F5B0002981039B002B40F0A780039B06931D46E7
:10F5C0004FF40473079349E7032FAFD10DF12603DE
:10F5D0000AA9002201930DF125030591009320460D
:10F5E0000B461146F1F7A4FD054600287FF4C8AE8E
:10F5F000002E7FF413AF88F80160A36B9DF82620DE
:10F600005A759DF82530637798F8003098F80120F6
:10F6100003F0400343F0070388F80030002A40F06D
:10F62000D68098F8003062F3861388F800309DF891
:10F63000273084F829300025A2E6059B01939DF828
:10F640002D300097F31A8DF82830424640F20123FE
:10F6500049462046CDF829B0FEF760FF0546ECE6A6
:10F66000D945069D7FF48CAE9DF8273084F829306B
:10F6700086E68AF801309AF80230013F67F3050305
:10F6800032468AF80230594610F0A8FE637EDDF853
:10F6900029607F2B4FEA53177FD9A27E98F801305B
:10F6A00002F001025200DB0001322B33934003F5DC
:10F6B000297533786FF30503337008F0F5F8584B6C
:10F6C000A3FB0523327832288CBF0020012002F0F2
:10F6D0003F0242EA8012002F97FAA7F7B7FA87F79E
:10F6E000327008BF4FF0FF371A0B02EB47121B09AD
:10F6F000B2707370D8F8040120B10023C8F8043147
:10F7000008F08AFAC8F804A1039B012B8FD174E793
:10F7100000200AABCDE900038DF82800CDF82900C0
:10F720004FF40073424649462046FEF7F7FE054671
:10F7300000287FF425AE7AE79DF832300693C91A87
:10F7400000238DF825308DF82630039B8DF82D1081
:10F75000002B61D14FF40473354607937EE600DE3B
:10F76000A36B1EE69DF82D30DDF82E10069A194485
:10F77000064610F033FE059901910799002241F0E9
:10F7800010030092494642462046FEF7C7FEB8BB2A
:10F79000069B1E4430462E46A8E698F801303B44AE
:10F7A0000933DB007A10D34003F5967581E700DE5C
:10F7B000E2E6D8F804010028A6D0C8F8045108F001
:10F7C0002BFAA1E7A36B9DF827205A7597E698F8C6
:10F7D0000230049898F8001002466FF3871388F8F7
:10F7E000023012F8043BC3F3801363F386114346DF
:10F7F00003F8041B4168C8F8041092889A8016E741
:10F80000C84501D00546BBE59DF8273084F829306E
:10F810000546B5E500DE30E6069B002B9AD173E77E
:10F820008988888870B5044611B3B0F84CC0204E62
:10F8300042F2107001FB00F01D46A6FB0030400AAA
:10F84000B0FBFCF080B2A4F84000C2B1194B03FB3E
:10F8500002F2A6FB0263B1EB533F21D200225B0A06
:10F86000B3FBFCF31B1AA4F86030E265002070BD06
:10F87000A0F84010A0F86010C165002070BDA4F889
:10F8800060202B680BB1E365F7E7F9F7CFFC06467C
:10F8900058B1F9F7D7FC28B10660E0652860ECE7BD
:10F8A000122070BD3046F9F7C7FC072070BD00BFBD
:10F8B0005917B7D10088130029B9B0F84030A0F823
:10F8C00042300020704710B5124A134B1349821A78
:10F8D0008AB0A3FB023252090023A0F8423009ACDF
:10F8E0000591022001210532CDE903110990032180
:10F8F000CDE90133D2B2069400931846F8F7CAFC5A
:10F900002146F9F721FD10B900200AB010BD0C20E6
:10F910000AB010BD905600201F85EB51E58600000F
:10F9200070B588B01C460D9D9DF830C02E4616F867
:10F93000103B0133DBB22B70002B66D039493A4BB8
:10F940000C81C1E900028A7ACE606CF300028A72EF
:10F950000022996001201146F6F7C2FF002856D117
:10F96000B5F8423043B10134A4B2A34228D91B1BDD
:10F97000A5F8423008B070BDB5F840000028F9D0B5
:10F98000002CF7D0294A2A4BAA1AA3FB0232C2F351
:10F990004712012A3FD8002301210532A5F8420071
:10F9A000D2B2CDE90533CDE90311CDE9013300939E
:10F9B0001846F8F76FFC10F0FD0FDBD000DED9E73A
:10F9C000B5F86010E1B1194A1944194BAA1AA3FB02
:10F9D0000232C2F34712091B012A89B21FD8002341
:10F9E0000532CDE90313CDE90533CDE901330093A9
:10F9F000D2B201211846F8F74DFC10F0FD0F08D1E6
:10FA00000023A5F8423008B070BD00DE96E700DEA6
:10FA1000A6E700DEF4E700DEB5F84000BBE700DE55
:10FA2000DDE700BF6856002034010020905600201A
:10FA30001F85EB510368D96D11B10868F9F720BC37
:10FA4000704700BF00B17047064B10B502460C4628
:10FA5000022001219C60F6F743FF00B910BD00DED3
:10FA600010BD00BF2401002003788BB110B50E4BF0
:10FA700000F11001996082689AB90C4C0A4B00227F
:10FA8000C0E9024111460120F6F72AFF38B910BD3E
:10FA90000369D96D11B10868F9F7F2BB704700DE50
:10FAA00010BD00DE9968E8E71401002035FA000077
:10FAB00000F044BB70B591F8623043F001030C468E
:10FAC000064681F86230053001F11002C0B2F9F744
:10FAD000B3FCA8B900F06EFB056A064615B12B68A9
:10FAE0009C4201D0002070BD00F0E8FB08B17830E6
:10FAF0001ED1336A002BF5D09D42F3D100DEF1E731
:10FB000010F1780F054613D040F29123094A0A49B3
:10FB10000A480FF04AFA0A482A4631460FF045FAD9
:10FB2000002383F31188BFF36F8F0323184602DF8E
:10FB30000C2070BDF8090200A8090200C0090200EB
:10FB4000E0090200022870B509D01749642404FBBB
:10FB5000001494F86220920701D5626912B10C2555
:10FB6000284670BD00EB800303EB830301EB8301A8
:10FB7000FFF7A0FF05460028F2D194F86230E66D49
:10FB800060F3410384F8623036B1E0653068F9F71C
:10FB900053FB3046F9F75CFB0020FEF729F90028FB
:10FBA000DED106F03FFDDBE79056002010B50B4C90
:10FBB0000020FFF7C7FF94F8443001206FF30203E1
:10FBC00084F84430FFF7BEFF94F8A8306FF30203C7
:10FBD00084F8A830BDE8104000F0BEBA905600206E
:10FBE0002DE9F04F85B000230393002800F09D809D
:10FBF0007F4C94F8626016F002068946934640F006
:10FC00008A8094F8C67017F0020740F0B58094F827
:10FC1000A88094F8C6A018F00408CAF3810A45D059
:10FC20001AF0010F08D00120F8F710FD0621F6F7B1
:10FC3000C7FD002800F09E8094F84430DD0700F1F5
:10FC4000818003AB6B485A464946FFF7EBFD0546FA
:10FC5000002866D194F89C00C0F3C10006F022FD94
:10FC6000B4F8A83003F0BF0363F0FF03A4F8A83092
:10FC700094F89C30990600F1AE8094F84430DA078D
:10FC800039D45C483946FFF717FE0546002848D1AD
:10FC9000002F52D194F84430DB0705D55448F1F7D2
:10FCA000BBFE054600283CD152482FE094F8623054
:10FCB0005B0757D44E485A46494603ABFFF7B2FD9F
:10FCC000054670BB94F8380094F86250C0F3C10048
:10FCD00006F0E8FCB4F8443003F0BF0363F0FF0320
:10FCE000A4F8443094F838309806C5F3810502D55D
:10FCF000023D012D51D93E483146FFF7DDFD054655
:10FD000078B9D6B9B8F1000FBBD1394805B0BDE814
:10FD1000F04FF1F781BEE36D039309B1002A4BD197
:10FD20000C25284605B0BDE8F08FFFF70BFF054610
:10FD30000120FFF707FF0028F3D10025284605B072
:10FD4000BDE8F08F03AB2A4801935A464946FFF7B6
:10FD500069FD019B054600283FF474AF284605B0B5
:10FD6000BDE8F08F0120F8F771FC0621F6F728FDB9
:10FD700000289FD11225D4E7D4F8C030039300297E
:10FD8000CED0002ACCD0B4F8A430002BC8D0B4F820
:10FD9000C430002BC4D0012739E7174D002006F0EE
:10FDA000A5FC95F8343043F0400385F83430B8F1C1
:10FDB000000F7FF462AF9EE7B4F84030002BAFD065
:10FDC000B4F86030002BABD094F8C67017F002077F
:10FDD00009D101261BE7AAF1020ABAF1010F3FF689
:10FDE0004CAF064DDAE7D4F8C03003930126CAE7DA
:10FDF00090560020F4560020A05600200457002002
:10FE00008168B1F8603003B17047B1F84030002B21
:10FE1000FAD0B1F84230002BF6D11748DFF85CC0B9
:10FE200000B50A1AACFB02C2C2F34712012A83B022
:10FE3000A1F840301AD8D2B900F164030020A3F829
:10FE40004000CB6D4FF00B0C83F804C002F1050CA1
:10FE5000DA8000910A4B5FFA8CF20121F8F776FA0A
:10FE600010F0FD0F05D103B05DF804FB00DE024B7E
:10FE7000E4E700DEF7E700BF905600201F85EB5156
:10FE800045FA0000012808B51CD8164A642303FB74
:10FE9000002393F862106FF3410183F8621030B9C8
:10FEA00092F8A83003F00703032B14D808BD92F88A
:10FEB0004430DB07FAD50020FFF744FE0028F5D0D8
:10FEC00000DE08BD00DE002292F8623062F34103DA
:10FED00082F86230FFDE0120FFF734FE0028EFD108
:10FEE00008BD00BF90560020012807D8044B00EB46
:10FEF000800000EB800003EB80007047002070471B
:10FF000090560020034A044B801AA3FB0030C0F334
:10FF100047107047905600201F85EB51044A006837
:10FF2000044B801AA3FB0030C0F34710704700BF9A
:10FF3000905600201F85EB51044B984204D3643344
:10FF4000984288BF002070470020704790560020DC
:10FF5000054B0068984204D36433984201D81030AE
:10FF600070470020704700BF90560020012810D82D
:10FF7000094B642202FB003200EB800092F8622001
:10FF800000EB800012F0020F03EB800008BF00209E
:10FF900070470020704700BF90560020012810D8FD
:10FFA000094B642202FB003200EB800092F86220D1
:10FFB00000EB800012F0020F03EB800018BF00205E
:10FFC00070470020704700BF90560020012819D8C4
:10FFD0000D4A642303FB002292F8623013F00203FF
:10FFE00010D092F86200536992F83810003BC1F3C8
:10FFF0004012C0F3400000FA02F018BF012340EAAB
:020000021000EC
:1000000083007047002070479056002001280DD8CB
:10001000074A642303FB002292F8623013F00203C4
:1000200004D092F83800C0F3C10070470020704738
:100030009056002010B5039C9DF808C0227801322C
:10004000D2B22270A2B10B490860887A0B810A4BA8
:1000500000226CF30000103488724A60CC60996012
:1000600001201146F6F73CFC00B910BD00DE10BDC2
:1000700000DEE8E7685700205401002038B5036A25
:100080000446EBB1616A31B1002363620868F9F795
:10009000E5F8F9F7EFF8256A2868FFF74DFFEA6AF7
:1000A00004F110039A4204BF0023EB62236A4BB1B0
:1000B0000023236220460449BDE83840F6F754BBCC
:1000C00000DEDFE700DEF3E780570020036A0BB1B4
:1000D000FFF7D4BF00DEFFF7D1BF00BF68B108B59E
:1000E0000B6A6BB10748084B0022C3E902100121DB
:1000F0000220F6F7F5FB08B908BD704700DE08BD21
:1001000000DEEFE70D01010064010020036A6BB11E
:10011000037803F0FF023BB1012A09D183684BB990
:10012000054BC0E902307047FFF7A8BF00DEEFE7DC
:1001300000DEF3E700DEF3E7CD00010008B5044878
:10014000044B01223021F6F7D5FA002008BD00BF8C
:10015000845700208057002008B50448044B012232
:100160003021F6F7C7FA002008BD00BF84570020F1
:100170008057002038B585682B6A6BB11C68204613
:10018000FFF7DAFE78B194F86230DB0710D4284626
:10019000BDE83840FFF772BF00DE1C682046FFF75D
:1001A000CBFE0028EFD100DE94F86230DB07EED5FD
:1001B00038BD00BF024B00280CBF18460020704716
:1001C0008457002008B5034900683022F6F7E4FAA6
:1001D000C0B208BD8457002038B5056849B12B6A04
:1001E0000C4643B11868FFF7A7FE003818BF01207E
:1001F0002070286A38BD00DEF4E700BF70B58B6858
:10020000054618680C46FFF797FE002836D0E368CD
:10021000A1680122227133B31E68336A002B40D0DB
:100220001868FFF789FE00282ED090F86230DB07AF
:1002300011D4336A002B38D0336A002B33D0337893
:1002400003F0FF0213B3012A31D1B368002B30D180
:10025000194BC6E9023621462846F8F7FFFFBDE8EC
:100260007040F9F707B8CB6A002BD5D12146284654
:10027000F8F7F4FFBDE87040F8F7FCBFA36801226F
:100280002271002BC8D1F1E700DE70BD3046FFF7C8
:10029000F5FE21462846F8F7E1FFBDE87040F8F783
:1002A000E9BF00DEBCE700DEC9E700DEC4E700DE30
:1002B000CBE700DECCE700BFCD00010038B5134925
:1002C00030220446F6F768FA04F1100507302A4692
:1002D0002146C0B2F9F7B0F850B110F1780F00D054
:1002E00038BD2846F9F77EF810B110F1780FF7D134
:1002F0000749084B0022C3E9024103200121F6F718
:10030000EFFA08B9002038BD00DEFBE78457002073
:100310007D0001004401002008B5054B00229860D3
:1003200011460120F6F7DCFA00B908BD00DE08BD71
:100330007401002083685A6892F82730DB0900F1C5
:10034000080101D0F2F754BBF2F7F6BF2DE9F041F6
:100350000668254982B004464FF4C8723046F6F765
:100360001BFA04F14C05214609F0D2FA206D01AACE
:100370002946F6F751FA08B3DFF870804FF6FF7799
:1003800098F8412298F84012531CDBB2482B08BF62
:100390000023994223D008EBC20128F83270019A59
:1003A0004A6012680260019A106088F84132206D3C
:1003B00001AA2946F6F730FA0028E1D1D6F848011B
:1003C00006F5A47138B10023C6F84831F9F7D0F822
:1003D00002B0BDE8F08100DED6F84801F3E700DEA8
:1003E00000231B80FFDE00BFF8040020245B0020F8
:1003F00010B50C4630B92046F8F7E2FF844200D031
:1004000000DE10BD00DEF6E710B50C4630B9204620
:10041000F8F7CAFF844200D000DE10BD00DEF6E728
:1004200010B50C4640B9074B0246012102209C60E2
:10043000F6F756FA20B910BDF8F7B0FF8442FAD0AB
:1004400000DE10BD9401002000B9704710B50C46C5
:10045000F8F7C2FF844200D110BDF8F79FFF844235
:10046000FAD000DE10BD00BF70B5164B1648164E10
:1004700010224FF4C871F6F73DF900244FF6FF75CE
:10048000A2B24FF4C8713046F6F782F90134102C4D
:100490008584F5D10D4B0E4C181D07222421F6F74B
:1004A00029F90C4B4722181D0821F6F723F902F011
:1004B000EDF90949094A0723002020600B701370E9
:1004C00070BD00BFE4570020F8040020245A00202B
:1004D000AC5D0020E8570020628000206180002091
:1004E00010B5044614F8103B73B10F4B9C60826842
:1004F000B2B90E490C4B0022C0E90214114601208A
:10050000F6F7EEF950B910BD03F0FF02084B1146A3
:1005100001209C60F6F7E4F90028F4D000DE10BD5D
:1005200000DE9C68E5E700BF84010020190301009C
:10053000740100200148F6F701B900BFE45700201C
:100540000149F6F711B900BFE457002002494FF402
:10055000C872F6F721B900BFF80400200F28024640
:1005600004D803484FF4C871F6F712B90020704759
:10057000F80400200F280ED810B50446224607487C
:100580004FF4C871F6F704F918B1838CA34200D177
:1005900010BD002010BD0020704700BFF8040020EF
:1005A0000148F6F7CBB800BF245A00200149F6F7FE
:1005B000DBB800BF245A00200F2800F2A6802DE9E6
:1005C000F04104460E46634822464FF4C871F6F7E0
:1005D000DFF8054600285AD0838CA34257D15E4AE3
:1005E00092F8411092F840004B1CDBB2082B08BF78
:1005F0000023984261D022F8314002EBC1014E60E5
:1006000082F841302B7803F0FF00002B47D0534F86
:100610003B68062B55D8DFF84881524B0022012158
:1006200003209D60F6F75CF995F93730002B3FDB2E
:100630004D4C4E4D0FF06AF92168411AC1F30E027C
:10064000A2FB0523D20BC90B42EA4342DB0BE1FBC1
:10065000052395424FF0000171EB03051BD344487D
:100660003D680168013574790C4404604148A4FB7D
:100670000001214452EA030404BF01220023EFF7E2
:100680003FFD3D60C8F800000020BDE8F0816FF03C
:100690001500BDE8F081206001253548E3E709F049
:1006A00081FD95F937302D4FDFF8B480002BBFDA8C
:1006B0002146284604F068FFBAE76FF06800BDE8FD
:1006C000F08195F8582095F87230DFF894802A4828
:1006D000D8F80010B0FBF1F002F0070CC3F30013E0
:1006E0009B00BCF1030FDBB2C2F3C00210D9DB00E8
:1006F000520003F203130132934003F27453834216
:1007000023D3002009F04EFD87E76FF015007047F6
:100710000CF10902D1000CF1240213444FEA6C0CD5
:1007200021FA0CF2DB0023FA0CF302F596710B446C
:100730009842E6D9C3EB400002F196035B001844EF
:100740000138B0FBF3F0C0B2DCE7C3EB400040F28D
:10075000CC63F4E7F8040020685D0020E057002037
:10076000DC570020A4010020D857002000CA9A3B83
:10077000D45700200050D6DC00E6DF0C2DE9F04F06
:1007800085B00F28BDF83890BDF83CA0BDF840B04A
:10079000039215D804460E461C4822464FF4C871F1
:1007A0001F46F5F7F5FF054650B1B0F82480A04587
:1007B00006D176B1022E07D0012005B0BDE8F08F3A
:1007C000022005B0BDE8F08F039BABB902F0FCFA44
:1007D0000EE0119B0193CDF800B053464A463946CE
:1007E00002F088FA0028ECD195F93730002B07DBAE
:1007F000002005B0BDE8F08F039902F0F5FAF7E7A5
:100800004146284604F0C0FEF2E700BFF80400208D
:100810000F281FD870B504460D460F4822464FF4E6
:10082000C871F5F7B5FF064658B1838CA34208D1CD
:1008300002F010FA38B103682B6003792B710020A5
:1008400070BD022070BDD6F832302B6096F836307D
:100850002B71F4E702207047F80400200F2870B5D0
:1008600002D90224204670BD05460C4616482A4689
:100870004FF4C871F5F78CFF064610B3838CAB427A
:100880001FD11A2C04D8042C16D81224204670BD6F
:10089000292C01D03B2CF8D12146304602F0A4F996
:1008A00004460028DED196F93730002BDADA2946E3
:1008B000304604F069FED5E7044BE340DB07EBD498
:1008C000E3E70C24204670BDF80400202000380423
:1008D0000F2870B516D8044622460F484FF4C87149
:1008E000F5F756FF054668B1868CA6420AD101216C
:1008F00002F0C8F8044618B995F93730002B04DB2C
:10090000204670BD0224204670BD2846314604F0C2
:100910003BFE204670BD00BFF80400200F2870B5D4
:1009200015D8044622460E484FF4C871F5F730FF3B
:10093000054660B1868CA64209D102F0BBF8044698
:1009400018B995F93730002B04DB204670BD02241E
:10095000204670BD2846314604F016FE204670BD84
:10096000F80400200F281CD870B504460E46154622
:100970004FF4C87102460C48F5F70AFF034670B100
:10098000828CA2420BD190F85840C4F30204347018
:1009900093F85930C3F302032B70002070BD02207E
:1009A00070BD0220704700BFF8040020024A034BCC
:1009B0001070197000207047628000206180002054
:1009C0002DE9F0430F2883B025D804468846174602
:1009D0004FF4C871024619481E46F5F7D9FE054680
:1009E000C8B1B0F82490A14515D1D0F8203113F446
:1009F000106F1DD00124009433463A46414602F060
:100A0000CBF8044618B995F93730002B08DB20469F
:100A100003B0BDE8F0830224204603B0BDE8F083B4
:100A20002846494604F0B0FD204603B0BDE8F083F7
:100A30001A24204603B0BDE8F08300BFF80400206C
:100A40000F2813D838B504460D46094822464FF4FE
:100A5000C871F5F79DFE38B1838CA34204D190F89C
:100A6000B6302B70002038BD022038BD0220704700
:100A7000F80400200F282FD838B504460D46174833
:100A800022464FF4C871F5F783FE18B3838CA34256
:100A900020D1C38CB0F87021052B0FD801339BB245
:100AA00002FB03F30E494FF4FA7202FB03F3A1FBBE
:100AB0000313C3F34F332B80002038BD03FB02F236
:100AC000074940F2E24303FB02F2A1FB0212C2F328
:100AD0004F33F0E7022038BD02207047F8040020B1
:100AE0005917B7D10F282FD838B505460C461748E7
:100AF0002A464FF4C871F5F74BFE844610B3838C39
:100B0000AB421FD1C38C42F2107202FB04F1052BE1
:100B100001F1FF310DD801339BB24FF4FA7202FBA1
:100B200003F31944B1FBF3F189B2ACF87011002062
:100B300038BD40F2E24202FB03F31944B1FBF3F18A
:100B400089B2F2E7022038BD02207047F804002085
:100B5000FFF78ABC2DE9F84304F072FE204FDFF85E
:100B60008490DFF88480002525E005F1080004F179
:100B700010022146C0B2F8F75FFC0646B0B110F192
:100B8000780F13D040F24D734A46414617480EF095
:100B90000CFA1748324629460EF007FA002383F371
:100BA0001188BFF36F8F0323184602DF013500233E
:100BB000102DE3660AD0AAB24FF4C8713846F5F793
:100BC000E7FD04460028D0D100DECEE709490A4AF5
:100BD000A1F84030A2F84032BDE8F843FFF744BC2A
:100BE000F8040020380A0200A8090200C009020027
:100BF000E0090200685D0020245B0020014B1878AA
:100C0000704700BF62800020014B1878704700BF1A
:100C1000618000202DE9F84F1C4E81468A46174618
:100C200098464FF0000B02E0BBF1100F2AD01FFADC
:100C30008BF52A464FF4C8713046F5F7A9FD0BF144
:100C4000010B04460028EFD0838CAB42ECD190F826
:100C50008051B7EBD51FE7D10622414600F287103D
:100C60000FF0ECFBC5F380150028DDD14D45DBD13D
:100C700004F28110062251460FF0E0FB0028D3D188
:100C8000012000E00020BDE8F88F00BFF80400203C
:100C90008B6808601B681A782AB19A6832B9044ACE
:100CA000C3E9022170470846FFF744BB00DEF6E7C0
:100CB00035030100F8B50B68DE880F2E32D80C46DC
:100CC0000746324619484FF4C871F5F761FD0546ED
:100CD00038B3838CB34224D102F0C2F8226892F870
:100CE000203003F00303032B08D101231371226882
:100CF00039462846BDE8F84002F0C6B853B995F821
:100D000042319B0703D53D2385F8443122680123F6
:100D10001371F8BD95F842319A07FAD53D2385F84D
:100D20004431236801221A71F8BD00BFF804002085
:100D300010B5B0F824C004464FF6FF7084450CD0BF
:100D4000A4F804312046C4E93F1201F02DFE94F8C6
:100D5000423113F0010002D110BD00DEF0E76FF365
:100D6000000384F842316FF08B0010BD2DE9F04193
:100D7000304D314F95F84120064627E042464FF46A
:100D8000C8713846F5F704FD034650B3828C61689C
:100D9000904527D10A79487902F00302022A2AD025
:100DA00050BB03F1C40001F0BBFB95F8412095F85E
:100DB00040309A4206D00133DBB2082B08BF002333
:100DC00085F84030013E16F0FF0627D095F84030F8
:100DD000934223D035F83380B8F10F0F05EBC304ED
:100DE000CCD961680B796FF301030B714FF6FF707B
:100DF000F8F78CFAD9E798B193F88D21D007D0D5C0
:100E00006FF3000283F88D210A7902F003000128B4
:100E1000C7D1022060F301020A71C2E7BDE8F08188
:100E200093F88D2142F00102404683F88D21F8F7B6
:100E30006DFABAE7685D0020F80400202DE9F04162
:100E4000324A1468A04205460B4604BF00211160D7
:100E5000808CA5F84E01182282B0012185F84C2122
:100E600085F86831284601F0A9FD05F1C406284639
:100E700001F0B8FD304601F03BFB304601F070FB5D
:100E8000044638B30379DFF8888003F00303032BAB
:100E90000CBF034600230360404605F16007F5F7E9
:100EA0004DFCA8B121463A46F5F7A4FC304601F0C6
:100EB00057FB044670B1037903F00303032B0CBF07
:100EC0000346002303604046F5F738FC0028E9D1CB
:100ED00000DEE7E7AA8C0F4B00950832D2B2012161
:100EE0000020F7F733FA10F0FD0F08D14FF6FF732B
:100EF000FF20AB8402B0BDE8F041FFF737BFF8F741
:100F00004DFA8542F2D000DEF0E700BFAC5D002074
:100F1000E85700202104010038B505460120FFF7FD
:100F200025FF05F1C40001F01BFBA8B1037903F014
:100F300003030446032B0CBF23460023074823600A
:100F4000F5F7FCFB30B105F160022146BDE8384001
:100F5000F5F750BC00DEF6E738BD00BFE8570020CB
:100F600041B32DE9F0414D1EDFF84C80EDB200F1A8
:100F7000C40700F1600612E0237903F00303032B9A
:100F80000CBF234600232360F5F7D8FB80B1013D59
:100F900032462146EDB2F5F72DFCFF2D06D038463E
:100FA00001F0DEFA04464046002CE5D1BDE8F081B0
:100FB00000DEECE7704700BFE85700200149F5F775
:100FC000D3BB00BFE8570020014B93F841027047A4
:100FD000245B002000B50A4B93F840C293F841E22D
:100FE000F4450BD080F800E033F83C00088003EBB8
:100FF000CC035B68136018685DF804FB0020FBE716
:10100000245B0020074B93F840C2844508D003EBD3
:10101000CC0033F83C300B8043681360186870478D
:1010200000207047245B0020094A92F8401292F891
:1010300041328B4209D04B1CDBB2482B08BF002346
:1010400052F8310082F8403270470020704700BFEC
:10105000245B002000B50D4A92F841C292F840E2AC
:101060000CF10103DBB2482B08BF00239E4509D0D9
:1010700022F83C0002EBCC0CCCF8041082F8413290
:101080005DF804FB00DE00231B80FFDE245B0020F4
:1010900070B55379144605460E46002B3BD0237994
:1010A00003F00302032A0CD04FF6FF72954204BFEF
:1010B0006FF30103237121462846BDE87040F8F71D
:1010C00025B94FF6FF739D4206D133689C421CD070
:1010D000002BF0D000DEEEE70F2D1ED817482A4671
:1010E0004FF4C871F5F754FBE8B1214601F09AFEC0
:1010F00033689C42ECD111482A464FF4C871F5F789
:1011000047FB10B1838CAB4200D000202146BDE8E4
:10111000704001F00DBC00DEC1E700DE002021467A
:1011200001F080FED1E700DE214601F07BFE33684E
:10113000A342E0D0002BBED0CCE700BFF8040020D3
:101140001B207047704700BF90F8423143F0020304
:1011500080F84231704700BF90F842316FF341038D
:1011600080F84231704700BFB0F84031B0F8042138
:10117000981880B2704700BF0278038E12B1581ED3
:1011800080B27047418DB0F804215818104480B2E5
:10119000704700BF10B50B68C0F8323004463230DB
:1011A0000B7903710521F5F7B3FC94F8373060F340
:1011B000050384F8373010BD08B50022D0E91701C7
:1011C000F5F722FBB0FA80F0400908BD8A690B46AA
:1011D00000219961B2B103211171818CD18093F802
:1011E000201002F1200031B91B7A052B08D0062B04
:1011F00003D000DE704702F0DDBD1A231371704783
:1012000002F0BABD00DEE6E770B504460D4600F117
:101210007306334600223B3105F12B000AF02AFB0E
:10122000D4F87B10C4F89C10D4F88C10D4F87F202C
:10123000C4F8AD10D4F89010D4F87730C4F8A020DA
:10124000C4F8B11094F8AC2094F88B10C4F898301E
:101250000023D4F87300C4F8940063F3000142F053
:10126000010284F88B10C4E9293384F8833084F8B0
:10127000843084F8853084F8863084F8873084F8A8
:10128000883084F8893084F88A3084F8AC20294684
:10129000204601F06BFA0646B8B1301D02F06CFD35
:1012A000F3796B733146204601F076FA204602F05E
:1012B0006BFA40F206636B8194F8723023F01803E6
:1012C00043F0180384F8723070BD00DEE5E700BF1C
:1012D000F8B506460C4601F049FA054688B32F1DBD
:1012E000384602F027FDEB7963732946304601F05A
:1012F00053FA304603F080FEAB68EA68C4F8472032
:10130000C4F843302B69C6F89030A5690023A36167
:10131000ADB103232F792B71B38CEB8005F1200144
:10132000204602F0EFFC2E2F02D00423A372F8BD5A
:1013300028682946F7F7A4FF0423A372F8BD00DE4E
:10134000E7E700DECBE700BF70B504460D4601F0CD
:1013500005FA10B90623AB7270BD04F1730633466B
:10136000002205F13B0105F12B000AF083FAD4F8C5
:101370007B10C4F89C10D4F88C10D4F87F20C4F8EB
:10138000AD10D4F89010D4F87730C4F8A020C4F889
:10139000B11094F88B2094F8AC10C4F89830002366
:1013A000D4F8730084F8833063F30001C4E929336F
:1013B00084F8843084F8853084F8863084F8873067
:1013C00084F8883084F8893084F88A3042F0010348
:1013D000C4F8940084F8AC1084F88B302946204679
:1013E00001F0C4F90646A8B1301D02F0BBFCF37948
:1013F0006B733146204601F0CFF9204603F0FCFD27
:101400004FF4C1636B8194F8723043F0080384F8A1
:10141000723070BD00DEE7E770B50C46897A82B0A5
:1014200005460A2900F23E81DFE801F00A1E232664
:10143000789E495766690600002A65D002B070BDE3
:10144000002AFBD1237A062B4FF00101284648D011
:1014500001F0A6F92146284601F080F9002840F065
:10146000C2800223A372E9E7002AE7D101212846BE
:10147000EEE7002AE2D1EDE7012A00F09F80042A7E
:10148000DCD101212846009301F09EF9009BDA7817
:101490000D2A00F0ED80112A00F0FA8000DE1F23F3
:1014A00084F82030284603F0A3FD21462846FFF7A4
:1014B0008DFE284602F018FA0023A372BEE7032A25
:1014C000BCD10121284601F07FF900262846FFF70C
:1014D00043FE284684F820603AE0002AAED101217C
:1014E000284601F05DF92146284601F037F9002829
:1014F00045D10823A372A1E7002A9FD1F3E7062A6A
:101500009CD12846FFF720FE2146284601F026F907
:10151000002840F091800A23A3728FE7022A26D088
:10152000042A8BD101212846009301F04DF9284669
:10153000FFF712FE009BDA780D2A00F0A180112A35
:1015400000F0A88000DE1F232846002684F8203003
:1015500003F04EFD214628462673FFF737FE284646
:1015600002F0C2F9A67269E7002A7FF467AF21464C
:10157000284601F0F3F8D0B90523A3725EE72146AF
:10158000284601F0F3F80646002800F08780301D59
:1015900002F0FCFBF37963733146284601F0FCF856
:1015A000284602F0F1F840F60933638146E7214608
:1015B000284602B0BDE87040FFF726BE2846CDE9B8
:1015C0000023FFF7C1FD019B009A59689868C4F891
:1015D0004700C4F84310D968C5F8901040F204538E
:1015E000227363812AE72146284601F0BFF80646A8
:1015F000002851D0311D204602F05EFBF379637361
:101600003146284601F0C8F8284602F0BDF8D6F861
:101610001230D6F81620C4F83F20C4F83B30D6F874
:101620001A20C5F88C2040F203432846638102B09B
:10163000BDE8704003F0D8BC2146284601F096F87A
:10164000064668B3301D02F0ABFBF3796373314695
:10165000284601F0A1F8284602F096F84FF60173EB
:10166000638195F8723023F0180385F87230E5E64F
:101670001B79062B3FF414AF1A2B3FF411AF0EE782
:101680001B79062B3FF460AF1A2B3FF45DAF5AE78E
:101690005B79EEE75B79F4E700DEABE700DE76E747
:1016A00000DECFE700DEC9E670B50C46897A82B06D
:1016B00005460D2900F22E81DFE801F05F676A9B85
:1016C0009F07070C1836393E5053002A00F0A780B8
:1016D00002B070BD002AFBD12146284601F03EF839
:1016E000002840F0F1800723A372F1E7022AEFD12E
:1016F000A0690023A361002800F02981032303715E
:10170000AB8CC380237A052B00F00981062B00F0F7
:10171000038100DE2146284601F020F8002840F031
:10172000AA800923A372D3E7002AD1D1F2E7002AC5
:10173000CED10B23A372CBE7072AC9D128460121BA
:1017400001F02EF82846FFF7FFFC2146284601F05D
:1017500005F8002871D10C23A372B9E7002AB7D18C
:10176000F3E7082AB4D140F20233638195F872306E
:101770006FF3041385F87230AAE7002AA8D1237A00
:10178000062BD6D00223A372A2E7002AFAD09FE745
:10179000012A9DD111462846019301F001F82846FF
:1017A000FFF7D2FC284601F0E7FF019B5A689968D1
:1017B000C4F82510C4F821201A7B84F829205A7B0C
:1017C00084F82A20D3F80E20D3F81210C4F83F1062
:1017D000C4F83B20D3F81630C5F88C302146284693
:1017E00000F0BCFF10BB204600F0FAFF0323A372F9
:1017F0006EE7002A7FF46CAFF0E7032A0CD0042ACE
:101800007FF466AF062140F20362072384F82010BC
:10181000A4F84D20A3725BE70523A37258E7214685
:10182000284602B0BDE87040FFF78EBD214628462D
:1018300002B0BDE87040FFF74BBD2146284600F0DE
:1018400095FF0646002800F08480301D02F0A8FABB
:10185000F37963733146284600F09EFF284603F073
:10186000CBFB40F60D33638195F872306FF3C30301
:1018700085F872302CE72146284600F077FF0646AF
:10188000002868D0301D02F077FAF379637331468F
:10189000284600F081FF284603F0AEFB284603F0FF
:1018A00035FD0023A3720121284600F08DFF284654
:1018B000FFF752FC284601F063FF95F8723043F0C1
:1018C000100385F8723003E72146284600F04EFFEA
:1018D0000646002841D095F8103194F84E10301D7E
:1018E0001BB1D5F820315B071DD402F063FAF37900
:1018F00063733146284600F04FFF284603F07CFB17
:10190000284603F003FD94F82030062B11D0242B39
:101910003FF4DEAE00DEDBE61A230371FAE6203088
:1019200002F02AFAF6E60A4694F84D1002F04EFA52
:10193000DDE70121A172284600F046FF2846FFF7A7
:101940000BFC284602B0BDE8704001F019BF00DE74
:10195000D4E600DE79E700DE94E700DEBBE700BFF7
:1019600092F823C0ACF1040C02F12003BCF10D0F7E
:1019700008D8DFE80CF00E14170707070711070B4C
:101980000707070B3D2380F8443170470422FFF717
:1019900043BD0122FFF740BD0622FFF73DBD0222F5
:1019A000FFF73ABD0322FFF737BD00BF1346002201
:1019B000FFF732BD92F823C0ACF1030C02F1200313
:1019C000BCF1080F06D8DFE80CF01205050F05057D
:1019D000050C09003D2380F8443170470822FFF7C9
:1019E00063BE0722FFF760BE0222FFF75DBE012241
:1019F000FFF75ABE8B7A042B04D002D9053B082B83
:101A000003D8704705238B72704700DEF9E700BFEB
:101A10008B7A042B04D002D9053B082B0AD87047D7
:101A2000062040F20362072381F82000A1F84D2030
:101A30008B72704700DEF2E7887AA0F10400B0FAFA
:101A400080F04009704700BF13460022FFF72CBE0C
:101A500070B591F8263091F82720042B0C4603D856
:101A6000032B01D0042A0DD91343112113F00703CE
:101A700084F822104FF001050CD184F822300125A2
:101A8000284670BD032A0DD0134313F007034FF00F
:101A90000005F2D0A68CFFF76FFB801B0304EFD488
:101AA0002823EAE7112381F822300125F2E700BF5D
:101AB00010B50C4689690023A36149B394F821301D
:101AC000DB0720D50B792E2B20D11D230B71838CA6
:101AD000CB8094F8223081F8203090F85930C3F34D
:101AE000020381F8223090F85830C3F3020381F8E2
:101AF00021300868F7F7C4FB94F821306FF3000336
:101B000084F8213010BD01230B71F2E700DEDCE721
:101B100000DED3E710B58A7A032A82B08E460346E8
:101B20001CD0052A06D00221184602B0BDE810409C
:101B300000F04ABE90F93720002A3ADBBEF8262092
:101B40004AB39EF826202AB193F8581062F3061182
:101B500083F8581008228EF80A20E4E790F937201D
:101B6000002A24DA144993F858C09EF8202003C9AB
:101B70004CEA020202F0070202AC04E90300083258
:101B80006A4412F8082C62F3061C062283F858C037
:101B90008EF80A20C7E793F85820C2F3020161F3D8
:101BA0000612092183F858208EF80A10BBE700DEE0
:101BB000D8E700DEC2E700BF8008020091F82020CD
:101BC00030B5940740D402F0070313F0010535D176
:101BD000032B94BF002301234FEA830E754691F82F
:101BE000203065F3020381F82030C3F3C202DB0624
:101BF0002DD412F0010424D1032A94BF0022012223
:101C00004FEA820C644691F8203064F3C50381F8F2
:101C1000203090F8583003F00703AB4208BF4FF074
:101C2000000E81F826E090F8593003F00703A34234
:101C300008BF4FF0000C81F827C030BD4FF0010EF7
:101C4000CDE74FF0010CDEE70225AE46C7E70224E0
:101C5000A446D8E7F8B5CE690C460546002E50D00C
:101C6000637B66610022162BE26106F104070BD04C
:101C7000182B30D000DE2846314600F08DFD284676
:101C8000BDE8F84001F080BD94F8203095F880213F
:101C9000C3F3C20363F3C50285F8802194F82020C2
:101CA00095F8803162F3020385F8803194F8203092
:101CB00095F85820C3F3801363F3C302394685F8BF
:101CC0005820204602F098F80221284600F068FDCE
:101CD0000223A372CFE721462846FFF76FFFE38C6C
:101CE00043B9A3843946204602F0CAF84FF605737B
:101CF0006381C0E7FFF740FA2B8D063303449BB2A4
:101D0000EFE700DECE69ABE738B505460C4601F0DB
:101D10002BFD10B10123A37238BD284603F052F900
:101D20000028F7D12146284600F018FD0028F1D000
:101D3000284603F045F90728ECD02846012103F096
:101D400039F928460D2103F039F91623214663732A
:101D5000284600F00BFDE06121462846BDE83840EA
:101D6000FFF778BF38B505460C4601F0FDFC10B111
:101D70000423A37238BD2146284600F0EFFC00285A
:101D8000F6D005F1C40000F0E9FB0028F0D12846A8
:101D9000FFF712FA0028EBD0182321466373284678
:101DA00000F0E4FCE06121462846BDE83840FFF73A
:101DB00051BF00BF2DE9F04190F9376090F85850BD
:101DC00090F859C001F00708002E034605F00707F8
:101DD0000CF0070E02F0070440461BDB1CB162F357
:101DE000020C83F859C058B193F858205FFA88F470
:101DF00064F3020283F85820A74218BF012007D1DC
:101E000093F8590000F00700B0EB0E0018BF012056
:101E1000BDE8F08154B164F3020583F858500028FE
:101E2000EAD061F3020C83F859C0E5E70028EFD04F
:101E300061F3020C83F859C0E2E700BFF0B50C462D
:101E4000897A85B006461546092900F2E780DFE861
:101E500001F00505193A65946EE5B00A002D00F011
:101E6000D78005B0F0BD042DFBD12146FFF720FE41
:101E7000304601F039FD0021304603F09FF8002381
:101E8000A372EEE7032DECD190F83730DB0900F0B8
:101E90001D81AC4B90F8582093E8030094F8203053
:101EA000134304AD03F0070305E9030010336B444B
:101EB000022113F8083C63F3061241F6060386F884
:101EC0005820638124E0012D00F0AB80062DC8D19D
:101ED000002103F06FF8D6F8203123F41063C6F820
:101EE0002031204600F07CFC94F821301A2243F087
:101EF000010384F8222084F8213096F85830C3F387
:101F0000020262F30613092286F858300221A272F7
:101F1000304605B0BDE8F04000F056BC002DA0D121
:101F20002146304605B0BDE8F040FFF71BBF052D48
:101F300000F0BF80062D00F0A880022D91D190F90D
:101F40003720002A80F2FC8002213046019303F002
:101F500031F8019B2046194601F088FF21463046A2
:101F6000FFF776FD0546204600F03AFC002D40F0D4
:101F7000CC8094F82730ABB10EE0032D7FF471AF25
:101F800090F93730002BC0F2D980E58C002D00F09D
:101F9000A18094F826302BB196F8582063F30612EE
:101FA00086F85820304601F0F9FB0823A37202217D
:101FB000AEE7002D7FF455AFFFF7D6F8A38CC01A1B
:101FC00003043FF54EAF94F8272094F826103046CE
:101FD000FFF7F0FE29460746304602F0EBFF84F893
:101FE0002250002F40F0A88094F82020D20994F8C5
:101FF000213062F3000384F8213096F85830C3F39F
:10200000020262F30613092286F85830A27228E70A
:10201000214605B0BDE8F040FFF776BE00DE05B012
:10202000F0BD0221019302F0C5FF019B94F820202E
:102030001946204602F00707C2F3C20501F034FF3B
:102040000221304600F0ACFB94F82030C3F3C2020A
:102050002A4062F3C5031F4067F3020384F820306F
:1020600096F93730002B0CDB94F8203013F0380F42
:1020700001D05A0705D194F8203023F03F0384F8AB
:102080002030204600F0ACFB4AE7002102F092FF2E
:10209000D6F820311A2223F41063C6F8203184F8D0
:1020A0002220204600F09CFB94F8213043F00103ED
:1020B00021E71946204601F097FE94F84E3084F847
:1020C00022300021304602F075FFEAE741F2037347
:1020D0006381C6E62946304602F06CFF94F8203052
:1020E00094F8212084F82250DB0963F3000284F87D
:1020F000212096F8582002F0070296F8581062F353
:102100000611092386F8581050E70021304602F0E6
:1021100051FF94F822300BB186F8443194F8203006
:1021200094F82120DB0963F3000284F8212096F85B
:10213000582002F00702E0E7012258E700DE24E71A
:1021400000DE01E780080200F8B5CD690C460646BE
:102150008DB3637B65610022172BE26105F10407F3
:102160000BD0182B11D000DE3046294600F014FBAE
:102170003046BDE8F84002F03FBF3946304601F036
:102180005FFE41F603036381EEE721463046FFF729
:1021900015FDE38C43B9A3843946204601F070FE57
:1021A0004FF605736381DFE7FEF7E6FF338D0633F5
:1021B00003449BB2EFE700DECD69CAE738B50546B8
:1021C0000C4602F009FF10B10223A37238BD21466C
:1021D000284600F0C3FA0028F6D0284602F0F0FEA8
:1021E0000728F1D028460D2102F0E8FE17232146EA
:1021F0006373284600F0BAFAE06121462846BDE83C
:102200003840FFF7A1BF00BF38B505460C4602F0C5
:10221000E3FE10B10423A37238BD2146284600F026
:102220009DFA0028F6D0284602F0CAFE0728F1D011
:1022300005F1C40000F092F90028EBD12846FEF722
:10224000BBFF0028E6D028460D2102F0B7FE182378
:1022500021466373284600F089FAE061214628464A
:10226000BDE83840FFF770BF70B50C46897A064666
:102270001546092900F2A280DFE801F05D62090538
:102280000D0514A02C4E022D00F0938070BD002D82
:1022900000F0898070BD002DF8D12146BDE8704066
:1022A000FFF7B2BF032DF1D11946204601F0DEFD44
:1022B00021463046FFF7CCFB0546204600F090FA59
:1022C000002D00F0898094F82230282B19D186F84F
:1022D000443116E0002DD9D1FEF746FFA38CC01A79
:1022E0000304D3D494F8272094F8261084F82250BD
:1022F0003046FFF75FFD94F8213060F3000384F867
:10230000213096F85830C3F3020262F30613092213
:1023100086F85830A27270BD042DB7D12146FFF760
:10232000C7FB304602F0F2FF0021304602F046FEC5
:102330000023A37270BD002DA8D10123A37270BD2C
:102340001946204601F06EFD94F8202096F8803161
:10235000C2F3C200C3F3C2010140C3F30203C2F3DC
:102360000200034043EAC10322F03F02134384F812
:10237000203096F93730002B0ADB94F8203013F028
:10238000380F1DD194F8203023F03F0384F820301B
:102390000221304600F004FA012D7FF477AF96F861
:1023A0003730DB090FD021463046BDE87040FFF7DB
:1023B00005BF2146BDE87040FFF7ACBB00DE70BD35
:1023C0005A07E5D1DEE7204600F00AFA21463046FA
:1023D000BDE87040FFF718BF304602F013FE082337
:1023E000A37270BD92F823C0ACF1070C02F1200378
:1023F000BCF1110F0AD8DFE80CF02009090909091E
:10240000090909091D09090909091A1700B5242331
:1024100083B080F84431019101F066FA01990023FC
:102420008B7203B05DF804FB0222FFF707BD0122A7
:10243000FFF704BD0522FFF701BD0622FFF7FEBC32
:1024400013460022FFF7FABC13460322FFF7F6BC3F
:1024500038B58B7A082B02D002D8072B10D038BDA4
:10246000092B0DD105460C46FFF722FB284601F04B
:102470003BFA0021284602F0A1FD0023A37238BDDB
:1024800000DE38BD10B592F823E0BEF1160F02F160
:1024900020030BD0BEF1180F0DD024230C4680F87A
:1024A000443102F033FF0023A37210BDBDE8104099
:1024B0000122FFF7D9BEBDE810400322FFF7D4BECA
:1024C00013460022FFF7D0BE13460222FFF7CCBE10
:1024D00000230422FFF7C8BE00230370436083601B
:1024E000C3600361704700BF037801330370704716
:1024F00003785BB9C3687BB102691AB1816861B1C5
:102500000B6082600023C36003617047013BDBB254
:102510000370002BEED0704770474360F1E700BFB7
:1025200003783BB100230C300B60436843B1196062
:1025300041607047002304300B604368002BF6D1E4
:1025400001604160704700BF00230B60836813B1D6
:1025500019608160704741608160704740687047D2
:102560000346406828B1996802685A60884208BFEB
:102570009A6070474078A0F10C00B0FA80F04009F2
:10258000704700BF4078A0F10800B0FA80F0400921
:10259000704700BF4078A0F10200B0FA80F0400917
:1025A000704700BF4078A0F11700B0FA80F04009F2
:1025B000704700BF4078A0F10D00B0FA80F04009EC
:1025C000704700BF4078A0F10100B0FA80F04009E8
:1025D000704700BF4078A0F10900B0FA80F04009D0
:1025E000704700BF4078A0F10600B0FA80F04009C3
:1025F000704700BF4078A0F11800B0FA80F04009A1
:10260000704700BF4078A0F10300B0FA80F04009A5
:10261000704700BF4078A0F10500B0FA80F0400993
:10262000704700BFF8B5064608460D46F4F786F831
:10263000044680B1002745600672476187612C22FD
:10264000394620300DF0F2FE4FF47F43FF226272D4
:102650006381A381A7732046F8BD00BF4078A0F135
:102660000200B0FA80F04009704700BF4078A0F146
:102670000100B0FA80F04009704700BF4078A0F137
:102680000200B0FA80F04009704700BF4078A0F126
:102690000900B0FA80F04009704700BF4078A0F10F
:1026A0000100B0FA80F04009704700BF4078A0F107
:1026B0000100B0FA80F04009704700BF4078A0F1F7
:1026C0000200B0FA80F04009704700BF4078A0F1E6
:1026D0000900B0FA80F04009704700BF4078A0F1CF
:1026E0001800B0FA80F04009704700BF4078A0F1B0
:1026F0000100B0FA80F04009704700BF4078A0F1B7
:102700000100B0FA80F04009704700BF4078A0F1A6
:102710000900B0FA80F04009704700BF4078A0F18E
:102720000300B0FA80F04009704700BF4078A0F184
:102730000300B0FA80F04009704700BF4078A0F174
:102740000300B0FA80F04009704700BF416809B14A
:10275000F4F70AB800DE4168F4F706B8024B1868CF
:10276000003818BF01207047C401002010B504488C
:10277000F3F7E4FF04460430FEF7E4FC204610BD06
:10278000C401002008B50120F6F78EFD003818BFFF
:10279000012008BDF6F7A4BDC430FFF7D5BE00BFC9
:1027A00038B590F8363105460C461BB11C4385F808
:1027B000364138BDC430FFF797FE95F836311C43DB
:1027C00085F8364138BD00BF90F8363123EA010163
:1027D00080F8361101B17047C430FFF789BE00BFE1
:1027E000836943B11A792E2A04D02E221A71836983
:1027F00002691A60704700DE8369F3E783694BB1B1
:102800001A792E2A00D0704701221A71816908684E
:10281000F6F736BD00DE8369F2E700BF8B6913B1BE
:102820001A792E2A08D0CB692BB1D0F83C211A6036
:10283000CB69C0F83C3170471B68D0F838215A602A
:102840008B6901221A718B69C0F83831EBE700BF40
:10285000F8B50D4F05463846F3F770FF044680B1D2
:10286000002647600572466186612C223146203081
:102870000DF0DCFD4FF47F43FF2262726381A38180
:10288000A6732046F8BD00BFB401002010B50A4B66
:10289000102258685021F3F72DFF084B102258687A
:1028A0005021F3F727FF064BBDE81040586840223F
:1028B0002C21F3F71FBF00BFBC010020B401002092
:1028C000C401002038B50446002500F0E1FF204691
:1028D000C4E9365584F8E45002F0FAFCC4F8085113
:1028E000C4E93A5584F8F650A4F8F450A4F8F85026
:1028F000C4F80B51A4F82851C4F81051C4F814516D
:10290000C4F81851C4F81C51C4F82051C4F824511B
:10291000F5F70CFE94F8723084F83651C4E948019A
:10292000C4E94E5523F0180384F87230258638BD6B
:1029300008460149F3F718BFC401002010B5B0F8EC
:10294000E24082B0034624B1A1420FD2641AA0F83B
:10295000E240B3F8F20020B181420FD2401AA3F84E
:10296000F20000231846137002B010BD019200F06F
:10297000A1FE019A58B1037A0A2B03D022236FF0EB
:102980007300F0E790F820306FF07300EBE700DEA3
:10299000F1E700BF034B0B44B3FBF1F3A0F8F830B1
:1029A000704700BFFF59620210B5044602F098FC60
:1029B0002046BDE8104000F073BF00BF10B50446CC
:1029C00011B1012907D010BD02F0C0FC2046BDE8BE
:1029D000104000F0ADBF02F0CDFC2046BDE8104035
:1029E00000F0B4BF70B5D0F83841064634B1206865
:1029F00021464468F6F732FC002CF8D1D6F83C4169
:102A00000023C6F838313CB1054D204624682946DC
:102A1000F3F7AAFE002CF8D10023C6F83C3170BDB4
:102A2000C401002090F93730002B14DA70B5044649
:102A30000E46032009491546FFF7F4FD014640B153
:102A400080F8206080F82150204600F0FFFD002033
:102A500070BD0C2070BD0C20704700BFBC01002071
:102A600010B5074904460120FFF7DCFD28B10146F7
:102A7000204600F0EBFD002010BD0C2010BD00BF73
:102A8000BC01002038B504460D4602200849FFF776
:102A9000C9FD58B190F8203065F30003014680F875
:102AA0002030204600F0D2FD002038BD0C2038BD7B
:102AB000BC01002010B5074904460420FFF7B2FD11
:102AC00028B10146204600F0C1FD002010BD0C20B9
:102AD00010BD00BFBC010020F8B5054690F93700D5
:102AE000002825DB0F460520124916461C46FFF735
:102AF00099FD0146E0B13B687A68C1F82520C1F82C
:102B00002130337881F82930737881F82A3062686F
:102B1000A36828462568E468C1F83740C1F82B50FF
:102B2000C1F82F20C1F8333000F090FD0020F8BD2F
:102B30000C20F8BDBC010020F8B5054690F937001F
:102B4000002825DB0F460620124916461C46FFF7D3
:102B500069FD0146E0B13B687A68C1F82520C1F8FB
:102B60002130337881F82930737881F82A3062680F
:102B7000A36828462568E468C1F83740C1F82B509F
:102B8000C1F82F20C1F8333000F060FD0020F8BDFF
:102B90000C20F8BDBC0100202DE9F0410546884617
:102BA000072010499DF8186017461C46FFF73AFDAC
:102BB000A8B1E30008F0070803F03803BF0143EAB7
:102BC000080307F040073B4343EAC613014680F879
:102BD0002030284600F03AFD0020BDE8F0810C20AE
:102BE000BDE8F081BC01002038B504460D4600F078
:102BF000F1FE204602F054FC07490A20FFF712FDBF
:102C000038B1014680F82050204600F01FFD00201A
:102C100038BD0C2038BD00BFBC01002038B590F98C
:102C20003730002B12DB04460D460B200849FFF716
:102C3000F9FC014650B12B68C0F822302B7980F89E
:102C40002630204600F002FD002038BD0C2038BDA3
:102C5000BC01002008B590F93730002B08DB00F0EC
:102C600029FD20B1037A0B2B0CBF2230002008BDB8
:102C700002F0AEF9F5E700BF70B506460D4602F06A
:102C8000A7F920B1037A053B012B044601D90C209A
:102C900070BD01463046FEF7CFFE0028F7D0296808
:102CA0006A68AB68ED68C4F837503046C4F82B103A
:102CB000C4F82F20C4F833302146FEF79BFE0020D5
:102CC00070BD00BF38B5054602F082F920B1037A25
:102CD000053B012B044601D90C2038BD014628468E
:102CE000FEF7AAFE0028F7D028462146FEF790FE00
:102CF000002038BD2DE9F8430546D0F82001BDF885
:102D000020801E4683070F46914617D495F9373029
:102D1000002B1FDB2A490820FFF784FC0446002C07
:102D200042D0237A082B0FD0092B16D000DE28467C
:102D3000214600F08BFC0020BDE8F88320490920E3
:102D4000FFF770FC0446EAE7A4F828906685A4F82B
:102D50002C80ECE71A20BDE8F883099BE784A4F8EF
:102D600028906685A4F82C8003B31B882387099BD1
:102D70005B886387099B9B88A387099BDB88E38724
:102D8000099B1B89A4F84030099B5B89A4F8423059
:102D900095F93730002BCADA2846FDF7D7FB0146F4
:102DA000284602F0F1FBC2E70C20C5E7054A4FF0C8
:102DB000FF33C4E90E23A4F840304FF6FF73E5E774
:102DC000BC0100200000FFFF10B5044602F000F92E
:102DD00010B1037A092B00D010BD01462046BDE892
:102DE000104001F051BF00BF38B504460D4602F057
:102DF000EFF810B1037A092B00D038BD80F82050CD
:102E000001462046BDE8384001F042BF08B502F057
:102E1000DFF828B1007AA0F10900B0FA80F040098B
:102E200008BD00BF38B505460C4600F043FC10B1A4
:102E30004369A3420ED0284602F0CAF810B1436994
:102E4000A34200D038BD224601462846BDE838409E
:102E500002F0E0B901462246284600F0E3FCEAE72A
:102E600010B5044600F026FC18B10146204600F0DB
:102E7000FDFC204602F0ACF8014620B12046BDE83A
:102E8000104002F0F7B910BD2DE9F04192F8213061
:102E9000144605460E46002B42D092F823301E2BD6
:102EA0002AD9284600F006FC0746284602F090F88A
:102EB0000146002F63D0FA7A94F8233000284CD0D2
:102EC0009342C07A55D03A7B002A61D0984252D0C2
:102ED0000A7B002A4FD1072B71D0112B04D14A7BDA
:102EE00094F824309A4246D0234632463946284642
:102EF000BDE8F04100F056BC454A52F823202AB103
:102F000004F12000904770B194F82330022BC8D10F
:102F10000123224631462846BDE8F04102F046BA78
:102F2000FF2382F82330284600F0C4FB30B194F828
:102F30002320C37A9A420ED0037B63B9284602F05D
:102F400047F8002851D094F82320C37A9A4202D03F
:102F5000037B002BDDD0BDE8F0819342C4D03A7BE7
:102F6000002AC1D1072B4DD0112B4BD00D2BBBD03C
:102F7000CEE798421CD11F2385F84431EBE70028A7
:102F8000C6D0234632462846BDE8F04102F0D6B806
:102F9000072B2CD0112B18D0B3F10D0218BF012232
:102FA00098421FD00B7BEBB9002A9DD02423E3E786
:102FB0000A7B002ADFD1072B91D0112B94D14B7BB8
:102FC00094F824209A42D6D08EE77A7B94F8243065
:102FD000D21A18BF0122112804D0087B10B9487BEF
:102FE0009842E1D1002ACCD1C5E7034691E77A7B2C
:102FF00094F82430D21A18BF01220728EDD1002AF4
:10300000BFD1B8E77A7B94F824309A4280D16BE73D
:10301000780A0200F8B58D6900260C4607468E61D5
:103020002DB3012603232B71BB8CEB80237A022B5B
:1030300005F1200112D0042B02D000DE46B1F8BD0C
:10304000637A0C2BF9D1384600F010FE002EF6D131
:1030500028682946BDE8F840F6F712B9637A072BCD
:103060000DD0092BE9D1384600F04CFDE6E7FFF71B
:1030700091FB05460028D5D100DE0071FFDE204619
:1030800000F0ECFCDAE700BF70B506460C46FFF72F
:103090006DFB054600284ED0237A013B291D092BE4
:1030A00006D8DFE803F0141A202705050505052DCD
:1030B00000DEEB79637329463046FFF76DFB237A18
:1030C0000A2B24D03046BDE8704000F05DBB0846B6
:1030D00000F09EFC1323E372EBE7304600F0CCFCDB
:1030E0000923E372E5E7204600F084FDFF236561D4
:1030F000E372DEE7084600F0A7FD0C23E372D8E791
:10310000204600F091FDFF236561E372D1E7F38C67
:10311000B6F8761140F2E24202FB03F342F210727B
:1031200002FB013101393046B1FBF3F1BDE87040DB
:1031300089B200F02FBB00DEAEE700BFF8B506464F
:103140000C4601F049FF20B103230025A372284655
:10315000F8BD21463046FFF701FB05460028F3D0B5
:1031600021463046FFF702FB074660B3237A022B65
:1031700007F1040020D0042B14D0012B17D000DE5F
:10318000FB79637339463046FFF706FB304601F0A2
:1031900033FF0423A372304602F0B8F80023A37271
:1031A0002846F8BD00F050FDFF23E372E8E700F089
:1031B00039FCFF23E372E3E70146304600F080FC70
:1031C000FF23E372DCE700DED0E700BF38B50B7AFF
:1031D000013B0C460546092B10D8DFE803F0050536
:1031E00009110F0F0F0F0F1DBDE83840FFF7A6BFE5
:1031F000284602F08BF80023A37238BD00DE38BDEC
:1032000090F80831002BF3D1FFF798FF0028F4D095
:10321000012385F8083138BD90F93730002B02DBE7
:1032200002238B7238BD02F071F894F8203000222E
:10323000A27285F8443138BD38B50B7A013B0C4693
:103240000546092B14D8DFE803F005150D231313E9
:10325000131313324B7A072B04D0132B02D02423E1
:1032600085F84431284600F03FFB0023A37238BDA7
:1032700000DE38BD4B7A072B01D0092BEFD194F833
:103280002030DB07EED521462846FFF7C3FEE9E7ED
:103290004B7A0C2BE3D18B698BB121462846FFF783
:1032A000B9FE284600F020FB0023A37238BD00F0D1
:1032B0001BFB00221623A27285F8443138BDFFF7AC
:1032C00061FA0028E9D1284600F05EFA0423A372CF
:1032D00038BD00BF70B50E7A731E0C460546092B2B
:1032E00006D8DFE803F0070E4D2205050505053F6A
:1032F00000DE70BD00F038FA00285DD00123A37213
:1033000070BD00F031FA0028F8D121462846FFF7B9
:1033100025FA0028F2D021462846FFF7B5FE63695A
:10332000002B08BF0326A67270BD90F80831002B51
:103330003AD100F019FA0028E0D121462846FFF7DB
:103340000DFA0028DAD021462846FFF79DFE626973
:10335000002A4FF001030CBF03220222A27285F85B
:10336000083170BDFFF7FAF90028C7D0214628467A
:10337000FFF78AFE1622022384F82020A37270BD74
:1033800000F0F2F90028B9D121462846FFF7E6F906
:103390000028B3D021462846FFF776FE6369002B4C
:1033A00018BF0226A67270BD0C2200234A728B61E0
:1033B000BDE87040FFF740BF21462846FFF7CEF931
:1033C00000289BD021462846FFF75EFE6369002B4C
:1033D0000CBF03230223A37270BD00BF8B7A022BA4
:1033E00004D002D9033B012B07D870470B7A032B7B
:1033F00001D00A2BF9D1FFF71FBF00DE704700BFD5
:1034000038B58B7A032B05D001D9042B00D138BDF8
:1034100000DE38BD054692F823000C46831E02F1FB
:1034200020016072172B0DD8DFE803F00C0C0C0C98
:103430000C1B0C170C0C130D0C0C0C1F0C0D0C0C96
:103440000C0C0C0D00DE21462846BDE83840FFF785
:10345000F3BE284600F020FCF5E7284600F09EFB6E
:10346000F1E7204600F0F6FAEDE7204600F0BCFC5C
:10347000E9E700BF38B58B7A032B05D8012B0AD8B2
:10348000BDE83840FFF726BF042B03D10B7A042B8D
:103490000C4601D000DE38BD0546FFF773F9002861
:1034A000F9D021462846FFF7B5FD284600F01CFA62
:1034B0000023A37238BD00BF38B58B7A012B06D02C
:1034C00002D9023B022B00D838BD00DE38BD0546CC
:1034D00092F823000C46831E02F120016072172B24
:1034E0001AD8DFE803F00C19191919191B19191941
:1034F00023191B191919131919191919191F2046FC
:1035000000F09EFB08212846FFF74AF9214628468D
:10351000BDE83840FFF75ABE00DEF7E7284600F066
:103520000FFBF3E7284600F077FBEFE7284600F0B3
:10353000B3FBEBE738B58B7A0C460546042B1AD85B
:10354000DFE803F0140F03100F000B7A0A2B10D1E1
:10355000284601F0DBFE94F820300022A27285F8A4
:10356000443138BDBDE83840FFF730BE01238B72CF
:1035700038BD00DEECE700DE38BD00BF70B50446A4
:1035800008F0C2F868B1D4F8D85045B1D4F8DC20BE
:103590002B68C4F8D830954208BFC4F8DC30284600
:1035A00070BD05460121032008F074F82A4606463E
:1035B00001210320F3F760F9D4F8D85045B1D4F8CD
:1035C000DC202B68C4F8D830954208BFC4F8DC3042
:1035D000002EE4D0012211460320F3F74DF92846CE
:1035E00070BD00BFF8B506460C4608F08DF868B10E
:1035F000D6F8D850AC421FD1A3690BBB3046FFF7B9
:10360000BDFF2046BDE8F840FFF7A0B80546012100
:10361000032008F03FF82A46074601210320F3F76C
:103620002BF9D6F8D850002FE4D001221146032000
:10363000F3F722F9AC42DFD000DEA369002BDDD026
:103640001B792E2BDAD100DED8E700BFF8B505468E
:103650000C4608F059F840B100232360D5F8DC305F
:10366000F3B11C60C5F8DC40F8BD0646012103201B
:1036700008F010F83246074601210320F3F7FCF862
:103680002660D5F8DC3083B11C60C5F8DC40002F23
:10369000EAD00122BDE8F84011460320F3F7ECB868
:1036A000C5F8D840C5F8DC40F8BDC5F8D840C5F825
:1036B000DC40ECE770B5054608F026F818B1D5F8FF
:1036C000D840204670BD04460121032007F0E2FFE8
:1036D0002246064601210320F3F7CEF8D5F8D8405C
:1036E000002EEED0012211460320F3F7C5F8204644
:1036F00070BD00BF38B50546FFF7DCFF037A013B1C
:1037000004460A2B2DD8DFE803F0060606061A1A2F
:10371000201414062600014600222846FFF7AAFEC0
:10372000A37B03B938BD21462846BDE83840FFF7E2
:1037300059BF01460022284601F076FAF0E701461B
:1037400000222846FEF732F9EAE701460022284621
:10375000FEF776FEE4E701460022284601F0A6FACD
:10376000DEE700DEDCE700BF90F8E400A0F1010036
:10377000B0FA80F040097047012380F8E4307047C8
:10378000002380F8E4307047B0F8F830A0F8E23059
:10379000704700BFA0F8E210704700BF0023A0F8F8
:1037A000E230704738B50C468969054610461A461E
:1037B000F9B1217A01390A2932D8DFE801F0060689
:1037C00006062222271D1D062C0021462846FFF74B
:1037D00017FEA36923B11B792E2B1CBF0023A36105
:1037E000A37B03B938BD21462846BDE83840FFF722
:1037F000F9BEA3612061DCE72146284601F0C0F94B
:10380000E7E721462846FEF7ABF8E2E721462846DF
:10381000FEF7E8FDDDE72146284601F03DFAD8E74E
:1038200000DED6E738B50B7A072B0C46054619D0D3
:103830000A2B944606D0032B04D0A37B002262619E
:1038400053B938BD624621462846FFF7C7FDA37B22
:1038500000226261002BF4D021462846BDE83840A2
:10386000FFF7C0BEFEF7F0FDE7E700BF38B50B7A03
:10387000072B0C46054608D0A37B03B938BD21466B
:103880002846BDE83840FFF7ADBEFEF7E1FDF3E79F
:103890000222002380F8E020A0F8E230704700BF49
:1038A00038B590F8E0300446032B1AD8DFE803F06F
:1038B00002100F10FFF7FEFE48B1057A2046FFF711
:1038C00019FF0A2D14BF0123032384F8E03038BD0B
:1038D000FFF7F0FE0028FAD02046BDE83840FFF799
:1038E00009BF00DE38BD00BF10B590F8E0300446D7
:1038F000032B1BD8DFE803F00D020C02FFF7DAFE02
:1039000090B100230122A4F8E230827384F8E03001
:1039100010BDFFF7CFFE28B100220123A4F8E2205A
:10392000837310BD00DEF7E700DEEAE700DE10BDBE
:1039300090F8E030022B03D001D9032B04D170475B
:10394000002380F8E030704700DE704738B590F80B
:10395000E0300446032B3AD8DFE803F009261213BF
:1039600020462946FEF75AFF2846FEF7EFFE20467E
:10397000FFF704FE05460028F2D1022384F8E03068
:1039800038BDFFF7FBFD05460028F6D02946204646
:10399000FEF744FF2846FEF7D9FE2046FFF7EEFD6E
:1039A00005460028F2D1E8E7FFF7E8FD05460028C4
:1039B000E3D029462046FEF731FF2846FEF7C6FE33
:1039C0002046FFF7DBFD05460028F2D1D5E700DEF3
:1039D00038BD00BF38B50546FFF7D0FD68B10446D5
:1039E00021462846FEF71AFF2046FEF7AFFE28467E
:1039F000FFF7C4FD04460028F2D10024A5F8E240F8
:103A00002146284601F0D6FA85F8E04038BD00BFCF
:103A100003780121122243F0030303704170C27046
:103A2000704700BF03780121132243F003030370A2
:103A30004170C270704700BF0B784FF0020C43F02A
:103A4000030307220B7081F801C0CA7090F84C3054
:103A50000B7170470B7980F84C3070470B784FF042
:103A6000020C43F0030307220B7081F801C0CA70F7
:103A700090F84C300B71704710B50B780C4609224A
:103A8000082143F00303E1706270237090F937302E
:103A9000002BACBF0B460E23E370F4F747FD00226A
:103AA00061F30702C1F3072C0B0C6CF30F2263F3D5
:103AB00017421B0A63F31F626060A26010BD00BF63
:103AC00038B50C460546F4F731FD237843F003037F
:103AD000237009236370E370D5F82031217263F0FD
:103AE000FF031840020C0B0CC0F307252071C1F333
:103AF0000721100AA2711A0AE07165716172A3723E
:103B0000E27238BD0B78092243F003030B704A7050
:103B1000CA70D0E94623100CC2F3072C0A711A0CA4
:103B200081F805C088714FEA102C0B72C3F307208F
:103B3000130A81F807C048728A72CB72704700BFBF
:103B40002DE9F0414B68144F8E685A0F82EA1372C8
:103B500002F001021F400021931849419B180546BD
:103B600041F1000887EA0374F4F7E0FC04EA00037B
:103B7000C5F8203163F0FF0306F0EF063B4046EA4C
:103B80000878C5E9463608EA01010122C5F8241182
:103B900085F81021BDE8F0812FCF87F72DE9F0419E
:103BA0004A68134F8E68530F83EA127303F00103C0
:103BB000D91807EA02074FF000025241C91805461A
:103BC00042F1000487EA0178F4F7B0FC06F0EF0652
:103BD00046EA0474C5E9467608EA00000C40012371
:103BE000C5F82001C5F8244185F81031BDE8F08101
:103BF0002FCF87F70B784FF0030C43F00303192204
:103C00000B7081F801C0CA7090F820300B7190F8E9
:103C100021304B71704700BF0B7980F828314B7908
:103C200080F82931704700BF0B78022243F003036C
:103C30000B704A70CA7090F820300B71704700BF4B
:103C40000B7980F8203070470378074AC0F80520C8
:103C50004FF0060C43F0030340F60C51037080F85C
:103C600001C0A0F803107047F105FFFF0B784FF07B
:103C7000060C43F003030C220B7081F801C0CA70DC
:103C800090F80A310B71B0F80B31A1F80530B0F89B
:103C90000D31A1F807307047012380F809310B7905
:103CA00080F80A31B1F80530A0F80B31B1F80730CF
:103CB000A0F80D31704700BF10B50B78172443F002
:103CC000030303224C700B70CA70D0F82130D0F877
:103CD00025208A604B6090F829300B7390F82A30C9
:103CE0004B7301F10E0407F00FFD0C2120B12046AB
:103CF000BDE8104003F0CABA2046BDE8104003F00A
:103D0000BBBA00BF0B78032243F003034FF0170C3C
:103D10000B7081F801C0CA70D0F82130D0F825208E
:103D20008A604B6090F829300B7390F82A304B73FF
:103D3000704700BF10B503780D21042243F0030340
:103D400041700370C270841807F0DEFC0C2120B1B2
:103D50002046BDE8104003F099BA2046BDE8104067
:103D600003F08ABA03780121052243F003030370AC
:103D70004170C270704700BF03780121062243F0F2
:103D8000030303704170C270704700BF03780121C4
:103D90000A2243F0030303704170C270704700BFF2
:103DA000037801210B2243F0030303704170C270BA
:103DB000704700BF037801714FF0020C43F003031A
:103DC0000D22037080F801C0C27070470378017142
:103DD00043F003034FF0030C0370112380F801C07C
:103DE000C3704271704700BF0B7980F84D304B793A
:103DF00080F84E30704700BF0B784FF0030C43F053
:103E0000030316220B7081F801C0CA7090F82030AD
:103E1000C3F3C2034B7190F82030C3F302030B715C
:103E2000704700BF0A7990F8203062F3C50380F82C
:103E300020304A7962F3020380F82030704700BFD7
:103E40000B784FF0030C43F0030317220B7081F83B
:103E500001C0CA7090F88031C3F3C2034B7190F86F
:103E60008031C3F302030B71704700BFCB8883849A
:103E70000B7980F826304B7980F82730704700BFE7
:103E80000B784FF0050C43F0030318220B7081F8F8
:103E900001C0CA70838CCB8090F826300B7190F8EB
:103EA00027304B71704700BF0A7990F8203062F3D9
:103EB000C50380F820304A7962F3020380F820308D
:103EC000704700BF0B784FF0180C43F003030F222C
:103ED0000B7081F801C0CA70C38C8B80038DCB80BE
:103EE000438D0B81838D4B8190F834300B73C38EDF
:103EF000A1F80D30038FA1F80F30438FA1F81130D6
:103F0000838FA1F81330C38FA1F81530B0F840307B
:103F1000A1F81730B0F84230A1F81930704700BF4F
:103F20000B784FF0180C43F0030310220B7081F84C
:103F300001C0CA70C38C8B80038DCB80438D0B81F5
:103F4000838D4B8190F834300B73C38EA1F80D3004
:103F5000038FA1F80F30438FA1F81130838FA1F8A0
:103F60001330C38FA1F81530B0F84030A1F81730E6
:103F7000B0F84230A1F81930704700BF8B88C38475
:103F8000CB8803850B8943854B8983850B7B80F820
:103F90003430B1F80D30C386B1F80F300387B1F873
:103FA00011304387B1F813308387B1F81530C387D8
:103FB000B1F81730A0F84030B1F81930A0F842300D
:103FC000704700BF8B88C384CB8803850B894385EA
:103FD0004B8983850B7B80F83430B1F80D30C38674
:103FE000B1F80F300387B1F811304387B1F81330BF
:103FF0008387B1F81530C387B1F81730A0F8403087
:10400000B1F81930A0F84230704700BF0B78002299
:1040100043F003034FF00C0CCA700B7081F801C021
:1040200090F823300B71036B094AA2FB03239B0A10
:10403000A1F80530438DA1F80930038DA1F80730B0
:10404000838DA1F80B30838CA1F80D30704700BF31
:104050005917B7D10B7980F82330B1F8053040F209
:10406000E24202FB03F30363B1F809304385B1F880
:1040700007300385B1F80B308385B1F80D308384A8
:10408000704700BF0B784FF0080C43F00303012288
:104090000B7081F801C0CA70038CA1F80930D0F808
:1040A00022304B6090F826300B727047B1F809301F
:1040B00003844B68C0F822300B7A80F826307047B2
:1040C000F8B5CE6900230C4607461546CB6136B3DA
:1040D0000F2D06F104010DD0112D13D075B100DEA6
:1040E000F379637331463846FEF756FB237A092B82
:1040F00010D0F8BD2046FFF7E5FEF1E72046FFF7B8
:1041000085FFEDE7084694F8202094F82110FFF78A
:104110005DFEE5E73846BDE8F840FFF735BBFEF742
:1041200025FB06460028D3D100DED1E78B690022AB
:104130008A6113B3192293F804C01A71828CDA8051
:1041400091F8202083F820204AB90A8D5A844A8D9C
:104150009A848A8DDA84BCF12E0F0AD07047C28C03
:104160005A84028D9A84B0F87621DA84BCF12E0F3D
:10417000F4D118681946F5F783B800DEDAE700BF16
:1041800030B5C38C0A8D4C8D8D8D934285B002D194
:10419000038DA34214D0012381F8223002950B6BCA
:1041A000CDE900240C7A91F82320898C0391A4F1A5
:1041B0000801B1FA81F14909EEF7AEFA05B030BD58
:1041C000B0F876315B1B18BF0123E5E7F8B5CD6980
:1041D00000230C4607461646CB618DB3291D112ED0
:1041E0000AD8DFE806F0200909090909091C0909AC
:1041F000090909090909241400DEEB7963732946CA
:104200003846FEF7C9FA237A092B14D0F8BD0846C0
:1042100094F8202094F82110FFF7D8FDEDE7204610
:10422000FFF70AFCE9E72046FFF7F0FEE5E7204646
:10423000FFF776FEE1E73846BDE8F84000F0DCBE67
:10424000FEF794FA05460028C8D100DEC6E700BF95
:104250002DE9F0411B4E336804460D462BB18342D5
:1042600003D00123AB72BDE8F0812046FFF77CFA52
:104270000028F6D1204600F0A5FE07460028F0D120
:1042800029462046FEF76AFA0028EAD02046FCF7C5
:1042900073FF01218046204600F08CFEA5F8368091
:1042A00085F834700F22294620463460FFF708FF56
:1042B00094F83730DB090CBF41F2020304236B8111
:1042C000D1E700BFAC5D0020C38C052B03D9028D64
:1042D000B2F5486F01D9002070479342FBD8438D57
:1042E000B3F5FA7FF7D200B5B0F82CC0ACF10A01F3
:1042F00089B240F6764E714502D900205DF804FB84
:1043000001339BB202FB03F3B3EB8C0FF5D290F8B1
:10431000340090428CBF00200120EFE738B50446FE
:104320000D46FFF721FA20B929462046FEF716FA76
:1043300030B910212046FEF733FA0323AB7238BDA3
:1043400004F1C400FEF70AF90028F2D12046FCF778
:1043500033FF0028EDD029462046FEF707FAAB6967
:10436000E86143B32E221A7195F83420012100230D
:1043700085F823102B634AB12B8DE98CB3FBF2F344
:1043800013FB02F39BB2994298BF2B852046FCF7A2
:10439000F3FE238D063303442946AB8420460022D6
:1043A000FFF78EFE4FF606736B8120461021BDE8A5
:1043B0003840FEF709BAFEF7E5F910B90723AB72EA
:1043C00038BDAB69002BCDD1FEF7E4F90346A861F7
:1043D000C8E700BF38B504460D4600F0FDFD20B922
:1043E00029462046FEF7BAF930B910212046FEF7DB
:1043F000D7F90923AB7238BD04F1C400FEF7AEF85B
:104400000028F2D12046FCF7D7FE0028EDD029463F
:104410002046FEF7ABF9E861FEF7B4F910B90C23BA
:10442000AB7238BDAB695BBBFEF7B4F92E23A86154
:10443000037195F834200121002385F823102B63A4
:104440004AB12B8DE98CB3FBF2F313FB02F39BB261
:10445000994298BF2B852046FCF78EFE238D0633AC
:1044600003442946AB8420460022FFF7AFFE4FF6F7
:104470000B736B8120461021BDE83840FEF7A4B9CC
:1044800000DED1E770B506460C4600F0A5FD10B180
:104490000623A37270BD054621463046FEF75EF93D
:1044A0000028F5D0112221463046FFF78FFE304616
:1044B00000F02CFF237A092B04D1044B1A68964292
:1044C00008BF1D600023A37270BD00BFAC5D00205B
:1044D000F8B5294A136806460C468BB183420FD0C3
:1044E00002238B7200F078FD054620B92146304644
:1044F000FEF734F968BB2046BDE8F840FEF770B916
:10450000218DF38C16609942628DA08D12D0A56921
:104510000023A36175B303232F792B71B38CEB8038
:1045200005F120012046FFF7CDFC2E2F1DD00423DE
:10453000A372F8BD338D9342E9D1B6F87631834248
:10454000E5D12046FEF75AF900220523A261A372A5
:10455000F8BD4FF47263214623843046FFF792FF83
:104560002046FEF74BF9A561F8BD28682946F4F707
:1045700087FEDCE700DECEE7AC5D0020F0B50C4640
:10458000897A83B005460C2900F2E180DFE811F05A
:1045900012001E002C00350041004C006000DF00BE
:1045A00063006E007700B6000D00002A00F0D48092
:1045B00003B0F0BD002AFBD1237A082B00F0048160
:1045C000092B40F0C4800123A372F1E7012AEFD147
:1045D00020461946FFF7D2FC2046FFF775FE28B9A2
:1045E00040F61E7323842CE0012AE1D82146284698
:1045F00003B0BDE8F040FFF76BBF002AD8D10192AD
:10460000FEF7C0F8019A002840F0F9800323A37256
:10461000CEE7032A00F09D80042AC9D10F22062389
:1046200084F82120A372C3E7002AC1D195F937305D
:10463000002B80F2C78094F8203073B10F2384F8E8
:1046400021302146284603B0BDE8F040FFF71ABFED
:10465000002AADD1F5E7002AAAD1284600F0BCFC1B
:10466000002800F0B4800823A372A1E7002A9FD19C
:104670002146284603B0BDE8F040FFF7ABBE022A52
:1046800096D195F83720C2F3C011D20900F0AE8060
:1046900019462046FFF7DEFC218D628DA68D8B1F0B
:1046A0009BB240F67A40834200F2BC80B2F5FA7FBA
:1046B00080F0B880A6F10A039BB240F676408342B0
:1046C00000F2B080531C9BB201FB03F3B3EB860FE7
:1046D00080F0A8802846FCF74FFDA38C1B1A47F6F4
:1046E000FE729BB2934240F2C480282385F8443185
:1046F000284600F00BFE0023A37259E7002A7FF43E
:1047000057AF2846FCF730FDA38CC01A03043FF5D1
:104710004FAF21462846FFF733FD237A092B00F0DF
:10472000838094F82260002E40F08A802046FEF7B5
:1047300065F8A661284600F0E9FD237A092BDAD155
:10474000554B1A689542D6D100221A60D3E700DE95
:104750002EE70523A3722BE7FEF714F800283FF499
:1047600027AFA369002B40F09480FEF713F82E23A7
:10477000A061037194F834200121002384F82310F0
:1047800023634AB1238DE18CB3FBF2F313FB02F3F5
:104790009BB2994298BF23852846FCF7EDFC2B8DF0
:1047A000063303442146A38428460022FFF70EFD6A
:1047B0004FF60B7310212846638103B0BDE8F0402B
:1047C000FEF702B8A26153E70A23A372F0E621467E
:1047D0002846FDF7C3FF00283FF445AF10222146CD
:1047E0002846FFF7F3FC0A236381E1E684F84C10C6
:1047F000284600F0F1FB58B30D23A372D8E6A66952
:10480000A261002E43D0032337793371AB8CF38040
:1048100006F120012046FFF755FB2E2F24D004235C
:10482000A372C5E61E2361E7284600F0EBFB237A5E
:10483000092B7FF476AF94F82030002B3FF471AF52
:10484000002384F8203021462846FFF76FFC71E7EB
:1048500021462846FDF782FF0028CDD007222146B9
:104860002846FFF7B3FC65E730683146F4F708FDEA
:10487000D5E72046FDF7B4FF0B23A3722846FCF7CB
:104880007BFCA38CC31A1A043FF592AE41E700DE0D
:10489000B9E700DE69E700BFAC5D002070B50646F1
:1048A0000C46FEF761FF10B10523A37270BD0546EB
:1048B00021463046FDF752FF0028F5D02946304604
:1048C00000F078FB112221463046FFF7F9FB304615
:1048D000FFF70AF8237A092B02D00023A37270BDD8
:1048E00096F93730002B06DB064B1A689642F4D156
:1048F00000221A60F1E73046FEF788FA0028F3D06C
:10490000EBE700BFAC5D002070B50C46897A82B041
:1049100006461546072912D8DFE801F009131C3CAA
:10492000457A7D04002D00F0AD8002B070BD002DF1
:10493000FBD1237A082B00F09580092B03D000DEF1
:10494000F3E7002DF1D12146304602B0BDE87040BA
:10495000FFF77EBC032D00F0D280042D00F0848090
:10496000012DE2D119462046FFF72CFB30460221EB
:1049700000F020FB2046FFF7A7FC002840F0E48071
:1049800041F21E0323842146304602B0BDE8704048
:10499000FFF784BF002DC8D12146304602B0BDE8E4
:1049A0007040FFF7BBBC032D00F0B980042D00F070
:1049B000B880022DB9D119462046FFF74BFB228D56
:1049C000608DB4F82CC0931F9BB240F67A418B42A5
:1049D00000F2B280B0F5FA7F80F0AE80ACF10A034D
:1049E0009BB240F676418B4200F2A680431C9BB2FC
:1049F00002FB03F3B3EB8C0F80F09E802946304618
:104A000000F0D8FA2046FDF7EBFE0623A3728CE7F0
:104A1000002D8AD1B7E7002D87D1FCF7A5FBA38C29
:104A2000C01A030481D42946304600F0C3FA214657
:104A30003046FFF7A5FB237A092B00F08D8094F810
:104A40002250002D40F094802046FDF7D7FEA5614E
:104A50003046FEF749FF237A092B45D00023A37285
:104A600002B070BDA56197E73046022100F0A2FABE
:104A7000D6F8203123F002032046C6F82031FDF796
:104A8000AFFE89E7FDF77EFE00283FF44EAFA06938
:104A900000286FD02E23037194F8342001210023C5
:104AA00084F8231023634AB1238DE18CB3FBF2F326
:104AB00013FB02F39BB2994298BF23853046FCF763
:104AC0005BFB338D063303442146A384304600222A
:104AD000FFF7F6FA4FF6067310213046638102B0F5
:104AE000BDE87040FDF770BE96F93730002B2DDB26
:104AF000224B1A689642B1D100221A60AEE75A7969
:104B00001A2AB1D00021019300F054FA019B5B797D
:104B100084F8203021463046FFF708FB98E75B79A0
:104B2000F6E7D0F820311A2223F00203C0F8203132
:104B3000214684F82020EEE70021304600F03AFAC2
:104B40001E2386F8443183E7204698E73046FEF777
:104B50005DF90028CCD081E73046FEF71FFE237AAE
:104B6000092B7FF46CAF94F82030002B3FF467AF33
:104B70000023CDE7FDF70EFEA0618BE7AC5D0020C2
:104B800010B592F823C082B0044602F12003BCF1B4
:104B9000110F0AD8DFE80CF02C09090909090925C9
:104BA00009090909090909091E17242380F8443154
:104BB0000191FEF799FE01990B7A092B1FD0002372
:104BC0008B7202B010BD0322204602B0BDE8104037
:104BD000FFF79ABE0122204602B0BDE81040FFF761
:104BE00093BE0422204602B0BDE81040FFF78CBE01
:104BF0000222204602B0BDE81040FFF785BE94F9BE
:104C00003730002B06DB074B1A689442D7D10022BD
:104C10001A60D4E720460191FEF7F8F801990028C0
:104C2000F1D0CCE7AC5D002013460022FFF76CBE4C
:104C300070B592F8235002F1200335B10F2D09D140
:104C4000BDE870400122FFF799BCBDE87040022228
:104C5000FFF794BC24230E4680F84431044600F04C
:104C600055FB337A092B05D1044B1A68944204BFD3
:104C700000221A600023B37270BD00BFAC5D00203B
:104C800013460022FFF77ABC00230322FFF776BC0D
:104C900000230422FFF772BC10B524230C4680F8D1
:104CA0004431FEF721FE0023A37210BD70B58B7A4C
:104CB000012B0C4605460AD9022B06D1FCF754FA03
:104CC000238CC01A030408D570BD00DE70BDFEF74A
:104CD0004BFD88B10123A37270BD0021284600F06E
:104CE00069F904F122012846FCF754FA2846FEF738
:104CF000FBFD0023A37270BD284600F063F9002875
:104D0000E8D121462846FDF729FD0028E2D00121FF
:104D1000284600F04FF92846FCF72EFA2B8D063373
:104D20000344214623842846FDF720FD064660B152
:104D3000311D2046FFF7A6F9F37963733146284603
:104D4000FDF72AFD0223A37270BD00DEF0E700BF6D
:104D500092F82330012B70B505460C4607D024236A
:104D600080F8443100F0D2FA0023A37270BD8B7A30
:104D7000012B04D013F0FD0FF8D000DE70BD02F15E
:104D800020012046FFF792F92846268CFCF7F4F91B
:104D9000361AB6B247F6FE739E4202D80223A372B9
:104DA00070BD282385F84431284600F0AFFA00236F
:104DB000A37270BD38B58B7A012B04D0022B0C4640
:104DC00002D09BB100DE38BD0546FCF7CDF9238C3F
:104DD000C01A0304F7D404F122012846FCF7DAF9DB
:104DE000284600F093FA0023A37238BD01238B728A
:104DF00038BD00BF70B5D0F8E85004461DB394F834
:104E0000F430012B03D1022384F8F03070BD294621
:104E10002046FDF7A3FC0028F5D029462046FDF7E3
:104E2000A5FC064688B1311D2846FEF705FEF3793C
:104E30006B7331462046FDF7AFFC0123AB730023B3
:104E400084F8F03070BD00DED9E700DEEBE700BF8C
:104E500070B5D0F8E8500446A5B394F8F430012BAF
:104E600003D1012384F8F03070BD29462046FDF7B8
:104E700075FC0028F5D029462046FDF777FC06464C
:104E800078B32046FEF716FC2A7A037A934206F19D
:104E9000040019D0082B19D02A2194F810311BB125
:104EA000D4F820315B0716D4FEF784FFF3796B73D7
:104EB00031462046FDF770FC0123AB73002384F8D4
:104EC000F03070BD00DEC8E72321E6E7092A14BFF1
:104ED0002A212321E1E70A4694F8F710FEF776FF2E
:104EE000E4E700DECDE700BF8B7B8BB1D0F8E83084
:104EF00099420ED18A69A2B9D0F8ECC01A68C0F8FC
:104F0000E8209C4508BFC0F8EC200846FDF71EBC11
:104F1000704700DE8A6922B9D0F8E830002BF4D05F
:104F2000EAE713792E2BF7D100DEF5E738B5D0F894
:104F3000E8502B7A013B04460A2B39D8DFE803F00E
:104F4000060606061A1A241010062E00002229460C
:104F5000FEF7F0FA29462046BDE83840FFF7C4BF07
:104F600029460022FFF78CFE29462046BDE838403E
:104F7000FFF7BABF29460022FCF766FD2946204606
:104F8000BDE83840FFF7B0BF29460022FDF798FA88
:104F900029462046BDE83840FFF7A6BF2946002233
:104FA000FFF708FF29462046BDE83840FFF79CBFC1
:104FB00000DECFE780F8F610704700BF704700BFF3
:104FC0000020704790F8F500003818BF01207047A6
:104FD000D0F8E800704700BF90F8F400A0F101009D
:104FE000B0FA80F040097047012380F8F430704730
:104FF000002380F8F4307047B0F8F830A0F8F230B1
:10500000704700BF0023A0F8F230704738B5D0F8E1
:10501000E840A4B10546D5F8EC202368C5F8E8308F
:105020009442214608BFC5F8EC302846FDF7F6FB50
:105030002046FDF78BFBD5F8E840002CEBD138BDBE
:10504000F8B505460C4631B1042903D1FFF7DEFF60
:1050500085F8F040F8BDD0F8E860002EFAD0337A39
:1050600090F8F67090F837E0112B12D832490120F1
:1050700000FA03FC0CEA0101F1B10A2B15D05BB177
:1050800085F8F5402846FFF751FF032385F8F030F7
:10509000F8BD00DE337AF0E792F8233086F84C3022
:1050A0002846BDE8F840FFF7A5BE2846FFF73EFFBB
:1050B000052385F8F030F8BD1CF4386FE9D00A2BD1
:1050C000F3D0002BE8D00FB90446D9E71EF0800FCB
:1050D00010D1012F20D0022FBCD12846FEF7EAFACA
:1050E000327A037A934222D0082B1ED02A2385F8E5
:1050F0004431F8BD012FEED12846FEF7DBFA08B1A6
:10510000FF23C372012385F8F5302846FFF70EFF11
:10511000032385F8F030F8BD92F8233085F8F73096
:105120002846BDE8F840FFF793BE092ADED12323C5
:1051300085F84431F8BD00BF7FF4030038B50C4654
:105140008969054610461A46237AD1B10B2B5BD8E4
:10515000DFE803F00C060606063636463E3E064EEF
:1051600021462846FEF7A8F9A16921B10B792E2B1B
:105170001CBF0023A36121462846BDE83840FFF745
:10518000B3BEA26120610B2B3ED801A151F823F0E0
:1051900001520100615101006151010061510100A2
:1051A00061510100C1510100C1510100E1510100F3
:1051B000D1510100D151010061510100F1510100B3
:1051C00021462846FCF7F6FBA1690029CED1D2E79B
:1051D00021462846FFF72CFDA1690029C6D1CAE760
:1051E00021462846FDF74EF9A1690029BED1C2E744
:1051F00021462846FFF7ACFDA1690029B6D1BAE7E0
:1052000011460029B2D1B6E700DEA1690029ADD16F
:10521000B1E700BF38B50B7A072B0C46054618D00E
:10522000A37B002262619BB1D5F8E8309C4213D188
:10523000A269CAB9D5F8EC101A68C5F8E8208B4203
:1052400008BFC5F8EC202046BDE83840FDF77EBA1F
:1052500038BDFDF739F9E3E700DEA26922B9D5F8D8
:10526000E830002BEFD0E5E713792E2BF7D100DEE5
:10527000F5E700BF38B50B7A072B0C46054616D06C
:10528000A37B9BB1D5F8E8309C4213D1A269CAB97F
:10529000D5F8EC101A68C5F8E8208B4208BFC5F8AD
:1052A000EC202046BDE83840FDF750BA38BDFDF788
:1052B0000FF9E5E700DEA26922B9D5F8E830002B46
:1052C000EFD0E5E713792E2BF7D100DEF5E700BF2D
:1052D0000422002380F8F020A0F8F230704700BFCD
:1052E00090F8F030052B0ED8DFE803F0060907032D
:1052F0000603D0F8E83023B97047FFF77BBDFFF70E
:10530000A7BDFFF713BE00DEF6E700BF90F8F03050
:10531000052B04D8DFE803F004151305040500DEAF
:105320007047D0F8E820002380F8F5305AB1002308
:105330000121A0F8F230917380F8F0307047FFF748
:1053400059BDFFF785BD00DEF1E700BF90F8F030F2
:10535000052B04D8DFE803F004090B04050400DE84
:105360007047002380F8F0307047FFF771BDFFF7FA
:1053700041BD00BF90F8F03010B50446052B12D89F
:10538000DFE803F0030D09030803FFF73FFE0423E2
:1053900084F8F03010BDBDE81040FFF72BBDBDE82C
:1053A0001040FFF755BD00DE10BD00BFF0B504464C
:1053B00083B00E46154683B192F823301B2B36D8A6
:1053C000DFF8D8C090F837100CEB4307C9097F7895
:1053D0001AB201238B403B404AD11846FDF738FAF8
:1053E000074610B300230360D4F8EC300BB3186009
:1053F000C4F8EC0094F8F030052B4CD8DFE803F04B
:105400001E2C030606062046FFF7F4FC394620460C
:10541000FFF76AFDD4F8E81039B12B463246204632
:1054200003B0BDE8F040FFF789BE03B0F0BD002334
:10543000D3E7C4F8E800C4F8EC00DBE72A46002113
:105440002046FFF7FDFD39462046FFF74DFDD4F815
:10545000E8100029E1D1E8E72046FFF7F9FC3946DA
:105460002046FFF741FDD4F8E8100029D5D1DCE74C
:105470001CF812300A2BB0D10193FFF7C7FD0022B0
:10548000A4F8F22084F8F52084F8F0202046FEF7F6
:10549000A1FA019BA1E700DEB8E700BFF40A020011
:1054A00010B50446FFF7B2FD0023A4F8F23084F8EB
:1054B000F53084F8F03010BD00B9704700DE704759
:1054C00030B991F8B8306FF3000381F8B830704705
:1054D00000DE91F8B8306FF3000381F8B830704700
:1054E0002DE9F843099E9DF820800746B08C4FF6C1
:1054F000FF7188422DD03946304691461C46FBF755
:1055000017FC30BB33780133DBB233702BB3144D4F
:10551000B6F84001AA7A2C8168F30002013406F142
:10552000100104440F4BAA720022E960A6F8404122
:1055300011460120C5E900799D60F1F7D1F950B914
:10554000FF20FBF713FC3046FF21BDE8F843FBF7D3
:1055500007BDBDE8F88300DEF2E700DED7E700BF55
:10556000B8720020CC010020012800D0704700B59F
:1055700083B00191F3F712FF0199814202D103B088
:105580005DF804FB00DEFAE7C38D23B190F8B82084
:1055900012F0010300D0704710B542F0010288B04C
:1055A0000B4C80F8B82008310122CDE90232069078
:1055B000CAB2CDE90434CDE9003303211846F2F72D
:1055C00069FE10F0FD0F01D108B010BD00DEFBE751
:1055D000C154010038B50C461546FAF7CBFF48B167
:1055E0001CB1BDE83840FDF76DBB2946BDE8384029
:1055F000FDF742BB022038BD38B50C461546FAF718
:10560000B9FF58B190F93730002B05DA2A46214608
:10561000BDE83840FDF706BA0C2038BD022038BD81
:10562000704700BF00B9704700DE704708B90B78BB
:1056300003B97047064B10B5024601F1100401464C
:1056400002209C60F1F74CF900B910BD00DE10BDDE
:10565000EC0100202DE9F843099C9DF820900646B6
:10566000A08C4FF6FF71884234D0314620469046D8
:105670001F46FBF75DFB68BB23780133DBB2237069
:1056800063B3B4F84021164D7B1C1344A4F8403199
:105690000220FBF76BFB02212046FBF761FCAA7A94
:1056A000104B2F8169F3000204F11001AA7200224D
:1056B000E96001201146C5E900689D60F1F710F925
:1056C00050B9FF20FBF752FB2046FF21BDE8F8430D
:1056D000FBF746BCBDE8F88300DEF2E700DED0E76A
:1056E000D0720020DC01002070B505460020FAF7DA
:1056F000FBFB044602F06AF8C0B278B935B394F8FF
:105700004430DB0703D52046ECF786F9E8B90120E1
:10571000FAF7EAFBBDE87040ECF77EB96569EB6D1E
:10572000CBB905F1500105F14C00F1F759F8B0B1D2
:105730002E68E865D6F8480178B1F3F77DFD30466C
:10574000FAF7FEFE00236361032070BD2046BDE82A
:105750007040ECF761B900DEE3E700DEEDE700DE64
:10576000E6E700BF2DE9F04106460020FAF7FEFB10
:1057700004460120FAF7FAFB0546B4B304F110071A
:105780007B68B3B393F82C2042F0020283F82C20FC
:10579000D7F80480B8F1000F2BD034B12146002097
:1057A000FAF788F908B1BDE8F0812DB1294601204A
:1057B000FAF780F90028F6D1D8F80040D4F848016B
:1057C00004F5A475C0B1F3F737FD172384F84C3105
:1057D0004FF6FF73A4F84E31022384F86831C4F801
:1057E000507135600020BDE8F08100F110070028FD
:1057F000C6D10C20BDE8F08100DEE4E770B50C46B0
:1058000015461E46FAF7B6FEB8B190F872C01CF005
:10581000180C04D0BCF1180F08D00C2070BD334612
:105820002A462146BDE87040FDF756B933462A4660
:105830002146BDE87040FDF77FB9022070BD00BF72
:1058400030B583B001A8FFF78DFF044610B12046A4
:1058500003B030BDFAF78AFB05460120FAF786FB54
:1058600098B135B195F862306C6164F3410385F805
:105870006230054695F8623000226FF341032046FE
:1058800085F862306A6103B030BD002DF2D100DED0
:1058900095F8623065F3410385F86230FFDE00BFA2
:1058A00038B583681C686569002D35D000236361B5
:1058B000EB6D002B36D105F1500105F14C00F0F7EE
:1058C0008FFF034630B32868EB65FAF739FE94F88A
:1058D000622094F844306FF341026FF3020384F8BE
:1058E000622084F844300120FAF740FB88B18442FA
:1058F0000FD04369C3B190F8621090F844200023A0
:1059000063F3410163F30202436180F8621080F89F
:10591000442038BD00DED6E700DE00236361EB6D76
:10592000002BC8D000DEC6E700DEE4E770B50F2428
:1059300082B04FF6FF762046FAF71CFE0546684611
:1059400055B195F93730002B06DB00F0FFF86946BA
:105950002846FDF763F920B9013CA4B2B442EAD16C
:10596000002002B070BD00BF08607047032805D05A
:1059700008380F288CBF0020012070470120704795
:1059800008380F288CBF0020012070472DE9F04F08
:1059900095B01E460B1D0D930023CDE91033CDE9C4
:1059A0000933FF27044691468DF83F700B933D461F
:1059B00098460DF1480A4FF0020B3C4B059311AB92
:1059C0000020019310AB0093CDF818A0CDF80C90F7
:1059D0000490029033460DF13F022146CDF848B0C5
:1059E000F2F73AFD022814D0129BC3B9FF2D19D04B
:1059F0003368434516D0002F55D0013F4FF0FF3399
:105A0000FFB28DF83F30FF25D7E721460020F2F79F
:105A10006FFD129B022BF8D0129B002BE6D000DE0C
:105A2000FF2DE5D19DF83F00FF282DD013A9EDF7FC
:105A3000CBFD0028C1D09DF83F000838C3B20F2B22
:105A400018D9FF2DDDF84080139B0AD009990C93DB
:105A50004046F2F767FD0D9B0A9A9A1890420C9BFC
:105A600014D8CDE90983119BD6F800809DF83F50EA
:105A70000B93A2E780B2FAF771FD0028E1D090F90C
:105A80003730002BDDDA98E7FF2D08D01E9B099AEE
:105A90001A601F9B0B9A1A60209B0A9A1A6028466C
:105AA00015B0BDE8F08F00DEA7E700BF695901001F
:105AB00010B588B00C4607AA06A905ABCDE90121AF
:105AC000009301460C4A23460320FFF75FFFFF289F
:105AD0000FD00328DDE9052303D00838C0B20F2812
:105AE00007D821681A4402320A442260002008B014
:105AF00010BD6FF00900FAE76D59010008B5094AB9
:105B0000034600681060052110461B791371F0F7F9
:105B1000FFFF054B1870FFF709FFF8F7D3FC0020D3
:105B200008BD00BFE872002063800020054B064AD4
:105B300010B41F204FF0FF3425211C601871117024
:105B400010BC7047E872002063800020044A0549B9
:105B5000034610681860127908781A71704700BF00
:105B6000E87200206380002030B5044600789DF87C
:105B70000C5002FB01111F4A014482FB01020A443E
:105B8000521102EBC20002EB80028A1AD0B2C108A5
:105B90002070595C02F0070241FA02F212F0010291
:105BA0001FD1B0FBF5F405FB1404E4B25D1E1046F2
:105BB000043300F1080E15F8011F5FFA8EFE02464D
:105BC00011F0010F02F1010C4FEA510102D04CB16A
:105BD000013CE4B25FFA8CF27245F1D110469D426D
:105BE000E7D130BDC11D891AC9B207291046F6D8C0
:105BF00030BD00BFA7C867DD4288008850407047AD
:105C0000F0B5344D344C48404FF0030C060A5FFAAF
:105C100080FE0EEB8E2E06EB862004EA401705EA86
:105C2000400605EA4E0004EA4E1E3E4340EA0E00DE
:105C300000EB002706EB062E06EB0E2600EB0720F6
:105C4000360CC0F3074040EA062000EB00100CF1D0
:105C5000FF3C08441CF0FF0C80B2D7D141401F48E4
:105C6000A0FB01400C1A00EB5400400900EBC004FB
:105C700000EB8400081AC0F3C40400F00705145DAB
:105C80002C41E407C0B21CD401FB03F3561EC3F33E
:105C900007430432604600F1080516F801CFEDB263
:105CA00001461CF0010F01F101044FEA5C0C02D027
:105CB00043B1013BDBB2E1B2A942F2D108469642C0
:105CC000E9D1F0BD0730401AC0B207280846F6D81F
:105CD000F0BD00BF10210200408408004D91CFBAF2
:105CE0001A491B482DE9F0410023451EA1F1020C81
:105CF000012606E00133082B01F1060100F128001E
:105D000022D003EB830215F83220D407F2D59CF899
:105D100000409CF801E0D0F80080C2F3801206FA3F
:105D200003F79A4001333C434EEA020287888F8092
:105D3000082B8CF800408CF8012001F1060141F895
:105D4000068C00F12800DCD1BDE8F081F67200205D
:105D5000E17300202048214A2DE9F047204FDFF869
:105D600084800023951EA0F1020C012615F8331043
:105D7000C90706FA03F926D53C7812F8011C4CB184
:105D8000072901EB810405D818F834104C0701D518
:105D9000C90618D515F833109CF801E09CF80040AE
:105DA000D2F800A0C1F3400199404EEA010144EA53
:105DB0000904B2F804E08CF800408CF80110A0F857
:105DC00004E0C0F800A00133082B00F1060002F146
:105DD0000802CBD1BDE8F087627500202275002053
:105DE00065800020E07300200820704738B500204F
:105DF000F8F718F8F0B9FAF709F910F0010019D11D
:105E00000D4C0E4D621E14F83030072B03EB83014E
:105E100005D815F831306FF3451305F8313012F815
:105E200030306FF3000302F8303001300828EAD137
:105E3000002038BD0C2038BD21750020E073002003
:105E40002DE9F04F074683B00020F7F7EBFF00285D
:105E50006DD1FAF7DBF810F0010568D13B78FF2B24
:105E600073D03F4E07F101094FF0FF0A2C46A6F10F
:105E7000020803F0010B06E059455CD00134082C00
:105E800006F108060FD018F83420C2F34001D207FB
:105E9000F2D4BAF1FF0F08BF5FFA84FA0134082C7C
:105EA00006F10806EFD1BAF1070F52D818F83A20D8
:105EB00063F3410208F83A20022314FB0A34D7F8AE
:105EC000013048F804304444B9F80430A38097F80E
:105ED00000B0244C0BF0010B661E04E00135082DC8
:105EE00004F1280439D005EB8503DF0016F83330C0
:105EF000C3F38012DB07F1D55A45EFD120460622C5
:105F000049460AF09BFA0028E8D1F35D43F02003EC
:105F1000F355EDB218F83A3008EBCA0243F001032A
:105F200008F83A305570002003B0BDE8F08F0C201F
:105F300003B0BDE8F08F30460622494601930AF0CF
:105F40007DFA019B002899D1EDE7284603B0BDE812
:105F5000F08F072003B0BDE8F08FFF25DAE700BF20
:105F600022750020E17300202DE9F0410646002053
:105F7000F7F758FF00283AD1FAF748F810F0010473
:105F800035D196F80080B8F1FF0F36D01C4D0136A0
:105F9000AF1E08F0010804E00134082C05F10805E3
:105FA00028D017F83430C3F34002DB07F4D542455C
:105FB000F2D10622284631460AF040FA0028EBD1F9
:105FC00007EBC4035B78072B08D80E4A03EB830367
:105FD00012F8331060F3451102F8331017F834301B
:105FE0006FF3000307F834300020BDE8F0810C2087
:105FF000BDE8F0810220BDE8F0812046BDE8F081D7
:1060000022750020E0730020072810B419D80F4C27
:1060100000EB800C830014F83CC01CF0010F12D080
:10602000034414F83330C3F380130B700121282389
:1060300013FB0013E118E35813608B8810BC9380A6
:10604000704700DEE3E700DEEAE700BFE073002010
:106050000820704710B50020F7F7D8FE08B10C20D3
:1060600010BD0446F9F7B2FF0128F8D8194B1A48B9
:10607000197893F82820047064F3000164F3000297
:10608000197083F8282093F8501093F8782064F35F
:10609000000164F3000283F8501083F8782093F82D
:1060A000A01093F8C82064F3000164F3000283F8A1
:1060B000A01083F8C82093F8F01093F8182164F327
:1060C000000164F3000283F8F01083F818212046E1
:1060D00010BD00BFE0730020648000202DE9F04F68
:1060E00083B083460020CDF800B0F7F78FFE18B1DB
:1060F0000C2003B0BDE8F08F0446F9F767FF0128D4
:10610000F6D8DDF800B0DFF820811BF8012B0192F2
:1061100002F0010308F1FF391E4604E00134082CA7
:1061200008F1280841D004EB840209EBC20519F8F4
:106130003270FB074FEA840AC7F38012EED5B242F1
:10614000ECD14046062259460AF078F90028E5D1FC
:106150003E467607019A07462BD4344D02F00108DB
:10616000AE1E04E00137082F05F1080512D016F81D
:106170003730C3F34002DB07F4D54245F2D10622A3
:10618000284659460AF05AF90028EBD106EBC70613
:10619000FF237370A244002019F83A306FF3000314
:1061A00009F83A3003B0BDE8F08F022003B0BDE833
:1061B000F08FDFF87CC09CF800305E1E023B062B9F
:1061C000F6B203D895F81780B04502D18CF800607C
:1061D000C3E7184A02EB061302EB0812964605467F
:1061E0000FCB8EE80F00DFF850E005EB850309EBDD
:1061F000C30219F83330D80705D5590703D59EF8DF
:106200001730B34207D00135082D0EF1280EECD11E
:10621000009B1A78DAE7009B82F817801A78074B00
:1062200003F80850D2E700BFE17300202275002078
:106230006480002060730020E07300205873002009
:106240002DE9F8431D465B7903F0C003402B01D0D4
:10625000BDE8F8838846F1B1DFF8A090002400F093
:10626000010609F1FF3704E00134082C09F128097F
:10627000EED004EB840317F83330D907C3F3801250
:10628000F2D5B242F0D10622484641460AF0D6F88D
:106290000028E9D1E2B2072ADAD8194F02EB8203CB
:1062A00017F83330DB07D3D502EB8202D40004F1B8
:1062B00018032868F85007EB0309AB88A9F80430E5
:1062C000002601E0102EC3D0B0B2FAF753F9013620
:1062D00006224946054600F287180028F2D04046BB
:1062E0000AF0ACF80028EDD101343B193A59C5F851
:1062F00087219B88A5F88B31AAE700BFE1730020B6
:10630000E07300202DE9F84F82461A4E1AF8018BEF
:106310008946002408F00108771E03E0082C06F1E6
:1063200028061BD004EB8402D50017F83230C3F3E3
:106330008012DB0704F10104F0D54245EED10622BC
:10634000514630460AF07AF883460028E6D11835DF
:106350007C1906212046F0F733FA10B90220BDE877
:10636000F88F7859C9F80000A388A9F80430584676
:10637000BDE8F88FE17300202DE9F0478246174E03
:106380001AF8018B8946002408F00108771E03E003
:10639000082C06F128061DD004EB840207EBC20589
:1063A00017F83230C3F38012DB0704F10104EFD594
:1063B0004245EDD10622514630460AF03FF800280A
:1063C000E6D16B6A1A68C9F800209B88A9F80430E6
:1063D000BDE8F0870220BDE8F08700BFE173002030
:1063E00010B504460020F7F711FD08B10C2010BDD0
:1063F000F9F7ECFD0128F9D80CB1012C03D1034BBE
:106400001C70002010BD122010BD00BF6580002050
:10641000034B4FF47A7202FB00F01860704700BF24
:10642000F07200202DE9F047824600208846F7F7F9
:10643000EDFC10B10C20BDE8F0870446F9F7C6FD6D
:106440000128F7D81B4E1AF8019B771E09F00109A5
:1064500003E0082C06F1280620D004EB8402D500C6
:1064600017F83230C3F38012DB0704F10104F0D5D2
:106470004A45EED130460622514609F0DFFF00289A
:10648000E7D1B8F1000F0FD0B8F1010F09D17B5D52
:1064900043F010037B550020BDE8F0870220BDE8E3
:1064A000F0871220BDE8F0877B5D68F304137B550D
:1064B0000020F1E7E1730020D0B5314C31490023D1
:1064C00004F1FF3C14F83320072A02EB820E05D8B2
:1064D00011F83E206FF3451201F83E201CF83320DE
:1064E0006FF300020CF833200133082BEAD1264A5F
:1064F000264C002313700A7863F300020A7091F8A7
:10650000282063F3000281F8282091F8502063F3DB
:10651000000281F8502091F8782063F3000281F89E
:10652000782091F8A02063F3000281F8A02091F870
:10653000C82063F3000281F8C82091F8F02063F3CB
:10654000000281F8F02091F8182163F3000281F82D
:1065500018210F4A13700F4B4FF0FF364FF0FF37E3
:10656000C3E900670C4B236028B1BDE8D0400B495C
:106570000B4809F08BBCBDE8D040094809F092BC3B
:1065800021750020E073002065800020F07200205B
:1065900064800020281E0020A0BB0D00FD680100C3
:1065A000F81D0020034A044B002814BF104618466B
:1065B000704700BF60750020F47200202DE9F0479D
:1065C000067898462EB307468946924600F12C0578
:1065D000072426FA04F3DA070FD597F801C04CFA1E
:1065E00004FC8CEA090C1CF0010F28464FF006024F
:1065F000514602D109F022FF88B1013C631CA5F18C
:106600000605E6D10026FF2488F800403046BDE8A4
:10661000F087FF2488F800403046BDE8F087E4B2F8
:106620000126F1E7A8B110B50B4A12684FF40043F8
:1066300040F2E7300021E2FB03014FF47A720023BD
:10664000E9F75EFDBDE8104002460B46034807F03F
:10665000BDBA024809F026BCF0720020F81D0020E7
:106660000D4A08B50023138070B90C4B0C4A1B78F7
:106670000020108003B908BDF9F7A8FC0028FAD162
:10668000BDE80840FFF72CBB1846F9F7BFFCC3076D
:10669000EBD4FFF75FFBE8E7607500206580002022
:1066A000F47200200E4A08B500231380C2070ED4EE
:1066B0000C4B0D4A1B780020108003B908BDF7F77A
:1066C000A5FB0028FAD1BDE80840FFF709BB184632
:1066D000F7F7A8FB0028EBD1FFF73CFBE8E700BF8A
:1066E0006075002065800020F47200202DE9F04FD5
:1066F000824689B009F00FFD4B014FEA401BBBEB0E
:10670000000B43EAD06363EB01039B0043EA9B73F6
:106710004FEA8B0B1BEB000B41EB03094FEAC90956
:1067200049EA5B794FEAD931CBF3103B4BEA494B4D
:106730000191BAF1000F17D16B4BD3E90023B3F1EC
:10674000FF3F08BFB2F1FF3F0ED0BBEB020261EB8F
:106750000303664909688A4273F10003ACBF4FF036
:1067600001094FF0000901E04FF00109604EDFF828
:1067700084810024F71F0DE0254417F8353043F0DD
:10678000020307F835300134082C08F1060806F139
:10679000280626D004EB8403A50017F83330D80769
:1067A000F1D5B9F1000F01D19907ECD42B1917F8E5
:1067B00033305A0761D42B1917F833301B07DBD558
:1067C00004A9304608F021FE002840F08A80BDF878
:1067D00014300498A8F80430C6F81D80C8F80000EA
:1067E000CAE7B9F1000F04D03F4B019AC3F800B0DB
:1067F0005A60BAF1000F0BD00020F7F7F9FA0446FF
:1068000030B1FF238DF8103094F88020570702D460
:1068100009B0BDE8F08FE27E072AF9D8627F8DF8D3
:106820000F3004EB82031D6A2B7803F00F03072B54
:1068300007D1AB789E06EBD0EB788DF80830D807FF
:1068400034D50DF10F0104F11C0001F0C3F96A7891
:1068500029460232054609F0C1FD00262946204698
:10686000F7F75AFB9DF80F30FF2B0ABF9DF8103049
:106870006377737509B0BDE8F08F307C1E4B0F2134
:1068800001EB001119440DF11F0C0DF10F0311F86C
:10689000010903F8010F9C45F9D106F1170104A87D
:1068A00008F0B3FD002886D000DE84E7D906AFD516
:1068B000A66B737D06EB83039F69BB789A06A7D00E
:1068C000FB788DF80C30DB07A2D504A906F1140083
:1068D00001F080F97A7839460232054609F07EFDEA
:1068E000BCE700DE73E700BF281E0020F072002026
:1068F000E7730020287300206073002010B501208A
:10690000FFF7F4FE0A4A12684FF4004340F2E73002
:106910000021E2FB03014FF47A720023E9F7F0FB58
:10692000BDE8104002460B46024807F04FB900BFD1
:10693000F0720020F81D002007280FD800EB80031C
:10694000084A12F833100B074FEA800C06D58B0764
:1069500006D5844402EBCC02506A70470020704791
:1069600000DEF6E7E073002007280CD800EB800378
:10697000064A12F833104B0705D5282303FB0022E3
:1069800002F11E0070470020704700BFE073002036
:106990002DE9F047894616460AB1FF231370154DBD
:1069A000002400F0010805F1FF3A09E01EB1337838
:1069B000FF2B08BF37700134082C05F1280514D0CF
:1069C00004EB8403E7B21AF83330C3F38012DB0719
:1069D000ECD54245EFD106222846494609F02EFD66
:1069E0000028E8D13846BDE8F087FF273846BDE8E3
:1069F000F08700BFE17300202DE9F04F074685B016
:106A000000200E469046F7F701FA18B10C2005B0A9
:106A1000BDE8F08F0446F9F7D9FA0128F6D8BA464E
:106A20000DF10F021AF8010B5146FFF7B1FF0728CD
:106A300040F2B8809DF80F90B9F1070F00F2AE80D8
:106A400009EB8902D200594DD7F801100192531C6D
:106A500009EB890BE9502B44BAF8041099803B7874
:106A600015F83B10009263F38611A95430461021AB
:106A7000EFF7A6FE009BE95C60F38201E954404613
:106A80001021EFF79DFE009B019AE95C00F00100E8
:106A900060F3C30111F0040FE95405EBCB0B4FEA8F
:106AA000890343D1002860D118320021A9502A441B
:106AB0003F4E918003EB090215F8321021F01201CC
:106AC00005F8321097F80080B71E08F0010804E0BE
:106AD0000134082C06F1080616D017F8342012F0FD
:106AE000010BC2F34001F3D04145F1D130460622FB
:106AF0005146009309F0A2FC009B0028E8D107EB67
:106B0000C40787F8019001E04FF0000B4B444FEAB7
:106B10004B1215F8331042F0010221F021010A4313
:106B2000002005F8332005B0BDE8F08FDFF884E0E1
:106B3000DFF884C09EF800108BF817100CF8019055
:106B4000DFF878B04FF0FF3C0CEB011C01318EF800
:106B50000010DC4406F10F01013E11F801E90CF8C8
:106B600001EFB142F9D100289ED0D61DA81903EB40
:106B70000901D8F800B0D8F804E0D8F808C0D8F86F
:106B80000C8045F806B005EBC101C0F804E0C0F880
:106B900008C0C0F80C800020486285E7072005B0D7
:106BA000BDE8F08F122005B0BDE8F08FE073002043
:106BB000227500206480002058730020607300203C
:106BC000072807D8044B00EB800013F83000C0F30F
:106BD000C000704700207047E0730020072812D8DB
:106BE00000EB8000094A12F8303013F0080F4FEA2A
:106BF000C001C3F3C00007D0C3F340009B0703D517
:106C00000A44506A70470020704700BFE0730020BC
:106C1000024B1B7803700248704700BF648000205D
:106C20006073002050B1072913D80E4B13F83120A0
:106C3000D20710D503EBC1035878704707290CD849
:106C4000094B01EB810213F83230DB0707D5084608
:106C5000704700DEE9E700DEECE700DEF0E700DE8B
:106C6000F5E700BF20750020E07300200C4B1B7877
:106C700083420BD90B4B185C07280CD80A4B00EB4E
:106C8000800213F83230DB0707D5704700DE054B72
:106C9000185C0728F2D900DEF0E700DE704700BF7D
:106CA0006480002058730020E073002007280DD86E
:106CB000084900EB8002830011F83220D20707D583
:106CC000034411F83300C0F34010704700207047B0
:106CD00000DEF5E7E07300200C4B1B787BB1072941
:106CE0000DD860B90A4801EB81028B0010F8322000
:106CF000D20709D50B4410F83300430701D4012013
:106D00007047C0F30010704700DEF3E76580002095
:106D1000E07300201378FF2B19D12DE9F047194DAE
:106D20000446AE46002303EB830C9E0015F83CC0DE
:106D30001CF0010003D0CCF3801CA44509D0013322
:106D4000082B0EF1280EEED10120BDE8F0870120BE
:106D5000704701F1FF3877464FF0000C17F801AF8C
:106D600018F8019FCA450CF1010CE8D1BCF1060FDF
:106D7000F4D11E44137015F836305A07E5D5C3F325
:106D80000010E2E7E073002010B40E4B1C787CB1D9
:106D9000072A0DD80C4C02EB820C14F83CC01CF0F6
:106DA000080F05D020B14B7903F0C003402B02D06F
:106DB000002010BC7047282303FB0240073010BCA2
:106DC00008F010BB65800020E0730020024B1878AB
:106DD000003818BF012070476580002000F04CBAD1
:106DE00008B5002304F046FD002008BD684620F0E9
:106DF00007018D4601B503F035FDEEF7DBFDBDE87B
:106E000001408546704700BF08B50A4BD3F84021C2
:106E10003AB90120EFF7C2FDBDE808400220EFF7C4
:106E2000BDBD0020C3F84001D3F84031F1F786F929
:106E3000EFE700BF00B000400020EFF7AFBD00BF9C
:106E400090B90E4B0E4A197810788842CBB20DD10A
:106E50000C480D4990F800C0013313700B7863455E
:106E600007D003780B70704700DEEAE700DE137886
:106E7000EEE700DE03780B70704700BF66800020ED
:106E8000678000206B8000206A8000200B4A0C4B3A
:106E9000117893F800C08C450DD012781A70094A09
:106EA000094B18B911781878884202D012781A70F4
:106EB000704700DEFAE700DEEFE700BF69800020E0
:106EC00068800020668000206780002003F018BEE4
:106ED00008B50B480B4B027819788A420CD00A4B44
:106EE000017000220399996001201146EFF7F8FC28
:106EF00000B908BD00DE08BD00DE1978EFE700BF6D
:106F00006680002067800020FC0100202DE9F04110
:106F1000304A314D12782B789A428AB00E4605D10C
:106F20002E4B2F4A1B7812789A424BD03768DFF8E5
:106F3000B48007F12D0424F07F44D8F800102046D7
:106F4000F1F7F0FA10F4000002D10AB0BDE8F081C8
:106F5000254A264B11781A7891421CD03046244B92
:106F6000C168C8F800400022CDE90732214BCDE9C5
:106F70000322CDE90531CDE901222D2300932C78A0
:106F80000134E4B23B46114610462C70F1F7EEF89E
:106F90000AB0BDE8F081114A11491278097891428E
:106FA000DCD01A780132D2B21A700022124B009251
:106FB00011461046F1F7CAF910F0FD0FCED000DEF1
:106FC00000DECBE70768DFF81C8007F12D0424F012
:106FD0007F44C4E76A8000206B8000206680002028
:106FE000678000209C750020688000206980002058
:106FF000416E0100D16E01008D6E01007A4A9368E6
:10700000002B00F096802DE9F04F136889B081467F
:10701000002B46D04FF0FF338DF80A300DF10A00F7
:10702000F2F706FB044600283BD0037F9907F5D111
:10703000857A15F00205F1D1C3684B4555D0066835
:10704000A8462F460DF10A00F2F7F2FA8346F0B196
:10705000027F9207F6D1827A9307F3D4C268B8F11F
:10706000000F21D04A4558D0DBF800A031465046E9
:10707000F1F758FA00F4000000280DF10A001CBFD7
:107080005F465646F2F7D4FA83460028E0D1002F37
:1070900008BF274639463846FFF738FF30F002036D
:1070A00039D109B0BDE8F08F4A458046DCD1237F55
:1070B000E16843F0020323772046A3699847FF2342
:1070C0008DF80A300DF10A00F2F7B2FA04460028F2
:1070D000E7D0037F9F07F5D1837A9E07F2D4C36878
:1070E0004B4502D000DED4F80C903F4A4846D2E926
:1070F000001303AA98470646002843D010F1100F4A
:1071000059D0394A002093681168984716F10B0F3F
:1071100010D08C36C5D000DEC3E7227FE16842F094
:10712000020222772046A2699047D8457FF472AFC9
:10713000C5E770472C4A0023D2F80890D2E90048EE
:1071400002261360FF278DF80B700DF10B00F2F78C
:107150006FFA90B1037F9A07F7D40DB9DB07F4D427
:10716000C368A342F1D1037F826943F0020303772E
:10717000214690478DF80B70E7E70125AE420AD013
:107180002E46E0E7237FA269E16843F002032377FC
:107190002046904785E70022CDE904220692039B12
:1071A00000964946404604AA0794F2F7F9F90028E8
:1071B0007FF477AFAFE7A37A43F00203A3720DF138
:1071C0000A00F2F735FA014600283FF46AAF037F60
:1071D0009D07F4D1837A9C07F1D4FFF797FE30F036
:1071E00002033FF45EAF96E7A075002010B5174884
:1071F00008F095FC30B3164B00249C6000F0C6FAF2
:1072000000281EDB214601202246EEF78DFE224695
:107210000B200121EEF788FE214622461820EEF7CA
:1072200083FE0C4B1022C3F804230120EEF74CFE22
:107230000B20EEF749FE1820EEF746FE03F02CFB7C
:10724000204610BD6FF0120010BD00BFF80502000F
:10725000A07500200010004008B500F0A7FA002833
:1072600009DB0120EEF73EFE0B20EEF73BFE182077
:10727000EEF738FE002008BD034603488AB21946DF
:1072800083681B68184700BFF805020030B4074D3B
:10729000AB685C6834B18AB2A44601460023284634
:1072A00030BC60476FF0850030BC7047F8050200C5
:1072B000034603488AB2194683681B68184700BF13
:1072C000F805020030B4074DAB685C6834B18AB28F
:1072D000A44601460023284630BC60476FF0850075
:1072E00030BC7047F80502000020704730B50446F6
:1072F00083B078B31D4B1A68824225D0FF250DF16B
:1073000007008DF80750F2F793F938B91AE0A14257
:107310000AD00DF10700F2F78BF998B1037F9B07B4
:10732000F7D4C168002CF2D1037F826943F00203D5
:10733000037790470DF107008DF80750F2F778F9C1
:107340000028EBD103B030BD9B686BB10146002033
:107350009847D3E7054A9368002BCFD011680029DE
:10736000CCD000209847C9E700DEC7E7A075002011
:107370000020704710B50446F2F74CF98CB90D4B5C
:107380009A68AAB11C6800229A601A6004B1246845
:107390000020F2F767F92046F2F70AFA28B1002038
:1073A00010BD0028F3D100DEF1E700DE002010BDA3
:1073B00000DEE7E7A0750020054A136892681B1AF3
:1073C00018BF0123B2FA82F00B704009704700BF6A
:1073D000A07500206FF08B00704700BF10B548B15A
:1073E0000C4600F03FFA00280BDB2046BDE81040B9
:1073F000FFF7C0BF044803F045FABDE8104003F0B2
:107400005FBB00DEF1E700BF657501002D2070470E
:1074100010B51446F1F784F82146F1F783F80346D6
:1074200010F4000004D10333182B88BF184610BD98
:10743000002010BD262810B504461DD0272813D0E3
:10744000252809D00A281FD9272822D900DE20465E
:10745000BDE8104003F0AEBA022003F0A5FA2046C2
:10746000BDE8104003F0A6BA502003F09DFA204674
:10747000BDE8104003F09EBA1A2003F095FA2046AA
:10748000BDE8104003F096BA0230400003F08CFAD9
:10749000E5E70330400003F087FAE0E703F0EEBAD7
:1074A00003F0F8BA03F04EBA03F050BA03F050BA42
:1074B00008B503F025FBBDE8084003F0F7BD00BFA9
:1074C00008B503F01DFB03F0F1FDBDE8084003F033
:1074D00095BD00BF08B503F013FB03F0E7FD03F013
:1074E000CBFD04F037F8BDE8084003F087BD00BFCE
:1074F00008B50146114803F0C5F903F03DFB60B142
:1075000003F0E0FE03F000FA00F0ACF900280EDB17
:10751000BDE808400020FFF72DBF03F0D1FA03F0CB
:10752000D1FE03F0F1F900F09DF90028F0DA00DE59
:107530000020BDE80840FFF71DBF00BFCD6E010071
:1075400010B5044603F0DCFA03F0B0FD03F094FD3F
:1075500004F000F803F052FD2046BDE81040FFF7AC
:10756000C7BF00BF10B5044603F0CAFA03F09EFD82
:1075700003F082FD03F0EEFF03F040FD2046BDE87E
:107580001040FFF7B5BF00BF10B5044603F0B8FACE
:107590000D48214603F076F903F0EEFA40B100F011
:1075A00061F900280ADBBDE810400020FFF7E2BEC9
:1075B00003F086FA00F056F90028F4DA00DE002025
:1075C000BDE81040FFF7D6BECD6E01002DE9F04FAB
:1075D00089B01F469DF848B0FF23804689469246F1
:1075E0008DF81F300DF11F00F2F722F8002866D049
:1075F000037F9D07F6D1837A9C07F3D405683E6824
:107600009DF81F300593044629463046F0F78AFF5F
:10761000BBF1000F4CD0BC4208BF002426460DF140
:107620001F00F2F705F8D0B1027F9107F7D1827AF7
:107630009207F4D402680490294610460392F0F7AA
:1076400071FF039A049B00F4000000280DF11F0055
:107650001CBF15461E46F1F7EBFF0028E4D1059B41
:107660008DF81F30314B9A687ABB76BB24B1BBF1E1
:10767000000F48D1BC4244D1FA681A60C3E90189BD
:107680003846D04704460DF11F00F1F7D1FF0146FF
:1076900050B1037F9A07F6D1837A9B07F3D4FFF7A3
:1076A00035FC30F002033FD1204609B0BDE8F08F31
:1076B0000002B0D5FF23354605935C46AEE71B4B71
:1076C0009A680446002AD7D026464946CDF800B02D
:1076D000534640463A46F1F763FF014678B1BBF1A5
:1076E000000F09D1BB7A980706D4C6B13046FFF720
:1076F0000DFC30F0020310D16FF07604D4E700DE09
:10770000EDE700DEB8E7CDF800B053463A4649460B
:107710004046F1F745FF0028EED100DEECE7002CF3
:1077200014BF26460E46E1E700DEBDE7A075002047
:1077300001F1100006F03EB870B505468AB00C465F
:107740000122002104A808F00CFB0F4B0193002636
:107750000323694628460396029307F0B0FC0028ED
:1077600010DB4FF40043314640F2E730E4FB030105
:107770004FF47A720023E8F7C3FC02460B4604A8D4
:1077800006F052F80AB070BD3177010010B5012043
:1077900004F0A0F90449002301244B608C60CB6005
:1077A000BDE8104007F08BBCB075002010B501207B
:1077B00004F090F90449044607F0FCFC2046BDE8BB
:1077C000104007F0D3BC00BFB07500200C4B1A78F6
:1077D0000AB10020704710B50120187004F07AF942
:1077E0004FF4FA710446FFF7A7FF38B9204607F0B7
:1077F000BDFC02280CBF00206FF0040010BD00BFCC
:107800006C80002008B50A4BBFF35B8F53E8002F54
:10781000511C43E800100028F8D1BFF35B8F002A09
:1078200001DD002008BD04F05DF9002008BD00BFA7
:10783000AC75002008B5002004F04CF9BFF35B8F55
:10784000074B53E8001F013143E80012002AF8D12A
:10785000BFF35B8F0221BDE80840FFF76DBF00BF9B
:10786000AC75002008B50E4BBFF35B8F1A68BFF3F1
:107870005B8F002A11DDBFF35B8F53E8002F511E91
:1078800043E800100028F8D1BFF35B8F012A01DD27
:10789000002008BD04F03CF9FAE76FF0770008BD5E
:1078A000AC7500200520704732207047014B33F83B
:1078B000100070472C0B020010B50446FFF70AFEBB
:1078C00003F0D0FB2046BDE81040FFF711BE00BF1B
:1078D00070B5457A867A82B0C5F38205044606F013
:1078E000010603F047F9FFF7E3FD962003F0EEFBF6
:1078F000284633462A46002103F008FB0120F1F711
:10790000EDFD00283BD0203003F0ACF803F01EF969
:1079100098BB1C48214602F0B5FFFFF757FA08BB99
:1079200003F032FD00210446284603F0B5F8022D8D
:10793000044404F1A30413D0042D0CBF4FF4BC7312
:107940002823002128461C4403F0A2F8201A03F043
:10795000C5FC03F00BFD02B0BDE8704003F03EBB78
:107960001823EEE70DF10700FFF752F90022014658
:107970009DF8070003F094FDD2E700DEC9E700DEC2
:10798000C1E700BFF57F010010B50446FFF7A2FD77
:1079900003F068FB2046FFF7ABFD054B00210122F9
:1079A00008469C60EEF79CFF00B910BD00DE10BDDC
:1079B0000C020020814208B50ED00B7ADB0702D4FE
:1079C0006FF08B0008BD0C4B1360FFF71BFF002806
:1079D0000FDB6FF00A0008BD0B7B01EB83010B6925
:1079E0001B7803F00F03012B14BF6FF08B000020F6
:1079F00008BD00DEEDE700BF857D010010B548B190
:107A00000C46FFF72FFF00280BDB2046BDE8104097
:107A1000FFF7B0BC044802F035FFBDE8104003F0AA
:107A20004FB800DEF1E700BFB978010010B500F0F3
:107A3000A1FE044668B9084B0522181D4FF4847155
:107A4000EEF758FE054B1C8205480322214608F03C
:107A500088F9204610BD00BFF4750020E0750020B5
:107A6000C875002010B500F087FE044668B9084BC1
:107A70000522181D4FF48471EEF73CFE054B1C8265
:107A800005480322214608F06CF9204610BD00BFCE
:107A9000F4750020E0750020C875002010B504467C
:107AA0000648EEF74BFE30B103460020C3F8040150
:107AB0005870636010BD6FF00B0010BDF4750020AE
:107AC0000346002018705870986070470378427819
:107AD0009A4212D070B5DCB200EB84030026054652
:107AE000074958685E60EEF73FFE631CDBB2022B6D
:107AF00008BF33462B70304670BD6FF00B007047E7
:107B0000F475002038B5447800EB840305465868C6
:107B100020B1002209495A60EEF726FE631CDBB251
:107B2000022B08BF002305EB8305686820B1002302
:107B300002496B60EEF718FE002038BDF475002096
:107B400038B5214D2B7C6A7C9A4202D055F82340EF
:107B50004CB91E48EEF7F2FD0446B0B10023C4F85C
:107B60000431204638BD1A4805F084FE2B7C6A7C1F
:107B70009A42F3D00133DBB2042B08BF00232B74ED
:107B80000023C4F80431204638BD11484FF4203298
:107B9000002305F049FEA8B90D4805F06BFE2A7CCC
:107BA0006B7C934209D0531CDBB255F82240042B66
:107BB00008BF00232B74002CD0D100DE0023C3F8B3
:107BC0000431FFDE00DEE7E7E0750020F4750020F9
:107BD000C875002010B5027843789A4214D0D4B208
:107BE00044700278944204D05A1C4370D3B2022BE2
:107BF0000ED01A4600EB82040B70606800B110BD15
:107C0000FFF79EFF606010BD0133DBB2022BF0D1A5
:107C100000221346EEE700BF70B170B5074E044670
:107C200000252046D4F80441C0F804513146EEF74F
:107C30009BFD002CF5D170BD704700BFF47500208E
:107C40002DE9F04702784378934205462DD0D7B20C
:107C500000EB8709174CD9F80420174E88460BE033
:107C6000D2F804A144F821206374304605F0A2FD47
:107C70005246BAF1000F08D0617C207C4B1CDBB26D
:107C8000042B08BF00239842EAD10137FFB2022F2C
:107C900008BF0023C9F8042008BF1F464FF00102A7
:107CA0002F7018BF3B4688F8002005EB83056868F5
:107CB000BDE8F087E0750020C875002030B5037A74
:107CC000C3F302130446002B93FAA3F0B0FA80F03A
:107CD00008BF4FF0FF3083B000F1010044D0217A9B
:107CE0005A1E134063F3061124302172FFF7A2FBE2
:107CF00000230DF1070104F10C008DF80730FFF7A8
:107D00009FFF0546A8B3284602F0B2FE2A788423D6
:107D100002F00F02D340DB0716D40DF1070104F186
:107D20001800FFF78DFF30B39DF80730ABB921463F
:107D3000124802F0A7FD962003F0C8F9002003F0D6
:107D4000D1F8284603B030BD0D48214602F09AFD17
:107D500003F02CF9284603B030BDD5F80230C0F846
:107D60000230EB88C380E2E700DE237AC3F302131C
:107D7000B5E700DEC7E700DED6E700BFD178010037
:107D8000AD7D010070B5C36804461E68F0F7C8FBFE
:107D900005463046FFF73AFB00232D1AC4E900538D
:107DA00023812046BDE87040EBF742BD38B504465C
:107DB00002F0E0FEFFF78EFB237A03F07102012A46
:107DC00005D1C3F3420262F306132372DBB213F050
:107DD000700F05D0636863B193F82C309B0708D50A
:107DE00003F040F9A36ABBB12046BDE83840FFF775
:107DF0007FBB2046FFF762FF0546012003F02AFA09
:107E0000A16A034621B1D1E903122846E9F704F833
:107E1000BDE8384003F0AABA0220F1F7B5FC00280B
:107E2000E2D100DEE0E700BF10B582B00446FFF704
:107E3000E9FC002809DB084A0849094800940023A6
:107E4000F1F7E6FC18B902B010BD00DEF3E77730B9
:107E5000F9D000DEF7E700BF31380000FD790100FE
:107E6000B57901002DE9F0410D46417A9DF8188061
:107E70001746CA071E4609D5B8F1000F17D02B7850
:107E8000B7EBD31F1AD00020BDE8F0812946044685
:107E900011F8020B079AC0F38010FEF73BFF002891
:107EA000EDD1637ADB07EED5B8F1000FE7D1079B80
:107EB0001878FEF7FBFE0028E1D1E4E7062205F181
:107EC0000801304608F0BAFAB0FA80F04009BDE87F
:107ED000F08100BFF8B50646032017461D46F1F7AE
:107EE000FDFAB0B10446F1F715FB162323713046B5
:107EF000F5F770FFE08045B97F2320682376677629
:107F00002146F1F735FB0020F8BD03F071F8C3B24C
:107F1000F3E76FF06800F8BD2DE9F84F1F460B9BA3
:107F20009DF828909DF8305006460C4692466BB955
:107F3000437A03F00303012B2CD9002D3AD0237888
:107F4000BAEBD31F4AD00020BDE8F88F88460D9ABF
:107F500018F8020BC0F380104146FEF7DBFE002844
:107F6000F2D094F800B0BAEBDB1FECD104F10801B9
:107F70003846062208F062FA0028E4D10D9B1B78EF
:107F8000FF2B1ED0F27AFF2A1BD0981AB0FA80F08D
:107F90004009D9E711F8020B0D9AC0F38010FEF7E3
:107FA000B9FE0028CBD1737A03F00303012BCAD9A1
:107FB000002DC4D10D9B1878FEF778FE0028BED1A5
:107FC000C1E7CBF3801BCB45BDD10B9806224146C0
:107FD00008F034FAB0FA80F04009B5E7062204F15F
:107FE0000801384608F02AFAB0FA80F04009BDE8E6
:107FF000F88F00BF2DE9F04F89B0044602F0B0FDC4
:10800000C0B250B9FFF766FA7648214602F03AFC52
:1080100009B0BDE8F04F02F053BD02F0C3FD0546C4
:1080200003F034F8074603F03BF803F0ABFA82465E
:1080300003F08AFA814602F0EBFFEDB28046FFF7CB
:1080400049FA002DE0D01AF0FF0A7FD1FF208DF809
:108050001F000120F1F742FA0546002800F0A08039
:10806000237B04EB830305F1200B19690B46FFB258
:1080700013F8026B06F00F00012808BF01F1080990
:1080800095F8201001F00F0118BF4FF000090329E7
:10809000C6F380125FFA88F84FEAD6165DD005293C
:1080A000B2D195F821102229AED161680029ABD058
:1080B00091F82C108907A7D40DF11F000390CDE98A
:1080C0000197009659462046FFF726FF00289BD0CF
:1080D0000420F1F703FA002896D04348214602F025
:1080E000D1FB02F0EDFC02F031FD002856D1B8F1D1
:1080F000000F4DD1626892F82C3043F0010382F8F2
:108100002C30F1F707FA17224FF6FF730271C38084
:108110008460054603F0CEF8286103F02FF90021B2
:108120000446084602F0B8FC241A6C61BAF1000F4C
:1081300011D09DF81F306B76F1F7ECF92946E86015
:108140002868F1F715FA09B0BDE8F08F5FFA89F0F9
:10815000FEF78CFD7BE7FF23EDE795F821100C2956
:108160007FF452AFB9F1000F7FF44EAF0DF11F0154
:108170000191009759462046CDE90423FFF772FE8E
:1081800080B995F82010DDE9042301F00F0186E79E
:1081900002F02EFF636883F8A600ABE700DEA6E7D7
:1081A00000DE5DE70F48214602F06CFB02F0FEFEA8
:1081B000237E04EB8303D86902F05AFC02F0C6FC6C
:1081C00068B9A37A9807BED59DF81F204346594643
:1081D0002046FFF77FFE00287FF416AFB3E700DEEE
:1081E000EFE700BFAD7D010089790100837813F0CE
:1081F0003F0315D0C278D3074CBF00F10A03031D1B
:10820000900748BF0633100748BF023312F0100230
:1082100003D1134610460B60704700200B60704777
:108220006FF01500F7E700BF10B50446FFF752F9ED
:108230000320F1F7A9FA20B12046BDE81040FFF76E
:1082400057B900DE2046BDE81040FFF751B900BF26
:1082500030B5044683B002F08DFCFFF729F965685C
:10826000962002F033FF6A7AAB7A5209104603F087
:108270000103002102F04AFE0120F1F72FF9002846
:1082800045D0203002F0EEFB02F060FC00283CD12B
:108290002048214602F0F6FAFEF798FD18BB03F0DD
:1082A00073F80446687A0121400902F0F5FB6B7A05
:1082B00004445809022804F1A30412D004280CBF76
:1082C0004FF4BC73282301211C4402F0E1FB201A67
:1082D00003F004F803F04AF803B0BDE8304002F0C0
:1082E0007DBE1823EFE70DF10700FEF791FC6A7AD7
:1082F000C2F34212920042F00102014602F01D0256
:108300009DF8070003F0CCF8C9E700DEC0E700DE07
:10831000B7E700BFDD84010070B50446856802F050
:108320001FFC88B120682146F1F722F96A6892F8AB
:108330002C3043F0010382F82C30FFF7CBF82846AD
:10834000BDE87040FFF7D4B80126206826712146A9
:10835000F1F7F6F8E16808680E71F1F709F9FFF72F
:10836000B9F82846BDE87040FFF7C2B810B504461A
:108370000320F1F709FAD8B10E48214602F082FA3B
:1083800002F0FAFB40B1FFF76DFA00280ADBBDE806
:1083900010400020FEF7EEBF02F092FBFFF762FAFA
:1083A0000028F4DA00DE0020BDE81040FEF7E2BF4E
:1083B00000DEE1E7B983010002F0A2BB30B50B4655
:1083C00083B0044601A91846FFF710FFE8B9019DE4
:1083D000DDB1216891F8442002EB420301EB430335
:1083E000062093F83D3000FB021203F03F03C98ED4
:1083F00020893832FDF704FC2389013323812B784F
:1084000060F305032B7003B030BD00DE019DE0E793
:10841000036A43B1D3F8041129B18B789A0602D0CC
:10842000CB78DB0600D47047FFF7C8BF70B50446B1
:1084300082B0FFF73DF8206A666801A9FFF7D6FE13
:10844000002841D1019B002B3ED0187800F03F005E
:10845000FEF7F0FF236AD3F80451002D37D02562D0
:10846000AB789A0602D0EB78DB0613D41948214684
:1084700002F008FA02F08CFD284602F0F9FA02F048
:1084800065FBF8B902F072FF204602B0BDE870400B
:10849000FFF7BEBF2146104802F0F4F94FF4967082
:1084A00002F014FE727AB37A520903F00103104607
:1084B000194602F041FD284602F0DAFA02F046FBC6
:1084C0000028DFD000DEDDE700DE019BBDE700DE37
:1084D000C5E700BF298201002D8401002DE9F04F7E
:1084E0008BB0044602F03CFBC0B250B9FEF7F2FF7D
:1084F0009D48214602F0C6F90BB0BDE8F04F02F0EE
:10850000DFBA02F04FFB054602F05EFD074602F0BF
:10851000BDFD064602F0C4FD03F034F8824603F0C8
:1085200013F8814602F074FDEDB28046FEF7D2FFEB
:10853000002DDDD01AF0FF03059340F0B180FF203D
:108540008DF827000120D4F80490F0F7C7FF054606
:10855000002800F0C5800DF1260104F1140099F8FF
:108560000C30FFF76DFB05F1200B002800F0B68002
:10857000C17811F0020118BF00F10A01034604910D
:1085800095F8201013F804AB01F00F010329CAF38A
:108590008012F6B24FEADA1A00F089800529A7D1D5
:1085A00095F821102229A3D1D9F8041000299FD0D1
:1085B000049902960DF12700CDE900A103905946D8
:1085C0004846FFF7A9FC002892D00420F0F786FF68
:1085D000014600288CD0654802F054F902F0E6FC10
:1085E00002F0EEFA017821F03F0141F0080101703C
:1085F00095F820100478C90961F386140470847812
:1086000095F820106FF38714847004780246C1F344
:10861000801161F3C7140121047002F8031FAC6AD2
:108620004460C478AE8D068144F00204C470D5F86D
:108630002240C0F80A40EC8CC48100F1100184781B
:108640008A1A62F30504821C891A8470417002F050
:108650000FFA02F07BFA002844D1F0F75BFF1723F2
:1086600003714FF6FF73C380C0F80890044602F010
:1086700021FE206102F082FE054699F80900394684
:10868000400902F009FA059B2D1A65616BB19DF84E
:1086900027306376F0F73EFFE0600BB0BDE8F08F67
:1086A0005FFA89F0FEF7E2FA4AE7FF23F1E795F86F
:1086B00021100C297FF41CAF0DF1270101910096C8
:1086C00059464846CDE90623FFF7CCFB60B995F83B
:1086D0002010DDE9062301F00F015FE700DE47E728
:1086E00000DE38E700DEB8E799F8183009EB8303BD
:1086F000DD69AB78990602D0EB78DA061DD41A480A
:10870000214602F0BFF802F051FC284602F0B0F911
:1087100002F01CFA30BB2046FFF77AFE99F80A30C7
:108720009B07BAD59DF827205FFA88F3594648463B
:10873000FFF7D0FB0028B0D0DAE621460C482562CE
:1087400002F0A0F84FF4967002F0C0FC99F80920EE
:1087500099F80A30520903F001031946104602F055
:10876000EBFBD2E700DED6E7298201001983010086
:108770002D840100002070470020704710B582B0A2
:108780000446FFF73FF8002809DB084A0849094872
:1087900000940023F1F73CF818B902B010BD00DED8
:1087A000F3E77730F9D000DEF7E700BF9939000032
:1087B000DD730100D573010000B9704700DE70471A
:1087C00008B54B6823B14B6893F82C30DB070AD40B
:1087D00081420B8E09D0ABB14B8E9BB9134802F08E
:1087E00051F802F06DF9002008BDDBB991F828308E
:1087F000DA07F8D491F83430DB06F4D40C4802F0F0
:1088000041F8EEE70B6C13B16FF08B0008BD094B1C
:108810001360FEF7F7FF002802DB6FF00A0008BDC7
:1088200000DEFAE74B8E002BE0D1D7E7C1890100CB
:10883000993E0000998A010008B5064B039898609C
:10884000002211460120EEF74BF800B908BD00DE0A
:1088500008BD00BF2C0200200021EBF7D9B900BFF2
:1088600010B5044682B0FEF735FE94F8283094F82F
:1088700034206FF3000322F0180284F828309B069E
:1088800084F8342001D4636853B3962002F01EFCB0
:10889000002318461A46194602F038FB0120F0F76B
:1088A0001DFE20B3203002F0DDF8FEF78FFA40B94C
:1088B00002F094FB0F48214602B0BDE8104001F0E1
:1088C000E1BF0DF10700FEF7A3F994F83420920000
:1088D000014602F01C029DF8070002F0E1FDE7E707
:1088E00002F064FB0120F0F7F9FD0028DAD100DE88
:1088F000D8E700BF393F000010B50446FEF7EAFD97
:1089000002F0B0FB0420F0F73FFF20B12046BDE8A5
:108910001040FEF7EDBD00DE2046BDE81040FEF73A
:10892000E7BD00BF08B5FFF79BFF02F0C3F8BDE845
:10893000084002F01BBD00BF70B582B00546FEF7CF
:10894000B7FD02F033FB0120F0F7C8FD98B32030EB
:1089500002F088F802F0FAF858BBFEF737FAC8B907
:1089600002F012FD00210446084602F095F80021AD
:108970000646084602F08CF83444CB34201A02F044
:10898000ADFC02F02BFB0D48294602B0BDE870405B
:1089900001F078BF0DF10700FEF73AF995F83420A1
:1089A0009200014602F01C029DF8070002F078FDDB
:1089B000D6E700DED1E700DEC9E700BF393F00009F
:1089C00030B5044685B0FEF785FD0DF10F01204658
:1089D000FEF7F2FC08B105B030BD054602F042FBDF
:1089E00094F828200095C2F34103013303F00303F8
:1089F000032B08BF002363F3420284F828202B4690
:108A0000042229462846EFF7A1FC9DF80F307BB1E0
:108A1000238E002B32D194F83430DA060FD494F937
:108A20002830002B1FDB2046FEF762FD05B030BD6D
:108A30000420F0F7A9FE0028EAD100DEE8E76FF392
:108A4000041384F83430F0F765FD014600B30A23BF
:108A50000B718C60E36ACB600868F0F789FD94F9CC
:108A60002830002BDFDA0B4B0021012208469C60E6
:108A7000EDF736FF0028D6D000DED4E7638E002B5A
:108A8000C9D194F8283043F0800384F82830C2E735
:108A900000DEDCE71C02002070B5C36804461E68D7
:108AA000EFF73EFD05463046FEF7B0FC00232D1AD9
:108AB000C4E90053238120460121BDE87040EBF753
:108AC000A7B800BF2DE9F8439DF8209016468046D0
:108AD0000D464A46194630461F46FEF755F90446EC
:108AE000A0B91DB198F834305B061CD498F8285012
:108AF000C5F38013B3420CD0C5F3C105012D05D9D0
:108B000026B17B7903F0C003402B12D02046BDE88C
:108B1000F88308F136000622394607F08FFC00285A
:108B2000EAD10124F2E74846FEF758F80028EDD1D3
:108B3000DCE7099B002BF4D0099A01231370F0E7BE
:108B400010B548B10C46FEF78DFE00280BDB204621
:108B5000BDE81040FEF70EBC044801F093FEBDE8EE
:108B6000104001F0ADBF00DEF1E700BFC189010098
:108B70002DE9F04F83B0074603209DF830A09DF803
:108B80003450884616469946F0F7A8FC002800F0B5
:108B900084800446F0F7BEFC4FF6FF73E38097F83D
:108BA000343058075FD003F00703012B6FD0042B3C
:108BB00070D000DE94F8202002F00F03042B5CD06C
:108BC000072B52D10023FB62A76002F073FB2061E8
:108BD00002F0D4FB834697F83400514600F00700BA
:108BE00001F05AFFA37EABEB00006AF382036061E1
:108BF000A376009797F83410294B524601F00701ED
:108C000004F1200000F016FDA37E60F3C713A376E5
:108C10001B062AD597F8343043F0100387F8343018
:108C20006FF00F07B9F1000F23D17F20B8F1000FCB
:108C300014BF3246FF22FF3EA37E20764FEA450551
:108C400018BF012645EA461505F0220523F0220348
:108C50001D4320686276A5762146F0F789FC3846E8
:108C600003B0BDE8F08F052323710027B9F1000F91
:108C7000DBD002F0BDF9C0B2D8E797F8343019075D
:108C8000F3D5052363F3030284F82020EDE70623E0
:108C900023718FE7082323718CE76FF06807DEE705
:108CA000B5930100002070470020704710B582B0D6
:108CB0000446FEF7A7FD002809DB084A08490948D1
:108CC00000940023F0F7A4FD18B902B010BD00DE37
:108CD000F3E77730F9D000DEF7E700BF59880100ED
:108CE000418B0100C187010070B50B4C0546FEF7B2
:108CF000F1FBE5602E68EFF713FC05463046FEF702
:108D000085FB00232D1AC4E900532381204601214D
:108D1000BDE87040EAF77CBF207B002090F828C0B7
:108D20001CF0080F02D132B901207047002AFBD194
:108D30001846FDF7BBBF10B5044608461946FDF7B7
:108D4000CBFF20B994F82800C0F3C00010BD01206B
:108D500010BD00BF70B582B0FF2B8DF807300646FE
:108D600007D090F83500C01AB0FA80F0400902B080
:108D700070BD0C46154629460DF107022046FDF749
:108D8000C9FF0028F3D096F83430C3F34013A34250
:108D900002D0002002B070BD0622294606F108006C
:108DA00007F04CFBB0FA80F04009E0E72DE9F04F06
:108DB00085B005469DF838600F9F14469C4611B15A
:108DC000DB78D80741D59CF80130072B39D99CF8BE
:108DD00003209107C2F3400818D50D2B31D9E34683
:108DE0001BF80A9BC9F3801A4FEAD9191CB195F8F0
:108DF00028301A0747D55B464A4621462846CDE922
:108E00000E6705B0BDE8F04FFFF75CBE9CF8002090
:108E1000C2F3801AD2091CB9012005B0BDE8F08F59
:108E200095F828301B07F7D491460CF104010CF19A
:108E30000A0BFF2E8DF80F600BD095F835309E424F
:108E40001DD0002005B0BDE8F08F084605B0BDE894
:108E5000F08F0DF10F0250460191FDF75BFF0028E6
:108E6000EFD095F834300199C3F340135345E8D15E
:108E7000062205F1080007F0E1FA0028E1D1B8F177
:108E8000000FC9D0B7E70CF10401D2E72DE9F04794
:108E90009DF8285047680C46AD019DF82010994672
:108EA00005F04005237845F0250545EAC11503F096
:108EB00010031D4390460B9B2570222262701A6896
:108EC000C4F802209B88E380099B1968A1609B88F5
:108ED000A3817B68C4F80E30B97A3B896382012292
:108EE00021756275B7F816A0064602F047FA4946A2
:108EF00005464046B8F1000F27D018F0040F52D1B4
:108F000001F0CAFD08F003032B33DB00C8F3400275
:108F1000D34003F65A232B44A3EB00093369EBB18A
:108F200040F2E24303FB0AFA02F0CAF901210546C6
:108F30004046D6F8108001F0ADFD2B184344002BBD
:108F400001DB994538D95344F9E701F0A5FD05F552
:108F5000DB69A9EB00093369002BE1D10C9AC2F857
:108F60000090A375E375FB8A23833B8B6383B38AED
:108F7000A383D7F82230C4F81E3097F8263084F83F
:108F8000223097F8282094F8233062F3040384F801
:108F90002330FEF787FC94F8233060F3471384F8FE
:108FA0002330BDE8F08701F077FD05F5D45909F1CC
:108FB0000C09A9EB0009CEE70C9A1360054AA3EB54
:108FC0000903A2FB0323627D9B0A0132E3826275DF
:108FD000C9E700BF5917B7D130B5044683B0FEF7D3
:108FE00079FAACB10DF107012046F7F7F5F89DF8D5
:108FF0000730054663B1164B1B8813B31DB195F9B5
:109000002830002B0FDB2046FEF772FA03B030BD8C
:109010000F4B1B88002BF6D10520F0F7B5FB00287D
:10902000F1D100DEEFE70B4B0021012208469D60E5
:10903000EDF756FC0028F4D12046FEF759FA03B0AC
:1090400030BD0520F0F7A0FB0028D7D100DED5E722
:109050004E8000204C020020F0B50C4683B007463D
:1090600015461E46FEF724FA01F0A0FF204601F047
:10907000F9FC01F06BFD00283ED1FDF7A7FE48BBCF
:1090800002F082F97B790446012103F0070001F028
:1090900003FD7B79044403F00700022804F1A304D4
:1090A00016D004280CBF4FF4BC73282301211C44A4
:1090B00001F0EEFC201A02F011F902F057F901F06C
:1090C0008DFF3146284603B0BDE8F04001F0DABB21
:1090D0001823EBE70DF10700FDF79AFD7A79C2F34B
:1090E0000202920042F00202014602F01E029DF8C6
:1090F000070002F0D5F9C3E700DEBEE770B504460D
:109100000120A568F0F7EAF9014638B1E86A044A97
:1091100023462031BDE87040FFF79EBF00DEF5E733
:109120002998010010B504460120F0F7D7F940B1A5
:10913000234600F12001044A2046BDE81040FFF715
:109140008BBF00DEF4E700BF0D98010010B50446A8
:109150000120F0F7C3F940B1234600F12001044A91
:109160002046BDE81040FFF777BF00DEF4E700BF00
:10917000759101002DE9F04F83B0064601F0F0FC37
:1091800010F0FF074CD1FEF79BF939463046F7F750
:1091900023F8F4680546002C00F0DE80F7606B6869
:1091A00093F82C206FF3000283F82C2095F82830D8
:1091B0006FF3C71385F828300127206827712146EF
:1091C000F0F7BEF9E468277120682146F0F7D0F97E
:1091D00095F83430DA061AD56FF3041385F8343075
:1091E000F0F798F90146002800F0B4800A238D605A
:1091F0000B71EB6ACB600868F0F7BAF95B48294657
:1092000001F040FB03B0BDE8F04F01F059BC5848F5
:10921000314601F037FB03B0BDE8F04F01F050BC20
:1092200001F0C0FC814602F0ADF95FFA80F802F06F
:109230008BF95FFA80FA01F0C7FE0746FEF740F9A6
:1092400000213046F6F7C8FFF4680546002C00F010
:1092500086800023F360B8F1000F00F08480504650
:10926000FDF704FD82465FFA89F2002A97D001F0EB
:10927000A7FC01900120F0F731F98146002870D059
:1092800099F8201001F00F02082A88D199F82120BE
:109290000E2A84D199F822203F2A80D899F82320D9
:1092A00002F00302032A7FF47AAF09F1240BC1F321
:1092B000801153465A462846FFF74CFD00283FF4DC
:1092C0006EAF019B99F820101A78C2F38012B2EBAE
:1092D000D11F7FF464AF19460231062209F12A003A
:1092E00007F0ACF800287FF45AAF6A68707992F8FA
:1092F000481060F3020182F848107179FF00C1F351
:10930000020107F0080747EA011792F8481021F018
:1093100078010F4382F84870707992F8491060F331
:10932000020182F84910B8F1000F3FF44DAF99F8EF
:10933000202094F82010C2F3801262F3C71184F841
:109340002010D9F82420A262B9F82820A28584F838
:1093500019A039E700DE49E700DEF4601FE700DE10
:1093600077E700DE8CE74FF0FF0A7CE7E98C01002D
:10937000D98F010010B504460520F0F705FA20B199
:109380002046BDE81040FEF7FFB800DE2046BDE8ED
:109390001040FEF7F9B800BF884208B507D0F6F7CD
:1093A000D7FD00280CBF6FF08B00002008BD00DE49
:1093B000F5E700BF2DE9F04F074685B0FEF78AF8C4
:1093C000D7F80C80B86898F8029001244FEA591930
:1093D00004FA09F4E4B23C73F6F7BAFD82460028B9
:1093E00000F0D280002398F9002098F802500193F1
:1093F000002A4FEA052598F8012005F4F85545EABA
:10940000020598F80020B4BF4FF496711E2101FBAD
:1094100005F5B4BF4FF49E712E2112F0400F14BF1A
:1094200032264FF4FA765D4A009105FB06F6A2FB60
:1094300006264FEA840B5A4A4FF0000C01212046C1
:109440005FFA8BFBA2F800C001F060FA5A46FF21D8
:10945000082001F0D7FA98F8000000F03F00FDF76F
:10946000E9FF07F1200001F0FDFA019BB60C002B8B
:1094700000F085804B48194601F004FA962001F06F
:1094800025FE012322460021204601F03FFDFDF785
:109490009DFC002857D19AF8283013F0180F47D1B7
:1094A0007F6901212046FDF7FBFF2F44BF1B381ABF
:1094B000A0F11001A0F10F08002001F0A3FE8045EB
:1094C000074614D03848394A394940F2671305F045
:1094D0006CFD434637483A46294605F066FD0023B1
:1094E00083F31188BFF36F8F0323184602DF009BBD
:1094F000012120461E44FDF7D3FF374403460121D6
:1095000020461F4401F0C8FAB9F1010F074418D0F2
:10951000B9F1020F0CBF4FF4BC702820384401F0A1
:10952000EBFE01F023FF05B0BDE8F04F01F056BDA2
:109530000120FDF737F84178821C007801F072FDB8
:10954000AEE71820EAE79AF82800C0F3C000FDF75C
:1095500029F882460DF10F00FDF75AFB9AF8011029
:1095600080460AF102029AF8000001F05BFD9DF8C6
:109570000F004BF00202414601F092FF90E70E48C7
:10958000394601F07FF979E7BB6800930146184638
:10959000F6F722FE009B824625E700BF83DE1B43D1
:1095A0004E8000200D980100C0090200800C0200CE
:1095B000D00C0200F00C02002998010010B568B12F
:1095C0000C46FEF74FF900280FDB0520F0F7DCF81A
:1095D00068B12046BDE81040FDF7CCBE054801F05B
:1095E00051F9BDE8104001F06BBA00DEEDE700DE96
:1095F000EFE700BFD98F010010B582B00446FEF737
:1096000001F9002809DB084A0849094800940023A9
:10961000F0F7FEF818B902B010BD00DEF3E77730BE
:10962000F9D000DEF7E700BF11450000BD9501004D
:10963000999301002DE9F04F0446007800F00F00E7
:10964000072883B0884616461F4640F08F8065780D
:10965000002D7DD0A3789B067AD0E378D8074CBF45
:109660000A340434990748BF06345A0748BF013406
:10967000180748BF0234D9066AD5A37862784FEA42
:10968000032C0CF4F85C5CEA020C61D05F2B4FEA0F
:1096900053195DD8227802F03F03242B58D812F0DA
:1096A000800F14BF4FF496731E2318F0040F03FBB2
:1096B0000CFA51D108F003010D440935ED00C8F34F
:1096C0004001CD40534405F596718B4240D352067C
:1096D0004CBF32224FF4FA72264B02FB0AF2A3FB74
:1096E0000232920C31464046019201F0D5F94FF01A
:1096F000010B03460BFA09F0C0B259469946FDF733
:10970000CFFE019A05F2EF6313444B4403449A459C
:109710001ED85846EFF7E2FE814648B30C9BC9F8C5
:109720000830C9F80C4001F029FE31460446404695
:1097300001F0B2F9641B241A49463846C9F81440AE
:1097400001F0A0F801F0BCF9012003B0BDE8F08FF2
:10975000002003B0BDE8F08F7100ED0001F00201C0
:109760002B3501318D4005F5BC75ABE700DE6EE7AA
:1097700000DED3E783DE1B43F0B50C46C978C9078A
:1097800083B040D5054617461E46FDF71FFB98B926
:1097900095F8283013F0180F0BD00120FCF702FFCA
:1097A0002246334612F8041BC1F38011FCF706FF72
:1097B0003870012003B0F0BD95F828002546C0F3AD
:1097C000C000FCF7EFFE15F8041B3346C1F380110F
:1097D0002A46FCF7F3FE38700028EAD123785B06AE
:1097E000E7D50DF10700FDF713FA9DF80730002BC0
:1097F000DFD0284601F0FAFE089B187001F0A4FEA5
:10980000099B1870D5E7002003B0F0BD10B50446E1
:109810000021F6F7E1FC6279214602F00702BDE87B
:109820001040EAF7B1BF00BF034680681A7B90F88A
:109830003430DB0602D50021EAF7A6BFC16AEAF799
:10984000A3BF00BFF8B50546FDF744FEEFF78CFF58
:10985000044600283FD0214B214A1B781178A27979
:1098600020485B0001F0010103F002030B4322F0EA
:10987000030213431C4A01881278A1800120207042
:10988000A371227219B195F92730002B04DB284609
:10989000BDE8F840FDF72CBE95F82C30C3F3021359
:1098A000022B16D0042B0CBF4FF4BC77282701F0F5
:1098B00051FD064601F054FD361AE660EA6BC4E934
:1098C00004270023EB636B642846BDE8F840FDF7EE
:1098D0000FBE1827EBE700DEBDE700BF7180002058
:1098E00072800020508000206F80002008B501F0B9
:1098F00063F902780346012161F301021A70002026
:1099000008BD00BF014B0020187070476D8000201B
:10991000704700BF30B40849084A094D094C0A484D
:1099200000230B8013700949094A2B8023700370B0
:109930000B70137030BC7047508000207380002083
:1099400052800020728000207180002070800020F2
:109950006F800020814207D091F82C305B070CD536
:109960000C4B188848B970470A4A0B4B11881A7873
:1099700021B9032A08D900DE03E0074B1B78032B2B
:10998000F9D86FF08B00704701321A706FF00F003A
:10999000704700BF5080002070800020814207D0B7
:1099A00091F82C305B070CD50C4B188848B97047E0
:1099B0000A4A0B4B11881A7821B9032A08D900DE0C
:1099C00003E0074B1B78032BF9D86FF08B0070472F
:1099D00001321A706FF00F00704700BF52800020F4
:1099E0007080002038B50D4678B30446FDF73AFF85
:1099F000002847DBE2682389518B938301330B44B2
:109A000092F927105383002913DBEFF7ADFE0028EE
:109A100036D0837923F00303002243F002030121AF
:109A200001708280837102722846BDE83840FDF7DC
:109A3000A1BC2089136B916B00FB03330B44516B6A
:109A40008B4228BF0B469363DFE791F92730002B49
:109A50000ADB0D48294600F015FF01F031F895F8B2
:109A600062301B0708D438BD084B1B88002BF0D18F
:109A7000074B01221A70ECE7BDE8384001F006BD43
:109A800000DEC6E700DEB5E7459801005280002001
:109A90007180002070B506460120EFF71FFD48B326
:109AA000002180F8211096F8495005F0070500F1D3
:109AB0002004284600F02AFF96F86230AA001B070F
:109AC00042F001020DD51F21082000F09BFF224625
:109AD000294606F1630001F05DFCBDE8704000F02E
:109AE000C1BF08201B2100F08DFF2046BDE870405B
:109AF00000F0B8BF00DED3E738B50446FDF7D8FC68
:109B00002C4AA08913880133138001F0DFFA94F8FE
:109B1000482094F84900C2F3C00300F0070002F0A7
:109B20000702002101F0F2F92046FFF7B3FF01F030
:109B30000DF800283BD101F027FC258A034694F854
:109B400049000D35012100F007001D4400F0A4FF7D
:109B500094F8493003F00703022B054425D0042B69
:109B60000CBF4FF4BC73282394F84800C0F3C00125
:109B700000F007001D4400F08BFF281A01F0AEFB37
:109B80000D4B1B881BB994F92730002B05DA2146B1
:109B90000A48BDE8384000F075BE01F01FFA2146C2
:109BA0000648BDE8384000F06DBE1823DCE700DE53
:109BB000C1E700BF5280002050800020E59C0100DA
:109BC00070B590F84830054603F007040E4620466D
:109BD000C3F3C00100F09AFE95F86230A200DB06E4
:109BE00042F001020CD508201F2100F00BFF314686
:109BF00005F1840001F0D2FBBDE8704000F038BFF1
:109C000008201B2100F0FEFE3046BDE8704000F049
:109C10002FBF00BFF0B5054683B001AAC06C0F4648
:109C2000296DECF7F1FD95F862305A0706463BD4F2
:109C300048B3019C95F8613095F8602004341C44C9
:109C400012B9627885F8602033B12378012262F37B
:109C50000103237095F8613095F86020D31A637082
:109C60002846F7F76DFA637883422BD9607001219B
:109C7000237803F00F03002243EA01132370A2703C
:109C80003C6003B0F0BD43F0040385F8623000F09F
:109C900093FF0446124B1B78EBB1237843F010037B
:109CA00023703C6003B0F0BD43F0040385F86230DC
:109CB00000F082FF0446002EECD0237843F010031E
:109CC0002370EEE732682B6D9A42D0D1044B19789D
:109CD0000029CCD1CCE7227863F304122270CFE7BD
:109CE0006D8000202DE9F04F85B0044600F038FF6C
:109CF000C0B250B9FDF7E4FBC748214600F0C2FDF1
:109D000005B0BDE8F04F00F0DBBE00F04BFFC6B27F
:109D100001F07EF9DFF80483C7B2FDF7D1FBB8F894
:109D2000003001200133A8F80030EFF7D7FB0546DB
:109D3000002800F03A81002E5AD1B94B93F80080E8
:109D4000B8F1000F40F0E38094F8622003A9C2F359
:109D5000800B204601221A70FFF75CFF94F9273030
:109D6000002BB146C0F20A81AE4B1B78002B00F0ED
:109D7000BE80A948214600F085FD94F92730002BCC
:109D800080F2188101F012F9039994F862200B789F
:109D900062F3C3030B7094F862300A78C3F3400394
:109DA00063F382020A702046FFF70AFF00F0CEFE3E
:109DB000002840F02F8101F0CDFA002800F08180CA
:109DC000B9F1000F00F08580A08A4FF6FF7398422A
:109DD00000F03F814946F7F73DF9B8F1000F7BD11C
:109DE000EFF7BEFB002F40F0C28005B0BDE8F08F5A
:109DF00094F8622095F8201002F00103C1F380006E
:109E0000984200F0C08083F0010363F3000294F9EC
:109E1000273084F86220002B05DA94F82C3043F0C8
:109E2000080384F82C30DFF800B29BF8003013B13F
:109E3000013B8BF8003094F8623013F0040A40F0D4
:109E4000C680D4E9130103AAECF7DEFC81460028A2
:109E500000F0D580039B04331A46009394F86130D8
:109E60001A44517871B194F86220D0060AD5D4F81A
:109E700094200132C4F89420D4F8982042F10002D2
:109E8000C4F8982094F860201944C9B2914280F037
:109E9000BE8084F861104FF0000994F92720002A51
:109EA000C0F2EF8095F82010CA065CBF009A12F845
:109EB00003A094F862205CBF8AF0100ACAF3001A6B
:109EC00064E001F03BFA01F03FFAB9F1000F7FF4D2
:109ED0007BAFB8F1000F85D0EFF71CFB03232B718C
:109EE000A38A2868EB802946EFF72AFB78E7E08908
:109EF00001F0ECF894F8490000F0070000F0F2FFE0
:109F00004A48214600F0BEFC01F030FA3CE708F177
:109F1000FF3818F0FF0894F8622083F8008008BF2B
:109F20004FF0010AB04618BF4FF0000AB14603A92E
:109F30002046C2F3800BFFF76DFEBAF1000F7FF4ED
:109F400018AF94F92730002B18DB002E3FF40CAF2C
:109F500095F82030D9063FF507AF039B1A78D20653
:109F60003FF502AF5B78002B3FF403AFFCE601F056
:109F70003FF884F8A60005B0BDE8F08F636C002BB5
:109F80007FF4F7AEE1E74FF0000AD146C1F3C0011C
:109F9000C2F3400399425FD04FF000082049244BA0
:109FA0000020087001211970C1E700DE002E3FF487
:109FB000C4AE1DE700F084FD00F0C8FD002868D1A4
:109FC00094F862306BF3820384F86230F3E66FF347
:109FD000820384F8623000F0EFFD94F92730002B03
:109FE0000DDB95F8201011F010090AD190F800A0AF
:109FF00094F862208AF0100ACAF3001AC6E795F8AE
:10A00000201094F862204FF0000AD146BEE773D0CA
:10A0100000DE40E700DECEE64598010050800020DB
:10A0200073800020708000206D800020F99A01006C
:10A030007280002001F082F901F086F9B9F1000F79
:10A040003FF4D0AEA08A4FF6FF73984250D14FF044
:10A05000000800DEA08ABDE60320EFF73FFAA8B1B2
:10A0600094F8623083F0020384F8623095F821306E
:10A0700094F86220002B8FD010070CD44FF0010809
:10A080008CE794F8622095F820107FE794F862201E
:10A0900082E700DE94E701F0C7F900287AD001F0EA
:10A0A000EBF9002861D1D4F87330D4F8772013434A
:10A0B00005D195F8203003F00303032B3ED0364B37
:10A0C0003648022221461A7000F0DCFB00F0F8FC52
:10A0D00000F03CFD80BB01F03DF90028AAD0B9F1A9
:10A0E000000F3FF47FAEA08A4FF6FF7398424ED028
:10A0F0004946F6F7AFFF73E60022A4F86020206D12
:10A10000019304F14C01ECF787FB039A019B126861
:10A11000C9F80020039AC2F800909BF80020DDF8EF
:10A120000C9022B9B8F80020052A7FF6B6AE1C4A7A
:10A1300012788BF80020B0E600DECCE700F040FD9E
:10A140004378272B0146BAD80333DAB205F1200051
:10A1500006F044F9D4F87330013BC4F87330D4F8F6
:10A16000773043F1FF33C4F87730D4F873300133DC
:10A17000C4F87330D4F8773004F1730243F100036C
:10A180005360054B01221A7094F8622076E700DED6
:10A19000A08AADE700DE82E76F80002045980100CD
:10A1A0006E800020024B1A7818701046704700BF6E
:10A1B0006E80002010B582B00446FDF723FB002816
:10A1C00009DB084A0849094800940023EFF720FBFF
:10A1D00018B902B010BD00DEF3E77730F9D000DE29
:10A1E000F7E700BFA94E0000E59901009D99010025
:10A1F00010B582B00446FDF705FB002809DB084ACC
:10A200000849094800940023EFF702FB18B902B08F
:10A2100010BD00DEF3E77730F9D000DEF7E700BFCE
:10A2200009510000E59901005599010008B500F0B9
:10A2300067FC00F03BFF0C4B0C4A19781378CB1AE3
:10A24000DB0701D4117008BD094B186800F03EFF10
:10A25000084A094B12781B781046194600F06CFE2C
:10A26000BDE8084001F082B87580002074800020AD
:10A27000587B00207880002077800020F8B50C46BD
:10A2800017461D46064600F039FAFDF7D3FA0028B6
:10A2900044DB00F023FB0698002100F0F3FA032CC6
:10A2A0002FD80121013C01FA04F4E0B21C4B1D4CF3
:10A2B0001970207000F02AFB7D2F25DC07F17F0349
:10A2C000DBB2932B28D8384600F042FB00F034FB79
:10A2D00000277000023000F067FB134800F07EFB9F
:10A2E000124940F25B6000F051FC23786A0142EAB7
:10A2F000830202F0FC02FF21082000F083FB3846B5
:10A30000F8BD00210420D1E77F2F02D100F01EFB11
:10A31000DCE700F017FBD9E71127DAE700DEB8E742
:10A320007780002078800020E00F0200555555000E
:10A3300010B500F015FCC0B228B900F0E1FBBDE893
:10A34000104000F0B3BE00F02DFC044600F0D8FB36
:10A3500000F0ACFE962000F0B9FE074A074B1278D9
:10A360001B7810461946E4B200F0FCFD1CB1044A0B
:10A3700013880133138010BD78800020778000207F
:10A3800054800020F0B5144683B0072C9DF820704F
:10A390009DF9302028D80D46591E032924D84B4E4C
:10A3A0003178F1B919464A4B00933B1E18BF01237F
:10A3B000FFF764FFB0B9A7B9464A137801331370A9
:10A3C00000F0FEFB0378457064F30303013C07468D
:10A3D0000370062C73D8DFE804F0625C56504A44E0
:10A3E0000A000C2003B0F0BD112003B0F0BD2A46D6
:10A3F000AA21033006F01AF8374C384600F038FB33
:10A400002278530751D5354F3A785200EB0002F0CD
:10A4100002022B330132934003F5BC73304A03F23E
:10A420006930A2FB0020400A40F2712202FB00F0DA
:10A43000C01A2C4B186000F049FE3B782278194670
:10A44000104600F079FD00F07DF90022C11C0120CA
:10A4500000F048FE00F08AFF01230020337003B0B3
:10A46000F0BD2A46F021033005F0E0FFC4E72A469C
:10A470000021033005F0DAFFBEE72A46FF21033052
:10A4800005F0D4FFB8E718492A46033005F0A6FFC7
:10A49000B2E72A465521033005F0C8FFACE72A464B
:10A4A0000F21033005F0C2FFA6E702F003032B449F
:10A4B0000933DB00C2F34002084FD340AEE70B493B
:10A4C0002A46033005F08AFF96E700BF7680002019
:10A4D0002DA2010075800020788000207780002068
:10A4E0005917B7D1587B0020E00D0200E00E0200A2
:10A4F00070B54A1E022A82B02DD8194E1D463378F7
:10A500002BBB184B00932B1E18BF01237F22FFF794
:10A51000B5FE0446C0B9D5B900F052FB00F0A2FA6E
:10A52000962000F0D3FD104A104B12781B7810468D
:10A53000194600F017FD00F005F92246C11C20461F
:10A5400000F0D0FD01233370204602B070BD0C2412
:10A55000204602B070BD1124204602B070BD00BF7D
:10A560007680002031A301007880002077800020D1
:10A57000F8B51A4F3B784BB3194B1A4C1A4D1A8841
:10A58000028000212278198029789142D3B21FD00D
:10A5900022780233DBB293422B700CD02026EFF3EB
:10A5A000118086F31288BFF36F8F04F076FE237854
:10A5B0002A789A42F3D100F085FEFDF753F900287E
:10A5C00009DB00F0ABF800203870F8BD0C20F8BDB6
:10A5D00000F076FAEFE700DEF3E700BF76800020B8
:10A5E0005480002074800020758000204FF080533C
:10A5F0000246D3F8A410013107D04FF08051D1F8B2
:10A60000A00010F0010009D17047D3F8A8304FF630
:10A61000FF719BB28B42F0D100207047D1F8A4307B
:10A620001360D1F8A8301371C3F3072363F03F031D
:10A630005371D1F8903001331CD0D1F894300133EC
:10A6400018D0D1F89830013314D0D1F89C300133B0
:10A6500010D0D1F89030C2F80630D1F89430C2F85A
:10A660000A30D1F89830C2F80E30D1F89C30C2F8D8
:10A67000123008E00023C2F80630C2F80A30C2F8EF
:10A680000E30C2F812300120704700BF00234FF097
:10A690008052036043608360C360D2F8803001332E
:10A6A00018D0D2F88430013314D0D2F88830013376
:10A6B00010D0D2F88C3001330CD0D2F880300B603F
:10A6C000D2F884304B60D2F888308B60D2F88C306E
:10A6D000CB60704700230B604B608B60CB60704792
:10A6E000054B4FF480320021C3F80815C3F844230A
:10A6F000C3F80423704700BF00B00040054B187832
:10A70000421C1A7018B9044B01221A6070470120CC
:10A71000704700BF7980002000B00040074B1878D8
:10A7200048B10138C0B2187018B9054B01225A60FF
:10A7300070470120704700DE1878F2E7798000202A
:10A7400000B00040014BD3F80405704700B0004052
:10A75000024B00F5A87043F82010704700B000408D
:10A7600030B4374C05460020C4F800050220814271
:10A77000C4F8000544D0042949D032494FF0007094
:10A78000C1F8040530482E49022AC1F804052FD02B
:10A79000032A31D0E322C1F820252C4AD2F818250B
:10A7A000D2B21F2A03D9FF2A47D0111F00E01B2174
:10A7B000234A2748C2F8181500242649C2F808552C
:10A7C000C2F80C05C2F81035C2F81415C2F80042E0
:10A7D000C2F80041D2F80031C2F80441D2F8043185
:10A7E000C2F808410123D2F80811136030BC704749
:10A7F000C322C1F82025D0E7A322C1F82025CCE749
:10A8000010494FF00070C1F804051348BBE703215D
:10A81000C4F81C1511480B49C1F8800500F55E40CD
:10A82000BC30C1F884054FF48040C1F804054FF0F6
:10A830000070C1F804050A48A5E7FB21B8E700BF8E
:10A8400000F0004000F00140010000010010004055
:10A85000707C0020607B002001000101501100404D
:10A8600001000201044BD3F8103123B1034A044B19
:10A8700010681B681847704700100040747E002065
:10A88000787E0020024A034B11601860704700BFB9
:10A89000747E0020787E00204FF080434FF0FF321E
:10A8A0000021C3F8002EC3F8042EC3F8081EC3F815
:10A8B0000C2EC3F8101EC3F8142EC3F8182EC3F8BC
:10A8C0001C2EC3F8202EC3F8242EC3F8282EC3F85C
:10A8D0002C2EC3F8302EC3F8342E7047064B074891
:10A8E0000749084A10B40024C0F81845C3F80018F6
:10A8F000C3F8042810BC704700F00140001000406D
:10A900000012020000240400704700BF02280FD08C
:10A9100004280BD101F00101C1F10601054B40F201
:10A920000122C3F81015C3F8502670470321F5E73C
:10A930000421F3E700100040014BC3F80C057047F9
:10A94000001000406FF02700704700BF08207047DC
:10A9500007281BDC831EDBB2052B16D9002817DA6B
:10A96000031D17DA10F1080F17DA10F10C0F17DAC0
:10A9700010F1100F07DA10F1150FCCBF6FF01300B4
:10A980006FF0270070476FF00F0070470820704786
:10A99000002070476FF0030070476FF007007047AA
:10A9A0006FF00B00704700BF014BC3F808057047FC
:10A9B00000100040084B00F07F00C3F85405D3F8A6
:10A9C000182522F00072C3F81825D3F8182542F094
:10A9D0000072C3F81825704700100040084A002193
:10A9E0000123C2F82C15C2F83035C378C2F82435DB
:10A9F0008178038843EA01431B02C2F81C35704783
:10AA000000100040C2F38203022B02F0030221D0A7
:10AA1000042B0CBF4FF0C74C4FF0000C013A022A38
:10AA200098BF4CF4801C00F00F000C4B0C4A40EA1D
:10AA30000C0040F48070C3F81405D3F818050240E8
:10AA4000C3F81825D3F81825114341F44031C3F851
:10AA5000181570474FF0807CE0E700BF0010004001
:10AA60000000F8FE014BC3F80405704700100040D9
:10AA7000014BC3F80405704700100040022804D0C1
:10AA800004280CBF2A20292070472820704700BFC7
:10AA90000120704729207047022809D0042805D1D9
:10AAA00011F0010F0CBF19201E2070470A207047BB
:10AAB00005207047014B01225A607047001000408A
:10AAC0000B4B0C480C4910B44FF41064C3F8084504
:10AAD00001224FF480245A60DA60C0F84843074CE2
:10AAE000C3F808450020C1F800020A6110BC704795
:10AAF00000F0014000B0004000100040C041780E5E
:10AB0000114B0022C3F80021D3F80011C3F804212F
:10AB1000D3F80411C3F80C21D3F80C11C3F86C213D
:10AB2000D3F86C11C3F87021D3F87011C3F8282141
:10AB3000D3F82811C3F81021D3F81011C3F850210D
:10AB4000D3F85031704700BF00100040034BD3F8DA
:10AB50000001003818BF0120704700BF00100040FE
:10AB6000034BD3F80C01003818BF0120704700BF19
:10AB70000010004001207047034BD3F85005B0FA95
:10AB800080F04009704700BF00100040044B40F2C5
:10AB90000312C3F83425C3F83805C3F83C157047D1
:10ABA00000100040034BD3F80004003818BF012008
:10ABB000704700BF0010004000487047747D0020BF
:10ABC00000487047707C00202DE9F04FBA4CDFF848
:10ABD000EC8294F800C0BA4DDFF8E8B29DF82490FA
:10ABE0009DF82CA0C8F868B54FEACC0606F180475E
:10ABF00007F5F8370CF10C0E012905EB8C055FFA0F
:10AC00008EFEC8F86C7557D0002843D04FEACE0EA0
:10AC10000EF1804E0EF5F83EAB4BCEF810552D21BF
:10AC2000CEF814350CF111020CF10903D2B2DBB2EB
:10AC3000D200DB00A54802F1804203F1804302F517
:10AC4000F83203F5F83330440026C2F81065C2F834
:10AC50001465C3F81055C3F814054FEA8C0303F1CB
:10AC6000804303F510430CF1010CD3F840258A42D0
:10AC70008ABFD3F840250122521AC3F840258F4BD2
:10AC80004FF410620CF0010CC3F8042584F800C0E6
:10AC9000BDE8F08F022A00F00281042A51D036214B
:10ACA0004FEACE0E0EF1804E0EF5F83E864BCEF8F2
:10ACB0001055CEF81435B5E7012800F0D680B9F16B
:10ACC000020F4FEA8C0800F0CD804AF23C5149F661
:10ACD000C473B9F1040F18BF19460CF111070CF138
:10ACE0000903022AFFB2DBB24FEACE0E00F09180D8
:10ACF000042A2CD0DFF8D8B101F51A510EF1804E9C
:10AD00000EF5F83E2C31ABFB01B1DFF8C8B1CEF83F
:10AD100010558909CEF814B5002840F08A805207F2
:10AD200040F18780B9F1020F00F0C2804AF2B810FA
:10AD30004AF23072B9F1040F08BF104642F2B8422D
:10AD400025E013F0010F0CBF45214A21A8E7604A16
:10AD500001F5EB410EF1804E0EF5F83E1431A2FBE9
:10AD600001215C4ACEF810558909CEF81425002837
:10AD70005FD1B9F1020F00F094804AF2B8124AF2A2
:10AD80003070B9F1040F18BF104646F218020244A1
:10AD90000CF5A8755048DFF844E150F825504C48B0
:10ADA000DFF82891A0FB02029009B5EB921F88BF43
:10ADB0002D1A0CF102024248D2B24FEAC7074FEAFD
:10ADC000C30300EB8200C64402F5A872DFF80881D5
:10ADD00007F1804703F1804303F5F83307F5F837AF
:10ADE00098BF012548F82250B1443A4A334EC7F87B
:10ADF0001005C7F81425C3F81005C3F81495384B8F
:10AE0000C6F8A8354FF40023C6F8ACE5C6F80435FB
:10AE100023E72F4A01F5AB510EF1804E0EF5F83EB7
:10AE20001C31A2FB01212B4ACEF810558909CEF81E
:10AE30001425BAF1010F09D0FF0007F1804707F58B
:10AE4000F8370022C7F81025C7F81425DB001F4A81
:10AE500003F1804303F5F8333244C3F81055C3F8C7
:10AE60001425FAE649F6404137E7B9F1020F1DD043
:10AE7000B9F1040F0CBF2B212A214FEACE0E0EF19F
:10AE8000804E0EF5F83E134BCEF810550CF111071D
:10AE9000CEF814350CF10903FFB2DBB2C9E7322159
:10AEA000FEE649F6346046F2180270E72921E4E72D
:10AEB00049F6346042E700BF7A80002000F001408C
:10AEC000409100400C1100400410004004F001408B
:10AED000D34D6210001000400090004040900040B0
:10AEE0005011004000B5084A85B000230321C2F884
:10AEF00000120090CDE901331A4619460120FFF7F0
:10AF000063FE05B05DF804FB0010004070B5094E0B
:10AF100084B014461D4602460B4600200321C6F8A5
:10AF20000012CDE9015000940121FFF74DFE04B05D
:10AF300070BD00BF0010004070B5094E84B01D46C2
:10AF40000B460321C6F8001200211446029101218C
:10AF50000246CDE900450846FFF736FE04B070BD55
:10AF60000010004070B5094E84B014461D460246DC
:10AF70000B4603200021C6F80002CDE901510094E0
:10AF80000846FFF721FE04B070BD00BF001000406E
:10AF90000449054B03204FF41062C1F80002C3F8C6
:10AFA000082570470010004000F001400449054B9F
:10AFB00003204FF41062C1F80002C3F8082570475F
:10AFC0000010004000F00140034BD3F85001B0FAEC
:10AFD00080F04009704700BF00100040034AD2F8DB
:10AFE000003243F48873C2F800327047001000400A
:10AFF000014BD3F84805704700100040034B002276
:10B00000C3F81C21D3F81C31704700BF001000406A
:10B01000034BD3F81C01003818BF0120704700BF54
:10B020000010004010B44FF0000C4FEA8C0303F105
:10B03000804303F580531468C3F800460CF1010CFB
:10B040009488C3F82046BCF1080F02F10602ECD147
:10B05000034B40EA0120C3F8400610BC704700BF14
:10B0600000100040034AD2F8403623F0FF03C2F834
:10B070004036704700100040034B0022C3F81421F3
:10B08000D3F81431704700BF00100040034BD3F8D1
:10B090001401003818BF0120704700BF00100040A5
:10B0A000014BD3F810047047001000400449054BD1
:10B0B000054A4FF48020C1F84803C3F808257047BB
:10B0C00000B0004000F00140C041780E034B044A3C
:10B0D0001B7803F5A87342F8230070477A8000209C
:10B0E00000900040F0B4A2F57423274DA3F510732F
:10B0F000AB42044606D902F1E87202F5D4320139B6
:10B1000002F5A572214B2248224D234E0127DF6014
:10B110000027C3F80475A0FB02020427C3F81075CA
:10B12000900C0227C3F808751C4AC3F84005C5F8FF
:10B1300048154FF48021C5F844134021C2F84065FA
:10B14000C2F84435C2F80415C4B14FF48013C2F8F4
:10B150000435134B012100240422D960C3F80445AF
:10B16000C3F810250D4AC3F8084519600D49C2F807
:10B1700050150C33C2F85435F0BC70474FF400132F
:10B18000C2F80435E5E700BFBFBDF07F0080004096
:10B1900083DE1B4300B0004048B1004000F0014096
:10B1A000009000400C110040134A30B40123134CAE
:10B1B00053604FF48025D360C2F84035104BC4F87B
:10B1C0004815C4F84453402104F5A474C3F840451D
:10B1D000C3F84425C3F8041530B14FF48012C3F806
:10B1E0000425012030BC70474FF40012C3F8042539
:10B1F000012030BC704700BF0080004000B000401C
:10B2000000F0014070B4114BD8B14FF48012C3F874
:10B2100004250F4B0A460026012502E0D3F84041E1
:10B220006CB9C1EB4201C3F84061481CD3F840211E
:10B23000C3F84005DD64D3F84C259142EED370BCD1
:10B2400070474FF40012C3F80425E2E700F0014014
:10B250000080004070B4154B0122DA64D3F84C250D
:10B26000E8B103F5B8334FF48011C3F804150F4B60
:10B2700011460026012502E0D3F840416CB9C2EB2B
:10B280004102C3F84061501CD3F84011C3F8400597
:10B29000DD64D3F84C158A42EED370BC7047044B82
:10B2A0004FF40011C3F80415E1E700BF008000402F
:10B2B00000F00140014BD3F84805704700B0004052
:10B2C000002070470349044A01234B600B6153601F
:10B2D0001361704700800040009000400449054B16
:10B2E000C1F844054FF08862C3F80425704700BFD9
:10B2F0000080004000F001400449054BC1F84405BE
:10B300004FF08862C3F80425704700BF00800040FA
:10B3100000F00140054B06480649074AC3F84805B6
:10B32000C3F84C15C3F80425704700BF00F0014076
:10B33000001100404080004080000004014BD3F821
:10B340004405704700800040014B1860704700BF03
:10B350006C7C0020014B1868704700BF6C7C00209B
:10B36000014BD3F84005704700800040024B4FF07E
:10B370000062C3F80425704700F00140014BD3F888
:10B380004805704700800040014BD3F848057047DE
:10B390000080004013460122FFF7E2B930B41D4B94
:10B3A0001D4C1E4A0025C3F8005505460220C3F86F
:10B3B0000005E320C3F80445C3F82005D2F818358A
:10B3C000DBB21F2B03D9FF2B22D01A1F00E01B2258
:10B3D000104B1348C3F818250024C3F80855012260
:10B3E000104DC3F80C15C3F81005C3F81455C3F875
:10B3F0000022C3F80041D3F80011C3F80441D3F888
:10B400000411C3F80841D3F808111A6030BC704722
:10B41000FB22DDE700F000400000010100100040C9
:10B42000707C0020607B002038B5114C0223C4F8EA
:10B430000433D4F8043163B92025EFF3118085F388
:10B440001288BFF36F8F03F028FFD4F80431002B6C
:10B45000F3D0074B074A02204FF40041C3F808031A
:10B46000C2F88011D3F80801B0FA80F0400938BD65
:10B4700000F0004000E100E0034BD3F80004003886
:10B4800018BF0120704700BF00F00040034B0121AE
:10B4900000229960C3F80025704700BF00F000400B
:10B4A000F0B494074FEA920303D4D20737D4012BA8
:10B4B0003BD9214AD2F8042550250132042B08BF7C
:10B4C00005351E4B1E4E00240327C3F80075C3F834
:10B4D0000405C3F80815C3F81025C3F81465C3F8AC
:10B4E0000041D3F80021C3F80441134AD3F80411F2
:10B4F000C3F80841D3F80831C2F86055D2F80032D9
:10B50000104943F04003C2F80032C2F828414FF41A
:10B510000003D2F82821C1F80435F0BC7047064A70
:10B52000D2F804254025013AC8E7034BD3F8042597
:10B530004025013AC5E700BF0010004000F0004080
:10B540005C7B002000F00140014BD3F80004704701
:10B5500000F0004010B4084A084C09490023C2F822
:10B5600028314FF40000D2F82821C4F80035C1F882
:10B57000080510BC704700BF0010004000F00040FC
:10B5800000F0014038B5164BD3F828312BB3154CD9
:10B590000123C4F80433D4F8003163B92025EFF354
:10B5A000118085F31288BFF36F8F03F076FED4F815
:10B5B0000031002BF3D00B4B0B4A01204FF400411C
:10B5C000C3F80803C2F88011D3F804212AB1D3F8D4
:10B5D0000801B0FA80F0400938BD002038BD00BF36
:10B5E0000010004000F0004000E100E038B5214CC0
:10B5F0002149002303220338C4F80025C4F81005AC
:10B60000C4F80031D4F80021C4F80431D4F804217E
:10B61000C4F8083101224FF40043D4F80801C1F8FE
:10B620008031C4F804232260D4F8003163B92025A6
:10B63000EFF3118085F31288BFF36F8F03F02DFEB7
:10B64000D4F80031002BF3D00A4B0B4A01204FF401
:10B650000041C3F80803C2F88011D3F8040120B1F7
:10B66000D3F80801B0FA80F04009024B0022C3F879
:10B67000002538BD00F0004000E100E0013901295B
:10B6800005D80B200AB1EAF71FBCEAF72BBC00DE95
:10B69000704700BF29B10139012905D80B20EAF70D
:10B6A00035BC1820EAF732BC00DE0020704700BF2E
:10B6B00088420FD0012807D002280DD1A1F1010046
:10B6C000B0FA80F040097047A1F10200B0FA80F0B2
:10B6D000400970470120704700207047012904D0BD
:10B6E000022902D039B100DE7047064B4FF40062E8
:10B6F000C3F800217047034B4FF08072C3F800215C
:10B70000704700BF00E100E008B504F0DEFB08BDB3
:10B71000032803D8054B185C28B1704700DE034BA3
:10B72000185C0028F9D100DE704700BFE40F02006A
:10B73000013810B41C46042806D8DFE800F00811D0
:10B740001A23030004292FD000DE10BC70470429FF
:10B75000FAD1194B9C6010BC02210020EBF7C0B855
:10B760000329F1D1154B01219C6010BC0846EBF771
:10B77000B7B80429E8D1124B9C6010BC022101200B
:10B78000EBF7AEB8032908D00429DDD10D4B022117
:10B790009C6010BC0846EBF7A3B80B4B9C6010BC38
:10B7A00001210220EBF79CB8084B9C6010BC0221E1
:10B7B0000320EBF795B800BFBC020020AC020020CC
:10B7C0009C0200207C0200208C0200206C020020E1
:10B7D00001460020FEF7BCBF124B30B401210446E5
:10B7E00000205960C3F80445C3F80001C3F8040100
:10B7F000196005E0D3F8042132B9D3F804251AB151
:10B80000D3F80021002AF5D05960D3F80421002A8A
:10B81000E7D1D3F80455002DE3D0C3F8042530BC9C
:10B82000704700BF00E0004070B5114C0126D4F80D
:10B83000045566600E20EAF755FBD4F8040140B1C8
:10B840000021C4F80411D5E90E323046BDE870403D
:10B850001847D4F8003143B1C4F80001D5E90E32DD
:10B8600005F12001BDE87040184700DE70BD00BF43
:10B8700000E0004070B58CB00E461546014610221F
:10B8800068461C46EAF78EFF10220DEB0200314697
:10B89000EAF788FF6846FFF79FFF25B1102208A945
:10B8A0002846EAF77FFF2CB108AD0FCD206061601C
:10B8B000A260E3600CB070BD084B70B5C31A0D46B2
:10B8C00007499B10044659430648402203F0E4FD13
:10B8D0002B4601462046BDE870401847C07E002038
:10B8E000B76DDBB69805020073B50C4C0C4A4023CB
:10B8F000041B00930D460B460A49A41061430646FB
:10B90000094803F0F5FD011E05DA30462B4602B06A
:10B91000BDE87040184702B070BD00BFC07E002077
:10B920005BF50100B76DDBB69805020010B5EFF3CB
:10B930001184202383F31288BFF36F8F074A1368A3
:10B9400023F00201DB07116002D4012004F049F862
:10B9500084F31188BFF36F8F10BD00BF107F0020EC
:10B96000002270B5032104461046EAF7DDFA0F48BD
:10B9700001F022F90E4B984215D101F02DF92669FC
:10B980000C49304603F088FB00280BDB01253564A9
:10B990002469084904F11C0003F07EFB002801DB48
:10B9A000E564002070BD6FF00400FBE7B9BA010048
:10B9B0000000AD0BE80F02007FB500220123CDE9A6
:10B9C000022304ABCDE90433094ACDF800D06B461D
:10B9D000CDF804D003F0BAFD002805DB4FF4804217
:10B9E0000023684601F020FF07B05DF804FB00BFAC
:10B9F00079F5010030B4104B0C2202FB00330146F4
:10BA00000020D3E90E529863EFF31180202484F3D1
:10BA10001288BFF36F8F1C6C04F0C00444F0020462
:10BA20001C6480F31188BFF36F8F1DB12B46034850
:10BA300030BC184730BC7047C07E0020980502001B
:10BA400010B4EFF31182202383F31288BFF36F8FBA
:10BA50001748016841F002040460C80707D482F364
:10BA60001188BFF36F8F012010BC01F0C7B84FF0F1
:10BA70008041D1F80C04D1F80C14C907EFD5EFF3CD
:10BA8000118083F31288BFF36F8F0A490B6C03F0A8
:10BA9000C00343F002030B6480F31188BFF36F8F80
:10BAA00082F31188BFF36F8F002010BCFFF7A2BF95
:10BAB000107F0020C07E002010B1012804D0704704
:10BAC000034B1B6C5B0701D1FFF794BF704700BFAE
:10BAD000C07E0020024AC3B21C2003FB0020704736
:10BAE000C07E0020094BBFF35B8F53E8002F42F06C
:10BAF000010143E800100028F7D1BFF35B8F9307E3
:10BB000002D4012001F07AB8704700BF107F0020F6
:10BB100010B5EFF31184202383F31288BFF36F8FE6
:10BB2000074A136823F001019B07116002D401202A
:10BB300003F057FF84F31188BFF36F8F10BD00BF70
:10BB4000107F00202DE9F0413849BFF35B8F074695
:10BB5000012251E8003F41E800200028F9D1BFF35D
:10BB60005B8F33B9324933484B60CB608A6003F056
:10BB7000A6FA7B1E012B2BD8012F07D14FF0804353
:10BB8000D3F81C3403F00303012B21D004F09DF9FA
:10BB90000546F8B9284B1B78E3B14FF080430222E9
:10BBA000C3F808230646DFF894804FF08044D4F8A9
:10BBB0001824D4F81834D20315D503F00303012B4D
:10BBC00001D0012F0FD155B386F31188BFF36F8FCA
:10BBD000BDE8F081EFF31186202383F31288BFF3D1
:10BBE0006F8F0125DFE7ADB1304603F056FBD4F887
:10BBF0001835002BDBD1D4F80421002AD7D0C4F8A3
:10BC00000431D4F804310123C4F81835C8F8803160
:10BC1000A360CCE70021212004F0F7F9E7E74FF01B
:10BC200080430222C3F80423D2E700BFBC7E002079
:10BC3000AC7E0020DC7E00209D80002000E100E042
:10BC4000EFF31182202383F31288BFF36F8F0A4B27
:10BC5000D3F8001161B10021D3F80805C3F8001131
:10BC6000D3F80031C0B282F31188BFF36F8F7047F1
:10BC70006FF00A00F7E700BF00D00040F0B50346C0
:10BC800010469C7893F803C0EFF31182202585F3CA
:10BC90001288BFF36F8F1F7893F801E0E41B04EA6A
:10BCA0000C04A04288BFA0B23E180CEA06063D462E
:10BCB0001E7082F31188BFF36F8F0A188A4216D163
:10BCC00077450CD1EFF31182202181F31288BFF365
:10BCD0006F8F1978597082F31188BFF36F8F1B79BA
:10BCE000241AA34222BF064B01221A60F0BD5E193E
:10BCF0000135767901F8016B05EA0C05DEE700BF36
:10BD000000D00040DB432DE9F04713F001050E465B
:10BD1000144604D02248FFF7B1FFBDE8F0879AB37C
:10BD2000EFF31188202383F31288BFF36F8F0D2068
:10BD3000EAF7ECF807460D20EAF7D4F888F3118803
:10BD4000BFF36F8FDFF85CA0DFF85C80CAF80051AA
:10BD5000DAF800314FF400590123CAF800302546C3
:10BD6000C8F88091DAF8003183B1FFF769FF031E4C
:10BD7000C8F88091F6DB013DADB27355002DF1D1CD
:10BD800017B10D20EAF7A0F82046C6E7EFF31180BF
:10BD9000202383F31288BFF36F8F03F07EFAE1E76D
:10BDA000447F002000D0004000E100E02DE9F04198
:10BDB000124F0D46144607F1450814B92046BDE858
:10BDC000F0814FF0FF334FF0FF32384601F02CFD89
:10BDD000224629464046FFF751FF0646384601F005
:10BDE000E9FC3EB94FF0FF324FF0FF33044801F059
:10BDF0001BFDE6E7A41BA4B23544DEE7147F002058
:10BE00002C7F002038B51A4C01221146204603F041
:10BE1000A8FF0122002104F1180003F0A2FF40F264
:10BE20000743A4F848304FF0706323630C2384F871
:10BE3000343000250F4B84F84550A4F84650D3F811
:10BE4000042542F00102C3F80425C3F80051D3F8D9
:10BE500000210122C3F8042303211A600D202A4681
:10BE6000EAF762F80D20EAF72FF8284638BD00BF40
:10BE7000147F002000D0004010B5FFF7E1FE00283D
:10BE800020DB174B93F8322093F8314093F83310AE
:10BE9000141B31EA0404C0B20DD193F8472093F883
:10BEA000464093F84810141B31EA04040BD10D4BA3
:10BEB00001225A600EE09C180132114084F83500CE
:10BEC00083F8321010BD9C180132114084F84A00EA
:10BED00083F847100448BDE8104001F06BBC00BF78
:10BEE000147F002000D000402C7F0020F0B51646C3
:10BEF0004268107B01F01F0444EA4014106987B0C7
:10BF0000002872D0B6F5001F02F1100506D12146B7
:10BF1000284603F0E6FD002007B0F0BD01A8002789
:10BF2000B6F5800F0197476039D1B3F1007F14BF98
:10BF3000052304238DF804300023CDE90403039383
:10BF4000936823FA01F111F001010DF103073ED1CD
:10BF5000B6F1A07F3BD104F01F03620903F5E07343
:10BF600028D0012A47D1254A52F82330DB072ED4A6
:10BF70003A462146284601F023F9214B98421CD02D
:10BF8000029703AA2146284600F0DAFF1D4B98428B
:10BF90002ED101222146284601F06AF9BBE7B3F110
:10BFA000C06F05D0B3F1007F14BF01230223C1E7A6
:10BFB0000323BFE74FF0A042D6E73946284601F0F9
:10BFC0004FF9104B9842DBD06FF00B00A4E73A46D4
:10BFD0002146284601F0F4F80A4B9842D1D19DF849
:10BFE0000310284601F034F9CBE76FF0850093E7A2
:10BFF0006FF0150090E751F82330FFDE000300508A
:10C000000400AD0B0000AD0B420970B5034602D031
:10C01000012A17D070BD0D4E326951680029F9D040
:10C0200003F01F0301250C689D400029F2D08A68A7
:10C030002A4002D04B68304698472CB123682146ED
:10C040001C46F2E7024EE7E72346F8E7D805020070
:10C05000B805020038B545682B69B3B110352846DC
:10C0600001F0ECF8044680B90146284601F0C2F818
:10C07000084B98420BD108492246284601F09AF80D
:10C08000224605210620E9F74FFF002038BD6FF05A
:10C090000400FBE70000AD0B09C001002DE9F043EF
:10C0A000466840F20635D006337B87B002EA0505C4
:10C0B00054BFC2F34010032001F01F07B5F5837F82
:10C0C000144647EA43178DF8030045D00FD8062DD4
:10C0D00018D007D8B5B1022D40D06FF0150007B0C9
:10C0E000BDE8F083B5F5807FF7D101250AE040F285
:10C0F0000222954234D0B5F5407F33D0B5F5007FAC
:10C10000EBD102250123220303FA01F12CD5736838
:10C11000C3F80815326982BB07F01F037F0929D0D5
:10C12000012F77D13E4A02EB830284F48033D2F8A8
:10C130000017C3F30043C4F3404444EA430421F42A
:10C14000E16144EA800421F0070144EA05230B433E
:10C15000C2F800370020C2E70725D3E70425D1E75E
:10C160000525CFE70325CDE7630344BF7368C3F814
:10C170000C15CFE74FF0A042D5E710360DF10202C3
:10C180003946304601F01CF814F4403F80460CD18B
:10C190003946304603F0A3FC224B9845DAD19DF88E
:10C1A0000210304601F054F8D4E701AB4FF000091B
:10C1B00003AA39463046CDE90439CDE90199CDF8D5
:10C1C0000C9000F0BDFE174B984286D114F400335A
:10C1D00015D09DF803308DF80E3084F48034C4F30C
:10C1E00000444B4603AA394630468DF80C508DF872
:10C1F0000D4000F061FF0B4B9842CDD06DE7CDE9CB
:10C20000043303AA0DF1030339463046039300F0CB
:10C2100097FEF0E703F5E07352F82330FFDE00BF2E
:10C22000000300500000AD0B036803F01F025B0920
:10C23000026004D0012B034818BF002070474FF064
:10C24000A0407047000300502DE9F04FDFF88491C3
:10C25000DFF884A185B01546834600EB810140F2EA
:10C26000FF18594503D1002005B0BDE8F08FDBF879
:10C2700000305E04C3F3C322C3F3080400F1A380BB
:10C28000444519F802704FEA136312D0192B1ED9D6
:10C290004E2B40F09B80C5F8144503A80394FFF78C
:10C2A000C3FF039B012606FA03F3C0F808353246A4
:10C2B0004EE0192B09D94E2B40F088804FF0FF3308
:10C2C000C5F814350BF1040BCBE74FF0FF34192BF5
:10C2D0007CD8DFE803F00D1218311B21317B7B7B0A
:10C2E0007B34617B7B7B7B7B7B7B7B7B646F727531
:10C2F000C5F80C45601CD0D1E4E7C5F81445661CB0
:10C30000E0D00026D3E7C5F80845F3E7621CC5F87E
:10C310000845D7D0002604E0631CC5F80C45D1D0F1
:10C32000012603A80394FFF77FFF039B012202FA73
:10C3300003F3C0F80C350BE0C5F81045DFE7C5F88E
:10C340000845002FDBD1601CBCD0002632460627F2
:10C35000DBF80030019303F40040002818BF0022EE
:10C3600003A8009218BF01260394FFF75DFF039C0A
:10C37000019B009A00EB8400C3F3412CD0F80047E6
:10C380003B0243EA8C03134304EA0A04234343EACF
:10C390004603C0F8003795E7C5F80C45D1E7C5F866
:10C3A0006045621CDBF800308CD0C3F30043002BE7
:10C3B000B6D072E7C5F86445F3E7C5F86845F0E71D
:10C3C000C5F86C45EDE76FF015004DE76FF085009F
:10C3D0004AE700BFA1150200F0F8FCFF2DE9F0418B
:10C3E000044647680D4603F070FD88B14FF0200801
:10C3F000EFF31186314688F31288BFF36F8F6068C0
:10C4000003F0C9F950BB86F31188BFF36F8FEFE7D4
:10C410001F4B1B78002BE9D04FF020086426606882
:10C4200003F0B9F970B9012003F075FA013EF6D1B5
:10C430000021212003F0E9FDF0E786F31188BFF326
:10C440006F8FF5E7EFF31186314688F31288BFF35B
:10C450006F8F606803F09FF90028EED0FB691D70B4
:10C460006368FA691B680020C3F844250122C3F8F9
:10C470004825C3F82001D3F82041C3F85801D3F868
:10C4800058019A6081F31188BFF36F8FBDE8F08186
:10C490009D800020F8B50022054603210220E9F71F
:10C4A00043FD0220E9F710FD6C680121E06803F00C
:10C4B000C6F96B6819682369C1F82435A27D637DCC
:10C4C000207D1343228B02431343C1F86C356E6801
:10C4D000D6E9004313F001033CD02F6907F10C00AB
:10C4E00003F025FA2A4B98424ED1387B04F10C0216
:10C4F00004F5907103F011FA387B012707FA00F078
:10C5000000F054FB0823C4F80035F369C4F844353F
:10C510000023C4F84835A760D4F85831002BFBD06D
:10C520000021C4F800156D682C68E86803F087F9ED
:10C530000823C4F800352A7A52B92B6AC4F8343576
:10C540000123C4F83835C4F81021D4F81021236031
:10C550000020F8BD0822C4F80025F269C4F844257B
:10C56000C4F848350123A360D4F82031002BFBD058
:10C570000023C4F82031D4F820310123E3604FF4C4
:10C580008073C4F80433C7E76FF00400E1E700BF2D
:10C590000000AD0B70B5012383400E4ABFF35B8FE3
:10C5A000DC4352E8001F01EA040542E80056002E71
:10C5B000F7D1BFF35B8F4FF4803282400648C0F85A
:10C5C0000823BFF35F8FBFF36F8F0B4214BF0120AF
:10C5D000002070BD847F00200010014070B40E491F
:10C5E000D1E90034D01AC31844F1000422F07F4688
:10C5F000C1E90034A6F50013B3F5400F09D2074B8B
:10C600001B681A0A1B069C19054B42F10005C3E979
:10C61000004570BC01F076BF401E0020887F0020DE
:10C62000481E002011B3BFF35B8F0123104A8340E3
:10C6300052E800CF4CEA030C42E800C10029F7D1D0
:10C64000BFF35B8F0B4A4FF480338340C2F804334F
:10C65000094BBFF35B8F1B68BFF35B8FC340DB07E6
:10C6600042BF064B4FF40032C3F80021704700BFB1
:10C67000847F002000100140807F002000E100E066
:10C680000D4B1868010A0006BFF35F8F0B4BD3F800
:10C690000435181841F10001B3F5801F0AD2084B88
:10C6A000D3E90023904271EB030303D210F18070B1
:10C6B00041F10001704700BF887F00200010014059
:10C6C000481E00202DE9F04F85B016461F469DF804
:10C6D00040A00446FFF75EFF0190FFF7D1FFB04294
:10C6E00071EB070354D23E4B301A67EB01019842BD
:10C6F00071F100014FD23B4B03EB0413D3E902234A
:10C700009F4208BF96425ED037494FF4803804F10B
:10C71000500508FA04F8AD00C1F848832046ADB2D0
:10C7200003F0E8F826F07F4B05F1804504F5A87387
:10C7300005F58835DC464FF003090293029A2CF088
:10C740007F4341F82230C1F84483D1F80435274AA9
:10C750006FF00200C01A604420F07F40904232D94E
:10C76000286868B1D1F804350393A3EB0B0020F0DF
:10C770007F40B0F5000F26D9204603F0BBF8039B9D
:10C78000BAF1000F07D109EB030C09F10109D5E754
:10C79000BAF1000F09D06FF0150520460199FFF797
:10C7A00041FF284605B0BDE8F08F0123104ABFF3D2
:10C7B0005B8FA34052E8000F184342E800010029B4
:10C7C000F8D1BFF35B8F07490E98230101EB0412E8
:10C7D000C8500F9B5360C2E902670025DDE700BF28
:10C7E00001008000301E002000100140FDFF7F008E
:10C7F000807F00207FB51C4C1C4BC4F80833C4F864
:10C8000048331B4B00254FF0FF304FF0FF31C4F889
:10C810000855C3E902014FF48033C4F80433154BC3
:10C8200002264FF400320321C4F804631120C3F838
:10C8300080212A46E9F778FB1120E9F745FB0E4AEB
:10C840000123A360236013600C4B0D4A0093CDE9D4
:10C85000015500232846FFF735FF3046FFF772F9F0
:10C86000284604B070BD00BF0010014003000F0057
:10C87000301E002000E100E0847F0020DDC50100C3
:10C88000FFFF7F002DE9F7432F4CD4F804339907BD
:10C890000BD5D4F8043143B12C4A0023C4F8043139
:10C8A000D4F80431136801331360D4F80433DA0385
:10C8B00029D5BFF35B8F264B53E8002F22F00101EF
:10C8C00043E800100028F7D1BFF35B8FD30702D4F1
:10C8D000D4F84031BBB10025C4F84051D4F8403100
:10C8E000FFF7CEFEEFF31182202383F31288BFF30C
:10C8F0006F8F184BD3E90267B042B94106D282F379
:10C900001188BFF36F8F03B0BDE8F0834FF0FF389D
:10C910004FF0FF39C3E90289D3E900101D604FF4DD
:10C920008033C4F84833C4F84051D4F8403182F31E
:10C930001188BFF36F8F0029E5D0009032463B4647
:10C9400028468847DFE700BF00100140887F0020AD
:10C95000807F0020301E002030B5431C124C85B073
:10C9600005D08442A8BF0446012CB8BF0124FFF7BC
:10C9700087FE0E4B0C4DD3E90013401AB0F5000FA3
:10C9800010D22218AA4228BF2A4652184FF000009F
:10C9900007490091CDE9010043F10003FFF792FE42
:10C9A00005B030BD2A46F0E7FFFF7F00401E0020A3
:10C9B000DDC5010008B5FFF763FE024B1B68C01A16
:10C9C00008BD00BF401E0020024AD2F80034002BF0
:10C9D000FBD0704700E0014010B54FF08053D3F812
:10C9E00030210D2A55D14FF080410022C1F80C2191
:10C9F000C1F81021C1F83825464AD3F80404C2F81A
:10CA00002005D3F80804C2F82405D3F80C04C2F8B2
:10CA10002805D3F81004C2F82C05D3F81404C2F882
:10CA20003005D3F81804C2F83405D3F81C04C2F852
:10CA30004005D3F82004C2F84405D3F82404C2F812
:10CA40004805D3F82804C2F84C05D3F82C04C2F8E2
:10CA50005005D3F83004C2F85405D3F83404C2F8B2
:10CA60006005D3F83804C2F86405D3F83C04C2F872
:10CA70006805D3F84004C2F86C05D3F84434C2F812
:10CA80007035D1F80034DB0709D56FF00103C1F828
:10CA900000344FF08053D3F830310D2B0CD14FF0D0
:10CAA0008053D3F834313BB14FF01023D3F8082230
:10CAB0004FF08043C3F858254FF01023D3F80022DD
:10CAC000002A03DBD3F80432002B22DA12490123B7
:10CAD0004FF01020C1F804351224FFF775FFC0F89D
:10CAE0000042FFF771FFC0F80442FFF76DFF00231B
:10CAF000C1F80435FFF768FFBFF34F8F0749084BB4
:10CB0000CA6802F4E0621343CB60BFF34F8F00BFEB
:10CB1000FDE710BD00C0004000E0014000ED00E076
:10CB20000400FA0530B50468CCB1BFF35B8FB4FAEA
:10CB300084F3C3F11F03DBB201229A4024EA02020C
:10CB400050E8005FA54204D140E8002CBCF1000F82
:10CB5000F6D1BFF35B8FE6D102480B7030BD0248BF
:10CB6000FCE700BF0000AD0B0200AD0B10B5036881
:10CB7000CB40DB0714D401238B400268BFF35B8FEB
:10CB800043EA020150E8004F944204D140E8001CFF
:10CB9000BCF1000FF6D1BFF35B8FEED1014810BDA1
:10CBA0000148FCE70000AD0B0400AD0B014BC3F8DE
:10CBB0000405704700F00140044B1A7922B90122A4
:10CBC00018601A7102487047024870478C7F002035
:10CBD0000000AD0B0C00AD0B08B5074B1B682BB16B
:10CBE0000020E9F793F908B9E9F76EF94FF08043AF
:10CBF0000022C3F8182508BD8C7F002010B510B1A5
:10CC0000012843D010BD4FF08043D3F81814D3F857
:10CC10001824C80321D502F00303012B04D013B15B
:10CC2000002002F086FE00234FF080420220C2F86E
:10CC3000183508224FF4827303F1804300211960F4
:10CC400002F180421C6801241460154A12680AB37C
:10CC50004FF08043C3F80403D4E7D3F81424D1077A
:10CC6000E1D5D3F81C249207DAD40D4A12681AB120
:10CC70000222C3F80423C5E7D3F80421002AFBD01D
:10CC80000022C3F80421D3F80431BBE700224FF49B
:10CC90008073D1E71A68002AFCD019601B68B1E7DD
:10CCA0008C7F0020F8B54FF08043184FD3F8044331
:10CCB0000125002604B9F8BDB4FA84F0C0F11F00C4
:10CCC000830003F580739BB203F1804305FA00F201
:10CCD000196892B224EA02040029EBD01E601B6896
:10CCE0004FF08043022AC3F808230BD1D3F818145D
:10CCF000D3F81814890705D1C3F81855C3F80423CD
:10CD00009D60D7E73B68C0B29847D3E78C7F00208F
:10CD1000036803F01F025B09026004D0012B034883
:10CD200018BF002070474FF0A0407047000300502C
:10CD3000034A430900F01F00D35C1844C0B2704797
:10CD4000B715020070B50546FFF7F2FF0C4C08302E
:10CD50000E4634F81030DA0508D5C3F3432304EB4C
:10CD6000C302284654F8333052689847A3682BB161
:10CD7000E26831462846BDE87040184770BD00BFE4
:10CD8000947F002008B5FFF7D3FF034B083033F83A
:10CD90001000400B08BD00BF947F002008B5FFF7CE
:10CDA000C7FF034B083033F81000C0F3400008BD44
:10CDB000947F002008B5FFF7BBFF034B083033F822
:10CDC0001000C0F3401008BD947F0020034611F00E
:10CDD000010010B5CCB20DD1A207C4F3400012D5AA
:10CDE000094AD2F820055860C2F82005003818BF5B
:10CDF000012008E04FF0A041D1F820251A60C1F8C9
:10CE00002025002AE8D010BD0003005010B5FFF720
:10CE10008FFF124A083032F81030D9051CD5C3F301
:10CE2000432123F4F85322F8103002F10E040020BD
:10CE300034F8023F13F4807F03D0C3F343239942B5
:10CE40000AD001302A28F3D1002342F831300448B7
:10CE5000BDE81040FFF78ABE10BD00BF947F0020E0
:10CE60000080002001F18051F0B501F5C251044667
:10CE7000114A00208900012506468A420BD10F4B3A
:10CE8000D3F87C2132B10022C3F87C21D3F87C3165
:10CE900040F00040F0BD02F14043A3F5C2439B08BF
:10CEA00005FA03F31C4204D0176817B1166017681F
:10CEB00018430432E1E700BF006100400060004019
:10CEC000F7B506460846FFF733FF194F00F108058E
:10CED0000C4637F81530DB0727D5304602F0DBFD6E
:10CEE0002046FFF767FF40B12046FFF74BFF316850
:10CEF00000F5A270002341F820302046FFF786FF9E
:10CF0000002301A827F815300194FFF701FF019BCA
:10CF100000EB8300074BD0F80027134043F00203D7
:10CF2000C0F80037044803B0F0BD0448FBE700BF79
:10CF3000947F0020F0F8FCFF0000AD0B0400AD0B67
:10CF40002DE9FF41164680460846FFF7F1FE0C46E4
:10CF50003168054609B32046FFF720FF18B1204687
:10CF6000FFF728FF10BB0023CDE900338DF80E300A
:10CF70008DF80F300DF10F020B4620460DF10E011A
:10CF800002F031FD484A05F1080132F8113023F072
:10CF9000020343F0010322F8113073685BB32046AB
:10CFA0001F785968FFF7FAFE10B1C9B13F4825E074
:10CFB0003D4A05F1080C32F81C3023F02003DB0455
:10CFC000DB0C22F81C3059B1032FEFD87168D8F868
:10CFD000000049680978A7B901F5A27140F82170ED
:10CFE000314A05F1080132F8113023F01C0343EAFD
:10CFF000870322F81130B3686BBB2D4804B0BDE83D
:10D00000F08100EB810043EA4133D0F810E52EF0C7
:10D01000030EC0F810E5D8F8000000EB810E43F0D5
:10D020002003DEF8100522F81C3020F44F3020F4E5
:10D030004070CEF810052002DEF8108500F47C5018
:10D0400040EA074040EA0800CEF8100501F1380038
:10D0500022F81040C4E7D3E900672046FFF7D6FE68
:10D06000002ECAD0104CD4E90023964203D19F422F
:10D0700001D1002209E00F480DF10F01FFF752FD29
:10D080000B4B9842BAD19DF80F2044F8326004EB64
:10D09000C20308355F6034F8153043EA422343F495
:10D0A000807324F81530A8E7947F00200400AD0BAE
:10D0B0000000AD0B008000202DE9F0430C4685B048
:10D0C0008046204611461E46FFF732FE054629B32C
:10D0D0002046FFF763FE18B92046FFF76BFE18BB2A
:10D0E000314F05F1080937F8193013F01C0F02D041
:10D0F0004B78012B18D001238DF80F300023CDE998
:10D1000000134A1C8B1C20460DF10F0102F06BFC32
:10D1100037F8193043F0030327F81930002E41D0B7
:10D120002046FFF73BFE18B9204805B0BDE8F08364
:10D1300096F800C0D8F800301B4F0CF5A272002101
:10D1400043F8221005F1080237F8121021F02001EF
:10D15000C904C90C27F8121075781DB3D8F800005F
:10D16000B67800EB8C002D04D0F8103523F4991319
:10D1700023F4F853C0F81035230203F47C5305F46C
:10D1800040353605D0F810E52B4306F4801641EA09
:10D190004C31334341F0200143EA0E0327F81210CB
:10D1A000C0F810350248C0E7947F00200400AD0BA2
:10D1B0000000AD0B014BC3E902127047947F0020C1
:10D1C00010B508461446FFF7F5FD50B10846FFF7C5
:10D1D000AFFD054B083033F8103004485B0B23706B
:10D1E00010BD0348FCE700BF947F00200000AD0B9A
:10D1F0000400AD0B70B50E4C94F880500646A5B9EE
:10D200005422294604F1100003F010F93068C0F8E8
:10D210007C51D0F87C3140F30730E8F755FE01230C
:10D22000044884F88030E36670BD0348FCE700BF23
:10D23000947F00200000AD0B0C00AD0B034B93F866
:10D240008000003818BF0120704700BF947F002085
:10D250000079024B03EB8000FFF788BCF00200204E
:10D260000079024B03EB8000FFF75CBCF00200206A
:10D27000F7B5054608461646FFF79CFD0C4629689B
:10D28000F0B12046FFF78AFD0746C8B92046FFF7F0
:10D2900079FD04B2A40004F580728F508A58296881
:10D2A0002144D1F8102542F00102C1F810252EB119
:10D2B0002968012202FA00F3C1F8043303B0F0BD7B
:10D2C000D1F80433002BA4BF4FF00043C1F804335E
:10D2D0002046FFF72DFD0F4B083033F81030C3F315
:10D2E0008203042B12D0052B12D001A80194FFF762
:10D2F0000FFD019AD0F81035D34003F00103991CBB
:10D30000204603B0BDE8F04002F0B6BB0321F7E7CA
:10D310000221F5E7947F00202DE9F04F644BD3F80C
:10D320000403C0B287B0082140F00040FFF79AFD27
:10D33000051E2BDA0023032104A8CDE90433FFF7EF
:10D3400045FDDFF870A10DF110084FF000094FF016
:10D35000010B1AF8013B5849DA0803F007038A5C0D
:10D3600022FA03F3DA071CD408F10408B9F1000F1C
:10D3700014D000214FF00040FFF774FD032104A8F2
:10D38000FFF724FD0028DCD125F00045484E4B4F27
:10D390000124002D78D107B0BDE8F08F4FF00109CE
:10D3A000D7E7474B4B440093D8F800100029DBD057
:10D3B000009B91FAA1F11C78B1FA81F141EA441481
:10D3C0002046FFF7B5FC3D4B0394083033F810704E
:10D3D000C80801F0070118F800200BFA01F122EA51
:10D3E0000102BB0808F8002003A80193FFF790FC96
:10D3F000039A019B02F5E072C7F3820650F82220DF
:10D400005B073746C2F3014223D520463946D6B2E0
:10D41000FFF798FC03A80394FFF77AFC039B03F53E
:10D42000E07350F82330C3F301439E4207D100213B
:10D43000204602F021FB3146204602F01DFB03A8E6
:10D440000394FFF765FC039B0BFA03F3C0F8203548
:10D45000AAE7022A0CD10321204602F00DFB06F0B8
:10D460000503012BEBD139462046FFF76BFCE6E7BD
:10D4700002212046019202F0FFFA032EF3D0019A16
:10D48000032ADCD1022EEDE795FAA5F3B3FA83F374
:10D4900004FA03F225EA020503F5A272383356F8BE
:10D4A000221037F81300C1F30141FFF74BFC70E77E
:10D4B00000600040C715020098100200947F002011
:10D4C000C715020001460148FFF72CBBF4020020FB
:10D4D00038B5EFF31185202383F31288BFF36F8FE4
:10D4E000064B9C6802F02EFB85F31188BFF36F8F0B
:10D4F0002046BDE83840E8F78FBC00BF1880002008
:10D5000038B50A4B53F82040013053F82050A5425B
:10D5100000D838BD606830B1037FDB0701D402F06A
:10D52000E6FA0834F3E723689847FAE79C1002000C
:10D5300070B52A4B2A4C2B4D012286B003201A705D
:10D54000FFF7DEFF01F034F90420FFF7D9FF26468C
:10D55000AE4204F1300410D300F0E4FC204C224E23
:10D56000AC4226D300F0F2FCE8F71CF81F4A137B0C
:10D5700023F00103137306B070BD54F80C3C0593FF
:10D5800054F8103C049354F8143C039354F8183C9A
:10D59000029354F81C3C019354F8203C009354E946
:10D5A0000A2354E90C0100F017FB54F8303C5E6587
:10D5B000CDE7D4E90A23B3F1FF3F08BFB2F1FF3F43
:10D5C00005D052EA0301206803D100F07BFD30341E
:10D5D000C6E73146183000F005FFF8E79D800020CF
:10D5E000D8070200D8070200CBFF0100D01E0020A0
:10D5F00070B5002386B00122CDE90423134E144DEB
:10D6000001930F22CDE902321249142303FB005586
:10D6100006EBC01604464FF4C07000FB04110E4B1D
:10D6200000954FF4A072304600F0D6FA737B0B4A97
:10D63000EE6023F0040373734FF4046304FB0333BD
:10D6400013442C746B6006B070BD00BF501E0020E8
:10D65000188000200091002093FB0100C08800206A
:10D66000BFB50020FFF74CFF284B83F30888284CF8
:10D67000284F636943F4007363610025E02384F855
:10D680002230E57725766576A57684F82050636AA2
:10D6900043F4E023636284F82350E8F78BFBE8F758
:10D6A000D5FC4FF0FF33A362E362E8F795FDE8F79E
:10D6B000F1FC1948194C00F007FB0120FFF720FF8F
:10D6C0000220FFF71DFF00F075FC154B15495C614A
:10D6D000154B05930123CDE903534FF480623B467C
:10D6E000CDE901550095204600F076FA627B0646AA
:10D6F00022F004022046627302F02AFC2846FFF75B
:10D7000077FF3A4631462046E8F782FC0091002038
:10D7100000ED00E031D50100501F0020D01E002098
:10D720001880002080920020C915020038B5064CF0
:10D73000064DAC4201D3002038BDD4E90112204689
:10D7400002F003FA1434F4E7180300201803002051
:10D7500037B51146EFF31185202282F31288BFF30B
:10D760006F8F04689CB12368426823F003039442DE
:10D77000036008BF43600121204602F093FA04468B
:10D7800085F31188BFF36F8F204603B030BD51EA97
:10D790000302F5D000F10802CDE900131046294636
:10D7A00000F078FB0028EFD1014B9B681C69EBE788
:10D7B0001880002070B5EFF31186202383F31288C0
:10D7C000BFF36F8F0468A0421AD0CCB1D4E9003205
:10D7D00013605A60637B002523F00203C4E90055FF
:10D7E0006373A56004F1180002F069FCE567204648
:10D7F00002F0AEFB31460B48BDE8704000F06CBB58
:10D80000D0E902329A4218BF0133836002211030FE
:10D8100002F0B9FD0028EDD186F31188BFF36F8FB8
:10D8200070BD00BF9E80002013B5EFF3118120244E
:10D8300084F31288BFF36F8F846844B1013C846025
:10D8400081F31188BFF36F8F002002B010BD52EA40
:10D85000030406D181F31188BFF36F8F6FF00F00BF
:10D86000F3E7CDE900230246014800F013FBECE7A3
:10D870009E8000202DE9F8430546EFF31188202310
:10D8800083F31288BFF36F8F002637466FF00A09C3
:10D890002C68A54216D0ACB1D4E9003213605A60AE
:10D8A000637BA76023F002036373C4E9007704F18C
:10D8B000180002F004FCC4F87C90204602F048FBFB
:10D8C0000126E5E70023AB60022105F1100002F01C
:10D8D0005AFD30B92EB988F31188BFF36F8FBDE8B8
:10D8E000F88341460248BDE8F84300F0F5BA00BFAE
:10D8F0009E8000202DE9FF414F4E04462027EFF384
:10D90000118887F31288BFF36F8FD4F88450F5B96C
:10D91000022104F19C0002F034FA002868D004F1DE
:10D92000940500220121284602F090FB0028F8D13E
:10D93000002302934FF0FF324FF0FF33CDE9002375
:10D94000414604F18C023D4800F086FCD7E7D4F84C
:10D9500088202B68C4F88430954208BFC4F888300A
:10D96000D4F89C3043F00203C4F89C30EB6823F0F9
:10D97000040343F00103EB606B6888F31188BFF385
:10D980006F8F28469847EFF3118887F31288BFF30B
:10D990006F8FEB68D80623F0010236D4EA60EB689B
:10D9A0009A0716D5306823F00203EB6088B103684C
:10D9B000002170B14268954235D1036869BB726835
:10D9C0003360824200D17360002340F8083BFFF7C8
:10D9D000F1FED4F89C3023F00203C4F89C3088F3A5
:10D9E0001188BFF36F8FDB0589D400F0EBFA86E76F
:10D9F000D4F89C30D9069BD5C4F89C0088F31188D4
:10DA0000BFF36F8F04B0BDE8F08123F01103EB602A
:10DA100005F11000FFF7CEFEC1E70B60736883428B
:10DA200008BF7160D0E723B11A6801461846134653
:10DA3000BFE71A46F9E700BF388000209E8000202B
:10DA4000F8B5C3689A0704460F46C3F340062ED4C0
:10DA50005B071CD40B680BB983680B60E368DD07B8
:10DA600044BFA3683B603D684CBF02260126002DE1
:10DA70003CD0204B9A68D5F880309A420AD0D5F82D
:10DA80009C30D807C3F3800214D46FF01206002331
:10DA90003B6025E002F019FAD5F89C300028F0D15F
:10DAA000D907C3F3C002F0D552B15B0708D46FF0B9
:10DAB0000F06ECE7002AFAD1C3F3C003002BF6D11E
:10DAC00000232360D5F8883063B9C5E9214428468E
:10DAD00002F071F9E36843F00403E3603B68A3607C
:10DAE0003046F8BD1C60C5F88840F0E76FF01506B9
:10DAF000CDE700BF18800020F0B589B004460020B3
:10DB0000C4E921000E9D04F18C00C4E9230004F156
:10DB10009400C4E9250055B32879002840F201108B
:10DB200008BF0120C4F89C0000204FF0FF364FF0E2
:10DB3000FF37CDE90330CDE90100CDE906670D4B94
:10DB40000094204600F094F855B1296811B12046A0
:10DB500002F0C1F96B791BB1237B43F001032373FE
:10DB6000204600F0AFFAC4F8804009B0F0BD0120B3
:10DB7000D8E700BFF5D8010037B501900846EFF3AC
:10DB80001184202181F31288BFF36F8FC16811F0D7
:10DB90001E0F16D153EA020508D101A9FFF750FF65
:10DBA00084F31188BFF36F8F03B030BD41F00801DB
:10DBB000C160019981620449103000F013FC01201A
:10DBC000EEE70020ECE700BF2BFE01000146014814
:10DBD000FFF7D2BFF01F00202DE9F043073285B0D8
:10DBE00022F007020E461F461099017300F15803F8
:10DBF0007F32C0E916330446002322F03F0204219D
:10DC0000836041733F2A0F98A073C4E90633E3731E
:10DC100006F14009A2F1400805D883F31188BFF34B
:10DC20006F8F084602DFB51829462046E7F7A2FEA7
:10DC300007300E9B20F00700E066C4E919980293B4
:10DC40000D9B01932D1A0C9B00932A463B463146AF
:10DC50002046E8F7ABF900236365044B9B6803B1EA
:10DC60001B6F2367284605B0BDE8F08318800020AD
:10DC7000F0B587B000250595109D04950F9D03957F
:10DC80000E9D0295DDE912760D9D01950C9D009586
:10DC90000446FFF7A1FFB6F1FF3F08BFB7F1FF3F12
:10DCA00005D056EA070305D1204600F00BFA2046BE
:10DCB00007B0F0BD3A46334604F11800014900F0C0
:10DCC00091FBF4E7CBFF010040F2011383810023B5
:10DCD000C0E919330367014B986070471880002032
:10DCE000094A93686FF00A01D967084998674B6839
:10DCF00043F080534B60002383F31188BFF36F8F91
:10DD00009368D86F704700BF1880002000ED00E0D6
:10DD100070B590F90D20437B002A36DBD90634D14B
:10DD20001B4C63F07F032246437352F8183FE169AE
:10DD3000934207D1C0E900210860E06111E09942F7
:10DD4000F8D01B68002BF5D090F90E5093F90E60B7
:10DD5000B542F4D0AE42F2DD5968C0E90031086046
:10DD60005860A569954200D005B9E568A3685A7B5B
:10DD7000D20604D1DA897F2A01D9AA6932B1AB422D
:10DD800002D0284600F0A8FA656170BD6361FCE727
:10DD90001880002038B590F90D20437B002A0146F9
:10DDA00004DA03F07F03437302F098F80D4D2A461E
:10DDB000AB6852F8184F944200D004B9EC688B421B
:10DDC00007D05A7BD20604D1DA897F2A01D9A26909
:10DDD0002AB1A34202D0204600F07EFA23466B61AE
:10DDE00038BD00BF18800020B3F1FF3F08BFB2F17B
:10DDF000FF3F03D00249183000F0F4BA704700BF6B
:10DE0000CBFF010070B590F90D20437B002A01463D
:10DE100004DA03F07F03437302F060F84B7B1C4C81
:10DE200063F07F0322464B7352F8183FE069934238
:10DE300007D1C1E900200160E16111E09842F8D00A
:10DE40001B68002BF5D091F90E5093F90E60B54286
:10DE5000F4D0AE42F2DD5868C1E90030016059608B
:10DE6000A569A368954200D005B9E5688B4207D043
:10DE70005A7BD20604D1DA897F2A01D9AA692AB14C
:10DE8000AB4202D0284600F027FA2B46636170BDF2
:10DE900018800020F8B50E4B0C4611460D4A9868C4
:10DEA0001060DDE90667EFF31182202282F3128809
:10DEB000BFF36F8F9D68284602F022F8284632464D
:10DEC0003B46FFF791FF2046BDE8F840FFF708BF4B
:10DED000188000204080002049B9EFF3058030B958
:10DEE000054B5A699B689A4201D0FFF7F9BE81F34E
:10DEF0001188BFF36F8F704718800020034648B920
:10DF0000EFF3058232B9064A51699268914201D015
:10DF1000FFF7E6BE83F31188BFF36F8F704700BF32
:10DF200018800020EFF31181202383F31288BFF3C0
:10DF30006F8F054B9A68D37B013BD37381F31188B4
:10DF4000BFF36F8F704700BF1880002070B5EFF3EC
:10DF50001186202383F31288BFF36F8F144DAB68B3
:10DF6000DA7B0132DA732A4652F8184F944200D015
:10DF700004B9EC685A7BD20604D1DA897F2A01D928
:10DF8000A2692AB1A34202D0204600F0A5F9234697
:10DF90006B6186F31188BFF36F8FEFF3118020233D
:10DFA00083F31288BFF36F8FBDE87040FFF7A6BF01
:10DFB00018800020024B03F11802C3E906227047C3
:10DFC0001880002070B5EFF31186202383F31288A8
:10DFD000BFF36F8F1B4CA168E0690B68814214BFCF
:10DFE0001A46002249680B605960A368E1692AB9A2
:10DFF000154AC3E900210B60E3610CE093F90E00C0
:10E0000092F90E50A84218D0854216DD5168C3E936
:10E0100000210B605360A5690B4B9D4200D005B9F0
:10E02000E568A3689D4202D0284600F055F9656175
:10E030003046BDE87040FFF753BE8A42D8D0126820
:10E04000D5E700BF1880002030800020F8B550EAE6
:10E05000010306460C4603D1FFF7B4FF0020F8BDCC
:10E06000EFF31187202383F31288BFF36F8F124DD4
:10E07000124BA8681860FFF78DFEA8681049234668
:10E080003246183000F0AEF9AA68537B43F004031F
:10E09000537304463846FFF723FEAB68D3E90A23DF
:10E0A000B3F1004F08BF002AD8D102F030F8201A8F
:10E0B00020EAE070D3E700BF1880002040800020F5
:10E0C000CBFF010038B50446EFF31185202383F31D
:10E0D0001288BFF36F8F437B5B070FD5183001F0B9
:10E0E000EEFF637B23F0040320466373FFF710FE0B
:10E0F00029460548BDE83840FFF7EEBE85F3118894
:10E10000BFF36F8F38BD00BF9E800020014B986821
:10E11000704700BF188000202DE9F8430446077BB4
:10E12000EFF31185202383F31288BFF36F8F437BB6
:10E13000190705D585F31188BFF36F8FBDE8F88304
:10E14000D90943F008025DD14273A36813B1204698
:10E1500001F0CCFE04F1180001F0B1FFA66D04F14E
:10E160005808B04511D04FF0000976B1304601F0A3
:10E17000BDFE06F1180001F0A2FFC6F87C90304603
:10E18000FFF7C6FDA66DB045EFD1DFF8C080D8F827
:10E1900008309C423ED1EFF30589B9F1000918BF60
:10E1A0004FF00109D8F81860294A964200D00EB9FC
:10E1B000D8F80C60B34202D0304600F08DF820460B
:10E1C000C8F8146001F052F8B9F1000F02D02148EC
:10E1D000FFF77AFDD8F808309C4231D1EFF3058380
:10E1E00073BB227BD20718D42846FFF779FDFB07C3
:10E1F000A4D5002383F31188BFF36F8F042318463F
:10E2000002DF9BE703F07F0343F00803437301F051
:10E2100065FE9AE74FF00009C4E785F31188BFF364
:10E220006F8F83F31188BFF36F8F0423184602DFCB
:10E23000EFF31180202383F31288BFF36F8FD4E7AD
:10E2400085F31188BFF36F8FD1E700BF18800020DE
:10E2500030800020501F0020D3B5DDE90667089C00
:10E26000CDE90067FFF716FE1CB1034B9B681B69E5
:10E27000236002B0D0BD00BF18800020044BC01A3C
:10E28000044BC0105843044B01221A54704700BF7E
:10E29000D01F0020ABAAAAAA9E800020C3897F2B92
:10E2A00012D80A4B1B6863B1094B90F90E201B680A
:10E2B0009A4209DB437BDB0606D1064BC31A18BF23
:10E2C000012303F0010070470023FAE7F802002061
:10E2D00044800020501E002070B50E4B0E4C1E7C5A
:10E2E00006EB460304EBC3040546204601F0E7FEB7
:10E2F0000A4B002228469A55FFF7D0FF48B1084B39
:10E3000008491A68013A2046D317BDE8704000F06A
:10E3100069B870BD18800020D01F00209E800020AA
:10E32000F80200207DE2010038B5EFF311852023CB
:10E3300083F31288BFF36F8F104B114A9C681068EB
:10E34000A04206D1FFF7C8FF85F31188BFF36F8F96
:10E3500038BD00211B7C11600A4AD35C002BF3D02E
:10E360002046FFF79BFF0028EED0637BDB0602D13F
:10E370002046FFF747FD2046E4E700BF1880002055
:10E38000408000209E800020024B1868984208BF01
:10E3900000207047FC020020034B1B680BB9FEF7FE
:10E3A00009BB0020704700BF4880002030B570B125
:10E3B0000B4B5B6898420AD0036843B1D3E9042150
:10E3C000D0E90445121941EB0501C3E90421D0E964
:10E3D000003213605A600023C0E9003330BD00BF33
:10E3E000FC020020B3F1FF3F08BFB2F1FF3F2DE96F
:10E3F000F84F0446994615461F467AD08160EFF3E0
:10E400001188202383F31288BFF36F8FB9F1000FB7
:10E41000DFF8E4A020DBFFF7BFFFDAE900270135D2
:10E4200049F100092D1849EBE073C4E90453AD1814
:10E43000064643EB07074FF00109FFF7A5FFDFF89A
:10E44000BCE0DEF804A00346EBB9C4E900EACAF870
:10E450000040CEF8044028E0DAE900126FF0010332
:10E460005B1A4FF0FF3161EB02025B1B62EB0902AA
:10E47000012B72F10001BCBF01230022C0E904326C
:10E480004FF00009D9E7D3E9041CD4E904208A42FB
:10E4900070EB0C0B24DA891A5A686CEB0000C3E9A4
:10E4A0000410C4E9003214605C60FFF76DFF844221
:10E4B0000ED1134B1B685BB9B9F1000F02D1FFF706
:10E4C0006BFF0646304601F0E3FD0021FEF744FAFB
:10E4D00088F31188BFF36F8F28463946BDE8F88F5F
:10E4E000521A60EB0C009A45C4E90420ADD01B68B9
:10E4F000AAE700252F46EFE7E81F0020FC020020D6
:10E50000488000202DE9F047EFF31185202383F3A5
:10E510001288BFF36F8FDFF8A490DFF8A480C9F8EA
:10E520000000FFF731FF00260027D9F80030D8E9B6
:10E5300000ECD91750B1D0E90442A34271EB020AB2
:10E540001CDAE41A62EB0102C0E9044213EB0E0389
:10E550004FF000044CEB01012046C8E90031C9F836
:10E56000004001F095FD2146FEF7F6F985F311888C
:10E57000BFF36F8FBDE8F047FFF7D6BE14EB0E0276
:10E580004CEBE473C0E90467C8E90023FFF70EFF12
:10E5900085F31188BFF36F8F83689847EFF3118578
:10E5A000202383F31288BFF36F8FD9F800301B1B31
:10E5B000C9F80030FFF7E8FEB7E700BF4880002049
:10E5C000E81F002010B5EFF31184202383F3128895
:10E5D000BFF36F8FFFF7E0FE054A0346D2E9000163
:10E5E000181841EBE37184F31188BFF36F8F10BDEE
:10E5F000E81F0020F0B51423154E03FB0100002492
:10E60000202701B9F0BD10F8073C40F80C4C03F08E
:10E610003F03102BA0F1140C0CD826FA03F3DB07F0
:10E6200008D550F8143C2BB150F8105C2B605D609D
:10E6300040E9054482F31188BFF36F8FEFF3118235
:10E6400087F31288BFF36F8F01396046D9E700BFA7
:10E65000160101002DE9F74F1D46274B9F68012346
:10E6600087F8603087F8613052EA050316460CBF20
:10E670000123002307F16002804601F0BEFD8146C0
:10E68000EFF3118B4FF0200A8AF31288BFF36F8FDC
:10E6900097F860404CB901465A464046FFF7AAFF3A
:10E6A0008BF31188BFF36F8F0BE0002387F8603086
:10E6B00056EA050309D18BF31188BFF36F8F6FF012
:10E6C0000A04204603B0BDE8F08FCDE900650B4A8F
:10E6D0000B485946FFF7DEFB0446EFF311858AF33A
:10E6E0001288BFF36F8F2A4649464046FFF782FFE4
:10E6F00085F31188D6E700BF1880002004030020AE
:10E700009F80002038B50346EFF31185202282F365
:10E710001288BFF36F8FC16001218160006883425E
:10E7200006D185F31188BFF36F8F0024204638BDD2
:10E73000D0E9003213605A600023C0E9003301F0D1
:10E74000DFFD294604460248FFF7C6FBEEE700BF9F
:10E750009F800020F8B507460C46164601F0B5FB31
:10E7600008B10020F8BD0D4B9B681D6F002DF8D03F
:10E77000221DF6D2EFF31184202383F31288BFF316
:10E780006F8F47F004012846B04784F31188BFF328
:10E790006F8F0028E5D040F8045BE3E71880002085
:10E7A0000146024A0020FFF7D5BF00BF0DEF010070
:10E7B000014800F0EDBB00BFCE15020007B5074BC6
:10E7C0000093074907484FF0FF334FF40072FFF7FB
:10E7D00093F9002003B05DF804FB00BFB410020001
:10E7E000C0960020F01F00202DE9F04F8DB0436847
:10E7F0000293837815469A07804640F10D810024E4
:10E800000E78002E00F00A81252E0BD04B1C0393AE
:10E810000134029B4146304698470028C0F2F680FA
:10E820000399EDE74E788B1C252E0393F0D000273B
:10E83000B946BB46BBF11F0F38D8A6F12003102BF9
:10E840000AD8DFE803F02A09093009090921090972
:10E850000928092D09091F00A6F13003092B33D916
:10E860002A2E37D11BF0400F55F8043B40F0828030
:10E87000002BA7BF4BF0200B9946C3F100094BF0CA
:10E88000280B01E04BF0010B039B13F8016B039382
:10E89000002ECFD130E04BF0020B4BF0040BF3E72E
:10E8A0004BF0080BF0E74BF0100BEDE7BBF17F0FDF
:10E8B00019D8A6F13003092BD2D81BF0400F03D092
:10E8C0000A2101FB0737DFE70A2101FB09394BF079
:10E8D000200BD9E72E2E06D11BF0400F40F09E8072
:10E8E0004BF0400BD0E76C2E31D02BD8682E36D0B1
:10E8F0006A2E3CD04C2E3AD0002F46F02003B8BFF1
:10E900002BF04002A3F16501BCBF1FFA82FB002778
:10E91000022901D9612B2FD1073525F00705DFF832
:10E92000ACA2083507271BF0080F66D00AEB070BCF
:10E9300056465E4563D1A4EB0A0A06EB0A02A9EB30
:10E9400007096FE1742E9FD07A2E9DD0D4E71BF07B
:10E95000800F18BF4BF4007B4BF0800B94E71BF447
:10E96000807F18BF4BF4007B4BF4807B8CE74BF42B
:10E97000207B89E71F4687E7A6F16301122900F291
:10E98000F080DFE811F013004F00EE00EE00EE0023
:10E99000EE004F00EE00EE00EE00EE00EE00FE0096
:10E9A000E900EE00EE001B00EE00AF0055F8043B5E
:10E9B0008DF8183001270DF1180AB4E755F804ABAB
:10E9C000834BBAF1000F08BF9A461BF0400F14BFEB
:10E9D00039464FF0FF31504601F040FD0746A2E7AF
:10E9E000029B41462020984700280FDB013EB7429A
:10E9F000F6D34C44A41BB14698E74E46F7E716F809
:10EA0000010B029B41469847002892DA98F80230A1
:10EA100043F0040388F802304FF0FF3420460DB075
:10EA2000BDE8F08F1BF0800F34D01BF4007F2CD09A
:10EA3000073525F00705AA4669685AF8080B2BF038
:10EA400010050029ADB237DA404261EB410145F4CF
:10EA500080650DF1180B0A235A4601F00BFDA0EB5F
:10EA60000B0301936B0662D5019B25F001019F42C8
:10EA700089B240F3A180002E00F0998015F01002B9
:10EA800040F09C80BB460D4623E0AA465AF8040B92
:10EA9000C117D4E7AA461BF4807F5AF8041B01D1A2
:10EAA0000846F5E71BF4007F15BF48B208B241F3F2
:10EAB000C01141F3C031C2E750EA0103C9D11BF0D4
:10EAC000400FC6D0002FC4D12BF0110295B2BB4627
:10EAD000019740F2064115EA01021CBF0BF1010B40
:10EAE00000222CE02BF010021FFA82FB0A231BF0FD
:10EAF000800C49D01BF400711DBF073525F00705B8
:10EB0000AA46AA461ABF5AF8080B69685AF8040BB5
:10EB100050EA010545D12BF016051BF0400FADB2B0
:10EB200042D0002F40D12BF0170295B2019715F07B
:10EB3000100248D0019B002E42D103F1010B29079E
:10EB40005AD4EB0706D5D9456FDD0199A9EB0B0324
:10EB50005F18CB465B4649E04BF0100B102378263C
:10EB6000C5E7782B04D1C6F1780343F01003BEE764
:10EB7000029B4146252098470028FFF647AF023404
:10EB800047E608230026B2E7AA461BF480715AF82C
:10EB9000040BBDD01BF400711ABFC0B2614680B235
:10EBA000B6E72BF0060295B20DF1180B54E725F0ED
:10EBB0001105ADB2BB468CE70D46B8E73B460D46A6
:10EBC00003F1020BBBE7DDF804B082E70616020092
:10EBD000FF150200CDE904324146029B20209847F0
:10EBE0000028FFF613AF049B059A01339945F1DC29
:10EBF000A4EB0B01CC189B460AB3029B4146302084
:10EC000098470028FFF602AF8EB901342744019BD4
:10EC1000391B994224DC1D465DBB019AA9EB0B0907
:10EC2000224455461446914435E0019F92E7023450
:10EC300041463046029B98470028E7DAE6E640F274
:10EC400006410D42E2D015F0020F14BF2B20202008
:10EC500015F4806F04F10104414618BF2D20E9E747
:10EC6000029B414630209847002804F10104CEDA87
:10EC7000CCE606AB013D4146585D029B9847002813
:10EC8000CADAC3E6029B414620209847002804F1D7
:10EC90000104FFF6BBAEA9EB0403002BF2DCBFE5D9
:10ECA0007047022806D0052804D001280CBF032095
:10ECB000002070470420704700EBC10040884008E6
:10ECC0007047F8B50346FFF7F7FFB0FA80F0C0F1E0
:10ECD0001F0003EB800CCA00DCF81060171D0C4607
:10ECE00006328DB256B9012101FA00F0D96801430C
:10ECF000D960CCF81040DD539D52F8BDF1000431CD
:10ED0000585AD85303EBC0009E52C5805D52F4E7B9
:10ED100010B500EBC104E388994202F104010AD165
:10ED2000012303FA02F2C36823EA0203C36000234B
:10ED300040F8213010BDA28840F8213000EBC2011C
:10ED400000EBC300CB808280F4E708B50346FFF7F1
:10ED5000B3FFB0FA80F2C2F11F021846BDE80840C6
:10ED6000FFF7D6BF2DE9F843B1FA81F5C5F11F09C8
:10ED700000EB89080346D8F810200E46C2B10327DD
:10ED8000D8F8104018462146FFF796FFB04206D348
:10ED90004A461846FFF7BCFF2046BDE8F88303EB60
:10EDA000C404013FE088C8F8100001D08242E7D1D6
:10EDB000C5F120024FF0FF349440DA681440EBD0E4
:10EDC00094FAA4F2B2FA82F2111D53F821402146BE
:10EDD000DFE738B50346FFF76FFF0D4604461146DF
:10EDE0001846FFF769FF03EBC5050444600068801F
:10EDF0001846FFF761FF014423F8314038BD38B5AC
:10EE00000346FFF759FF0C46A51A511A03EBC40439
:10EE100005444800608003EBC2006C00448023F886
:10EE2000321018461146FFF747FF014423F83150CE
:10EE300038BD38B50546FFF73FFF0C46014405EBEA
:10EE4000C1035B88DA070AD42846FFF77EFF214614
:10EE50002846FFF731FF22182846FFF7BAFF35F89A
:10EE60003410611A05EBC1035B88DB070CD428461C
:10EE7000FFF76BFF35F834102246611A2846FFF77A
:10EE8000A8FF35F83430E41A21462846BDE838405A
:10EE9000FFF717BF61B100680439091A21F00703B1
:10EEA0000344C9085A8822F001025A80FFF7C1BF03
:10EEB000704770B5056809B9002070BD01F00703FF
:10EEC0000B33CC0804EBD304AB689C4228BF1C4630
:10EED00021462846FFF746FF06460028ECD00146AB
:10EEE0002846FFF7E9FEA04207D932192846FFF766
:10EEF00086FF11462846FFF7E4FE05EBC6021046E2
:10EF0000538843F0010353800430D6E71146FFF7DE
:10EF1000D0BF043A2DE9F041CC1D114424F0070480
:10EF200021F007010E1BF708B7FA87F2C2F124059A
:10EF3000AD004FF000080735C2F12002ED08046073
:10EF40004146A760C4F80C80920004F1100001F063
:10EF50006DFA6B0043F00103638004EBC5027B1B79
:10EF60005900A4F800805180A21924F83550A2F865
:10EF70000280A35304EBC70329465A8842F00102DA
:10EF80005A802046BDE8F041FFF79BBE0020704745
:10EF90000FB407B504A951F8040B0191E6F748FB3B
:10EFA00003B05DF804EB04B070470FB407B504A9D3
:10EFB00051F8040B0191E6F73BFB03B05DF804EB5D
:10EFC00004B07047036800220BB9184670478B42A3
:10EFD00010D10B6842B942680360914200D143608E
:10EFE00000230B600120704713604368994208BFFB
:10EFF0004260F5E71A461B68E6E7038B13F0070348
:10F0000005D10368002B0CBF002003207047022BA2
:10F0100005D1408BB0FA80F0400980007047012B89
:10F0200005D10368002B0CBF00200520704700208D
:10F03000704710B50C4600B111B96FF0150010BD46
:10F04000081D00F0D2F80028F9D1A368032BF6D9E7
:10F05000F3E72DE9F0410D4607461946281D904675
:10F060001E4600F0D6F8044638B1334642462946DB
:10F070003846A446BDE8F0416047BDE8F08110B4D1
:10F08000EFF31182202484F31288BFF36F8F416164
:10F0900010BC0121E6F7FEBA38B50C46054658B15A
:10F0A00051B10B6843B14B6833B11C22002101F010
:10F0B000BDF92C61002038BD6FF01500FBE770B57D
:10F0C00005460E46FFF7B5FF041E14DBEFF3118271
:10F0D000202383F31288BFF36F8F6B8B2C8B4FF63B
:10F0E000FF718B4204F0070407D182F31188BFF34C
:10F0F0006F8F6FF00A04204670BD022C0CD10133D3
:10F100006B8382F31188BFF36F8F00232246314651
:10F110002846FFF79EFFEEE7062C14D8DFE804F040
:10F1200004131313041A0400002333606B683BB903
:10F13000C5E90066ACB902212846E6F7ABFADAE782
:10F140001E606E60F6E782F31188BFF36F8F6FF079
:10F150000404D0E782F31188BFF36F8F6FF085044A
:10F16000C9E782F31188BFF36F8FC4E710B5EFF3DF
:10F170001182202383F31288BFF36F8F048B04F076
:10F180000704022C0AD0012C0CBF6FF004006FF0B2
:10F19000850082F31188BFF36F8F08E0438B013B3A
:10F1A0009BB2438323B92146E6F774FA204610BD8B
:10F1B0002046EEE738B5A8B1A1B1EFF311852022C2
:10F1C00082F31288BFF36F8F048BFFF7FBFE30B121
:10F1D00004F0070085F31188BFF36F8F38BD6FF01F
:10F1E0007700F7E76FF01500F8E7034640B1426893
:10F1F00002F00302022A06D0032A04D0012A05D015
:10F200006FF0150070471A68002AF9D00020986046
:10F21000704710B54268816002F00302022A03467B
:10F220004FF0000407D0032A02D05C60002001E008
:10F2300018685C6010BD18685C600028F6D0FFF7A5
:10F2400061FAF3E7704701F0F1B801F0C7B8014681
:10F250000068E6F75BBB08B5E6F788FBBDE8084049
:10F26000E6F7A8BB00210120E6F750BB6FF0850050
:10F27000704761B662B680F31188BFF36F8F704735
:10F2800072B6002383F31188BFF36F8FBFF34F8FE4
:10F2900030BF62B6BFF36F8F704772B6002383F33F
:10F2A0001188BFF36F8FBFF34F8F20BF80F311889A
:10F2B000BFF36F8F62B67047202809D9B0F1004FB5
:10F2C00008D80138B0FA80F0C0F11F004000704744
:10F2D000082070473E2070477047416A8968E7F709
:10F2E00087B8027A013202727047426810B52AB1BB
:10F2F0000B461C465B68002BFBD16260416010BD71
:10F3000010B5044620B90B7A01330B72084610BDC4
:10F31000034618465B68002BFBD1FFF7E6FF20464B
:10F32000F5E710B508B14B6843604C680023084608
:10F330004B60E7F7DBF8204610BD8388026819446C
:10F340008180D018704730B484880568A318838002
:10F35000281930BC01F042B810B5838802685C1CE3
:10F360008480D154D01810BD8288521A03468280FE
:10F370000068084418607047034600689A88521A6B
:10F3800001449A801960704710B503681C78012108
:10F39000FFF7EAFF204610BD8388C2888168D21A31
:10F3A00003685B1AD01A704730B585B014460A88D6
:10F3B0008B78ADF8002005460D2200210DF10300E9
:10F3C0008DF8023001F032F86A4669462846F7F7B0
:10F3D00007FD28B9BDF800209DF802302280A370F7
:10F3E00005B030BD13B50C4601AA0331FFF7DCFFB1
:10F3F00048B9032201A9204601F020F8B0FA80F0B4
:10F40000400902B010BD0020FBE770B5CE1C0546D8
:10F410000C4630460321F7F7E1FC60B9637903F04D
:10F420003F0343F040036371224631462846BDE85E
:10F430007040FFF7B9BF70BD0220E7F7B5B80331E0
:10F4400038B5C9B205460E20E7F72CF9032104466A
:10F450000C30FFF772FF01230370A0F80150204623
:10F4600038BD70B505460E460F200421E7F71AF99E
:10F47000042104460C30FFF760FF01220670427041
:10F480004580204670BD0369C9B20C2201FB0233DE
:10F49000186C00F00700704770B5C9B20369EFF34C
:10F4A0001185202484F31288BFF36F8F0C2606FB8E
:10F4B0000134246C14F0C00408D0A24206D085F3B5
:10F4C0001188BFF36F8F4FF0FF3070BD06FB013323
:10F4D00001221A6485F31188BFF36F8F436803EB31
:10F4E000C1035B6898470020EFE78022FFF7D4BF95
:10F4F000F8B5069F0469C9B2EFF31186202585F39C
:10F500001288BFF36F8F0C2505FB0144256C05F0B5
:10F51000070CBCF1010F0CD1276486F31188BFF3EF
:10F520006F8FC4E90E23436853F8313098470020A9
:10F53000F8BD05F0C005AF4286F31188BFF36F8FA9
:10F540000CBF6FF077004FF0FF30F1E713B5802468
:10F550000094FFF7CDFF02B010BD10B40069CBB22C
:10F560001C2403FB0400002110BC10470020FDF701
:10F5700045BB002000F035BA1046FEF71BB94368C2
:10F580005B68D3F810350B600020704743685B68F8
:10F5900002EA010021EA0201C3F80805C3F80C15CC
:10F5A0000020704743685B680020C3F80815704767
:10F5B00043685B680020C3F80C15704743685A68BD
:10F5C000D2F8043521EA03000B40C2F80805C2F85E
:10F5D0000C350020704710B503695868F8B18842AF
:10F5E00019D19C6808685860A14200D19860002039
:10F5F00008602AB15A680A609A68596002B999602D
:10F60000002010E0814206D108682060986881429D
:10F61000EDD19C60EBE7044600680028F2D1002A97
:10F62000E8D16FF0150010BD30B543681360057A5E
:10F63000446804EBC504A34202D36FF0010030BD5F
:10F640005C798C4201D00833F0E70020F7E743688B
:10F650001B68D3F88004C3F88004704742681368BD
:10F66000D3F8100150B1126A002012780A70C3F862
:10F670001001D3F8102101221A6070474FF0FF30BB
:10F680007047002A0FDD42681368D3F8100158B1A3
:10F690000020C3F81001126AD3F8100112780A7022
:10F6A0000120186070470020704710B54368196842
:10F6B0000369EFF31182202080F31288BFF36F8F6C
:10F6C0001868002484731B680120D8734FF48003EA
:10F6D000C1F8043382F31188BFF36F8F10BD036943
:10F6E0001A68012191731B680022DA73704702695E
:10F6F00011680346C87B40B15B681B68D3F85801AA
:10F7000018B100230B6113689889704743681B6820
:10F71000D3F81001003818BF0120704743681B68F8
:10F720001022C3F80423704743681B681022C3F8F3
:10F730000823704743681B684FF40072C3F8042322
:10F74000704743681B684FF40072C3F80823704782
:10F7500038B543681D68D5F804335B02044605D408
:10F76000D5F8040310F0100006D138BDFFF7BFFF35
:10F770000028F5D00120F8E72046FFF7C7FF003842
:10F7800018BF0120F1E70120704703691868016084
:10F790001B685A60704702680346D2F8580140B9A6
:10F7A0005B68DB0706D4D2F82001003818BF0120BF
:10F7B00070470120704710B4436802691B68D3F892
:10F7C0000413C90517D5D3F82011A1B1EFF31181A6
:10F7D000202484F31288BFF36F8FD3F8204134B113
:10F7E0000024C3F82041D3F820410124DC6081F3D8
:10F7F0001188BFF36F8F1168D3F8584171B17CB194
:10F8000000240C611168C97B19B94FF48001C3F859
:10F81000081311688C7B1CB100238B7310BC7047DC
:10F82000D3F8241121B10021C3F82411D3F82431D5
:10F8300012681368002BF1D0516810BC184713B53B
:10F8400001AA0446FFF7F0FE002805DB019B2268B1
:10F8500019791868FCF7F8FC02B010BD6FF085004C
:10F8600070472DE9F041066933689C89BFF35B8FCF
:10F8700094420546A8BF14461033012753E8002FD1
:10F88000002A03D143E800700028F7D1BFF35B8F53
:10F890000CBF3B4600232BD133682246986800F00A
:10F8A0009DFDEFF31188202383F31288BFF36F8F40
:10F8B00069680846FFF76FFF326840B91061044677
:10F8C00088F31188BFF36F8F2046BDE8F0810B6885
:10F8D0009268C3F844250022C3F84845C3F82021A4
:10F8E000D3F82011C3F85821D3F858219F60E7E7D7
:10F8F0001C46E9E700F150039B009BB203F18043F3
:10F9000003F5883300221A601B68704708B5FCF7BE
:10F91000B7FE08BD004700F0E6B8C00000F1804027
:10F9200000F5F830C0F81015C0F814257047FDF741
:10F93000C9BDF7B50646F8B101281BD104224FF422
:10F94000807301464FF0804003440244C0F808131E
:10F950000025012111601D608E421B688DF8071083
:10F9600008BF0DF1070542F210744FF0804746B111
:10F97000012E23D003B0F0BD0C224FF4827302217C
:10F98000E0E7D7F8183403F480333DB9002BF1D009
:10F990000120FFF7C0FF013CF3D1EBE7D7F81824B3
:10F9A00002F003022A60002BE4D09DF80700012832
:10F9B000E0D1FFF7B0FF013CD9D1DBE7D7F80C3439
:10F9C00003F480333DB9002BD4D00120FFF7A3FF0F
:10F9D000013CF3D1CEE7D7F80C2402F001022A70E3
:10F9E000E1E7FFF7A6BFF7B5019001A8DDE90847F9
:10F9F00016461D46FDF78CF9019BB6F1000C18BFA9
:10FA00004FF0010C00EB83000B1E18BF0123002DEB
:10FA100043EA4C0314BF4FF00C0C4FF0000C002CC9
:10FA200043EA0C0314BF4FF4E06C4FF0000C002FBE
:10FA300043EA0C03D0F8002714BF4FF4403C4FF0CA
:10FA4000000C43EA0C0322EA030301B109780EB16A
:10FA50003678760019430DB12D78AD0031430CB1E5
:10FA60002478240229430FB13F783F040C433C43E0
:10FA7000C0F8004703B0F0BD1FB50DF10F030193AF
:10FA800000238DF80F1000931A461946FFF7ABFFBD
:10FA900005B05DF804FB38B5054608460C46FDF791
:10FAA00089F9B0B10846FDF779F990B90846FDF734
:10FAB00069F92A6801238340C2F808332A6803B22F
:10FAC00002EB8303D3F8102522F00302C3F81025BC
:10FAD00038BD20460021BDE83840FFF7CDBFFDF717
:10FAE000EFB9FFF7D8BF08B1E6F72ABD704710B5E8
:10FAF000436904463BB90020E268537843F00103B0
:10FB00005370404210BD98470028F4D00028B8BF79
:10FB10004042E368FF28A8BFFF201870ECE740B11F
:10FB2000C368587810F001001EBF1878B0FA80F052
:10FB300040097047EFF31183202383F31288BFF34A
:10FB40006F8FFEE708B5FFF7F5FF10B400F10C0466
:10FB5000C0E9034410BCFFF7DCB938B50446EFF345
:10FB60001185202383F31288BFF36F8FFFF792F97B
:10FB700004F10C0000F035FA30B1294604F114000C
:10FB8000BDE83840FEF7A8B985F31188BFF36F8F41
:10FB900038BD08B52024EFF3118384F31288BFF336
:10FBA0006F8FFFF76DFBF6E7D0E9003213605A6004
:10FBB000427B002322F00202C0E9003342738360DB
:10FBC00070472DE9F843914604469DF820200D46E4
:10FBD00000F10807EFF31186202181F31288BFF3AB
:10FBE0006F8F02B14568D4F80880474518D0B8F146
:10FBF000000F15D04046FFF7D7FF08F1180000F0BE
:10FC00005EFA0023C8F87C30C8F81090404600F037
:10FC10009FF938463146FEF75FF90020BDE8F883CA
:10FC2000A3B10820FEF7BCFD002838D00122C0F89F
:10FC300004900260016801F003015DB922680A4383
:10FC40000260626820606AB960600BE0C9F8003049
:10FC50004846EFE72A68032A16D80160616869B947
:10FC6000C4E90000042104F1100000F08CFB00281E
:10FC7000CFD186F31188BFF36F8FCFE70A6802F008
:10FC8000030202430A60DFE722F003020A43026034
:10FC90002A6802F0030240EA02032B60E2E76FF0F9
:10FCA0000B00E6E710B5044630B10268930703D0B5
:10FCB000446809B100F08BFB204610BD0023C0E969
:10FCC000003300F10803C0E9023300F11003C0E97A
:10FCD00004337047F8B500F10806EFF311872023CD
:10FCE00083F31288BFF36F8F8568AE4200F1100472
:10FCF00017D0B5B12846FFF757FF05F1180000F0FF
:10FD0000DEF900232846EB672B6100F021F908217A
:10FD1000204600F038FB39463046BDE8F840FEF793
:10FD2000DBB80821204600F02EFB0028F3D187F332
:10FD30001188BFF36F8FF8BD07B50123009300232F
:10FD40000A461946FFF73DFF03B05DF804FB07B50F
:10FD500000230A4600931946FFF733FF03B05DF80E
:10FD600004FB5AB18A4209D300F11003C0E9021220
:10FD7000C0E90000C0E90433002070476FF01500AF
:10FD80007047026801238B4022EA0303036022FAD2
:10FD900001F000F00100704710B5032104460C305B
:10FDA000FFF7EFFF30B104F1100000F088F9B0FA6E
:10FDB00080F0400910BD20B1002211468C3000F0C7
:10FDC00045B9704770B5C368C3F340069B07044646
:10FDD00016D4856802210C30FFF7D3FF80B1D5F827
:10FDE00084206AB194421DD122689EB9D5F888302A
:10FDF000C5F884209C4201D1C5F8882000232360E7
:10FE0000E36813F01F001EBF43F00203E36040F0FD
:10FE1000020070BD3260D5F88820944208BFC5F852
:10FE20008860EBE716461268DBE773B50446EFF32C
:10FE30001185202383F31288BFF36F8F0023A0F175
:10FE40001006032104380193FFF79BFF28B1A36933
:10FE5000019301A93046FDF7F3FD85F31188BFF347
:10FE60006F8F02B070BD13B501900846EFF3118497
:10FE7000202383F31288BFF36F8F01A9FDF7E0FD04
:10FE800084F31188BFF36F8F02B010BD38B53022F4
:10FE900004460D46002100F0C9FA4FF480736560F6
:10FEA000E36038BD38B50446EFF31185202383F3B2
:10FEB0001288BFF36F8FFFF76FFF2046FFF782FFB7
:10FEC00085F31188BFF36F8F38BDEFF305800038DD
:10FED00018BF012070476FF057007047D0E900321B
:10FEE00013605A600023C0E90033704708B5FFF77C
:10FEF000F5FF437B23F0020343730023836008BDB7
:10FF000038B504460D46FDF745FF637B43F0020319
:10FF10006373E5B1A5602B689D4209D16B68C4E9A4
:10FF200000531C606C6012E06A689A42F6D01B684D
:10FF3000002BF3D094F90E2093F90E108A42F3D0DF
:10FF40009142F1DD5A68C4E9003214605C6038BD4A
:10FF500010B5EFF31184202383F31288BFF36F8F62
:10FF6000FDF7D6FE84F31188BFF36F8F10BD08B57F
:10FF7000EFF31181202282F31288BFF36F8F836821
:10FF80000BB1FFF7B3FF81F31188BFF36F8F08BD8B
:10FF900010B50146EFF31184202383F31288BFF3D9
:10FFA0006F8F437B13F0280F0AD183680BB1FFF7E3
:10FFB0009DFF4B7B23F004034B730846FDF7A8FE1F
:10FFC00084F31188BFF36F8F10BD01211838FFF73C
:10FFD000DFBF10B5FFF7CBFFBDE81040183000F0D1
:10FFE0006EB838B504680546AC424FF0000000D149
:10FFF00038BD002CFCD02046FFF7EBFF2046FFF772
:020000022000DC
:10000000A7FF2C680120A542F1E770B505460E4612
:10001000FEF71CF8B6F1FF3F08BFB5F1FF3F0446FD
:10002000284612D04FF47A7147F6FF730022C4FBC2
:100030000132D80B40EA4240B0F1004F4FEAD232D1
:1000400072F1000228BF6FF0004070BD38B5EFF3C9
:100050001185202383F31288BFF36F8F0468A042B9
:1000600012D09CB1E16722612046FFF73FFF04F107
:10007000180000F024F82046FDF74AFE012085F321
:100080001188BFF36F8F38BD0020F8E72046F6E7F0
:1000900008B50246FEF778F970B1D0E904319B1A31
:1000A00061EBE272B3F1004F72F1000104DA002A51
:1000B000ACBF1846002008BD6FF00040FBE738B524
:1000C0000246EFF31185202383F31288BFF36F8F6D
:1000D0000368CBB1FEF758F904461046FEF766F9FF
:1000E00000224FF000438442C0E9042306D1FEF70A
:1000F00053F9FFF7CDFF0021FCF72EFC002085F31C
:100100001188BFF36F8F38BD6FF01500F7E708B5A2
:10011000FEF758FA08BDFEF755BAB3F1FF3F08BF26
:10012000B2F1FF3F70B506461D46144614D01A437F
:1001300016D0002B08DBFEF745FA041941EB050148
:10014000C6E90041304670BD6FF001031C1B4FF043
:10015000FF3363EB0501F3E74FF0FF342146EFE790
:100160000024FBE7B3F1FF3F08BFB2F1FF3FF8B552
:10017000074616461C4610D054EA020311D0FEF77B
:1001800021FAB0420A46A14103460AD2F31A64EBAF
:100190000204C7E900343846F8BD4FF0FF331C466F
:1001A000F7E70023FBE770B5D0E90034984209D0A7
:1001B00044B1A568EDB115F9526C12F9525CB54223
:1001C00008D007DDC1E900042160416010E0A342CE
:1001D000F8D01B68002BF5D09A6862B112F9522C46
:1001E000AA42F4D0F3DD5A68C1E9003211605960C7
:1001F00070BDAB7BFFDE937BFCE72DE9F84F00255C
:100200000F461446984601462E464FF0200AA9464E
:10021000BD4202DB3046BDE8F88FEFF3118B8AF365
:100220001288BFF36F8F4B7B03F03F03082B09D875
:1002300053B1013B072B07D8DFE803F0281C062247
:100240000606062E102B2DD0B8F1000F3BD12378D7
:10025000002B38D04B7B03F03F03082B3AD8002B00
:100260003AD0013B072B37D8DFE803F03F39363966
:10027000363636420B699B68002BE5D0022317E027
:100280000B691B68002BDFD0042311E00B699B680E
:10029000002BD9D001230BE00B691B6A002BD3D0B4
:1002A000102305E00B69DA895B899A42CCD02023C0
:1002B000CA68C1F80890C2F38630034363F39432EE
:1002C000CA6084F800908BF31188BFF36F8F0135FB
:1002D00014319DE7102B0FD08C600136F3E70869CD
:1002E00022461030FFF75FFFF6E708692246F9E77C
:1002F000086922462430F5E7086922462C30F1E7E8
:100300002DE9F041846805460E46D4B16378012B8F
:1003100022D114F8533C9A0711D5A4F1600738464E
:10032000FFF757FE082E0CBF6FF003030023E361B5
:1003300014F8533CDB0602D13846FFF709FE0023D0
:100340002370EB68C3F386321643002066F39433C0
:10035000A860EB60BDE8F081022BF0D12378002B80
:10036000EDD054F8048CB8F1000FE8D004F114007B
:10037000FFF7A5FEA4F114070023E36239464046C7
:10038000FFF771FDDBE738B5EFF31185202383F329
:100390001288BFF36F8F0468A04211D0D4E90032F5
:1003A00013605A600023C4E900332046FFF7A8FF1A
:1003B00085F31188BFF36F8F201E18BF012038BD51
:1003C0000024F5E70023C0E900008360704720B1F6
:1003D000011F50F8040CFFF7C0BB70470A4491425C
:1003E00000F1FF3300D1704710B511F8014B03F84D
:1003F000014F9142F9D110BD884210B501EB0204C2
:1004000002D98442234607D8431EA14208D011F8DE
:10041000012B03F8012FF8E7024401468A4200D17C
:1004200010BD13F8014D02F8014DF7E702440346F1
:10043000934200D1704703F8011BF9E710B5013969
:100440000244904201D1002005E0037811F8014FE9
:10045000A34201D0181B10BD0130F2E710B50246CF
:1004600001448A42134603D01C780132002CF8D193
:10047000181A10BDF0B5C3F137070446FFB203F0F8
:100480001F031046082BE6B233D0102B3ED0650870
:10049000A40844EA817445EAC1752D194FEA910216
:1004A00042EB5102290941EA02716D1842EB121226
:1004B000290A41EA02616D1842EB1222290C41EA35
:1004C00002416D1842EB1242AD1842F10002EC08F5
:1004D00044EA4274D10804EB8402A6EB4205EDB273
:1004E000092D0CD90134A5F10A0541F10001EDB245
:1004F00012E0E40844EA417406F00705C908303503
:1005000054EA010200F8015BBCD1F0BD240944EAC1
:10051000017406F00F050909092D84BFED19EDB22C
:10052000EDE7000001480068704700009C200020B3
:0805300004FCFD7F0100000046
:100538002965000000000000000000009805020086
:100548002DD701000000000000000000D8050200BF
:1005580000000000B805020000000000F8050200D5
:100568000000000018060200F5C7010000000000A6
:100578004163000000000000BDE70100000000002A
:1005880000000000380602000553000000000000CB
:1005980066150200F40F0200100802000E03002086
:1005A800C07E002061B901000000000000000000CA
:1005B8008515020004100200E00702001203002063
:1005C800687F002055C00100000000000000000006
:1005D800931502001C100200E0070200140300201B
:1005E800747F002055C001000000000000000000DA
:1005F8007515020000000000D80702001003002053
:10060800147F002005BE010000000000000000006B
:10061800A9150200341002002C080200160300205D
:10062800CC02002095C401005DF801000000000024
:100638001809020000000000040802000C03002052
:100648005C520020000000000000000000000000D4
:10065800A5CC010015F901000000000065F20100B9
:1006680018060200B7F701000000000065F201005B
:100678000000000065F201000000000065F20100C2
:1006880019D3010015F901000000000065F201000E
:100698000000000065F201000000000065F20100A2
:1006A8000000000065F2010000000000096E010072
:1006B8000000000065F20100147F002079BE0100EF
:1006C8000000000029B801000000000065F20100E8
:1006D8000000000065F201000000000085C801006C
:1006E8000000000065F201000000000065F2010052
:1006F8000000000065F201000000000065F2010042
:100708000000000065F201000000000065F2010031
:1007180000000000396E01000000000065F20100D1
:100728000000000065F201000000000065F2010011
:100738000000000065F201000000000065F2010001
:100748000000000065F201000000000065F20100F1
:100758000000000065F201000000000065F20100E1
:100768000000000065F201000000000065F20100D1
:100778000000000065F201000000000065F20100C1
:100788000000000065F201000000000065F20100B1
:100798000000000065F201000000000065F20100A1
:1007A8000000000065F201000000000065F2010091
:1007B8000000000065F201000000000065F2010081
:1007C8000000000065F201000000000065F2010071
:0807D800ADBD010005BD0100EB
:1007E0009DC001007FF501008DF50100A5F5010018
:1007F000B1F50100BDF50100EDBE0100D7F5010026
:0408000000000000F4
:0C08040001990000E198000055980000E8
:10081000B9B90100EBF401004DF501000000000042
:0C08200087F40100000000000000000050
:10082C005DF60100DDC301004FF6010063F8010025
:10083C0083F60100ABF60100DFF60100EFF60100D4
:10084C001DF7010029F70100EFF601000DF701007B
:10085C0035F7010043F7010051F7010087F701005C
:04086C008BF7010005
:10087000000103FF04FF020000010602010700005F
:100880000001020104040404000000000000000054
:100890000338FDD870470000000000200000000071
:1008A00000000B0602000000AC080200000000007F
:1008B000D91402002400020600000020E114020006
:1008C00020000B11CD63000000000000D9F20100F0
:1008D000C4080200E0080200200000000000000040
:1008E00000990020C4080200F4080200450000003E
:1008F00000000000889A0020C408020008090200D5
:100900004700000000000000889E00204254204361
:10091000544C52205258000062745F6863695F63F0
:100920006F6E74726F6C6C6572000000131510FFAF
:100930001A1B12005A6570687972204F5320763462
:100940002E332E30000000000201010100000100E2
:100950000000000000010000000201030303030384
:1009600003000000574553545F544F504449522FE1
:100970007A65706879722F7375627379732F626C00
:100980007565746F6F74682F636F6E74726F6C6CC3
:1009900065722F6C6C5F73772F756C6C5F6164761A
:1009A0005F6175782E630000657272203D3D2030D6
:1009B000207C7C20657272203D3D202D313230003C
:1009C000415353455254494F4E204641494C205BB8
:1009D00025735D20402025733A25640A000000003D
:1009E00009706172616D313A202575207061726104
:1009F0006D323A2025750A00574553545F544F50C5
:100A00004449522F7A65706879722F7375627379D1
:100A1000732F626C7565746F6F74682F636F6E747B
:100A2000726F6C6C65722F6C6C5F73772F756C6C6A
:100A30005F7363616E2E6300574553545F544F508C
:100A40004449522F7A65706879722F737562737991
:100A5000732F626C7565746F6F74682F636F6E743B
:100A6000726F6C6C65722F6C6C5F73772F756C6C2A
:100A70005F636F6E6E2E6300752501008525010092
:100A800095250100A5250100B5250100C52501001A
:100A90006D2601007D260100D52501008D2601006F
:100AA0009D260100AD260100E5250100BD260100BF
:100AB000CD260100F5250100DD26010005260100F7
:100AC000ED260100FD260100000000000D270100B9
:100AD0001D2701002D270100152601003D270100DB
:100AE0000000000000000000000000000000000006
:100AF0005D26010008020B020A0305020000000047
:100B000000000000020200000602000004030000D2
:100B100002010903000000000103000000000000C2
:100B2000070300000000030100000000F401FA00C8
:100B3000960064004B0032001E00140057455354C9
:100B40005F544F504449522F7A65706879722F7301
:100B500075627379732F626C7565746F6F74682F2B
:100B6000636F6E74726F6C6C65722F6C6C5F7377F1
:100B70002F6E6F726469632F6C6C6C2F6C6C6C5F82
:100B80006164762E63000000300000000925733A8E
:100B90002041637475616C204556454E545F4F5635
:100BA0004552484541445F53544152545F55532088
:100BB0003D2025750A000000707265706172655FE6
:100BC00063620000574553545F544F504449522FBD
:100BD0007A65706879722F7375627379732F626C9E
:100BE0007565746F6F74682F636F6E74726F6C6C61
:100BF00065722F6C6C5F73772F6E6F726469632FF1
:100C00006C6C6C2F6C6C6C5F6164765F6175782EB8
:100C100063000000707265706172655F636200005E
:100C2000574553545F544F504449522F7A6570686A
:100C300079722F7375627379732F626C7565746F37
:100C40006F74682F636F6E74726F6C6C65722F6C4B
:100C50006C5F73772F6E6F726469632F6C6C6C2F8F
:100C60006C6C6C5F7363616E2E630000636F6D6DFF
:100C70006F6E5F707265706172655F636200000025
:100C8000574553545F544F504449522F7A6570680A
:100C900079722F7375627379732F626C7565746FD7
:100CA0006F74682F636F6E74726F6C6C65722F6CEB
:100CB0006C5F73772F6E6F726469632F6C6C6C2F2F
:100CC0006C6C6C5F7363616E5F6175782E6300009E
:100CD00073746172745F7573203D3D20286175786F
:100CE0005F73746172745F7573202B203155290016
:100CF000096175785F6F6666736574202575207568
:100D0000732C2073746172745F75732025752021B4
:100D10003D2025750A000000707265706172655F84
:100D200063620000574553545F544F504449522F5B
:100D30007A65706879722F7375627379732F626C3C
:100D40007565746F6F74682F636F6E74726F6C6CFF
:100D500065722F6C6C5F73772F6E6F726469632F8F
:100D60006C6C6C2F6C6C6C5F70657269706865720E
:100D7000616C2E6300000000707265706172655FC7
:100D800063620000574553545F544F504449522FFB
:100D90007A65706879722F7375627379732F626CDC
:100DA0007565746F6F74682F636F6E74726F6C6C9F
:100DB00065722F6C6C5F73772F6E6F726469632F2F
:100DC0006C6C6C2F6C6C6C5F63656E7472616C2EF6
:100DD00063000000707265706172655F636200009D
:100DE0000000000000000000000000000000000003
:100DF00000000000000000000000000000000000F3
:100E000000000000000000000000000000000000E2
:100E100000000000000000000000000000000000D2
:100E200000000000000000000000000000000000C2
:100E300000000000000000000000000000000000B2
:100E400000000000000000000000000000000000A2
:100E50000000000000000000000000000000000092
:100E60000000000000000000000000000000000082
:100E70000000000000000000000000000000000072
:100E80000000000000000000000000000000000062
:100E90000000000000000000000000000000000052
:100EA0000000000000000000000000000000000042
:100EB0000000000000000000000000000000000032
:100EC0000000000000000000000000000000000022
:100ED0000000000000000000000000000000000012
:100EE000FFC1FBE84C90728BE7B3518963AB2323BE
:100EF00002841872AA612F3B51A8E53749FBC9CA81
:100F00000C18532CFD45E39AE6F15DB0B61BB4BE58
:100F10002A50EAE90E9C4B5E5724CCA1B759B887FA
:100F2000FFE07D742648B9C5F3D9A8C4B1D59111A5
:100F300001420C39D5B0979D28D4F29BA4FD64657D
:100F4000068C2996FEA2714DF3F82E58DB0D5A5FE0
:100F50001528F57407CE25AF2B12E6D0DB2CDCC3A9
:100F60007FF03E3A13A4DCE2F96C54E2D8EAC88878
:100F70000021869C6AD8CB4E146AF94DD27EB232DB
:100F800003C6144B7FD1B8A6797C17ACED06ADAF84
:100F90000A947ABA03E792D7150973E86D16EEE161
:100FA0003F781F9D09526EF17C362A716C7564443E
:100FB0008010434E35EC65270AB5FC26693F5999E8
:100FC00001638AA5BF685CD33CBE0BD67683D65737
:100FD000054A3DDD8173C9EB8A8439F4360BF7008D
:100FE0002941767101030405E9B80100B9B801008F
:100FF0000000000041BA01002DB901006DF50100AB
:1010000073F50100FF030000000300500000000022
:10101000010000000060004000000000FFFFFFFF33
:1010200000000050000000000000000000600040D0
:10103000000000000020004001000000000000004F
:101040005810020000000010010000000000000025
:101050007C8000207B800020002000406410020083
:10106000020000008410020004000000741002005E
:1010700004010000068000000880000105800002D5
:1010800007800003060000000500000208060001BA
:1010900007060003080000000300000038050200F6
:1010A0003805020070050200780502009005020074
:1010B00098050200F6150200000100000000000083
:1010C00048434920756172742054580072302F6172
:1010D000313A2020307825303878202072312F6145
:1010E000323A2020307825303878202072322F6133
:1010F000333A20203078253038780A0072332F6157
:10110000343A2020307825303878207231322F69F7
:10111000703A2020307825303878207231342F6CA6
:10112000723A20203078253038780A0020787073A1
:10113000723A20203078253038780A004661756C84
:1011400074696E6720696E737472756374696F6E0B
:10115000206164647265737320287231352F706367
:10116000293A203078253038780A00556E68616E4B
:10117000646C6564204952516E3A2025640A002A45
:101180002A2A2A2A204D5055204641554C54202ABF
:101190002A2A2A2A0A002020537461636B696E6729
:1011A000206572726F722028636F6E746578742088
:1011B00061726561206D69676874206265206E6F79
:1011C000742076616C6964290A002020556E73745E
:1011D00061636B696E67206572726F720A0020200E
:1011E00044617461204163636573732056696F6C59
:1011F0006174696F6E0A0020204D4D4641522041B6
:101200006464726573733A20307825780A00202070
:10121000496E737472756374696F6E2041636365A0
:1012200073732056696F6C6174696F6E0A002020B9
:10123000466C6F6174696E672D706F696E74206C97
:10124000617A792073746174652070726573657258
:10125000766174696F6E206572726F720A002A2A55
:101260002A2A2A205553414745204641554C5420AF
:101270002A2A2A2A2A0A0020204469766973696F7B
:101280006E206279207A65726F0A002020556E61A7
:101290006C69676E6564206D656D6F72792061633E
:1012A000636573730A0020204E6F20636F70726F46
:1012B000636573736F7220696E737472756374699A
:1012C0006F6E730A002020496C6C6567616C206C3E
:1012D0006F6164206F66204558435F5245545552F4
:1012E0004E20696E746F2050430A002020496C6CB8
:1012F0006567616C20757365206F66207468652072
:10130000455053520A002020417474656D7074205A
:10131000746F206578656375746520756E646566A5
:10132000696E656420696E737472756374696F6E3B
:101330000A002A2A2A2A2A20425553204641554C7F
:1013400054202A2A2A2A2A0A002020537461636B17
:10135000696E67206572726F720A00202050726594
:1013600063697365206461746120627573206572BE
:10137000726F720A0020204246415220416464721A
:101380006573733A20307825780A002020496D7003
:10139000726563697365206461746120627573208E
:1013A0006572726F720A002020496E7374727563E1
:1013B00074696F6E20627573206572726F720A00B5
:1013C00052657365727665642045786365707469EB
:1013D0006F6E20280053707572696F757320696E87
:1013E00074657272757074202849525120005350F0
:1013F00053454C20696E20746872656164206D6F7E
:10140000646520646F6573206E6F7420696E646913
:1014100063617465205053500A002A2A2A2A2A2020
:1014200048415244204641554C54202A2A2A2A2A0F
:101430000A002020427573206661756C74206F6EFF
:1014400020766563746F72207461626C65207265CA
:1014500061640A0020204465627567206576656EC8
:10146000740A0020204661756C7420657363616C9A
:101470006174696F6E20287365652062656C6F7793
:10148000290A00415243485F45584345505420774C
:1014900069746820726561736F6E2025780A0A008E
:1014A0002A2A2A2A2A204465627567206D6F6E6990
:1014B000746F7220657863657074696F6E202A2A74
:1014C0002A2A2A0A002A2A2A2A2A20257320256461
:1014D00029202A2A2A2A2A0A00464C4153485F30EA
:1014E000005352414D5F300000FFFFFFFFFFFF013F
:1014F00004000200000002000000000000000500DF
:10150000000000000000000000000000000005577F
:101510004553545F544F504449522F7A657068794F
:10152000722F7375627379732F626C7565746F6F48
:1015300074682F686F73742F6863695F636F6D6D74
:101540006F6E2E63006275660041535345525449D5
:101550004F4E204641494C205B25735D204020259D
:10156000733A25640A00636C6F636B40343030302B
:10157000303030300072616E646F6D403430303026
:1015800064303030006770696F4035303030303350
:101590003030006770696F40353030303030303077
:1015A00000000102030405060775617274403430BF
:1015B0003030323030300000202A2A2A2A2A2A2AC3
:1015C0002A2A2A2A2A2A2A00016D61696E002A2AFB
:1015D0002A20426F6F74696E67205A65706879724D
:1015E000204F53206275696C642076342E332E3080
:1015F000202A2A2A0A00737973776F726B71002888
:101600006E756C6C29002A666C6F61742A0000008C
:101610001F00000000000000FFFFFFFFFF1F000091
:101620008DEF01003806020000000000402200207B
:10163000000000002D98000000000000482200205B
:1016400000000000998900000000000050220020E6
:1016500000000000ED720100000000005822002090
:10166000000000009586000000000000000000005F
:101670000000000000010000645200200000000093
:101680000000000000000000000200008C5200205A
:101690000000000000000000000000000004000046
:1016A0007452002000000000E454002000000000FC
:1016B0005DD6000000000000EC5400200000000097
:1016C000ED72010000000000F45400200000000052
:1016D00015D6000000000000FC54002000000000AF
:1016E000297E0100000000001455002000000000C9
:1016F000ED720100000000001C55002000000000F9
:1017000029D4000000000000C455002000000000A3
:10171000A90E000000000000CC55002000000000D1
:101720007D870100000000005056002000000000EE
:10173000ED7201000000000058560020000000007B
:1017400069FA000000000000605600200000000060
:10175000AD8C010000000000585700200000000080
:1017600000000000000000006057002000000000A2
:10177000F9950100000000007857002000000000EB
:101780000000000000000000B4570020000000002E
:101790004D03010000000000BC57002000000000C5
:1017A000ED72010000000000C4570020000000009E
:1017B000E104010000000000CC5700200000000000
:1017C000190F010000000000B05D002000000000C3
:1017D000B062002000000000B067002000000000A0
:1017E000B072002000000000B5A101000000000060
:1017F000C872002000000000F1A1010000000000FC
:10180000E072002000000000ED7201000000000006
:101810009475002000000000FD6F01000000000032
:10182000C075002000000000ED7201000000000003
:10183000307B002000000000ED720100000000007D
:10184000387B002000000000ED7201000000000065
:10185000407B002000000000213700000000000055
:10186000487B002000000000ED7201000000000035
:10187000507B002000000000213700000000000025
:10188000A47E002000000000A975000000000000F8
:101890009C7E002000000000A975000000000000F0
:1018A000947E00200000000019720000000000007B
:1018B0008C7E002000000000A975000000000000E0
:1018C000847E00200000000019720000000000006B
:1018D0007C7E002000000000A9750000DC020020D2
:1018E00000000000000000000000000000000000F8
:1018F000000000007D8000202000000000000000AB
:10190000FF0000003F80010090020000FC02002068
:0C191000FC02002004030020040300205F
:0C191C00000000000000000000000000BF
:101928000000000000000000200300202003002029
:101938002803002028030020000000000000000009
:101948003803002038030020400300204003002013
:101958000000000000000000500300205003002099
:08196800580300205803002081
:101970000000000000000000680300206803002051
:101980007003002070030020070007000000000023
:1019900000000000D0080200E099002000000000D4
:1019A0000000000094030020940300209C0300200A
:1019B0009C0300200B000B00000000000000000052
:1019C000E4080200809D00200000000000000000EC
:1019D000C0030020C0030020C8030020C80300206B
:1019E0000A000A000000000055650000F808020027
:0419F00050A10020E2
:0419F40015E015E005
:0400000300005DE1BB
:00000001FF
