:1000000040960020E15D0000F7F60100CD5D0000A4
:10001000CD5D0000CD5D0000CD5D00000000000062
:10002000000000000000000000000000A55E0000CD
:10003000CD5D000000000000455E0000CD5D0000C9
:1000400071600000196E01007160000071600000B5
:10005000716000007160000071600000716000005C
:10006000716000007160000071600000716000004C
:10007000716000007160000071600000716000003C
:10008000716000007160000071600000716000002C
:10009000716000007160000071600000716000001C
:1000A000716000007160000071600000716000000C
:1000B00071600000716000007160000071600000FC
:1000C00071600000716000007160000071600000EC
:1000D00071600000716000007160000071600000DC
:1000E00071600000716000007160000071600000CC
:1000F00071600000716000007160000071600000BC
:1001000053B94AB9002908BF00281CBF4FF0FF317E
:100110004FF0FF3000F00CB8ADF1080C6DE904CEE3
:1001200000F008F8DDF804E0DDE9022304B07047D0
:10013000704700BF2DE9F04786468C460846089E6A
:10014000154674461946002B40F0C2808542B2FA2B
:1001500082F245D94AB1C2F1200300FA02FC2EFA1C
:1001600003F3954043EA0C0C94404FEA154EA8B2B5
:10017000BCFBFEF8230C0EFB18CC08FB00F943EA8D
:100180000C43994528D9EB1808F1FF3704D299455B
:1001900002D9A8F102072B44A3EB0903A4B2B3FBD5
:1001A000FEFC0EFB1C330CFB00F044EA0344A042AF
:1001B00014D92C190CF1FF3304D2A04202D9ACF1AE
:1001C00002032C44241A43EA07401EB1D440002302
:1001D00034607360BDE8F0874746DDE76346F1E7CA
:1001E00092BB431B01214FEA154EAFB2B3FBFEFC9D
:1001F000200C0EFB1C330CFB07F840EA0343984528
:1002000062D9EB180CF1FF3004D2984502D9ACF159
:1002100002002B44A3EB0803A4B2B3FBFEFC0EFBCD
:100220001C330CFB07F744EA0344A7424ED92C19B0
:100230000CF1FF3304D2A74202D9ACF102032C44E3
:10024000E41B43EA0040C0E7C2F1200320FA03F1B7
:10025000954090402EFA03F303434FEA154EAFB298
:10026000B1FBFEFC0EFB1C10190C0CFB07F841EA5D
:100270000041884504FA02F422D969180CF1FF30D4
:1002800004D2884502D9ACF102002944A1EB08014F
:100290009BB2B1FBFEFC0EFB1C110CFB07F743EA03
:1002A00001439F420ED9EB180CF1FF3104D29F425B
:1002B00002D9ACF102012B44DB1B41EA004192E779
:1002C0006046E3E76146F7E76046A3E76346B7E7C2
:1002D000834206D916B9002108467BE7C6E900E04B
:1002E000F9E7B3FA83F78FB9834201D3724508D88F
:1002F000BEEB020460EB030301209C461EB9002103
:1003000068E73846FAE7C6E9004CF8E7C7F1200C81
:10031000BB4022FA0CF41C432EFA0CF120FA0CF329
:10032000B84001434FEA14490EFA07F5B3FBF9F858
:100330001FFA84FE09FB18300B0C08FB0EFA43EA87
:1003400000439A4502FA07F240D9E31808F1FF305A
:1003500004D29A4502D9A8F102002344A3EB0A0370
:1003600089B2B3FBF9F809FB183308FB0EFE41EA2A
:1003700003418E452CD9611808F1FF3304D28E4514
:1003800002D9A8F10203214443EA0040A0FB0298ED
:10039000A1EB0E014145CE46434602D306D14D4561
:1003A00004D2B9EB020E68EB04030138002EA6D08C
:1003B000B5EB0E0261EB030101FA0CFC22FA07F324
:1003C0004CEA0303F940C6E9003198E74046C5E727
:1003D0004346D9E7000000002DE9F843D0E907388B
:1003E000856903EB08042F34A5420F46164619D839
:1003F000DFF86C80A3FB080117A3D3E90023FFF704
:100400007FFE0346601BA0FB080123F07F4412A37C
:10041000D3E90023FFF774FE20F07F403C6030609A
:10042000BDE8F883DFF838900BA3D3E90023A5FBE0
:100430000901FFF765FE20F07F440A480A2106A360
:10044000D3E90023E8FB0901FFF75AFE20F07F40C3
:100450003C603060BDE8F8838D49FD1A070000005C
:1004600000CA9A3B00166BF12DE9F04F8DB09A4609
:10047000179C9DF85870A36B05460E464BB1B4F817
:1004800078301BB1B4F87610994276D2E06F00282C
:1004900076D14FF6FF739A4521D023780133DBB232
:1004A0002370002B77D058498B7AA1F808A067F306
:1004B00000038B72554BC1E9005204F11000002279
:1004C000C86099600120114606F020FA002864D126
:1004D000A36BC4F8905013B120460EF07DFB257E2F
:1004E00015F0010549D14A4A4A4B11781B788B42D5
:1004F00055D04FF6FF739A45D4F87C80B4F87690C7
:1005000015BF0AF101074FF0000ABFB25746B8F114
:10051000000F2FD0B9F1000F2CD0A26E0AF1010A02
:1005200040F271211FFA8AF301FB02FA3A4A4FF0B6
:10053000070BA6FB02010AFB03F309930BFB061151
:100540002FA3D3E90023FFF7DBFD099B324A1E18D6
:10055000A5FB02010BFB051129A3D3E90023FFF73B
:10056000CFFD50443044804586BFA8EB0606E667C1
:10057000C4F87CA04F44A4F876700DB0BDE8F08FAD
:10058000A16E40F27123A1FB0313814273F10003BA
:10059000FFF47FAFF1E700DE85E700DE98E7013387
:1005A00004210BA8137016F0A3FE0B9B1B490095AA
:1005B000A1FB03211A4A0694CDE90355CDE9015563
:1005C00028465D1A01EB5501A21A164D9208A5FBAB
:1005D0000252090A920840F2471505FB1133023214
:1005E000114905910133D2B201210B9307F068FE46
:1005F00010F0FD0F01D10B9D7BE700DEFBE700BF94
:1006000000CA9A3B00000000E4540020C40000200F
:1006100058800020578000208D49FD1A21F1D49088
:100620001055002015F9AC1BA1D3000000000000FC
:10063000002900F0B6812DE9F04F8FB0002840F07E
:10064000B2818C4C164694F8802012F001071D46AA
:1006500040F0B181607EFF2300F00300E37616F0E6
:1006600015F894F88000430700F1F48094F82920ED
:10067000637F04EB820204EB8303D76AD3F8208004
:10068000002F00F0CF80394640460DF0E9FC0028ED
:1006900040F0848198F8003013F00E0F40F0F080A5
:1006A0006369002B40F0798108F0D6FD814600286F
:1006B00000F0AC8108F0DCFD0A90002800F0A38176
:1006C0000FF04EFF8346002800F09A81C06E4FF66F
:1006D000FF720BF11003ABF824200B93002800F0FD
:1006E00011820BF160020BF15C0106F08BF89BF8B4
:1006F000722022F007028BF872200022CBF86C20C7
:10070000ABF8702098F8002002F00F02072A00F0E2
:10071000EB819BF8582022F0770242F011028BF80F
:100720005820012211465448D0F801C0CBF881C1AD
:10073000D200CBF887C110F801CB42EA01219BF827
:1007400080210CF0010C6CF386126CF3C7128BF84D
:1007500080218288ABF88521ABF88B21BBF858202B
:1007600022F4E16211439BF83720ABF8581002F0F5
:100770003F0262F07F028BF837209BF83C2040F666
:100780007F014FF0000A22F00F02ABF8B6104FF4D1
:10079000C0218BF83C20CBF872115846CBE912AA45
:1007A0008BF839A0ABF82AA0CBF82EA0CBF850A03C
:1007B000ABF840A1ABF878A1ABF86EA112F098F8B5
:1007C0008BF844A1CBF8489110F02EFA9BF88011D9
:1007D00060F302018BF8801110F02CFA9BF8801165
:1007E00060F3C5018BF880119BF842116AF3410157
:1007F0008BF842110BF1C40011F084FE0A9B636672
:100800000BF11003C4F860906361CBE902AA8BF886
:1008100000A0CBF810B016F0EFFFB0B30CF062FE02
:100820000320BBE098F8003003F00F03072B00F023
:10083000B480124817F048F9C0B2002840F0E680B2
:1008400094F8293004EB8303DF6A04233B7006230A
:100850007B7018E7C0F3C0003A4604F1810116F03E
:10086000ADF8FF28E0763FF401AF384615F054FFAD
:10087000FCE600BF10550020161602003855002077
:1008800003F00F03072B00F04281B14B1B78022BC2
:1008900000F043810023636300252E46637E227EA1
:1008A000E667C3F38206A37EA4F87850C2F342023F
:1008B000012100250DF133008DF8332003EA0109F1
:1008C000A4F8765006F03AF90246002861D0334683
:1008D0003946CDF8009040460CF052FC9D499E4BA5
:1008E0002570A0FB0101C01841F1070196A3D3E9CF
:1008F0000023C4E90255FFF703FCB4F868606060A8
:1009000007F024FE00F1180746B998F8005005F0EA
:100910000F05A5F10105B5FA85F56D09237E65F38F
:1009200000032376DB07656800F12081D4F8388066
:10093000B8F1000F6CD1894B8948049505F2471531
:100940000694CDF8088091211D600993A6FB000351
:1009500001FB0631834B0793834B05934FF6FF73DF
:1009600002260DAD039378A3D3E900230D960895D5
:10097000FFF7C6FB032101903B463246CDF80080CD
:10098000404607F03DFC294608F0F4FC002800F042
:100990009B8063690BB10CF0A5FD0C200FB0BDE886
:1009A000F08F0CF0C9BD6A4B1B78022BF5D00020EC
:1009B0000FB0BDE8F08F664B1B78022BF7D194F88F
:1009C0002920637F04EB820204EB8303D16A186A57
:1009D0000DF046FB0028E1D1636B002BDDD01A79C6
:1009E00002F0FF0142B942F2107206FB02F2A4F8D3
:1009F0007610A4F87850E2671B79002BD7D0CCE7AB
:100A00000A9808F03BFC484608F02CFC0720C5E794
:100A1000D8F80080AB1C3B440DA940460D9300F074
:100A20006BF9A36E94F8742040F271218146A3FB08
:100A30000131002A40F0D18042F6DC32981841F1B1
:100A4000000140F2E2420023FFF75AFB80B2A8F80F
:100A500034004A460D99404600F08EF98146002840
:100A600097D10DAB089302903C4B3D48049505F29D
:100A70004715069491211D600993A6FB000301FB15
:100A80000631384B0793384B05934FF6FF73022519
:100A900003932DA3D3E900230D95FFF731FB032129
:100AA00001903B462A46CDF80090484607F0A8FB47
:100AB0000DA908F05FFC00287FF46BAF98F8463072
:100AC00043F0010388F8463094F88030002043F06A
:100AD000010384F880300FF05FFA00287FF467AFDD
:100AE000012015F0B5FD62E7617E9BF858204909A9
:100AF00061F3020261F306128BF85820A27E02F025
:100B0000010210E60BF16400CBF86C00E9E598F8FF
:100B1000023059067FF5B9AEC2E508F09DFB81466B
:100B2000002867D008F0A4FB00286AD00023C0F892
:100B300000900371237E6063DA073FF5ADAE42F2A9
:100B4000107303FB06F6A9E68D49FD1A07000000A5
:100B50005680002000CA9A3B8C49FD1A045500209B
:100B6000002AE7841187000069040000284B0993DC
:100B700000200DAA18600226049501950892254DC3
:100B8000254A05920321CDE9020006943B460090D8
:100B9000079532460D9607F033FB0DA908F0EAFBE6
:100BA00000287FF4F6AE0DAA1C4908924AF2D8320A
:100BB00000920591CDE903000321CDE901000795DD
:100BC0003B46069401220D9607F0E6FA0DA908F0BF
:100BD000D1FB00283FF478AFDBE602FB01110132C4
:100BE000A2FB0303194440F2E2420023FFF788FA14
:100BF00080B22CE76369002B3FF408AF0CF072FC65
:100C000004E76369002B3FF4FEAE0CF06BFCFAE6E0
:100C100004550020118700006904000045D200003F
:100C20002DE9F041037E477E90F81A808AB00D4688
:100C3000C3F34203044601210DF1230016468DF84B
:100C4000233005F07BFFC7F3820708F00108024656
:100C50003B4631462846CDF800800CF091FA2049F9
:100C6000204AA0FB0131981841F107011AA3D3E9EA
:100C70000023FFF745FA63689842054623D21B1A02
:100C800000220192184A02930221184B0991A21ADC
:100C9000CA40A3FB0232CA4000230A4409AE1449E9
:100CA0000591CDE903330321D2B20696009318468D
:100CB00007F006FB314608F05DFB40B96560002097
:100CC0000AB0BDE8F081FAD9C21A0023D9E70C2096
:100CD0000AB0BDE8F08100BF8D49FD1A0700000091
:100CE00000CA9A3B8C49FD1A1055002015F9AC1B1F
:100CF00011870000000000002DE9F04182B0044699
:100D00001B4E1C4F88460DF043FB072533462946F2
:100D1000E0FB0731184614A3D3E90023FFF7F0F9ED
:100D200094F8253020F07F4004EB83036060996ADB
:100D3000FF231A4620460DF0C9FA2946E0FB076159
:100D400009A3D3E900233046FFF7DAF901A920F01F
:100D50007F4014F0C3FE18B9019B0233C8F800307D
:100D6000002002B0BDE8F0818D49FD1A07000000A7
:100D70008C49FD1A00CA9A3B2DE9F04700268CB039
:100D80008846C0E902662049067017464822044694
:100D900005F018FD0546A08E1C4940F2E24202FB18
:100DA00000F002230B93A0FB010115A3D3E900235C
:100DB000FFF7A6F90DF12C0ACDF820A006941946EC
:100DC00063681F44124B0793124B0593814600231F
:100DD00010464FF47A72CDE90367FFF791F90335B6
:100DE000EDB2CDE9019043462A46009630460321F4
:100DF00007F0D2F9514608F0BDFA0CB0BDE8F08713
:100E00008D49FD1A07000000E855002000CA9A3BF2
:100E100011870000CDE3000070B590F803C01CF00E
:100E2000010F14BF00F10A04041D1B481CF0020F3F
:100E300015461E464FF00702A1FB000318BF0634FB
:100E400002FB01311CF0080F11A3D3E9002318BFE6
:100E50000234FFF755F9AD1B10492844A1FB0031BE
:100E60000D09490C04D00E4BA3FB003001214509AC
:100E7000A2782078657022F01F02C5F3042361F385
:100E8000C71013432070A370204670BDAFF30080DD
:100E900000CA9A3B000000008D49FD1A89888888A5
:100EA000B5814E1B000000002DE9F04F93B0D0F843
:100EB00038B00A9000241094DBF80030944909936C
:100EC0004822184605F07EFC0A9BCDF82CB0D3F8DA
:100ED00090A0CDF83CA0FF22C51C8DF83720012240
:100EE000EDB20A9252460E94AA460DF144090DF154
:100EF00040080EAF02269B4615460BE0119B4BBBEC
:100F00000F9BAB422AD19DF83730FF2B31D09A4549
:100F100034D00F9D7F4BCDF81890CDE90443CDE937
:100F20000244CDE900780FAB0DF137020221002019
:100F3000119607F0A7FA0228E0D1119B022BDDD110
:100F40000221002007F0EAFA119B022BF8D0119B36
:100F5000002BD5D000DE0F9BAB42D4D00A9A531E93
:100F6000DBB2002A00F0C6800A939DF83730FF2BD1
:100F7000CDD100DE9DF837309A45CAD1109C664924
:100F80000E9DA4F57422A2F510728A425B46DDF82C
:100F90002CB007D904F1E874013D04F5D4340E9562
:100FA00004F5A5745D4ACBF80C50A2FB0424A40CF4
:100FB000CBF81040197F587F10948142CAB204D0F8
:100FC0000132D2B2022A08BF002203EB8202597E0C
:100FD000D2F82080BBF8087098F80120C1F3820194
:100FE00003297BD9997ED30001F0010252002B33F3
:100FF0000132934003F5BC731FFA83FA484E4FF059
:101000000709A5FB06013EA3D3E9002309FB05114F
:10101000FFF776F8434A04EB000CA2FB0C120AF52A
:10102000967A22F00F011FFA8AF3A1EB1212B3EBAA
:10103000420F1FD9099B3C489B8E40F2E24202FBC3
:1010400003C4A4FB000130A3D3E90023FFF758F841
:1010500020F07F45A5FB060129A3D3E90023CBF8A7
:101060000C5009FB0511FFF74BF80137241ACBF898
:101070001040BFB22246294600234046FFF7CCFE6F
:10108000DBF80C300999099D0133CBF80C3091F84D
:10109000452091F84430934202EB420305EB4303B1
:1010A00018BF81F8442093F83D30062101FB02521D
:1010B0000446E98E383203F03F03384614F0B6FD9B
:1010C000237860F30503237007F040FA0F9907F0C7
:1010D0003FFA2C280AD813B0BDE8F08F8B180933DB
:1010E000DB004910CB401FFA83FA87E700DE13B01C
:1010F000BDE8F08F00DEFF230A9304E7AFF3008022
:1011000000CA9A3B000000008D49FD1A070000004C
:10111000E8550020C9E30000BFBDF07F83DE1B431C
:101120008D49FD1A8988888800CA9A3B0000000012
:101130002DE9F04FA5B00D461E4640F201232E9931
:101140000F92AB432F9A0C9104460D9200F0F78159
:10115000637F04EB830305F4007BD3F820A09AF8A7
:10116000007007F00F07072F10D0BBF1000F04D15C
:101170000C27384625B0BDE8F08FD6F8012031782D
:10118000204625B0BDE8F04F0CF0C6BF9AF80230FB
:1011900013F03F0218BF9AF803208DF880200AF15F
:1011A00004020A92BBF1000F02D07F2B00F27D8176
:1011B0000C9904F11C0016F023FD9AF80020037826
:1011C00002F00F0223F03F03134302464FF00008E2
:1011D00002F8023B9AF80230139282788DF87C80F4
:1011E0009B0963F387128270A26B814604F11000A1
:1011F000002A00F0D882537D02EB830399691368BB
:101200001493CB780B910231129103F001018DF808
:10121000883011910D99099302F1140016F0F0FC39
:1012200099F8001002780B9B01F00F0122F03F02A9
:101230000A4302701A780178C2F3801262F38611B1
:1012400001701A78C9B2D20962F3C711017099F816
:1012500002208178920962F3871181709DF88020C5
:10126000012115EA010380460E938DF88410099B35
:1012700002EA010040F00781002800F048819AF856
:10128000000098F800C00E99C0F3801060F3861C2F
:1012900088F800C099F8000061F3861089F8000012
:1012A0000AF10A010A911198002840F044810B9834
:1012B0000430099003F0020190071D9140F105816F
:1012C0000A9906310A919DF8841041F002018DF8C7
:1012D00084109AF8001098F800C0C909404661F3DC
:1012E000C71C00F810CB99F800106FF3C71189F8EC
:1012F000001003F0020111B109990631099112F0B1
:101300000801189102D00A9902310A919DF87C10C7
:1013100041F008018DF87C10811C0E9115F0080138
:1013200000F0D18002213170D6F801101791C6F873
:10133000010005369DF8841041F008018DF88410F5
:1013400013F00801199102D009990231099112F0A4
:1013500010011A9102D00A9903310A919DF87C106C
:1013600041F010018DF87C1009F10901109103F092
:1013700010011B91E90640F19A80811CC6F801100A
:101380009DF8841041F010018DF884100321317014
:10139000053603F01001002900F09180002116911C
:1013A0000999033109919DF88410C90644BF411D74
:1013B0000E91520611D50A9A01320A92627E02F00B
:1013C0001C02102A00F00E829DF87C2042F04002A0
:1013D0008DF87C2009F10A0210925B0608D5099B62
:1013E000013309939DF8843043F040038DF8843035
:1013F0009DF88430159313F040031C9302D00E9B8C
:1014000001330E93109B139A981AC0B2022803D886
:1014100009F1030310930120099B129A9B1ADBB276
:10142000022B03D80B9B0333099301230B9A5278A9
:101430009A42C0F0AA800E9908F1020CA1EB0C0CA4
:101440005FFA8CFCBCF1020F04D808F103010E9185
:101450004FF0010CBBF1000F73D096F800B0D6F836
:101460000110D51AEDB2099B3570C6F8013005366A
:10147000BBF1000F40F09580002940F08081099970
:101480005A465B4668E016F801EB98F800C06EF328
:10149000861C88F800C099F800C06FF3861C89F894
:1014A00000C000283FF4FFAEFAE6122761E60F996C
:1014B000C9063FF56EAF03F0100100297FD103F09C
:1014C000100116916FE7179134E70E9908F10A00A1
:1014D00000297FF408AF03F00201002967D09DF8CE
:1014E00084000B9940F002008DF88400087898F889
:1014F00000C00E99C00960F3C71C404600F810CB2D
:1015000099F800C061F3C71C89F800C0F4E611988F
:1015100000283AD00B9998F800C008780E99C0F3CB
:10152000801060F3861C88F800C099F8000061F311
:10153000861089F800000B990A310991BAE600DE9D
:1015400006E66D0523D40F99890500F11881D31A99
:101550000999DDB25A465B4605EB020EBEF1FB0F60
:101560003FF707AE0CEB05071744FF2F30DD0CF1FA
:1015700001035B442B44CA45337000F0A1810B9BEF
:10158000984500F098814527F3E51F27F1E596F887
:1015900000B00999D51AEDB2D6F801305A46053691
:1015A000DAE75D464FF0000B5A465B46D4E799F800
:1015B00000C00E9961F3C71C89F800C09FE69DF832
:1015C000841041F010018DF8841009991691E7E616
:1015D00099F8022089F80100013860F3050289F8C2
:1015E000022098F802200E9E0C930CF1FF3060F35D
:1015F000050288F802200BEB0502624488F80120FE
:1016000030462A461EF093FF0C9B23B15A461946DA
:1016100070191EF07EFF98F802309A0600F0AD8037
:101620009DF87C305B0640F1F4800A9A109912F81C
:10163000013C01F8013C531E0A934B1E10931A9B68
:1016400013B10A9B033B0A93109E637E16F8032C8A
:101650006FF3050206F8032C5D0916F03BF93228FA
:101660008CBF0020012095FAA5F3002DB3FA83F377
:1016700008BF4FF0FF335B0106F8013C16F8033C4E
:1016800060F386136FF3C71306F8033C002306F8D4
:10169000023C1B9B13B1099B033B0993159BDF067F
:1016A00002D50E9B033B0E93169B23B10E9803228B
:1016B00019461EF03CFF189B13B10A9B023B0A938C
:1016C000199B13B1099B023B0993179B002B00F058
:1016D000E580179A537812781B0203F470631A435B
:1016E0001098D1B200F8051C94F87230C3F30303CC
:1016F0001B0103EB122300F8043C0E9800F8021CB7
:1017000094F87230C3F303031B0103EB122300F8B8
:10171000013C159B9E076CD40238159BDD0709D54B
:10172000119B002B00F0D080099B991F06380622E0
:101730001EF0FDFE99F802300B9899061CBF9DF82B
:101740007C3089F8033098F802309A061CBF9DF867
:10175000843088F80330A57E637E169A05F0010573
:101760004FF496745B094146009501940DF048FAD8
:10177000149B93F84630DB075AD40027F9E499F814
:10178000023089F80100013860F3050389F802305E
:1017900098F8023088F801C00CF1FF3C6CF30503A7
:1017A00088F8023037E70DF0ADF91490002800F00A
:1017B0009780DDF850C0CDF844809CF825300CEBC4
:1017C00083030122996A0B91084610F8023B12909C
:1017D00003F03F034A700B7081F803800CF1100294
:1017E000434617E59DF8842042F040028DF884209E
:1017F000F3E51D9B002B6AD0099B063B09930E99CC
:101800001A6841F8082C9B8821F8043CA1F10800D3
:1018100083E71C9B002B3FF412AF099A0E9912F834
:10182000013C01F8013C531E09934B1E0E9306E741
:10183000149C20460CF0ACFD2F4A304B0721E0FBF6
:10184000023118462AA3D3E90023FEF759FC656844
:1018500020F07F44AC423ED22E1B0025149F284925
:10186000022348223846239304F0ACFF0023254985
:101870000195C21C23AD0591CDE9033303210296E6
:10188000D2B200931846069506F01AFD294607F0D5
:1018900071FD00287FF46CAC7C606EE794F87230C8
:1018A000194903F00F0331F81320501C21F81300DD
:1018B000C2F30B0214E70D9AA36B12785A7562E615
:1018C0000C9B1B7863775AE60A9B991F2EE70A9BAD
:1018D000063B0A9393E77FF650AF651B0026BDE7F2
:1018E000CA457FF446AC00DE43E400BFAFF300809E
:1018F0008D49FD1A0700000000CA9A3B8C49FD1A69
:10190000E855002011870000C455002000000000A9
:1019100070B5294C9DF810E094F8625015F002055E
:1019200042D110F0080F4FEA500605D094F8C6C017
:101930001CF0020F38D1643471B3A4F84C104FEA94
:10194000401C94F838101D484FEACE0E0EF0180EC9
:101950000CF0200C4CEA0E0C21F038014CEA010C82
:1019600094F8441084F838C066F3020184F84410F7
:1019700094F8621063F3830184F86210A2FB000301
:10198000912101FB02310AA3D3E90023FEF7B8FB42
:101990002065A065284670BD94F8443061F30203C9
:1019A00084F84430284670BD0C25284670BD00BF21
:1019B0008D49FD1A0700000070560020002AE784B8
:1019C00010B504469DF80800A2874FEA411CC000EC
:1019D00094F8281000F018000CF0200C4CEA000CD1
:1019E0000B4821F038014CEA010CA3FB00029121C5
:1019F00084F828C001FB032103A3D3E90023FEF7E9
:101A00007FFB206410BD00BF8D49FD1A0700000058
:101A1000002AE784000000002DE9F04F90F86230C2
:101A200090F83820DFF83092DFF830826FF300034F
:101A3000044600F14601C3F3800060F386128DB0C6
:101A400084F8623084F8382006F026FE94F83820B6
:101A5000B4F84C308248246102F07902002684F800
:101A600038209121A3FB000201FB0321C4E9026697
:101A700077A3D3E900232670FEF742FB794AA36DD2
:101A80002365A4EB0905A2FB05251833C5F347150B
:101A9000984205EB450296BF0346636060600746C7
:101AA00048F8223098BF26654FEA450A002D5AD1E2
:101AB00099F8A83003F00703032B72D84FF0000BFE
:101AC00006F044FD636900F11806002B00F08380E6
:101AD0000DF12C09AA4408EB8A030993CDF8209054
:101AE0000694B4F84C305E484FF00008A3FB0002A7
:101AF000CDF80C80912101FB0321636804935A4BBC
:101B000007935A4B05934FF0020A51A3D3E90023E0
:101B1000CDF82CA0FEF7F4FA104619464FF47A726D
:101B20000023FEF7EDFA05355E44EDB2CDE9017014
:101B3000032133462A46CDF80080404606F060FB7C
:101B4000494607F017FC002841D194F8623043EA77
:101B50000A0384F862300CF061F9002856D00020A6
:101B60000DB0BDE8F08F012DA8D199F84430DB0706
:101B7000A4D5266D002EA1D0B9F84C30384891215B
:101B8000A3FB000201FB032131A3D3E90023FEF7ED
:101B9000B7FA87424FF0000B47D00023C8F80C304B
:101BA0008EE7266D002E89D0B9F8B0302C489121EF
:101BB000A3FB000201FB032125A3D3E90023FEF7C9
:101BC0009FFA874226D00023C8F8003076E70C2021
:101BD0000DB0BDE8F08F0DF12C09CDE90A33616835
:101BE0004B460AAA032001F043FD00287FF472AFA0
:101BF0000B991F4816A3D3E90023A1FB0001FEF7B0
:101C00007FFA0A9B20F07F461E4463E7504614F09B
:101C10001FFDA4E7D9F8B43033449F42D3D3023335
:101C20009F429CBF193E6660CDE7D9F850303344DF
:101C30009F42B2D302339F42AFD8193E6660D9F8B3
:101C40005030C4F850B0C9F850B003F1020BA4E70B
:101C50008D49FD1A070000007056002058560020DC
:101C6000002AE7841F85EB51118700004DF9000021
:101C700000CA9A3B000000002DE9F04F0B79082BB9
:101C800093B00C46074609D0092B00F07981062B4A
:101C900000F0CC8100DE13B0BDE8F08FD1F80890E1
:101CA000D9F82C30002B40F03B82D9F80080404618
:101CB0000EF03EF90530C3B20B930420A37E2760DB
:101CC000002666F38613A37694F82130E660002B95
:101CD00000F04C8104F1220A3546B64694F82220E1
:101CE000910600F03F8194F823C01CF0010F14BF4F
:101CF00004F12A0104F124011CF0020F18BF06317F
:101D00001CF0040F18BF01311CF0080F18BF02317E
:101D10001CF0100B1CBF8B4603311CF0200F18BFAA
:101D200012311CF0400F18BF0131C2F30502A1EBC4
:101D30000A010132D2B2C9B28A4238BF0A469A4277
:101D40003ABF9A1A5FFA82FA4FF0000ABBF1000F0D
:101D500000F08E819BF802109BF801C00A0202F489
:101D6000F85252EA0C0200F08381BEF1000F40F0FD
:101D7000A9815F294FEA511C00F2D6819BF800101F
:101D80000C9101F03F0EBEF1240F00F2CD810C99B1
:101D900011F0800F14BF4FF496711E210D9101FBBD
:101DA00002F2410740F1D781D800A37EC3F380033C
:101DB0005B002B30013300FA03F303F5BC730D997C
:101DC00003F5967E50187045C0F08F810C99B64887
:101DD00049064CBF32214FF4FA7102FB01F1A0FB1E
:101DE0000101890C0C910121CDE90E3201FA0CF3AD
:101DF000D8B2109315F06AFB61690F9A0E9B11908F
:101E00002F390A44D31A0C9A1B1AA8489B1AA3FB11
:101E10000001A3A3D3E90023FEF772F920F07F436A
:101E20000E9394F91A30002B80F25481002D00F0AB
:101E30009E81AB8D53449BB21E2BAB8504D994F984
:101E40001A30002B80F2D380AB6A002B00F0A58102
:101E5000DC60AB8DAC62A3839BF80010109BB28852
:101E600001F03F0141EA032122F4E76240F23F73AF
:101E700022F007020B401343B38094F91A30002B71
:101E8000C0F28D81B8F1000F00F0978198F86230B0
:101E900013F0010340F02F81D9F82C20B24208BF83
:101EA000C9F82C30737903F00703032B00F25C812F
:101EB00003F10902D2005B10DA40119B7B4803F268
:101EC000053313447A4A0721E3FB0021104674A32B
:101ED000D3E90023FEF714F90C9B0D9A2F3302EB84
:101EE000430320F07F4068600022B360022101209C
:101EF00004F0D8FC0B9AFF2A0DD023690E9900201C
:101F0000453B0B44CDE90000012106F0F1F910F04A
:101F1000FD0F40F0698167493022284604F052FCE9
:101F200065492369CDE907156449CDE90515696857
:101F300002460020CDE9030107320E990091CDE958
:101F40000100453BD2B2012106F026F910F0FD0F49
:101F500040F0488101220221104613B0BDE8F04F45
:101F600004F0A0BC013BDBB2002D3BD1A383214692
:101F7000384607F089F913B0BDE8F04F07F090B983
:101F80008E684C4B35689D4260D1D5F82090B9F1F0
:101F9000000F00F0D08047493022084604F012FCC0
:101FA0000730C3B20B93D9F800000DF0DBFF804679
:101FB000707900F0070002286ED004286AD001284A
:101FC0007FF468AE062394F81AE02371002273466A
:101FD00062F38613A37694F821302760E260002B29
:101FE00040F0FB80AA8D13449BB2AB85A383B8F16C
:101FF000000F7ED098F86230AA6ADB077BD4D460E9
:102000002B6AAC62002B7AD02B6A002B79D02B780C
:1020100003F0FF0233B3012A7ED1AB68002B7DD1E0
:10202000274BC5E9023513B0BDE8F08FD1F8089011
:10203000D9F82C30002B75D1D9F8008040460DF02E
:1020400077FF0530C3B20B93012037E6CB68002B36
:102050007CD01D682A6A964272D1B1461E46FF2383
:102060000B93A0E7284613B0BDE8F04F0EF01CB864
:10207000002D48D0AB8D53449BB2AB85A383BEF1FA
:10208000000FB4D0AB6A002B43D0DC60AC6213B05D
:10209000BDE8F08F082396E7072394E7AFF30080AD
:1020A0008D49FD1A0700000083DE1B4300CA9A3BDE
:1020B0008C49FD1A645700200901010061000100EC
:1020C000F9000100002D38D0AB8D53449BB2AB8595
:1020D000A383D7E706F03AFA23690E9A383B99189A
:1020E00006F036FA02023FF5A1AE002D7FF47FAF75
:1020F0003DE700DE7EE7AB6AA342C6D1CBE500DE5A
:1021000082E700DE83E7A4F81CA0BEF1000F3FF4D5
:102110002EAF00DEAB6AB8E700DE7EE700DE7FE7C9
:1021200000DEC2E500DE87E795B1AB8D53449BB27C
:10213000AB85A3835BE700DE2DE7A4F81CA0E8E7EE
:1021400000DEB1461E46FF230B932CE700DE80E73E
:10215000A4F81CA00BE700F0030E73440933DB0066
:10216000C0F34000C3402AE64FF43472A5E61F488E
:1021700004F0FAFA054610B30023027D0370C0E9AB
:10218000023363F3C712A0F82CA00061027543620A
:102190008362C0F8209000F110066C6259E6D9F80D
:1021A0002C30B3B9C9F82C60A37E43F04003A3766A
:1021B00033796FF3861333716DE500DE66E694F9CB
:1021C0001A30002BBFF6D3AEA37E43F04003A376B4
:1021D000CDE6B342E6D000DEE4E7CEF3C00E04F174
:1021E000220A7BE500DEB5E600DE94E660570020BB
:1021F0002DE9F04F05468BB08B4601200221994610
:10220000144619F07BFA002202218246012004F0D4
:1022100049FB33494FF4C872284604F0D3FA00F161
:102220000806304B0093F6B201954B463246012129
:10223000002006F0E3F810F0FD0F48D12A4BA4FB74
:102240000348204624A3D3E900234146FDF758FF65
:10225000264B20F07F47A7FB03310722E01A02FB41
:10226000071168EB01014FF47A720023FDF748FF74
:10227000CDE90170CDF800B008950695696895F92B
:1022800037401B4804911B4931EA240128BF01460D
:102290000591194C07944FF6FE7103914B46324657
:1022A0000121002005F078FF10F0FD0F0DD1BAF1EB
:1022B000000F02D10BB0BDE8F08F012202211046C1
:1022C0000BB0BDE8F04F04F0EDBA00DEEFE700DE42
:1022D000B4E700BFAFF300808D49FD1A070000008E
:1022E000D80400203504010000CA9A3B8D49FD1A2C
:1022F0000D550100815601001D0401000000000081
:102300002DE9F0418468A28C4FF6FF739A428CB09D
:1023100044D00546204610F0B9FD2B7D012B00F07E
:102320003181022B00F02481002B00F0038194F80E
:102330004461002E40F01F812B8AE78D94F93720ED
:10234000CDE90A666BB3002AC0F27B810023A4F8B2
:102350007431AB7CA28D03F00303551C012BADB28D
:102360003AD0B4F87831002B00F01581AB4240F23E
:102370007B815B1B9BB20022062BA4F87831E2859F
:1023800040F2068194F937309342C0F27281002303
:1023900025E09DF8271020460EF066FD0CB0BDE844
:1023A000F081002AB8BF84F8B960AB7CA28D03F03D
:1023B0000303551C012BADB20ED0B4F87431002BC1
:1023C000CFD0AB4240F25F815B1BA4F87431B4F80C
:1023D0007831002BCAD102E00023A4F8783194F8B8
:1023E0003C2063F3820284F83C2029460DF1270249
:1023F000204610F0B9FA7430CBD0B4F872312BB15A
:10240000AB4240F20F815B1BA4F87231B4F86E311D
:102410002BB1AB4240F2FD805B1BA4F86E31E58D21
:1024200016B9AF4200F0EC800135ADB294F8B5308A
:1024300013F0010723D1DDE90A130A46002B40F00F
:10244000EF80002900F0DE801F461846A28C246928
:102450000694CDE903560832AB4D0290CDE9001742
:10246000D2B201210020059505F02AFF10F0FD0FE2
:1024700094D006F0A9FF844290D000DE8EE794F954
:1024800037206FF30003002A84F8B530C0F29E8035
:1024900094F85800C0F3C00100F0070015F014F8DC
:1024A00094F8583003F00703032B00F29D8003F1EA
:1024B0002801C9005B10D94094F85930B1F5A07FCC
:1024C00003F0070338BF4FF4A071032B00F295808F
:1024D00003F12802D2005B10DA40B2F5A07F38BFCA
:1024E0004FF4A072E38B03F2093303440B4413440B
:1024F0008648874A0721E3FB0021104680A3D3E9E1
:102500000023FDF7FDFDDDE90A1320F07F4260683E
:102510006260904235BF171A801A002000270A46D1
:10252000002B93D151EA070C90D100286AD01946AC
:102530001F468BE794F8723003F01803182B7FF4D2
:10254000F6AE218DB4F870218B1D9A42C4BF931F43
:102550005B1AB4F86C11CCBF9BB21346994200F0E1
:10256000AE80A4F86C31A4F86E31A4F87221DEE6D6
:102570003D2684F84461314620460CB0BDE8F04168
:102580000EF072BC0023A4F87231A4F86E31CEE6CE
:102590000126334623E7E28C052A97BF013240F239
:1025A000E2434FF4FA7392B203FB02F2B4F87631CD
:1025B00042F2107101FB0323013BB3FBF2F39BB228
:1025C000A4F87831002B7FF4D1AE08E794F85900D5
:1025D000012100F0070014F079FF94F8583003F05F
:1025E0000703032B7FF663AF94F8593003F007031A
:1025F000032B4FF429617FF66BAF4FF4296271E72B
:10260000354613E7002D43D00027114638463B4698
:102610001CE70023A4F86E31204610F037FAFEE6DE
:10262000384613E706F072FE0146A0B30023A4F873
:102630007231A38CC3801B230371006806F036FE41
:10264000E4E694F8B9306BB3013B84F8B93004F197
:10265000C40840460FF098FFB8B340460FF094FF0F
:10266000B8B30023E38571E6082120460EF0FCFB99
:1026700094E6A7B9D4F8BC305A0813F0010336D158
:10268000C4F8BC2083E63E2120460EF0EDFB85E633
:10269000002EB9D182E60123A4F87231B6E61346C2
:1026A00001269CE60AAA0BA92846FDF795FEDDE95E
:1026B0000A231343CBD0237884F8B930C7E7B4F8A2
:1026C000721100297FF433AE4DE7FF200EF064FB5A
:1026D000C3E70246D4E9170104F0ACF80028C0D1E2
:1026E00094F83C301B0744BF238DE3852EE642F06F
:1026F00000421E46C4F8BC203B4670E6AFF30080A3
:102700008D49FD1A070000007504010000CA9A3BBC
:102710008C49FD1A000000002DE9F04F87B0B0F899
:102720004071BDF84C900091CDE90432B0F804310D
:10273000BDF840A01F44BFB20446A7EB090390F8C0
:102740005800D4F8FC809EB2BDF844300193C0F329
:10275000C001BDF84830039600F00700029314F062
:10276000B3FEE58C052D40F21D8115FB06F5ADB2DB
:1027700040F2E24BBAF1050F40F2088194F858207C
:102780004FF0961302F00702E361032A4FF096031D
:10279000238440F2D98094F8592002F00702032ADA
:1027A0004FF4296300F2E18002F12801C9005210C0
:1027B00021FA02F2B2F5A47F38BF4FF4A472134499
:1027C00000F29F300344844A84480721E3FB002140
:1027D00010467FA3D3E90023FDF792FC564620F074
:1027E0007F4040F2E2430BFB05F203FB06F6531E6B
:1027F0003344B3FBF6F31FFA83FB606006FB0BF078
:1028000082425D4680F0B4807449801AA0FB0101C9
:102810006FA3D3E90023FDF773FC20F07F408044D1
:10282000B4F80421B4F84031A9EB07094D44ADB226
:1028300013442B44A4F84031638D13441D4494F891
:1028400037306585DB0900F0B580216CA36C634FE0
:1028500001FB0233039A01FB1233A3640023C4F883
:10286000C03015F037F8054694F8B800C0F34200C0
:1028700015F032F8054406FB05F5594B564805F5A9
:10288000742505F23F25A3FB0535AD0CA36C25642B
:102890000BFB05FB72085B44963A934228BF134634
:1028A000C4E91123059B40F2E24909FB03F3072128
:1028B0002365EBFB070146A3D3E90023FDF720FCCA
:1028C000049BA8EB00084748A0FB0330800A09FBE3
:1028D00000F0A0FB07013EA3D3E90023FDF710FCA5
:1028E000751B20F07F47019B2385029BA4F876315E
:1028F00031462046A4F826A010F062F83A4B218D0C
:102900003344881DB3FBF6F39AB29042A4F87021C9
:1029100004D2C1F57F41FA310A4492B2009BA4F877
:102920006C2113B10023A4F8783143462A46394676
:102930002046FFF75DFC94F8423143F0010384F830
:10294000423107B0BDE8F08F02F12803DB005210DE
:10295000D34094F85920B3F5A47F02F0070238BFA2
:102960004FF4A473032A7FF61FAF4FF4296226E7C2
:10297000121A1A48A2FB000115A3D3E90023FDF7A0
:10298000BFFB20F07F40A8EB000849E74FF096130B
:102990000AF10106E36196232384B6B219204FF4AD
:1029A000FA7320E7039B013515FB03F5ADB24FF435
:1029B000FA7BDFE6049B0948A3FB000104A3D3E9EB
:1029C0000023FDF79DFB20F07F47354601378AE75E
:1029D0008D49FD1A070000008C49FD1A00CA9A3B78
:1029E00083DE1B435917B7D17FC3C9010000000024
:1029F0002DE9F04F04460B6890F820701668D3F864
:102A000000A0E38CD0F8220095B015464A7CADF8C2
:102A10004C30FF2AC7F3801388460C9212908DF831
:102A20003F3040F0208299461A4612AB93E80300EB
:102A30000DF1400B1090ADF84410FF090AF1870129
:102A4000D4F800C00A915B463846CDF82CC00EF091
:102A5000F7F80A99002840F0EE8196F880310A9044
:102A600069F3C71367F3861386F880311098BBF8B3
:102A70000430C6F88701A6F88B31DAF88730C6F83B
:102A800081318B88A6F88531638E94F83410A97251
:102A90002B81D4F82E306B60D4F83E30C5F822304C
:102AA00005F1220094F842300371052104F046F844
:102AB00095F8273000F03F0060F3050385F82730D4
:102AC00094F84330C3F3040185F82810218FE9827C
:102AD000012803F01F0389B240F2AD811B3303F0DC
:102AE0001F030B2B00F2A781063989B240F67A4307
:102AF00099420A9A00F29F81D8F800305A60638F99
:102B00002B83E98ADAF8382040F2E24303FB01F72D
:102B1000E18E0A91002A00F013829AF8191040F60B
:102B2000C41240F6A6637F2988BF1A460D92002181
:102B300030460FF059FF94F8433096F8B8205B09FF
:102B400063F3430286F8B82014F0C4FE814696F879
:102B5000B800C0F3420014F0BFFE09EB000307FB0E
:102B600003F3D34A03F5742303F23F23A2FB0323A9
:102B70009B0C2B637B08963B6B6394F8353040F2DB
:102B8000E24202FB03F36B64A38FA6F87631394669
:102B900030460FF015FFC74BC74AC6F87C213B44AF
:102BA000B3FBF7F39AB2A6F87021298B881D8242F5
:102BB00004DDC1F57F41FA310A4492B2A6F86C21D6
:102BC0006B68C6F8BC30DAF83830002B00F0B381FF
:102BD0004FF00109E20700F1BB814FF480732384B9
:102BE0009AF81B0014F002F804F12F03002800F0FB
:102BF0005581A26AC4F82F20A28D9A800C9BFF2BCE
:102C000000F0A081BDF84C301298A4F82D30C4F823
:102C10002900BBF80430A4F8273010989DF83F3005
:102C2000C4F8230084F82230EB8AE3862B8B2387B9
:102C3000B6F87631638796F8B830C3F3420384F868
:102C40003C3030460DF098FC0823A882E08085F8DF
:102C5000A730D8F804B00B98214606F015FBAB8AD4
:102C6000ABF806301C23DBF800408BF80430B9F1D8
:102C7000000F40F02F818BF820900AF051FD0028C2
:102C800040F03B815946204606F010FB95F848304D
:102C900003F00703032B00F2FE8003F1280B4FEA39
:102CA000CB0B5B102BFA03FBBBF5A47F38BF4FF4B3
:102CB000A47B95F8490000F00700032800F2E880A3
:102CC00000F12804E4004310DC40B4F5A47F38BFD1
:102CD0004FF4A474012114F0F9FB8146774A784837
:102CE0005C4409F29F3323440721E3FB02014FF0C8
:102CF0009613C5E903336CA3D3E90023FDF700FA6B
:102D000020F07F407060D8F80C300A982A6B40F2AF
:102D1000E24101FB00342F3C0D9BA41ABD1A022195
:102D2000002201201C4403F0BDFDDAF83830A4EB8A
:102D30000904A3B11F6838460BF094FEC21C614B16
:102D40000097D2B20121002005F016FB012800F007
:102D5000088197F846306FF3000387F846305046F5
:102D60000BF040F8074655484FA3D3E90023A4FBD6
:102D70000001FDF7C5F9CDF804A0D8F80830514995
:102D8000009120F07F4BBA1C453BD2B25B4401213D
:102D9000002005F033FB012800F0DC809AF81830A1
:102DA000DB0700F1A28030460DF0E6FB434BA5FBAC
:102DB000035904463CA3D3E9002328464946FDF7BE
:102DC0009FF9D8F80830404A0792A3F145083F4BD5
:102DD000069620F07F47A7FB0331E81A3C4B05938A
:102DE0004FF4F873089373684FF0000ACDE903A31A
:102DF0004FF0070303FB071169EB01014FF47A72EF
:102E00000023FDF77DF90834E4B2CDE90170CDF877
:102E100000B0434622460121504605F0BDF910F0AE
:102E2000FD0F40F0A58001220221104603F03AFD7B
:102E300015B0BDE8F08F0022CAF8082095F82C30B4
:102E40000B9862F3000385F82C30E56801262146D3
:102E5000267106F019FA28682E71294606F026FA1E
:102E600015B0BDE8F08F0DF1400B10460DF13F019C
:102E70005A4613F0DFF89DF83F9094F8207009F15E
:102E800002095FFA89F98DF83F9009F00102D4E553
:102E90004FF429641EE74FF4296B0AE7C4F82F00AA
:102EA0009880ABE6AFF300808D49FD1A0700000063
:102EB00083DE1B437FC3C901404B4C0000CA9A3BD1
:102EC0008C49FD1A95550100E55401008D49FD1A04
:102ED0000D55010095F8273043F0400385F8273061
:102EE000281D12F09FFE2885C5E6002301220093CD
:102EF0001846114605F040FA55E75946204606F0B7
:102F0000C3F9DAF834B05046DBF800400AF06AFF43
:102F100010F0FF000DD100231222ABF806008BF851
:102F200008308BF80420AA8AABF80A208BF8093005
:102F3000A8E600DEEFE794F82030C3F3401949E635
:102F40000D93F4E50022C4F82920A4F82D2060E6B2
:102F500000DE42E606F038FA82453FF41FAF00DE9D
:102F60001CE706F031FA87423FF4F3AE00DEF0E6EC
:102F700000DE58E7000000002DE9F04F8DB09B46C1
:102F8000BDF864300893CDE90601BDF868309DF8BE
:102F90005C80BDF860A09DF86C90039200200593C2
:102FA0000DF012F8002800F09C8008F0010705469B
:102FB000384605F061FB04902FB1062103F016FCA2
:102FC000002800F09880169B04995A4638460DF068
:102FD00037FE002840F0818001200CF0F5FF064606
:102FE00000287ED019F0040F7FD04369002B00F039
:102FF000848006F1100494F8343069F3020384F8F5
:1030000034306368002B00F08D80D4F804900BF00E
:103010000103D9F80050089399F84800C0F3C001A3
:1030200000F0070014F050FA94F8342002F0070280
:10303000032A68D802F12801C900521021FA02F2CD
:10304000B2F5A47F38BF4FF4A4725200B9F80E1045
:1030500000F209330B441344B348B44A0721E3FB9D
:1030600000211046AEA3D3E90023FDF749F820F074
:103070007F406860039D284613F02AFBA38E03F06F
:10308000BF0363F0FF03A386002D3FD0A8F1020326
:10309000012B40F22D8196F86210089868F38301A5
:1030A00086F8621094F8341060F3451184F83410F7
:1030B00016990968A16016998988A1810599A1824C
:1030C00003990091DDE9062320460021FEF778FCF4
:1030D000B06500200DB0BDE8F08F0B200DB0BDE84D
:1030E000F08F0C200DB0BDE8F08F6B6943B105F196
:1030F00010042E467FE71220F0E76B69436178E702
:1031000043696B61F3E74FF4A9529FE713F074FE34
:103110000028BBD0039A1699584613F04FFC84F848
:103120003500B3E706F098F80990002800F0F28027
:103130000DF016FA0546002800F0E980143003F07F
:1031400011FD05F11009002840F0E680032105F18A
:10315000180014F0A7F8E86E089B2B854FF6FF7255
:10316000A5F826A0AA84002800F0CD8005F15C0116
:1031700005F1600203F046FBB5F8582022F4EF6237
:1031800022F0070242F48C7242F00102A5F85820A6
:1031900095F8722022F00702002385F8722040F68D
:1031A0007F02EB66A5F870306B85C5F82E30A5F868
:1031B000B62005F1320012F0DFFC95F8372060F3FD
:1031C000050285F8372001210DF12F0014F06AF86F
:1031D000059A9DF82F10A5F87621554AA2FB010209
:1031E000D20802EB4202A1EB820195F8372002F0EF
:1031F0003F0285F8372095F83C20053122F0070280
:1032000040F2E24085F8381085F83C20298D494A83
:1032100000FB0AFA06205244A5F8740101F1060CDD
:10322000B2FBFAF290B20023604585F83930A5F878
:103230004031A5F87831A5F87231A5F86E31A5F8BE
:10324000700102DD0638401A80B2A5F86C012846EC
:103250000FF04EFB514628460FF0B2FB4FF0000A2C
:10326000099BC5F8483185F844A10DF0DDFC95F8BF
:10327000802160F3020285F880210DF0DBFC95F8D7
:10328000802160F3C50285F8802195F842216AF318
:10329000410285F8422105F1C4000FF033F995F899
:1032A00080210BF0010363F3C71285F880214FF0F2
:1032B0009612C5E907220893169B1A68C5F887215C
:1032C00095F880219988049BA5F88B1168F38612E4
:1032D00085F880211A68C5F881219A88A5F885218A
:1032E000C4F80490C5E902AA85F800A02D6193E610
:1032F000002013F011FA94F8343043F04003B8463C
:1033000084F83430C7E605F16400E8662EE70998D2
:1033100005F0A8FF0720E1E600DE17E7AFF3008025
:103320008D49FD1A0700000000CA9A3B8C49FD1A1E
:10333000ABAAAAAA7FC3C9012DE9F04F04468DB0FC
:1033400090F82070A38D806AADF82C30E3070E460C
:103350001546C7F3C0110A90C7F3401700F11C814E
:1033600000232384B37C707C13F001031CBFD4F8CA
:103370002230C4F82F3004F12F0214BFE38CC4F8BC
:103380002F30FF28938004F1290804F1230200F074
:10339000E18004F1220112F04DFE94F82230BDF8D4
:1033A0002C200A98C4F82900023384F82230A8F8A7
:1033B00004203368D3F800A0EB8AE3862B8B2387A5
:1033C000BAF82430638714F083FA84F83C00D5F807
:1033D000009048460DF0D0F80021A882E0804846D1
:1033E0000FF002FB082385F8A730D6F80480206888
:1033F000214605F049FFAB8AA8F806301C23D8F80F
:10340000004088F80430002F40F0B38088F8207026
:103410004146204605F04AFF95F84800B5F816B039
:10342000F46840F2E243C0F3C00100F0070003FB80
:103430000BFB14F049F80022A4EB00080221012044
:1034400003F030FA50460CF073FD594CA8FB0448C9
:1034500055A3D3E90023054641462046FCF750FE1C
:10346000CDF804A0B3685349009120F07F476A1D4E
:10347000453BD2B23B440121002004F0BFFF10F0D5
:10348000FD0F40F08D8001200CF086FD054678B1DF
:1034900082457AD028460CF04BFD421D464B0095E4
:1034A000D2B20121002004F067FF10F0FD0F75D1AA
:1034B0004FF0000A534604220121CDF800A05046E7
:1034C00004F05AFF48460DF057F80546384836A331
:1034D000D3E90023ABFB0001FCF712FE1946374B82
:1034E000B6680893364B069340F27233CDF81C90C1
:1034F0000993D9F804308346CDE904A3104600238C
:103500004FF47A72FCF7FCFD2E4B0722A7FB033128
:10351000CDE902B002FB0711E01A68EB01014FF49C
:103520007A720023FCF7ECFD0835453EEDB2CDE99B
:10353000007033462A460121504604F049FE10F03F
:10354000FD0F2FD10122022110460DB0BDE8F04F32
:1035500003F0A8B90023BDF82CC00A98C4F829309C
:10356000A8F8043084F82210C4F82300A2F804C09C
:103570001FE795F8273043F0400385F82730281DD2
:1035800012F050FB0127288540E700200CF004FDD5
:10359000054600288CD07DE700DEE1E600DE87E707
:1035A00000DE70E700DECDE78D49FD1A0700000060
:1035B00000CA9A3B4D560100595601005156010070
:1035C000815601008D49FD1A032838B50D4610D0EB
:1035D0000838C3B20F2B11D880B20CF0D5FF0446C7
:1035E00060B190F93730002B0BDA40682860204634
:1035F00038BD00200BF0DEFA0446D8B9002420467E
:1036000038BD90F85800C0F3C00100F0070013F077
:103610005BFF154A00F5C55314481F330721E3FB30
:10362000002110460EA3D3E90023FCF769FD20F02A
:103630007F40DBE7FF2211460BF0C4FA0B4A0A4B2E
:103640000721E0FB0231184605A3D3E90023FCF76C
:1036500057FD20F07F402860204638BDAFF3008042
:103660008D49FD1A070000008C49FD1A00CA9A3BDB
:1036700070B588B01E46134606AA029207AA0192A8
:1036800005AA00920024224A079412F095F9FF2817
:1036900034D0069B1F480721A3FB000201FB032136
:1036A00019A3D3E90023FCF72BFD044600B13E34F7
:1036B000079D1949059BA5F57422A2F510728A424F
:1036C00014D814480721A3FB000201FB03210EA319
:1036D000D3E90023FCF714FD104BA3FB053504EBE5
:1036E000954404443460002008B070BD05F1E875CD
:1036F00005F5D435013B05F5A575E2E76FF0090046
:10370000F2E700BFAFF3008000CA9A3B0000000060
:10371000AD5901008D49FD1ABFBDF07F83DE1B430B
:103720002DE9F043C668476873683D491A68D0F8C8
:103730000090A7F57423A3F510738B4283B08046E5
:1037400007D907F1E87707F5D43709F1FF3907F50D
:10375000A57773685168DD8ACDF8049006F11003EF
:1037600001AA0220FFF784FF00284ED10199A1EBA6
:1037700009031B0237D40846494604F0E9FE034614
:1037800028480721A3FB000201FB032122A3D3E960
:103790000023FCF7B5FC34690444002C346109DBD8
:1037A00040F2E24305FB03F3A3422FD2E41AA34203
:1037B000FCD33461D8F800301A48A3EB0903A3FB0B
:1037C0000002072101FB032113A3D3E90023FCF727
:1037D00097FC154BA3FB0737A0EB974020443061C3
:1037E00003B0BDE8F083484604F0B2FE03460D483E
:1037F0000721A3FB000201FB032107A3D3E9002358
:10380000FCF77EFC3469241AC7E73469002CD1D157
:1038100003B0BDE8F08300BF00CA9A3B000000007F
:10382000BFBDF07F8D49FD1A83DE1B430000000001
:10383000F0B5C468636883B00546002B5CD117F00F
:1038400055F894F92C0017F0BBF8A17A607A01F0D2
:103850000101C0F3820017F061F8627A252102F0BD
:103860001C02082017F012F9414B019301A817F030
:10387000F9F8404940F25B6017F0C0F9237AC3F3CE
:10388000420262F306132372204614F02DFA13F05D
:10389000B3FA58BB637A9B071FD127682E68384656
:1038A00013F0CAFD06446A6806F11801012017F0FA
:1038B00051FC17F093FD20460AF0A2FA811C324613
:1038C000C9B2384613F0BAFD054610BB204613F0C6
:1038D00065FDE0B9002003B0F0BD012012F078FED4
:1038E0004178821C007817F0D5FBD6E7607A10F09B
:1038F000030018BF0120F1E793F82C309A079ED0FF
:103900001D48214616F0C6FF17F01EF9E2E700DE5B
:10391000E0E71A4A1A491B4840F211431BF095FD93
:10392000194B0721A5FB030301FB05310EA3D3E9C6
:103930000023FCF7E5FB1549024615481BF085FD01
:10394000002585F31188BFF36F8F0323184602DF2C
:103950001048214616F09EFF17F0F6F86FF08B0026
:10396000B9E700BFAFF3008000CA9A3B0000000037
:10397000D6BE898E55555500B57501007C0C0200E8
:10398000C80C0200000B02008D49FD1AF80C020061
:10399000CC0C0200E57801002DE9F047C46884B042
:1039A000002307460DF1070104F1140066688DF845
:1039B000073014F05BF90546002800F0DD80337B0A
:1039C00006EB8303D3F8108098F8003003F00F0360
:1039D000072B40F0C78003A9404614F01DFC0028C7
:1039E00040F0C880039A002A00F09F8093785178B5
:1039F0001B0203F4F8530B4300F09780238992F8DD
:103A000000A00133238116F071FF96F92C0016F007
:103A1000D7FF96F80990B17A4FEA591901F00101E0
:103A2000484616F07BFF4FEA8902FF21082017F075
:103A30002DF86B4B029302A817F014F80AF03F0A16
:103A4000684940F25B6017F0D9F8504613F008FD62
:103A500098F802303F2B36D8AB789A0602D0EB7834
:103A6000DB0669D4002360482362214616F012FF6A
:103A700017F0D4FA284617F03FF826683D6830461C
:103A800013F0DAFC054405F118017A68012017F0FB
:103A900061FB17F0A3FC20460AF0EEFFC11C2A468A
:103AA000C9B2304613F0CAFC054600286AD1204648
:103AB00014F0C4FC204613F071FC00285ED10020F5
:103AC00004B0BDE8F0870DF1070106F1180014F00D
:103AD000CDF88046002853D02146444816F0DAFE3F
:103AE000962017F02BFB484617F034FA9DF8073064
:103AF000A3B913F081F958B9737A9907BAD00120A4
:103B000012F066FD4178821C007817F0C3FAB1E725
:103B1000707A10F0030018BF0120F1E76B68C8F855
:103B200004302B89A8F80830E3E73148214616F025
:103B3000B1FE17F009F8C2E720462946256214F0C5
:103B400053FC21462B4816F0A5FE4FF4967017F053
:103B5000F5FAB37A03F0010319464A46484617F0CE
:103B600023FA87E700DE03A9404614F055FB00283E
:103B70003FF438AF00DE35E700DE20E700DE9EE7E9
:103B800000DEA9E71C4A1D491D484FF4A4731BF031
:103B90005CFC1C4B0721A5FB030301FB05310EA3B5
:103BA000D3E90023FCF7ACFA1749024617481BF08B
:103BB0004CFC002585F31188BFF36F8F0323184653
:103BC00002DF0948214616F065FE16F0BDFF6FF0D2
:103BD0008B0075E7AFF3008000CA9A3B000000003D
:103BE000D6BE898E55555500558201007D82010053
:103BF0009983010059840100040D0200C80C0200E1
:103C0000000B02008D49FD1A540D0200CC0C02007D
:103C10002DE9F041C46894F92830002B8CB0C0F233
:103C2000E680636805460E46002B40F0D58094F888
:103C300028306FF3000384F8283016F057FE94F90B
:103C4000440016F0BDFE94F83400012100F0070096
:103C500016F064FE94F8342092000820252102F02A
:103C60001C0216F013FF94F8343023F018030120DF
:103C700084F8343005F048FC002800F0BF80203084
:103C800016F034FF764B0B930BA816F0EBFE75493C
:103C900040F25B6016F0B2FF94F82800C0F34100D8
:103CA000253013F0DDFB7048214616F0F3FD94F843
:103CB00028309B0603D46368002B00F08A8096208E
:103CC00017F03CFA00231A461946184617F056F921
:103CD00013F092F8002840D194F8283013F0180F10
:103CE00057D1D4F800802F68404613F0A5FB074455
:103CF0006A6807F11801002017F02CFA17F06EFB24
:103D000017F0A4F920460CF01FF9411DC9B2404636
:103D10003A4613F093FB8046002875D116B9236C00
:103D2000002B3FD163687BB12A68504BA2616A685F
:103D3000E26104F11801996064620122022100200D
:103D400002F0E4FD00285DD1204613F027FB002897
:103D500056D100200CB0BDE8F08194F82800C0F3E3
:103D6000C00012F035FC07460DF12B0012F066FF83
:103D700079788046BA1C387817F08CF994F834209A
:103D80009DF82B009200414602F01C0217F0BCFB8C
:103D9000A7E7012012F01CFC4178821C007817F084
:103DA00079F99EE7324A0792324A059240F2F312BD
:103DB00000930892CDE90366CDE9016606943B467F
:103DC0003146042204F0E8F910F0FD0FAAD000DE1D
:103DD000A8E717F023F97BE7636893F82C30D9073D
:103DE00005D4636893F82C309A077FF520AF2248FA
:103DF000214616F04FFD16F0A7FEAAE700DE3EE7CB
:103E000000DEA6E700DE9FE71C4A1D491D4840F280
:103E1000E5131BF01AFB1C4B0721A8FB030301FB56
:103E200008310DA3D3E90023FCF76AF917490246CC
:103E300017481BF00AFB002585F31188BFF36F8F2D
:103E40000323184602DF1348214616F023FD16F01F
:103E50007BFE6FF08B007DE700CA9A3B00000000FC
:103E6000D6BE898E55555500393F00003C020020D2
:103E7000E587010065880100B5750100600D02004D
:103E8000C80C0200000B02008D49FD1AAC0D0200A7
:103E9000CC0C02002589010038B5044614F0F6FC6C
:103EA00094F8283094F82820C3F34103013303F039
:103EB0000303032B08BF002363F3420214BF03F183
:103EC0002500252084F8282013F0CAFA63680BB176
:103ED00023694BB904F03AFBC11C002017F09CF990
:103EE000BDE8384017F07ABA17F01CFA054604F01E
:103EF0002DFBC11C002017F08FF917F06FFA17F097
:103F000011FA294604F024FB094A03460721A0FBC5
:103F1000020201FB032104A3D3E90023FCF7F0F81C
:103F200023691B1A236138BD00CA9A3B00000000B8
:103F30008D49FD1A000000002DE9F04F8DB00446B8
:103F400016F046FE10F0FF0013D1FF238DF8290074
:103F50008DF827008DF82A308DF8283013F0D0FA2C
:103F6000A348214616F096FC16F0EEFD0DB0BDE814
:103F7000F08F16F04FFE054617F0C0F88DF82700B9
:103F800017F0C6F88DF8280017F030FB8DF82900DF
:103F900017F00EFB8DF82A0017F072F8064617F09E
:103FA0004BF8EDB2074613F0ABFA002DD8D0012044
:103FB00005F0AAFA0546002800F0F88195F82030AF
:103FC00003F00F03072B05F1200900F0E5809DF8B1
:103FD0002730002B3FD19DF82980B8F1000F40F029
:103FE000FD8042464FF0FF0A41465346204614F0FA
:103FF000ABFE0028B4D09DF8298095F82020616898
:1040000000238DF82B30F6B202F00F0300294AD0BE
:10401000616891F82C10880745D4072B40F0EA809E
:1040200094F834305A079BD094F8282012F00102FB
:1040300096D10DF12B010191CDF800A04B46012145
:10404000204614F0C9FE002840F0A18095F82030E9
:1040500003F00F0379E094F828009DF82810C0F3CE
:10406000C00012F0F5FD9DF829809DF827208246BA
:10407000BAE7012B46D195F821200C2AE6D195F814
:104080002020CDF800A0194600230193D20905F1A4
:104090002803204614F02CFD002840F0B88095F845
:1040A000203003F00F036BBB95F821309A1F1F2AB5
:1040B00044D894F8282002F02102202A08D1D4F80C
:1040C00004B0BBF1000F00F09D81063B1F2B35D8DB
:1040D000636833B195F8203003F00F03072B7FF4AA
:1040E0003FAF9DF82B50009733465246414620463D
:1040F000019514F053FD00283FF432AF10307FF4E7
:104100002FAF33E7062BCFD04521D94011F0010165
:1041100040F05681012B11D195F821300C2B95D10F
:1041200095F82020CDF800A00DF12B030193D209C2
:1041300005F12803204614F0DBFC40BB95F8203045
:1041400003F00F03072B3FF46BAF042B7FF408AF92
:1041500095F82130063B1F2B3FF602AF94F828302C
:10416000DB077FF5FDAE16F063FD95F82030027891
:10417000C3F38013B3EBD21F7FF4F2AE08300622F4
:1041800005F122011CF0F5F900287FF4E9AE95F85D
:104190002130002B9CD1E3E60DF12A0301930DF1B0
:1041A000290300930DF127020AAB4946204615F07A
:1041B000F9FA9DF827308346002B40F0DE809DF809
:1041C0002980B8F1000F40F0F3804FF0FF0ABBF1F7
:1041D000000F3FF412AF9DF8272005E79DF82A0055
:1041E00012F05AFD9DF829809DF827208246FBE6B3
:1041F0005189010094F82810090740F1CA80002B6A
:104200007FF437AF95F82130063B1F2B96D804205A
:1042100005F07AF900283FF4A3AE17F0E7F8236C15
:10422000074643B9A38F40F2712202FB03F3B0FBB0
:10423000F3F203FB120723685A68B14B0721A2FB74
:10424000030301FB0231ACA3D3E90023FBF758FFC2
:10425000A0F2D3431F3B62EB0202BB4272F10002A9
:10426000FFF47EAE16F0DAFE63680793504612F054
:10427000CBFC94F834305B06814640F11B8100286A
:1042800000F018818346012716F0D2FCCDE9027BAD
:104290000BAB049305F12203019395F82030C3F38F
:1042A000801301460746009300220123204614F0A4
:1042B00003FE384616F020FC16F080FC002840F083
:1042C00017819048214616F0E5FA002E40F0F9805B
:1042D000626892F82C3043F0010382F82C3094F895
:1042E000283043F0800384F8283005F029F917229C
:1042F00002714FF6FF72C28095F820E006463B46F9
:10430000CEF3401E00F1200207F1200C1D68586812
:104310009968DF68D760103363451560506091601D
:1043200002F11002F2D11B68136096F82030B460DD
:104330006EF3451386F8203016F0F4FFB8F1000F45
:1043400030610B9B736108BF4FF0FF0A86F819A01C
:1043500094F8343013F0400303D0B9F1000318BFD0
:104360000123B27E63F30002B27605F0E9F831462C
:10437000F060306805F012F9F8E594F828009DF82F
:104380002810C0F3C00012F063FC9DF8298082461B
:104390001DE7BAF1FF0F8DF82CA0C2F3801B12D0DD
:1043A00094F8352052453FF42AAF7CE600DE05E65E
:1043B0009DF82A0012F070FC9DF82980824606E7DD
:1043C00095F8213081E605F122010BAA58460791A4
:1043D00012F0B6FC079900283FF461AE94F834302F
:1043E000C3F340135B457FF45AAE062204F1080084
:1043F0001CF0BFF800287FF452AE95F8203003F08F
:104400000F03FCE6962016F099FE584616F0A2FD22
:10441000CDE9007B334641465246204614F0BEFBB0
:1044200000287FF49DAD16F003FC06460322337886
:1044300062F30303337095F820303278C3F38013AE
:1044400063F3C7120C2332705046737012F0DCFB1A
:1044500094F8342057063AD5C8B33178324641F043
:10446000400102F8021B0168C6F80210838893809D
:10447000D5F82230B360EB8CB381304616F03CFBAC
:1044800016F09CFBB0BB16F0A9FF94F8283043F05F
:10449000010384F8283095F82030190705D194F8E5
:1044A000343043F0080384F834301748214616F0BE
:1044B000F1F95BE594F8287004F1360BC7F3801727
:1044C000E2E616F0CDFD079B83F8A60000E794F81E
:1044D00028303278C3F3801363F38612334603F82F
:1044E000022BD4F83620C6F80220628F9A80BFE7EC
:1044F00000DEE6E600DEC6E700CA9A3B00000000E8
:104500008D49FD1AED890100658901000000000058
:104510002DE9F047C46882B007460DF1020120463C
:104520000BF070FE90F92830002BC0F2D880436861
:104530000546002B40F0C8802379854A6FF3861327
:1045400023710023138016F0D1F995F9440016F079
:1045500037FA6079012100F0070016F0DFF962797F
:1045600092000820FF2102F01C0216F08FFA0120B1
:1045700004F0CAFF002800F0B980203016F0B6FA27
:10458000744B019301A816F06DFA734940F25B6019
:1045900016F034FB207900F03F0012F061FF214655
:1045A0006E4816F077F9962016F0C8FD627902F091
:1045B000070201231046002116F0E0FC12F01CFC5B
:1045C000002859D195F8283013F0180F73D1D4F87A
:1045D00000903E68484612F02FFF06EB00087A680C
:1045E00008F11801002016F0B5FD06466079D4F8F0
:1045F00008A000F00700012116F090FA0644607947
:1046000000F007000228564434D004280CBF4FF4B1
:10461000BC73282301211E4416F082FA304416F0A0
:1046200095FE16F0DBFE16F011FD20460BF0E0FDC6
:10463000C11D4246C9B2484612F000FF0646002896
:104640005AD16B686BB13B68AB617A68444BEA61E5
:104650006D620122183502219D6002F057F9002891
:1046600048D1204612F09AFE002841D1002002B025
:10467000BDE8F0871823CDE795F82800C0F3C00007
:1046800011F0A6FF06460DF1030012F0D7FA71787B
:104690008046B21C307816F0FDFC62799DF803006C
:1046A000C2F30202920042F00202414602F01E02F0
:1046B00016F02AFF8BE7012011F08AFF4178821C57
:1046C000007816F0E7FC82E7436893F82C30DA07AD
:1046D00005D4436893F82C309B077FF52DAF214814
:1046E000214616F0D7F816F02FFABFE700DE44E7B0
:1046F00000DEBBE700DEB4E71B4A1C491C4840F261
:1047000051231AF0A2FE1B4B0721A6FB030301FB5A
:1047100006310DA3D3E90023FBF7F2FC164902464C
:1047200016481AF092FE002585F31188BFF36F8FAB
:104730000323184602DF1248214616F0ABF816F0A4
:1047400003FA6FF08B0092E700CA9A3B000000006A
:1047500046800020D6BE898E5555550039980100F7
:104760005C020020A1930100C00D0200C80C0200F1
:10477000000B02008D49FD1A580E0200CC0C0200FD
:1047800005900100000000002DE9F04F8FB00546B4
:104790000E46174616F01CFA10F0FF0015D1FF2345
:1047A0008DF831008DF82F008DF832308DF83030D3
:1047B00012F09CFE002E5CD07E48314616F06AF85E
:1047C00016F0C2F90FB0BDE8F08F16F023FA0446D8
:1047D00016F094FC8DF82F0016F09AFC8DF830003E
:1047E00016F004FF8DF8310016F0E2FE8DF832006D
:1047F00016F046FCC3B2079316F01EFCE4B2069016
:1048000012F074FE9CB3032004F07EFE044670B3E5
:1048100090F8203003F00F03072B00F1200A26D177
:1048200090F821301BB30DF1320301930DF13103E8
:1048300000930DF12F020CAB5146284614F0B2FF45
:104840009DF82F208346002A40F0A6819DF83190E4
:10485000B9F1000F40F0C6814FF0FF08BBF1000F27
:1048600028D043464946284614F06EFA10BB002E65
:10487000A2D195F83430D90640F1898104F060FE68
:104880000146002800F0C3820A230B718D60EB6A99
:104890000868CB6004F082FE95F83430DA0640F107
:1048A00076816FF30413444885F83430294615F0B7
:1048B000F1FF85E76B6800228DF833202BB16B6820
:1048C00093F82C1011F002017CD06B68002B00F0E3
:1048D00075816B68002BCAD1002E00F0AA81337954
:1048E0001B0612D4EB6A1BB193F90430002B0CDBCE
:1048F0000DF1330300220193CDF800805346114699
:10490000284614F069FA0028B1D0A6603379A27E57
:10491000C3F3801363F30412A276337943F0800368
:1049200033710023EB6204F00BFE16F0FBFC2061F8
:1049300016F05CFD06998346384616F0F1F8A37E22
:10494000069A62F38203A376079BABEB00006061DB
:10495000002B40F02F817F20A37E9DF8332020760E
:10496000B9F1000F03F0F70308BF4FF0FF0862F33F
:10497000410384F81980A376002E00F03B81069A4B
:104980000E4B00963946504614F06AFEA37E09226B
:1049900060F3C713A37620682271214604F0FEFD60
:1049A00094F91A30002BFFF60DAF054A1388013336
:1049B000138001E705900100158D0100E1930100CE
:1049C0004680002094F822305B067FF57EAFCDE96B
:1049D000008153460122284614F0FEF900283FF4D6
:1049E00074AF002E00F00682042004F08DFD002834
:1049F0003FF4E2AEB34616F0F9FC2B6C824643B9A5
:104A0000AB8F40F2712202FB03F3B0FBF3F203FB26
:104A1000120A2B68A0485B680721A3FB000201FB78
:104A200003219BA3D3E90023FBF76AFB0346780726
:104A300000F1EF8107F0030202F12B01C7F3400000
:104A4000C9001732D200C1405B1AC2406FF48161C5
:104A50000B449B1A1F3B62EB0202534572F10002AA
:104A6000FFF405AF404612F0CFF895F834300990C6
:104A70005A0640F1D881002800F0D58108904FF007
:104A8000010A16F0D5F8089B0DAACDE902A30492FD
:104A900004F12402019294F82020069BC2F38012B4
:104AA00001468246009228463A4614F005FA5046DE
:104AB00016F022F816F082F8002840F0EC8116F08B
:104AC0008DFC962016F03AFB384616F043FA7348F0
:104AD000594615F0DFFE079B002B40F0C3816A6842
:104AE00092F82C3043F0010382F82C3095F82830EE
:104AF00043F0800385F8283004F022FD172202716C
:104B00004FF6FF72C2800446534600F120020AF1BC
:104B1000200E1F6858689968D3F80CC0C2F80CC002
:104B20001033734517605060916002F11002F0D1AC
:104B30001B68136094F82030A56043F0200384F8CC
:104B4000203016F0EFFBB9F1000F0D9B206108BF7C
:104B50004FF0FF0884F81980636195F8343013F042
:104B6000400303D0099B003B18BF0123A27E63F3DF
:104B70000002A27604F0E4FCE060CBF80C40002ECA
:104B80007FF420AE464A1388013313801AE6E96A9F
:104B9000444815F07FFE13E695F828009DF8301084
:104BA0000892C0F3C00012F053F89DF83190089AB3
:104BB000804653E616F054FAC0B2CDE695F8283098
:104BC0009B067FF586AE002E70D03379580600F133
:104BD000058194F822207F2A75D86A68002A3FF45C
:104BE0007FAEE9E59DF83200089212F055F8089A78
:104BF000804633E6069A2C4B00953946504614F011
:104C00002FFDA37E092260F3C713A37620682271CB
:104C1000214604F0C3FC94F91A30002B80F20B817A
:104C200095F8343043F0100385F834300FB0BDE808
:104C3000F08FEB6A1BB193F90430002B16DB0DF1FA
:104C4000330300220193CDF80080534611462846D5
:104C500014F0C2F800283FF40CAEEB6A33B995F8B3
:104C60003430D8063FF50AAE002191E7A560EB6A23
:104C7000E3601B79A27EC3F3801363F30412A27670
:104C8000EA6A137943F0800313714CE6AFF30080B6
:104C900000CA9A3B000000008D49FD1A799101007D
:104CA0004680002005900100E1930100EA6A002A95
:104CB00000F0B480137959063FF50BAE94F822301A
:104CC0007F2B7FF606AE0DF1330300220193CDF862
:104CD000008053461146284614F07EF800283FF421
:104CE000F8AD042004F010FC00283FF4C0AD96207D
:104CF00016F024FA384616F02DF915F099FF0378CE
:104D0000032262F30303037094F820300278C3F3A4
:104D1000801363F3C7120C2302704370824640462F
:104D200011F072FF95F834305A0640F1898000285E
:104D300000F086809AF80020534642F0400203F8C3
:104D4000022B0268CAF8022082889A80636ACAF835
:104D50000830238DAAF80C30504615F0CDFE15F022
:104D60002DFF002840F0958016F038FB04F0E8FB9A
:104D700009232371002E7FD04848A660314615F0E4
:104D800089FD337943F04003337116F0CBFA20618B
:104D900016F02CFB06990546384615F0C1FE079B18
:104DA0002D1A6561002B63D17F21A27E9DF83330DF
:104DB000217602F065025B00B9F1000F42F00802B3
:104DC00023F07D0308BF4FF0FF081343206884F8E9
:104DD0001980A376214604F0E1FBF3E4EA6A002A95
:104DE0007FF468AF6A68002A7FF4E6AC1B067FF5A3
:104DF0007FAD8AE5D5F82CB0BBF1000F3FF42FAFA3
:104E0000042004F081FB00287FF4F5AD31E500DEDD
:104E10003AE5A3F535634FF4CA6217E66B68002BD9
:104E20003FF40DAF25E595F828A005F13603CAF348
:104E3000801A089325E61A4A1388013313802BE55C
:104E400095F828309AF80020C3F3801363F3861294
:104E5000534603F8022BD5F83620CAF802206A8F91
:104E60009A8073E716F0FCF86B6883F8A60036E6C4
:104E700016F0F6F8C1B298E7A560EB6AE36009485E
:104E8000214615F007FDEA6A137943F040031371D8
:104E90007BE700DE68E700DE11E600BF519101000C
:104EA00046800020299101002DE9F043C468A28AC0
:104EB0004FF6FF739A4283B000F00281064614F069
:104EC0003FFD3389628B208CA3831A4492B2104435
:104ED00094F82730E28380B2411C21845D064FF0B4
:104EE0000001618304F1220100F1AA8003F03F0078
:104EF0000B4694F82810009004F1290010F04AFEA7
:104F00000546D4E90C31A26BA08BA36303FB0022FE
:104F1000E36B8A4294BF9B185B188B4228BF0B46F9
:104F2000626C216CE3630A4494F8493062640022A5
:104F300094F82C10226494F86220C3F3020363F304
:104F4000061112F0040284F82C1000F08A8015F08B
:104F5000CDFC94F9A70015F033FD201D15F082FD5E
:104F60002389A17A40F25B6043EA014115F046FED5
:104F7000284612F075FA2146594815F08BFCA08995
:104F800016F0DCF894F8482094F84900C2F3C00306
:104F9000002102F0070200F0070015F0EFFF2046A5
:104FA00014F08EFDD4F800803768404612F044FAC1
:104FB0000744726807F11801002016F0CBF881460B
:104FC00016F0E0F9002016F0F7F9E36B94F84900C9
:104FD00003F12F02636C00F00700012103EB42058F
:104FE00015F09CFD4D44054494F8490000F007007D
:104FF000022834D004280CBF4FF4BC7328230121AD
:105000001D4415F08DFD284416F0A0F916F01EF889
:10501000A18A08313A46C9B2404612F00FFA054655
:10502000B0B1B37A13F0020629D000252D482146ED
:1050300015F030FC15F088FD284603B0BDE8F0837C
:105040000A4603F03F03218D10F0F0FD054658E7B6
:10505000204612F0A3F9002839D10025ECE71823E7
:10506000CDE7D4E9130101F0E5FB00287FF46FAF31
:1050700094F8623043F0040384F8623067E71A4A18
:105080001A491B4840F259131AF0DFF91948072151
:10509000A5FB000301FB05310FA3D3E90023FBF7B8
:1050A0002FF81549024615481AF0CFF986F31188F2
:1050B000BFF36F8F0323184602DF6FF08B05B5E750
:1050C0000F48214615F0E6FB15F03EFDC5E700DE72
:1050D000C3E700BFAFF3008000CA9A3B00000000A6
:1050E000119D01006D750100640E0200C80C0200E4
:1050F000000B02008D49FD1AB80E0200CC0C020014
:10510000B575010000000000F0B5C468A28A4FF632
:10511000FF739A4285B000F0AF80054614F010FC92
:105120002B89628B208CA3831A4492B2104494F88A
:105130002730E28380B2411C21845E064FF00001DB
:10514000618304F1220168D403F03F000B4694F818
:105150002810009004F1290010F01CFD064620469E
:1051600003A914F06DFD039B94F862101A7861F3A3
:10517000C3021A70039A94F862301178C3F34003A3
:1051800063F38201117015F0B1FB94F9A70015F0DB
:1051900017FC201D15F066FC2389A17A40F25B60A4
:1051A00043EA014115F02AFD304612F059F90399FE
:1051B000204614F01BFD2146374815F06BFBE089B3
:1051C00015F0BCFF94F8490000F0070015F0C2FE8E
:1051D00027682E68384612F02FF9064406F11801A8
:1051E0006A68012015F0B6FF16F0F8F8A18A0831B8
:1051F0003246C9B2384612F021F90646A8B1AB7A58
:1052000013F0020517D000252448214615F042FB73
:1052100015F09AFC284605B0F0BD0A4603F03F039E
:10522000218D10F003FD064699E7204612F0B6F8EE
:1052300048BB0025EEE71A4A1A491B484FF4807311
:105240001AF003F919480721A6FB000301FB0631F8
:105250000FA3D3E90023FAF753FF15490246154877
:105260001AF0F3F885F31188BFF36F8F0323184604
:1052700002DF6FF08B05C7E70F48214615F00AFBE8
:1052800015F062FCD5E700DED3E700BFAFF3008086
:1052900000CA9A3B00000000259B01006D750100CB
:1052A000C40E0200C80C0200000B02008D49FD1A5A
:1052B000140F0200CC0C0200B5750100034883688E
:1052C000DB6903B118476FF0570070474C070200C5
:1052D000024883689B6903B1184770474C07020076
:1052E00010B4034606480A4681680C691CB1194689
:1052F000234610BC18476FF0570010BC704700BF22
:105300004C07020010B50F4C20461AF0A3FCA8B1C0
:10531000A3685B6A0BB120469847FFF7D9FFA368E3
:105320002BB11B6C1BB10849064800229847A368A3
:105330001B6A0BB103489847002010BD6FF01500A1
:10534000FBE700BF4C0702004D5300002DE9F04F72
:10535000804E814FB3688FB00393039BDB6B002BB0
:1053600040F0EA80B468A36B002B40F0ED80E36A64
:1053700023B13046984708B9FFF7A0FFFFF79EFF1B
:1053800050B13B68B3B975480022002318F030FCD7
:10539000386078B9FFF79CFFB368DB6A13BBDFF8AE
:1053A000C081704D98F80030032BD6D8DFE803F0A9
:1053B0001F3395B63B68D9681A8AB368DB6873B146
:1053C00030469847014638680C301AF01DFA3868A4
:1053D000048A002CE0D101F089F83C60DCE76FF032
:1053E0005701F0E7304698470028B6D0D7E75E4C23
:1053F00001212046FFF774FF0028AED02078431E1D
:10540000012B01D90528CDD119F09BFE012328607D
:1054100088F80030C6E7DFF850A1DFF850919AF81D
:10542000000019F08EFE2968401A4844FFF758FF23
:105430002B681B1A04462B60002B6BD19AF80000D6
:10544000421E042A16D8DFE802F0041715031300E1
:105450000220CDE900330022002301F0DDF8DFF85F
:1054600010B10346CBF8000040B988F8000074E79B
:105470001020EEE70020ECE70420EAE79AF80000AD
:10548000022823D005281CD0012822D199F8022017
:105490002A6019F056FE3549024603F10C001AF055
:1054A000A2F9DBF800000C301AF0C6F92B6898421C
:1054B00011D2DBF8000001F019F8032388F800305E
:1054C00028E0B9F80220C2F30D02E1E7B9F80220A2
:1054D000DEE70022DCE70223F0E7DFF8949029689A
:1054E000D9F800301A8AD8681044FFF7F9FED9F8C5
:1054F00000100B8A03440B822B68A3EB00090446BF
:10550000C5F80090B9F1000F04D11A481AF0AFFCA9
:1055100088F80090002C7FF445AF1EE72968212908
:1055200028BF212105A8FFF7DBFE2B681B1A0446C4
:105530002B60002BEED1C1E73046984700287FF45E
:1055400011AF0FB0BDE8F08F3046984700287FF4C8
:105550000EAFF6E74C070200782000202803002059
:105560005380002074200020528000204E800020B4
:10557000702000201003002038B5094D4FF0FF3295
:105580004FF0FF33284618F033FB044601F07CF857
:1055900010B1204600F0AAFF18F064FFEEE700BF4C
:1055A0001003002070B5184888B001F079F8002287
:1055B0000023CDE9062300236FF00802CDE9032381
:1055C000CDE9013300931149114B12484FF4806229
:1055D00018F09EFD10490F480B4D104E104C1AF05C
:1055E00015FD4FF0FF324FF0FF33284618F000FB57
:1055F000014630461AF03BFCA3685B69002BF0D0F3
:1056000020469847EDE700BFF80200208080002088
:1056100079550000C8030020E8110200280300208B
:105620004C070200014B1B68184700BF1000002008
:1056300030B585B004460D461022002168461AF0A8
:1056400090FF02238DF802302A46044B0193214635
:10565000684619F019FB05B030BD00BF25560000A3
:1056600080B505460E461746984618F09FFF03463C
:105670001AF0F2FFDFF81890044649F8003042466D
:1056800030463946A84754F8090000F0C5FB00BF72
:10569000080000002DE9F047058B044628079046D6
:1056A00011D4022905F0070540F0CC80204619F0FE
:1056B000F4FE78B10138218B042811D8DFE800F01E
:1056C000C2106D85950001290CBF45F0100545F00D
:1056D0002005258388F31188BFF36F8FBDE8F0871D
:1056E00001F0070AAA4500F0A5800027B9463E460A
:1056F000A368002B00F0BC8041F00801218388F3EF
:105700001188BFF36F8FA168002900F0BA800D687F
:10571000002900F0B680D1F8048033465246204676
:10572000C047002D76D02B6829461D46F0E701F0D2
:1057300007035A1F012A1BD8002221F00701062B5C
:10574000276889B2C4E9002209D13B4603E0628B95
:10575000013262831B68002BF9D141F002012183E1
:10576000204619F09AFE00287AD041F0200176E018
:10577000042B0AD121F0070189B22183204619F0B8
:105780008CFE10B141F020012183218B01F0070A2A
:10579000AA454FD00027B946AAE7236921F007019F
:1057A00041F00601062DD3F8009021832DD1B9F1E7
:1057B000000F3FD041F00801218388F31188BFF327
:1057C0006F8F3A492046C84729E021F00701236935
:1057D00041F0040189B2042DD3F804902183E6D06E
:1057E00000273E464FF0040A82E721F007012369B3
:1057F00041F0050189B2052DD3F808902183D6D058
:1058000000273E464FF0050A72E700273E464FF05C
:10581000060A6DE72B4687E7B9F1000FD1D1EFF308
:105820001188202383F31288BFF36F8F238B23F01B
:1058300008032383258BEA062ED525F01003238346
:1058400005F007056669218B002EBFF670AF0023B7
:105850002768C4E9003321F0070141F001012183E9
:10586000218B01F0070AAA454FF000097FF440AFF1
:10587000002F9CD041F00801218388F31188BFF3E9
:105880006F8F002FC8D03D683946334652462046B8
:1058900019F02FFE2F46F4E7AB067FF51BAF25F07E
:1058A0002003238305F0070500E700BF1FF5010073
:1058B000014B036000207047D809020008B5034877
:1058C000034A0021121A19F00EFF08BDC803002078
:1058D000788000200748084A084908B5121A19F0CC
:1058E00004FF0748074A0849BDE80840121A19F0A2
:1058F000FCBE00BF00000020C403002048170200C7
:1059000000000020000000204817020038B50546BE
:105910000C4699B1D1E901230F48096819F088FDB7
:10592000D4E90423E1680D4819F082FDE1690C48CF
:1059300019F07EFDA1690B4819F07AFD012D05D102
:10594000EFF305810848103919F072FD2146284609
:10595000BDE8384018F00CB8F4110200241202001F
:1059600054120200641202009312020030BFFFF7CB
:10597000FDBF00BF2DE9F0410B4EDFF8308006EB94
:105980000807CC1B05463246094920461AF0C1FDDE
:10599000A01942460021083C1AF0E3FD6C6707F1AC
:1059A0000800BDE8F08100BF000000000400000016
:1059B000A4090200054B5A699B689A421FBF044A1A
:1059C000536843F080535360704700BF108000203D
:1059D00000ED00E02DE9F843324D8046324889461B
:1059E000174619F025FDAB6ADE0622D52F4819F0BF
:1059F0001FFD1124AB6A1D0703D52D4819F018FDB2
:105A00001224284DAB6A980715D52A4819F010FDC5
:105A10006E6BAB6A190642D52748314619F008FD6E
:105A2000B9F1000F03D0AB6A23F08003AB621324FB
:105A300003E01024DEE76FF015061A4DAB6ADA07B3
:105A400003D51E4819F0F4FC1424AB6A9B0603D559
:105A50001B4819F0EDFC1524124B9A6AD50602D4A6
:105A60009A6A90070AD55B68190507D54146304602
:105A700000F0B8FA10B180F309880224094B9A6A41
:105A8000920642BF5A6A22F400525A629A6A42F05F
:105A9000FF029A6200233B702046BDE8F8836FF056
:105AA0001506C4E700ED00E0A7120200BE120200D6
:105AB000F2120200061302001F1302003613020046
:105AC0005613020010B51D4C1D4819F0B1FCA36A15
:105AD000990130D51B4819F0ABFC1E20A36ADA01EE
:105AE00003D5194819F0A4FC1F20144CA36A1B030A
:105AF00003D5164819F09CFC2120A36A590303D54D
:105B0000134819F095FC22200C4CA36A9A0303D584
:105B1000104819F08DFC2320A36ADB0303D50E483F
:105B200019F086FC2420054A936A6FEA03436FEA62
:105B30001343936210BD1D20D0E700BF00ED00E0CD
:105B4000861302009F130200B3130200CE1302005B
:105B5000ED130200131402002E14020070B5244C41
:105B6000064624480D4619F063FCA36AD90435D5CE
:105B7000214819F05DFC1720A36A1A0503D51F48B8
:105B800019F056FC18201A4CA36A9B050FD51C4827
:105B900019F04EFCA16BA36A180407D5194819F037
:105BA00047FC1EB1A36A23F40043A3621920104CE2
:105BB000A36A590503D5144819F03AFC1A20A36AC0
:105BC000DA050DD5114819F033FC1B20084A936AF9
:105BD00043F47F43936200232B7070BD1620CBE704
:105BE000A36A9B04F2D50A4819F022FC1C20EDE7B9
:105BF00000ED00E05A14020071140200F2120200DB
:105C0000831402009D140200B3140200CF1402009A
:105C1000561302002DE9F0415B4B5F688AB00446E1
:105C2000C7F30806002585F31188BFF36F8F02F0D4
:105C30007F43B3F17F4F06D102F00C03082B13D141
:105C4000524819F0F5FB00252C464FF00008F31ED2
:105C50008DF80780092B00F28680DFE803F00A7ACE
:105C60007E7684848484848210074CBF0C46012590
:105C7000EBE74748444E19F0DBFB8DF80780F36AE9
:105C80009A0704D5434819F0D3FB002330E0F36AA8
:105C9000002B01DA4048F6E7F36A5B00F5D53F4890
:105CA00019F0C6FB7369A26943F480737361BFF393
:105CB0004F8FBFF36F8F736932F8022C23F4807318
:105CC0007361BFF34F8FBFF36F8F4DF602739A422C
:105CD00009D0B36ADBB253B30DF1070201212046AC
:105CE000FFF778FE33E021682D4819F0A1FB236807
:105CF0009DF80720C2B902AE04F120072068616850
:105D0000324603C20834BC421646F7D1099AB5B3ED
:105D1000C2F3080121B96FEA52226FEA42220992C6
:105D200002A91846FFF7F2FD0AB0BDE8F081B36A98
:105D300013F47F4F05D00DF107010120FFF70EFF8F
:105D400005E0B36AB3F5803F9FD3FFF7BBFE034680
:105D5000CEE70DF107020021C1E70DF10701002098
:105D6000ECE710488FE7104B1049114817F4F87F03
:105D7000A6F1100218BF194619F05AFB85E722F464
:105D8000FF7222F00102CAE700ED00E016150200E2
:105D9000421502005A1502007C1502008B15020004
:105DA000AB150200C8150200FD140200E814020041
:105DB000ED150200044B5A6942F010025A615A690B
:105DC00022F008025A61704700ED00E0EFF308800E
:105DD000EFF3098101B57246FFF71CFF01BD00BF5B
:105DE0000B4880F3088816F0AFFF202080F311885D
:105DF00008484FF40461401880F30988EFF31480D9
:105E00000221084380F31488BFF36F8F00F0B2F8CB
:105E10004096002080880020084B9B6883420BD16D
:105E2000EFF3058343B1064B5A6842F080525A6043
:105E30005A6A22F400425A6218F0BEBB1080002059
:105E400000ED00E014498A684FF030001044EFF391
:105E5000098C80E8F01F202080F31288BFF36F8F39
:105E60000E4F4FF000664A698A603E60506F0C4CDE
:105E70002060906F0023936780F3118804B510466B
:105E800000F014F9BDE8044002F1300090E8F01F82
:105E90008CF30988704700001080002004ED00E0BA
:105EA0007C2000201EF0040F0CBFEFF30880EFF3FE
:105EB0000980816911F8021C0229FFD001B57246E0
:105EC00019F015FC01BD00BF40B2002807DB044AF1
:105ED0004109012300F01F00834042F82130704740
:105EE00000E100E040B200280CDB4309064900F065
:105EF0001F0020330122824041F82320BFF34F8F3F
:105F0000BFF36F8F704700BF00E100E0054B42090F
:105F100000F01F0053F82220012303FA00F0104084
:105F2000704700BF00E100E040B20028A8BF00F1C8
:105F3000604001F10101B8BF064B4FEA4111ACBF0F
:105F400000F5614000F00F00C9B2B4BF195480F8E9
:105F50000013704714ED00E0044B054A23F07F0363
:105F60009360BFF34F8FBFF36F8F70470000000047
:105F700000ED00E008B5FFF7EFFF0B4AD2F88830DC
:105F800023F47003C2F88830EFF3148323F0040382
:105F900083F31488BFF36F8FFFF790FCFFF79AFC31
:105FA00000F05AF817F0ACFD00ED00E042F8203C9C
:105FB000009B42F81C3C0A49019B42F8183C029B9A
:105FC00042F8143C21F001014FF0807342F8043C88
:105FD00042F8081C0023203A02658367704700BF1F
:105FE00061560000094A0346906870B113F1160F1C
:105FF000406E05D0A0F140029A4205D8834203D2F8
:10600000814228BF00207047002070471080002088
:1060100008B515460B4A0C4B9060426F1A600E464D
:1060200000F044F82C4686F309880020034B98477B
:106030002046002100220023014C204713F70100D5
:1060400061560000108000207C200020014B1022AF
:106050001A61704700ED00E0044800232021C218B7
:106060000133302B82F80013F9D1704700E100E0D2
:1060700008B5EFF30583064A103B02EBC30152F863
:10608000330049688847BDE80840FFF793BC00BF6C
:106090008C070200024B034A0348012100F076B846
:1060A0000000042000000020D8090200426E054BC9
:1060B000403A1A60044A4021C3E9011218460121FE
:1060C00000F06EB88020002000000B15084AC2F8CE
:1060D00098000B6823F01F03034343F01003C2F83A
:1060E0009C308B6843F00103C2F8A030704700BFBA
:1060F00000ED00E02DE9F043DFF8608085B00E464A
:106100001F4604464FF00009B14523DA6068D8B154
:106110003FB1411E08421BD11F2819D923681942DB
:1061200016D12368019319F017FBA3680343039367
:10613000D8F89050C5F30725D0B2013DA84207D842
:1061400001A9FFF7C3FF421C09F101090C34DBE789
:106150006FF01502104605B0BDE8F08300ED00E0D9
:10616000044B0522C3F89420BFF34F8FBFF36F8F0A
:10617000704700BF00ED00E0BFF35F8F024B0022CD
:10618000C3F89420704700BF00ED00E010B5034C49
:1061900001232278FFF7AEFF207010BD548000204D
:1061A00008B50B4A00231278FFF7A4FF10F1160F71
:1061B00007D0084A0021D2F89030C3F30723984251
:1061C00000DB08BDC2F89800C2F8A0100130F2E769
:1061D0005480002000ED00E02DE9F043534B544C77
:1061E000D3F890302568C3F307239D4285B000F2B1
:1061F0009A80FFF7C1FF00200C2685421AD14D4C32
:106200004D4F25706846FFF753FBDFF82081DFF81C
:106210002C9106460025AE4213D123784349002035
:10622000D1F89020C2F30722934276DBFFF798FF64
:10623000002042E0616806FB0011FFF747FF0130D4
:10624000DBE7009800EB05114FEA051CCB683B40EB
:10625000B3F5000F48D00AD8B3F5001F30D0B3F51E
:10626000800F36D0B3F5801F10D00135D3E7B3F1DE
:10627000807F42D0B3F1007FF7D150F80C308868AE
:106280004A6819F069FA40F4802009E050F80C30AF
:1062900088684A6819F060FA40F0885040F430206D
:1062A000CDE901230390D8F890302078C3F3072379
:1062B000013B98422AD96FF0150005B0BDE8F08384
:1062C00050F80C3088684A6819F046FA40EA09002C
:1062D000E6E750F80C3088684A6819F03DFA40F05B
:1062E000C06040F40030DBE750F80C3088684A6842
:1062F00019F032FA40F08270D2E750F80C3088681A
:106300004A6819F029FA40F08870C9E701A9FFF737
:10631000DDFE237801332370A7E7C1F89830C1F878
:10632000A00001337CE74FF0FF30C6E700ED00E04E
:10633000E4090200548000200000F0FF0000081172
:1063400008B50649064821F00701C1F1005202F5DF
:10635000802219F02EF8002008BD00BF07A20020FF
:106360008C20002070B54169867A0B4D044659B1E6
:10637000437ADB0706D42C2303FB06535B6A1B68B6
:106380009B689847002363612C20214606FB005040
:10639000BDE8704019F076BD40030020024B2C226E
:1063A00002FB0030704700BF40030020827A064B9A
:1063B0002C2101FB02339A6A1B7F1B33801A23F0C6
:1063C0000303B0FBF3F070474003002038B5074BE0
:1063D000827A2C2404FB02335B6AD3E901240C602B
:1063E0001568FFF7E3FF04FB005038BD40030020B1
:1063F0002DE9F04385B005466846039190461C465A
:1064000019F026FFDDE90067EFF31189202383F3FC
:106410001288BFF36F8F6B8B002B41D02A8B9A426F
:1064200025D900220023284617F0E2FB0446F0B1EC
:1064300089F31188BFF36F8F039B002B41D0324645
:106440003B46684619F029FFA27A264B2C2101FB16
:10645000023320465B6A1B6803A91D68DDE900233F
:10646000A847606170BB2046FFF77CFF24E0698B82
:106470004B1E6B8389F31188BFF36F8F2B7F2A8BA1
:10648000AC6A1B3323F00303521A02FB0344154B7F
:10649000154AEB1A9B105343A3722B7FE372CBE791
:1064A00089F31188BFF36F8F23464246284617F0C1
:1064B0009FFB04460028BFD10024204605B0BDE85C
:1064C000F0836361012300252381039B6382E27AC9
:1064D0006560294604F118001AF043F863692582C3
:1064E000E360EAE740030020A38B2EBA70B50D4CA1
:1064F0002C2500B970BD037A4668002BFAD0013B09
:10650000DBB20372002BF5D1C3604360837A05FBD5
:1065100003431B6A13B198473046EAE7FFF722FFAF
:10652000FAE700BF400300200E4A0123C2F84035BD
:106530004FF080424FF08051C2F87835D1F83001E9
:10654000082808D1D1F83411052904D80648415C3F
:1065500009B1C2F838364FF080430122C3F88025D4
:106560000020704700E001401016020020B1034BEC
:10657000800143F001031847704700BFD0090200B3
:1065800070B50446807AFFF709FF6169054649B195
:10659000637ADB0704D4436A1B6820469B689847EC
:1065A000002363612146284619F06CFC034B1B68ED
:1065B0001BB1BDE870402A20184770BD982000200C
:1065C00008B5034B186819F052FC002008BD00BF45
:1065D0009C200020811EC9B21E2938B5044609D866
:1065E0000A4820FA01F1C90704D5094819F0C5F88D
:1065F000054610B90025284638BD013C054BE4B2DC
:106600000C30195D19F0F8F8F5E700BF41000040C3
:10661000980300201D160200F8B50128DDE9067672
:10662000044609D0042804D1144819F0A6F80546F8
:1066300020B900252846F8BD1148F6E7013CE4B230
:106640001F2C9CBF0F4B195D00F10C0488BF00216B
:10665000204619F0D1F8002FECD0002EEAD02046C9
:1066600019F0EAF8864203D92846FFF73FFFE0E732
:1066700032463946204619F0B6F8DBE740030020E1
:106680006C0300201D160200038A014623B1034B50
:10669000186883689B681847122070471400002010
:1066A00010B5084B084C1860206819F0D3FA30B1C7
:1066B000206806498368BDE810401B6818476FF0E2
:1066C000120010BD9C20002014000020C1650000B5
:1066D00070B54FF0FF320D464FF0FF3300210646F4
:1066E00019F0FAF8044660B90A4A0B490B481A2314
:1066F00018F0ABFE84F31188BFF36F8F03231846A5
:1067000002DF022104F10C0019F067F806704570F1
:10671000204670BD3D160200731602007716020077
:1067200000F1070C2CF0030C10B4541E1860A4B236
:10673000ACF80020023A93B201FB04F24FF0000CD7
:1067400040F802C074B103FB011403FB01F22044C2
:10675000121B4FF6FF7C013B9BB263458050A0EBC0
:106760000100F8D110BC70470346006810B1026800
:106770000AB91A60704700F1070C2CF0030CD11D08
:10678000BCF800C021F003010CF1FF3CA1F800C0EF
:10679000EFE700BF0B687BB1073323F003031A88D0
:1067A000013292B20346D1F800C043F807CB23F080
:1067B00003031A80086070470122F3E702FB01001F
:1067C000704700BF401A90FBF2F080B2704700BFE4
:1067D000531E11449BB242B1DB430138CA1811F871
:1067E000013D00F8013F9142F9D17047014402E0B8
:1067F00010F8013B1BB98842FAD1002070470120F4
:10680000704700BF10600860704700BF0A68034609
:106810000068904205BF00220A6000201A6070479D
:10682000D2F800C0CCF80000D2F800C0CCF80410B8
:1068300010607047884203D01AB1436813607047F4
:10684000002070470B68834209D02AB15868106055
:106850001A680A6018467047002BF9D1FAE700233E
:10686000F8E700BF2DE9F041DFF830800C4E0C272F
:1068700006F130044546221D214628460C3CFFF710
:10688000C1FFA642A5F10805F5D1043F3B1DA8F1C3
:106890002008A6F13006EBD1BDE8F0811C210020D4
:1068A000A821002010B403468C469AB101EB4101A7
:1068B000144803EB4304090101EB84010144487AC5
:1068C0000C7AA04204BF0130087210BC6146184621
:1068D00014F008BF01EB41020A4C120100EB400327
:1068E00002EB830323449C7ADA7AA24201D010BCE3
:1068F000704701329A72044B01225A5410BC14F0B2
:1069000021BF00BF24210020A0200020F8B50646AA
:106910001C460D4602B322786378D21A12F00302A5
:106920003AD1274F71004FEA450C3144AC448900FD
:1069300001EB0C1101330431DBB27A18606823706B
:106940002146FFF76DFF1F4B0122294630465A555D
:1069500014F0F8FE0020F8BD14F0DEFE0028DAD0B6
:106960002946304614F0CAFE0028D4D005EB450273
:1069700006EB4601124F6378120102EB81023A44A2
:106980007100907AD27A90424FEA450C0CD0207870
:10699000C01A10F00302C8D0012A03D00133DBB2C1
:1069A0002370D0E71046F8BD2278D21A920702D0A1
:1069B0000233DBB22370D4E902039847CAE700BF71
:1069C00024210020A02000202DE9F04FDFF8649161
:1069D00019F8003089B0002B5AD0DFF85CA13C22B6
:1069E00004234FF0000B00EB400712FB003303249D
:1069F000CDE904BB09F800B00AEB07170393029432
:106A00008346B8460023B96A58F8240F079307AAAB
:106A1000FFF710FF044607AAB4B1079D2E786978E6
:106A2000761A06F00306012E35D02B78591A01F09C
:106A300003010129DBB23DD1D7E90901FFF7FAFED5
:106A4000044607AA002CE8D197F82E3097F82F209B
:106A50009A4203D087F82F300123049397F82C3003
:106A600097F82D209A4203D087F82D300123059303
:106A7000029B5D1EEBB2FF2B0293A7F10C07C0D166
:106A8000049AD846DDF814B012B1BBF1000F45D01E
:106A900009B0BDE8F08F01396970079BD3E90203A3
:106AA0009847079D2A786978D3B2521A02F00302F8
:106AB000012A21D0B86A019300224146FFF7C2FEA5
:106AC0006C60019B6A786B702B789B1A03F0030350
:106AD000012B08D0D7E9090107AAFFF7ABFE012E69
:106AE000044698D10EE0039B6A70294620460AEBC3
:106AF0000302FFF795FEEDE7D7E9090107AAFFF7C3
:106B000099FE0446029B8BB101235946584609F869
:106B10000B3014F017FE09B0BDE8F08F5A4641461D
:106B2000404609B0BDE8F04F14F0DCBD002C8BD01E
:106B3000EAE700BFA0200020242100204B1EDBB28A
:106B400071B1411E00EB030C002011F8013F23B18D
:106B50005A1E01301340C0B2FAD16145F5D17047D9
:106B6000084670472DE9F04F074683B003260125FC
:106B70000421384610F096FBD7F800C000204FEAF9
:106B8000DC741F234FF0010E8346824608E01C2B65
:106B900040F2808119294BD04FF0010E084614466F
:106BA000013BDBB2FF2B4AD02CFA03F202F00102C8
:106BB00094420CD0411C0E2BC9B271D9002AE6D0E8
:106BC0001C2B40F26481192932D09646E6E70EF17B
:106BD0000108072B5FFA88F810D9B8F1060F00F208
:106BE0004B81002A40F03981B8F1060F00F0068190
:106BF0001C2B40F2FB800146C646CFE7002A40F03E
:106C00000281B8F1060F40F2EC804FF0010E0EFA4F
:106C100003F20BF1010B01304CEA020C5FFA8BFB23
:106C2000C1B2D1467246CA4500F091801929B5D14A
:106C3000013305FA03F34AB35B420CEA030CA14BA0
:106C40008CEA0303019301A802AC002210F8013B77
:106C500023B1591E01320B40D2B2FAD1A042F5D174
:106C6000012A09D91FFA8CF3B3EB1C4F12D15FFA3A
:106C70008CF3B3EB1C6F0DD1013E16F0FF067FF4D1
:106C800077AF6FF00D0003B0BDE8F08F013B4CEA29
:106C9000030CD4E70020C7F800C003B0BDE8F08FB4
:106CA0000AF10109072B5FFA89F900F29180002AA5
:106CB00073D1052B5FD914464FF00108012902D08A
:106CC0002246C6460DE0CCB105FA03F2072B2CEAAA
:106CD000020C88BF002221D9A0421AD001460E2BF7
:106CE000A1D91929A4D0B9F10C0FA1D0CA4655E7F2
:106CF000B8F1060F4ED009B101294BD105FA03F2C4
:106D0000072B4CEA020C1AD90C46A0424FF00102A4
:106D1000E4D1611CC9B24FF0010EE0E70BF1FF3B7B
:106D2000A0425FFA8BFB20D00022CA4517D0014653
:106D300034E74FF0010801292CD14CF0200C0BF165
:106D4000010B88425FFA8BFB06D00122EDE709F1C7
:106D500001095FFA89F9C4E704460122D9E709F17C
:106D600001095FFA89F90146BDE70130C1B200228D
:106D70004FF0010E57E7BBF1000F19D0052BD8D00B
:106D8000BBF1010F1AD0042B4FF001080DD1E1B176
:106D900001291AD0C6460022A3E70BF1010B5FFAC6
:106DA0008BFB0124A04689E7D146BBF1020F9FD19E
:106DB00001229A404CEA020CC1E7D1464FF0010B88
:106DC0000BFA03F24CEA020CB9E74CF0100CB6E7F0
:106DD000002AE6D14FF001081C2B3FF472AF144695
:106DE0006CE7052B1FD9B8F1060F07D00146D14635
:106DF000002883D00022EFE78B4634D1014622469B
:106E00004FF0060ECAE60BF10101B8F1060FC9B248
:106E1000F2D9964601229A4001302CEA020CC1B206
:106E2000D1460022FFE6BBF1000F09D14FF0010B64
:106E30000BFA03F24CEA020C0446D1465A4668E7C4
:106E4000052B31D0BBF1010F0146B6D0042BABD1DD
:106E5000B8F1060F0CD0D14699E7B8F1060FCDD0A6
:106E60001C2B3FF6C8AE30B30146D1460122B3E732
:106E70002246C646D14634E74FF0010E0EFA03F122
:106E800062B94CEA010C04467246D14641E790468D
:106E9000D146A1E7D1464FF001089DE72CEA010C4D
:106EA0000446D146002234E7B8F1060FA6D028B137
:106EB0000146D1463FE70446D14605E7D1460021C9
:106EC0003BE700BFD6BE898E30B5037E0568FF2B39
:106ED00014D003EB43028B4205EB021227D04FF094
:106EE000000C01E099420BD09E4613789468FF2B6A
:106EF00003EB4302A44405EB0212F3D1002030BDA2
:106F0000714517D00FFA8EFE137890680EEB4E0E77
:106F10004FEA0E1EFF2B05F80E3006D003EB43039D
:106F200005EB03139A6802449A60604430BD9E46A4
:106F30004FF0000C13780376E4E700BFA2EB010CDE
:106F40001CF4000F10B4836844690AD12CF07F4C04
:106F50006344A3420DD8E41A00234461836010BC4B
:106F60007047891A21F07F418B4208D95B1AA342EE
:106F7000F1D91B1B00244461836010BC70470C4492
:106F8000E41AE9E72DE9F843284DBDF82C700446D2
:106F90004FF02C0E0EFB045E084604EB840104EB5C
:106FA0004104DEF8041001EBC00605EB8405F4781B
:106FB00011F83080717804F1010C5FFA8CFCE04527
:106FC00098BF4FF0000C61452DD0716804EB44046C
:106FD0004FEA041901EB04144FF0040801F809808A
:106FE0006360089BA360099BE3600A9B23610C9B81
:106FF000A361119B63620D9BE3610E9B23620F9B58
:10700000A362109BE36202236270A782A37086F8DA
:1070100003C0DEE9083698472B4641460022B047B8
:10702000A078BDE8F8830120BDE8F883E4210020C2
:107030002DE9F04F0346407AD3E9004587B0002898
:1070400000F0FD80421ED2B205EBC2029A468B468A
:10705000039205952346039A516856780491BBF133
:10706000FF0F66D00BEB4B044FEA0418CDF804B0C9
:1070700013F808B003EB041400254FF0FF0C84F85C
:1070800000C0DAF800709AF8182007EB080962458A
:10709000D9F8081018BF02960ED1CAE0091A06D115
:1070A000B9F81E80BEF81EE0F04500F2B680B85D6B
:1070B000FF2894466DD0024602EB420607EB061EFF
:1070C0003601DEF808008842E8D9029EC9F80810A7
:1070D000BCF1FF0F89F8002064D00FFA8CFC0CEB98
:1070E0004C0C4FEA0C1C019807F80C00FF2A06D044
:1070F00002EB420207EB0217BA68521ABA60A27892
:1071000001326270002DAAD0AA6A4FF000012970E6
:10711000A97022B1E96A019300209047019B62683F
:10712000002A9CD1AA6A2262EA6A6262BBF1FF0F5E
:1071300098D1039A049F9278994606EB4601701CF9
:10714000B2424FEA011CC6B207EB011568D0039B9F
:1071500017F80C101878B04208BF00260429ECD1AB
:107160006A7802EB420809EB0814012094F801E068
:10717000A1788E454FEA081818D04FF0000307F8A1
:107180000C30AA6AA8700AB1E96A9047039B9A7802
:10719000D3E70246BCF1FF0F029EC9F8081089F838
:1071A00000209AD101988AF818009FE70192AA8AD4
:1071B000DAF814104FF6FE7082424B4607D04FF6B5
:1071C000FF70121AB2FA82F2520984F82C206A6A0D
:1071D000A262EA6862602A69029300236362226203
:1071E000AA8A4FF6FD70824288BF1A46A283AA6916
:1071F000A261EA69E2602A6A2261AA68A260636108
:107200006A682046FFF79AFEE2784FF0000342F0EA
:107210000102E383E270029B2FE7029E014655E7DD
:107220000399059881424B46A1F1080207D00392C9
:1072300011E707F80820019A8AF818205FE707B0DD
:10724000BDE8F08F2DE9F04F447E01238FB08376A7
:10725000002C40F0B880037EFF2B814600F0B28006
:1072600013F086FAD9F81420D9F81C3099F8188050
:10727000D9F800A0801A20F07F45AB4294BF0023CC
:107280000123B8F1FF0F0493A3467AD0059408EBCD
:1072900048080AEB08144FEA0818A368AB426FD8F5
:1072A000A0781AF80880ED1A9B4463781B1ADBB2A9
:1072B000012B62D1A26AA3690393002A00F0F28035
:1072C0001668002E00F08280002B40F09280049B14
:1072D000002B00F00C8104230393137A590700F06C
:1072E000FB80137A6FF302031372E78BE2786FF37C
:1072F00000027B1CE27094F82C209BB2E383002AEE
:1073000073D0A28B9A4270D2A26A002A00F0488100
:10731000137A03F00703012B67D001260020516880
:107320005060A36A1A7A60F302021A72A078E768C2
:107330000138A0700FB36369D9F8142094F803C022
:10734000ABEB0303134423F07F40626A23690CF024
:10735000010C002E40F0B780B4F81EE0CDE900C368
:107360007346B847039BE683002B049B18BF012399
:107370000493E37866F30003E370B8F1FF0F86D15E
:10738000059C99F80B3099F80A209A4208D10132ED
:10739000D2B2022A1ABF14462346002389F80B40B2
:1073A00009EB83030022C3F80CB0D9F8244089F814
:1073B0001A204B46012204210320A4460FB0BDE849
:1073C000F04F604784760FB0BDE8F08F039B002B31
:1073D00066D0049B002B84D1D9F81C305B4580D843
:1073E000B8F1FF0F11D1049E98E7A378013BA37079
:1073F000C3E7049B002B7FF470AFD9F81C309B458A
:10740000FFF46BAFB8F1FF0F47D0039BE78B0793F7
:107410009C46A38B6668DDF81CE0BB429CBFFB1A50
:1074200099B208EB480388BF39460AEB031301FB06
:107430000661069199688E452DD3CDE90C70CDF883
:107440002CC0DDF81CC0CDF81C90DDF80C90CDF8F8
:107450002880CDE9085B8E46A346B0461446986A5C
:107460009A6910B1006800284FD1002A4DD11B78CD
:10747000FF2B07D003EB43030AEB031399688E44F9
:10748000E645ECD92246DDE90A8C5C46DDE9085B7D
:107490000D98DDF81C90CDF80CC0002A00F0978004
:1074A00000263BE7039BA3B1049B002B7FF41DAF99
:1074B000D9F81C309B45FFF418AFB8F1FF0FA4D1E9
:1074C00004990E4633E7CDE900C34FF6FF73B84782
:1074D00053E7039E00212AE7A08BE18B88423FF609
:1074E00000AF012161F302031372E78BFEE6D9F8C6
:1074F0001C305B453FF6EFAEB8F1FF0F53D04FF0B5
:10750000040CE78BCDF81CC083E7DD8B9F8B5E6896
:10751000BD422AD2002E41D1002CA8D03046266888
:107520002EB1B9F1000F02D1724496423FD2BD4252
:107530009DD3DA789BF8031002F0010601F00105F3
:10754000AE4204D84A40D50791D400288FD02246B5
:10755000DDE90A8C5C460C9FDDF81C90DDE9085BD8
:10756000002A32D1CDF80CC0C0E69EB1E81B80B233
:10757000B8F1000F0AD000FB0660401A069981425C
:107580002CBF00200120002CC9D1D0E74046002CA0
:10759000C5D1CCE7002CC1D12046CAE72846E7E791
:1075A000A078012696E70423049E0393B6E62246BC
:1075B000DDE90A8C5C46DDE9085BDDF81C90CDF85E
:1075C0000CC0002E3FF48DAE87E61668F7E716462E
:1075D0001146ACE62DE9F04F8FB0837E0090002B72
:1075E00040F0A282437E0C93002B7AD10098837ADC
:1075F000C27A012141769A424169079100F0F383F2
:107600000133DBB2022B00990ABF0C9A1A461346CB
:1076100001EB82028B72D268079B0592134423F020
:107620007F434B610126009C237E089313F0A0F852
:10763000677A236801937B1E65680490DBB2002F94
:1076400000F0E78405EBC30A0027FF2303930D96A0
:107650000997DAF804B04FF000092F469AF80300B2
:107660009AF802800FFA88F404EB440408F101034D
:1076700040454FEA0416DBB20BEB041400F0108116
:107680009AF800209A4208BF00238AF802301BF8BB
:1076900006206178042A3AD9019801EB410300EBF6
:1076A0000315082A4FEA03130293A8786B7822D8AF
:1076B0001B1A13F0FF032CD1062A1CD1009BDB7E82
:1076C0008B4251D00BF80690A36A84F80290002BED
:1076D000C4D00020E16A98479AF803009AF8028023
:1076E000C0E7446A0421034601220420A4460FB0E7
:1076F000BDE8F04F60470BF806904FF00103A37010
:10770000A36A002BAAD0E16A01209847A6E7984611
:10771000A8E7052A1FD162684AB9A2683AB9E268A7
:107720002AB922691AB9626932F07F42E3D0012B8B
:107730001CD0009B04215C6A3D4601220846A047FC
:107740000123AA4509938AF80280AAF1080300F0F0
:10775000AD809A467DE7012B00F09C81062AE8D196
:10776000009BDB7E8B42ADD16168B5E1DDF8008026
:107770004046FFF7A9FBA860D8F81410049B059AAF
:107780005B1A23F07F431344984240F2BD81C01A34
:107790006B68002B52D0A38A002B4FD0013B9AB2CA
:1077A000A282D5F804C0EB8B604523D90CF1010807
:1077B00006970A911AE06A6ADFF80CE28349964458
:1077C0008E4584BF02F1E87202F5D4324746296A39
:1077D00094BF674602F5A572013BC01B521A9BB2CB
:1077E00060456A62EB8340F21582A28A9342E2D836
:1077F000069F0A99934220D2CDE90A710CF1010249
:10780000D5F820E006926A6ADFF8BC816F497244BD
:1078100090448845674606D8A2F1E872A2F5D432B2
:10782000069FA2F5A57201339BB26A62EB83A28A1E
:107830009A423844E7D8DDE90A71AA8363680344B1
:10784000AB60A2686B69A86A13446B6128B10368D6
:107850001BB1D4E901329B1A4360049A2846FFF712
:107860006DFBE268AB691344AB61226993428CBF44
:107870009B1A0023AB61A37D1BB1EA7863F300027E
:10788000EA70E37D13B1013B85F82C30DDE901217D
:10789000039B53546B786278039201336B7011E74A
:1078A0003D46AA45AAF108037FF453AF0D9E099FF8
:1078B0000099089B91F818B0BBEB030518BF012590
:1078C000002E00F0B081049B079AD1F800809B1A2B
:1078D000BBF1FF0F23F07F495DD04FF0000A0996FE
:1078E000CDF804A00695C2460E46C846DDF81490B1
:1078F00005970BEB4B050AEB05142D01A3684B45CF
:1079000000F25F83019AA178E08B1A4401926278B9
:10791000521AF1698B4234BFC91A0021A9EB03093D
:10792000A8EB030824BF4FF0FF33F376F161A16A9F
:10793000D2B2002900F064810B68A769002B00F027
:107940004C81002F40F04C81022A00F03583002347
:10795000A3601AF8053033766168A36A002940F005
:1079600003812BB11B7A03F00703012B00F0DF80AA
:107970003AB1012A00D020B1236A13B1616A012013
:107980009847A378637096F818B0BBF1FF0FB0D199
:10799000069D099E059F009C089B039920465B4518
:1079A00018BF3546FFF744FBD4F800B001954FF0FF
:1079B000000C3846009B1A7EFF2A164600F04483CE
:1079C00015464FF0FF0804E05A2B17FF592B177F7D
:1079D0001D462BB203EB43030BEB03171B01BC6AE1
:1079E00021463CB194F808E00EF0070EBEF1010FFD
:1079F00000F0FD811BF80330FF2BA846E8D10746B5
:107A0000019D1046BCF1000F00F01381089B9342CA
:107A100000F0EF82002F00F021810646FF2E00F0DB
:107A20002083089BFF2B00F00383DDF80080D8F84B
:107A3000003006EB460603EB06139F68002F00F0AC
:107A4000D58212F095FE0A260446D8F81430E21AC0
:107A500022F07F42974206F1FF3602F1030259D924
:107A6000BA422CBF9B18DB1923F07F452846D8F873
:107A70002830984712F07CFE021B2B1B22F07F421D
:107A8000033223F07F439A4246D9002E00F07281E0
:107A90000446DAE7062A3FF411AEDDF800804046DE
:107AA000FFF712FAAB78A8606B7098F81B20637828
:107AB0009A427FF407AE1BF80630062B3FF454AE13
:107AC000009AFF23D3761BF80630062B3FF44CAE0A
:107AD000082B3FF449AE0499009B5A698B1A1D028A
:107AE00009D4059A23F07F4313440099CA699A4246
:107AF00088BFCB61E6E5059B521A22F07F42934294
:107B00008CBF9B1A0023F0E76A6913441B1A6B6150
:107B100000203DE601230C93009A00235376937EC8
:107B20000C9A1A4340F095800FB0BDE8F08FA3780F
:107B3000C4F808906370079B019A71699A1822F043
:107B40007F422046FFF7FAF9039B0AF80530637875
:107B5000CDF80CB00133DBB2637096F818B0BBF10E
:107B6000FF0F7FF4C6AE13E723B11B7A03F00703C0
:107B7000012BDCD0B4F81EC0BCF1000F4ED1B4F81C
:107B80001CC0E646481C0290D4E908730022049405
:107B9000704604E001388E46441C724412D0DFF86F
:107BA000B4E2AD4C3B449E44A645F3D8DDF808E072
:107BB000A3F1E8730138A3F5D433441CA3F5A573EE
:107BC0007244ECD1049C94F82C006362002800F00D
:107BD000E080A260A4F81EC0ADE7002F3FF4B7AE6E
:107BE000022A7FF4B4AE00287FF4B1AE0B7A03F022
:107BF0000703012B3FF4ABAEF76186F81BB0A6E696
:107C0000A769002F3FF4A3AE022A7FF4A0AE00289C
:107C1000F2D09CE6069F0A99A28AEBE5A3786370EE
:107C20004FF0000EAEE7009C03992046FFF700FAE4
:107C3000207E089B98427FF4EDAE002F00F0EC818F
:107C4000009B002D40F042825D769B7E002B3FF42E
:107C50006BAF009B01225C6A032146E5009B5A7AC8
:107C60005C68531EDBB20125002A3FF4D6AECDE995
:107C7000064504EBC3030193019B5E78DA785B68E9
:107C8000B24218BF1D466CD036B206EB4606330131
:107C900005EB0616EB5C012B4ED0022B56D1D6E934
:107CA00001C19CF80040009AF368D6F810E0D2F8C1
:107CB0000090D3F800805069FF2CD6E905AB02D0C4
:107CC0000A6882425FD0009A4FF00008147E086074
:107CD000FF2C2DD0CDE90256CDF810C05646CDF878
:107CE00014E09A4609E0BA684244B04788B919F8E6
:107CF0000540BB68FF2C98443FD004EB440509EBDA
:107D000005172046B9695B462D01002EEBD10029ED
:107D1000EDD0DDF814E0DDF810C0BA68DDE90256F8
:107D20005346BEF1000F02D0796ACEF8001090449D
:107D30008CF80040C3F80080B36A4FF00002B270C4
:107D400013B1F16A00209847019BDA7801994E78C7
:107D50000B780136F6B2B34208BF0026B2424E702D
:107D600092D1019A06998A42A2F1080300F0228179
:107D7000019381E700DE044667E6DDE90256DDF89F
:107D800010C05346D4E704EB4404220119F8024022
:107D90009EE790457FF61DAF8646481C0290029CE8
:107DA0000A95704605E08E4672440130904580B2D7
:107DB00012D9DFF8A0E0284D3B449E44AE45F2D8EE
:107DC000A646A3F1E8737244A3F5D433013090457D
:107DD000A3F5A57380B2ECD8049C0A9D636260444D
:107DE0001FFA80FCF5E60C9B05931E461BE4BA685F
:107DF000002A40F04B81D7F818A0BAF1000F06D145
:107E00000A68002A00F03D810C464FF0040A009AEF
:107E10006168D2690291043205922268914280F031
:107E2000DA80A2EB010E1BF803200792FF2A00F074
:107E3000D280D645C0F0CF800022AEEB0A01CDE95A
:107E40000310D14605989446CDE905851646984617
:107E5000079B3BE05A2B17FF592B177F351F6544B3
:107E6000754528BF75460AEB000296450CD34D4573
:107E70000AD3BA69002A4BD0227A120748D4B5EB4C
:107E80000A0201D082424AD28A6A22B1127A02F0F0
:107E90000702012A32D08A6982B3496871B3043279
:107EA000B44402EB0C00BA69002A00F08180217A08
:107EB0000907AEEB0A0200F1A9801BF80330002687
:107EC000FF2B2CD00AEB0C09CE4528D303EB430340
:107ED0000BEB03111B018D682E44042EBED8BD6927
:107EE00085B1257A15F00805BDD088690399B44499
:107EF00004306044814228BF0246DEE71BF80330AD
:107F00000022DDE78A69B444043262441046D4E7B3
:107F10000028B9D0A5EB0A058542B5D302460299DF
:107F20000498069D4346114461601BF80360DDF828
:107F30001480FF2E00F0B2804FF0FF099C4600E055
:107F40000E4631B201EB41010BEB011E0901DEF8D7
:107F50000830934280F0BC801BF80110FF29B14625
:107F6000A2EB0302ECD16346FF2EBA6015D0B8F144
:107F7000FF0F1BF8031058D00FFA88F202EB4202F1
:107F800012010BF8021036B206EB460632011BF85E
:107F900002100BF803100BF80250FB8B013BFB8324
:107FA000237A022262F3020323724FF0010C01E5EF
:107FB000024682E7079D43E600287FF4C8AC042709
:107FC00014E64A469B1AA360009B069D099E059FE6
:107FD00093F818B0DFE4029A62601BF80330FF2BBD
:107FE00008BF00225AD00023BB60D6E7009B5F7613
:107FF0002FE6002F7FF419AD009B5A7A5C68531E60
:10800000DBB2002A3FF411AD654630E6114600228E
:1080100070E7FF2303934BE4009B5A7A5C68531E7E
:10802000DBB2002A7FF423AE0AE6009A1176AAE7B3
:1080300012F09EFB044612F077FB009B1E7E002888
:108040007FF4F3AC5C61F0E40746019D1046BCF19F
:10805000000F3FF4EEAD089BFF2B21D0002F3FF423
:10806000FDAD12F071FB044628B3009A002353764D
:10807000937E002B7FF4EDAD56E5B96A00297FF4BD
:10808000BFAE00DE4FF0040ABC6AC0E600DED7F8DF
:1080900018A0BAF1000FF0D0BC6AB8E6BA607CE76D
:1080A000002FDED1009B5A7A5C68531EDBB2002A97
:1080B000D7D06546DBE5009DE86112F059FB6C7690
:1080C0006861AB7E002B3FF42FADC2E51E7EA5E4B8
:1080D00061469C460B46ACEB0201CEF808104E46BA
:1080E00042E700BFF8B5069E9DF81C50089CB8B941
:1080F000144F3A605A1E39727B727E60D2B273B1ED
:1081000006EBC2025460114612F808398E4203EBA6
:108110004300A5EB030304EB0014DDB2F2D10DB173
:108120000120F8BD099B3B620A9B7B62FF240B9BED
:10813000BB623C7612F01CFB7D817861FC76FD61B0
:108140002846F8BDE421002040B9064B1A7EFF2ADC
:1081500001D1187270476FF00F0070476FF0150073
:10816000704700BFE421002010B40A4B2C2202FB10
:108170000032546A5CB100EB800200EB420003EB7A
:108180008003A446012210BC03210220604710BCDA
:10819000704700BFE421002010B58AB00C9C009409
:1081A0000D9C01940E9C0294BDF83C400394109CDD
:1081B0000494119C0594129C0694139C0794149C9F
:1081C000089400240994FEF7DDFE0AB010BD00BF3C
:1081D00010B4039C0294049C0394BDF814400494CE
:1081E000069C0594079C0694089C0794099C089497
:1081F0000A9C099400240A9410BCFEF7C3BE00BF79
:1082000010B4BDF81040049410BCFEF7BBBE00BF14
:108210002DE9F84F294DBDF834609DF838800446AB
:1082200008462C2101FB045104EB840704EB4704AE
:1082300005EB84054C6804EBC00E14F830909EF8F2
:1082400003409EF8017004F1010C5FFA8CFCE145DB
:1082500098BF4FF0000C67459DF844902AD0DEF897
:10826000047004EB44044FEA041A07EB04144FF0C3
:10827000050B07F80AB063600A9BA3600B9BE360E1
:108280000C9B23610F9BA362109BE362022362702D
:10829000A68284F8168084F81790A3708EF803C025
:1082A000D1E9083698472B4600220421B047A07830
:1082B000BDE8F88F0120BDE8F88F00BFE421002061
:1082C00010B588B00A9C00940B9C01940C9C0294FD
:1082D000BDF8344003949DF8384004940F9C0594F5
:1082E000109C069400240794FFF792FF08B010BD7D
:1082F0002DE9F0411F4D064608462C2101FB065E84
:1083000006EB860406EB4404DEF8046005EB840704
:1083100006EBC00516F83060EC78697804F1010CC2
:108320005FFA8CFC664598BF4FF0000C61451DD08C
:10833000696804EB4404260101EB04144FF00608BD
:1083400001F806806360069BA362079BE362022339
:108350006270A37085F803C0DEE9083598473B4694
:1083600000220421A847A078BDE8F0810120BDE8E3
:10837000F08100BFE42100202DE9F0411E4D0646AA
:1083800008462C2101FB065E06EB860406EB44043E
:10839000DEF8046005EB840706EBC00516F83060D4
:1083A000EC78697804F1010C5FFA8CFC664598BFA3
:1083B0004FF0000C61451BD0696804EB44042601B2
:1083C00001EB04144FF0070801F80680A362069B36
:1083D000E36202236270A37085F803C0DEE908350A
:1083E00098473B4600220421A847A078BDE8F081C9
:1083F0000120BDE8F08100BFE42100202DE9F0411B
:108400001F4D064608462C2101FB065E06EB86043E
:1084100006EB4404DEF8046005EB840706EBC005B8
:1084200016F83060EC78697804F1010C5FFA8CFC86
:10843000664598BF4FF0000C61451DD0696804EB9C
:108440004404260101EB04144FF0080801F80680EB
:108450006360069BA362079BE36202236270A370C2
:1084600085F803C0DEE9083598473B460022042121
:10847000A847A078BDE8F0810120BDE8F08100BFE9
:10848000E42100202DE9F041234D064608462C2129
:1084900001FB065E06EB860406EB4404DEF804608E
:1084A00005EB840706EBC00516F83060EC786978B8
:1084B00004F1010C5FFA8CFC664598BF4FF0000C8C
:1084C000614525D0696804EB440426014FF6027823
:1084D00001EB041421F80680C4E90123069BE36044
:1084E000079B2361099B63610A9BA3610B9BA362AA
:1084F0000C9BE3620223A37085F803C0DEE9083514
:1085000098473B4600220421A847A078BDE8F081A7
:108510000120BDE8F08100BFE421002070B50A4DC4
:108520002C2202FB0052D2E908360446084698473E
:1085300004EB840304EB430305EB8303B4460022FE
:10854000BDE8704004216047E421002012F010B91A
:10855000401A20F07F40704701480021704700BF5B
:10856000DF590100012868B51E4604D0022812D048
:1085700050B1012068BD002007F0CCFCB8B190F9E3
:1085800054003070002068BDC8B205F023FC70B103
:1085900090F93C00F5E70846154608F001F830B1BF
:1085A00015B990F9B700ECE70EF094FFE9E7022067
:1085B00068BD00BF70B5054692F900007F2804BF72
:1085C0000820107014460E460EF086FF012D207014
:1085D00004D0022D15D05DB1012070BD002007F040
:1085E00099FCB8B194F9003080F85430002070BD87
:1085F000F0B205F0EFFB68B194F9003080F83C3040
:10860000F4E7304607F0CCFF20B194F9003080F851
:10861000B730EBE7022070BD38B50C4605460EF0CA
:1086200057FF28700EF056FF207038BD38B505464C
:1086300000200C4605F000FC10B105F071F8A0B167
:10864000002007F0D9FC10F0060F0ED13DB9084B01
:1086500044B120681860A2889A80002038BD054B7C
:10866000002CF6D11C609C80F7E70C2038BD00BFC1
:1086700018220020102200200128034605D8044AB1
:108680000448002B08BF104670470020704700BF09
:10869000182200201022002001280AD8064A074B81
:1086A000002818BF1346186808609A888A80184600
:1086B000704700231846704710220020182200201F
:1086C00010B504460EF026FE68B90FF0E1F978B94E
:1086D00010F000FB88B911F02BF998B92046BDE8DD
:1086E000104015F0B7BA00DE0FF0D2F90028EFD035
:1086F00000DE10F0EFFA0028EDD000DE11F018F9DE
:108700000028EBD000DE2046BDE8104015F0A2BAEC
:108710000860014815F09EBA144B002015F09ABA73
:108720002DE9F84F89462A4D99F8003095F8401206
:10873000472B88BF0B469A423ED05C1CE4B292465F
:10874000482C35F833200280834608BF002405EB0F
:10875000C303002601274FF012081AE0012833D086
:10876000C3F8048089F8004095F84032472C98BF40
:1087700023469A4521D01AB20133DCB235F83200D3
:10878000BBF80010482C08BF0024884205EBC20348
:1087900013D1586860B1FF28E0D9027902F00302D2
:1087A000013A012A0CD912225A6007F015FFD9E7C5
:1087B00001365F60F6B2D5E700263046BDE8F88F97
:1087C0000136F6B20122EFE70136F6B2CAE700BF82
:1087D000442200202DE9F047374F3B8898425DD96D
:1087E00013F0FF0528D0DFF8D4A0DFF8D4809AF882
:1087F0002D40DFF8D0909AF82C300134E4B20B2CE5
:1088000008BF0024A342404618D0FDF7ADFF06463E
:1088100048468EB1FDF7A8FF002841D006609AF8BF
:108820002D304AF823003B888AF82D40013D013B5A
:1088300015F0FF053B80DED1BDE8F0873B88002BBB
:10884000FAD0DFF884A01E4D9AF845401D4E4FF037
:1088500000080134E4B2112C9AF8443008BF002417
:10886000A3422846E8D0FDF77FFF81463046B9F1A4
:10887000000FE1D0FDF778FFC0B1C9F80480C0F85F
:1088800000909AF845304AF823003B888AF8454022
:10889000013B9BB23B80002BDBD1CDE70546A2E735
:1088A00030460749BDE8F047FDF774BF4846044924
:1088B000BDE8F047FDF76EBFE42400206C470020C0
:1088C000E8240020542600208C2400202DE9F84FB5
:1088D000344B354FDFF8D490DFF8C8B0181D0A22AA
:1088E00024214FF00008A7F82C80FDF719FF2F4B2B
:1088F0000A220821181DFDF713FF97F82CA097F8FE
:108900002D400A260134E4B20B2C08BF0024A245F6
:10891000484615D0FDF728FF0546584685B1FDF7B6
:1089200023FF002838D0C5F80480056097F82D3063
:1089300047F82300013E16F0FF0687F82D40E1D1ED
:108940001B4B1D22181D4FF49271FDF7E9FE194BC8
:108950002D22181D0821FDF7E3FE1648FDF704FF40
:10896000B0B1154A111FFDF74DFF1248FDF7FCFE8F
:1089700080B1124A111FFDF745FF114B1A22FF204B
:108980001A80FFF727FF0DF0E7F80020BDE8F88F09
:1089900000DEE6E700DEECE704492846FDF7FAFED4
:1089A000CEE700BFF04700205C4900209C47002034
:1089B00054260020E8240020E0240020D8240020B1
:1089C000E42400202DE9F041994D9A4E86B004AA86
:1089D00002A90DF1070008F013FB0446D5E90001D8
:1089E00003AAFDF727FF074650B3039B002B6BD06C
:1089F000187804AA02A908F01BFB0446002841D0FD
:108A0000DDE90313BDF808200F78ADF80A200593BF
:108A100008F020FB2146059ABDF80A0008F04EFB3D
:108A2000204608F0E1FA05AA0DF10A01384608F0DF
:108A3000FFFA04460028EBD1306815F00BF9C6E7C1
:108A4000002C3ED0049B05939DF80770BDF80830BC
:108A5000ADF80A3008F0FEFA2146059ABDF80A0082
:108A600008F02CFB204608F0BFFA05AA0DF10A0118
:108A7000384608F0DDFA04460028EBD1306815F0DE
:108A8000E9F8A4E7039B05931B79013B2C2B1ED827
:108A9000DFE803F01F43601D1F321D32327C1D1DB5
:108AA0001D1D1D1D1D1D1D1D1D1F721F1D1D1D1D9D
:108AB0001D1D1D1D1D1D1D1D1D1D1D1D1D1D1D1DE6
:108AC0001F0006B0BDE8F08100DE039B90E700DEEA
:108AD0007DE7574968680022FDF7B4FE564B0599BB
:108AE00093F8413238460B70544AFDF799FE514BCA
:108AF000186815F0AFF86AE74D4968680022FDF77D
:108B0000A1FE059991F8203003F00F03072B71D0D7
:108B1000494B384693F84132E5E7454968680022F9
:108B2000FDF790FE059CD4F80880B8F1000F09D03D
:108B300098F80030002B76D098F80030013BDBB27B
:108B400088F80030237B052B6FD8DFE803F02C5C1E
:108B50006064682905A9384608F0C2F83449686895
:108B60000022FDF76FFE059900293FF430AF0B7925
:108B70002E2B3FF42CAFCBE72D4968680022FDF780
:108B800061FE0599384608F099F820E72849686899
:108B90000022FDF757FE0599384607F045FB16E71A
:108BA000204607F0FDFA264A0023237392F82D3061
:108BB00092F82C100133DBB20B2B08BF0023994233
:108BC0001CD0276092F82D1042F8214082F82D30F9
:108BD000B8F1000F3FF4FBAE98F80030002B7FF4A3
:108BE000F6AED8F80830002B3FF4F1AED8F80C0000
:108BF0009847ECE63846F9F73FF8E8E600DEB8F1CA
:108C0000000FE9D1E3E62046F9F77AFBCBE72046EF
:108C100005F03CF9C7E7204605F0ECFFC3E7204626
:108C200007F004F9BFE700DE86E700DEBBE700BF20
:108C3000DC240020104B002044220020D8240020F7
:108C40005C49002030B52F4B2F4C186087B011F0D5
:108C50005DFD2378002B4ED02C492D4A2D4D0595D6
:108C60004FF0050C81F808C02B4C04922B4A0220CF
:108C7000CDE9022404230D24CDE90014284A087408
:108C800008760B7000201821FFF72CFA002837D146
:108C900001220021234817F0FFF80EF0BDFA044628
:108CA00010B1204607B030BDFFF710FE0446002883
:108CB000F7D10EF0D1FE04460028F2D105F054F8A9
:108CC00004460028EDD110F003F804460028E8D14E
:108CD00006F004FF04460028E3D110F01DFE044610
:108CE0000028DED107F04AFF04460028D9D1012030
:108CF0000DF0F8FBD5E7FDF7B5FD01232370ABE7D9
:108D000000DEC5E7104B0020558000209C4D002060
:108D100099B7010039B8010079B701002C4B002048
:108D2000BC4D0020144B002010B586B005F02CF887
:108D300000283BD106F050FF00283CD107F020FF6F
:108D400000283DD10024254B2046A3F840420DF0D9
:108D5000C9FB2349234A244BA1F880419485A3F8F9
:108D6000444001222146684617F096F81F4B2246E0
:108D700021460320C3F808D0FDF7C8FD10BB4FF013
:108D8000FF324FF0FF33684614F09EFF05F006F8FF
:108D9000D0B9684611F002FCFFF798FDE0B9002158
:108DA000012006B0BDE81040FFF740BC00DE06F031
:108DB00013FF0028C2D000DE07F0E2FE0028C1D079
:108DC00000DEBFE700DEDAE700DE684611F0E6FB12
:108DD000FFF77CFD0028E2D000DEE0E7442200201F
:108DE0008C4900206C4700208C2400204800002083
:108DF00008B5FFF799FF0EF045FA00B108BDBDE8D0
:108E00000840FFF7A1B900BF2DE9F04F2B4C2C4EC5
:108E1000DFF8B0A083B00746884604F51079002338
:108E20003B6094F841B2D6E9000101AAFDF702FDCA
:108E3000054690B3019B49461A784046FFF770FCFF
:108E400080BB94F840328DF8013094F8412283467B
:108E50000DF101010DF10200FFF762FC4BEA000287
:108E600012F0FF02F1D1019B1979012920D131467D
:108E70007068FDF7E7FC51462846FDF78BFC124A67
:108E80001388192B11D80198104901331380FDF76D
:108E900081FC0120FFF79EFCC1E70D495A46404680
:108EA000FFF73EFC03B0BDE8F08F00DE1388EAE771
:108EB00010463B6003B0BDE8F08F00BF44220020A5
:108EC000D4240020E8240020E4240020542600209C
:108ED0008424002070B57F4982B000234868019344
:108EE00001AAFDF7AFFC002800F0A6807A49FDF743
:108EF00051FC019A13792D2B19D8DFE803F01718CC
:108F0000181718171B1B1B181833181818181818BF
:108F1000381818181771171717171717181818185F
:108F200018181818181818181818181703B900DE88
:108F300002B070BD92F8203003F00F03072BF7D179
:108F4000D568002DF4D0644E1D242868ED68013CDE
:108F50003146E4B2FDF71EFC002DE9D0002CF4D11F
:108F600000DEF2E7907906F0A3FF02B070BD9079C1
:108F700004F030FF0446002800F09C80A36B33B15E
:108F80001B6893F846206FF3000283F8462065695A
:108F9000002D6AD0EB6D002B40F0908005F1500160
:108FA00005F14C00FDF732FC0346002800F08480F8
:108FB0000026EB65286807F0D9FA606E47496661BC
:108FC000FDF7E8FB4449206E6666FDF7E3FB94F885
:108FD0008030266666F3000384F8803002B070BDEE
:108FE00092F8203095683C2B2E6827D092F82140CB
:108FF000002C48D0706E20B1002338497366FDF70D
:10900000C9FBAB6A33B11B6893F846206FF30002CB
:1090100083F846206B6A7BB3002006F0EDFF044620
:10902000002004F009FF40EA440010F0FF007FF444
:109030007FAF0DF00DFB7BE700DE57E76C68002C7F
:109040003ED000236B60E36D6BB904F1500104F175
:109050004C00FDF7DBFB0346002833D02068E365B6
:1090600007F084FACDE700DEEFE794F8803065F38F
:10907000000384F880305BE796F8802063F30002F9
:1090800086F88020C8E7012006F086FF48B18642B6
:109090001AD090F86230002262F34103426180F8F6
:1090A000623096F86230002262F34103726186F802
:1090B0006230B1E700DE61E700DE79E700DE6DE7F0
:1090C00000DEBEE700DEC9E7204606F065FF0028A7
:1090D000E7D0DEE7D4240020E82400205426002036
:1090E0002DE9F84304688046A4B1594F594E012533
:1090F000204624680379122B14D805FA03F240F2B3
:10910000E9110A4240F0998012F4812F74D100DEF7
:10911000002CEDD10023C8F80030BDE8F843FF2053
:10912000FFF758BB163BDAB2172AF0D8172BEED848
:1091300001A252F823F000BFA9910000999100000C
:10914000BF910000A9910000A9910000A991000021
:10915000A9910000A99100000F9100000F9100005B
:109160000F9100000F9100000F9100000F9100007F
:109170000F9100000F9100000F9100000F9100006F
:109180000F9100000F9100000F9100000F9100005F
:109190000F910000A991000090F820303C2B32D0B4
:1091A000022B3AD0002B46D13B88192B32D8013301
:1091B00031463B80FDF7EEFA002C99D1AAE7C08832
:1091C0000F28A5D807F0E0F9814600283BD0D9F850
:1091D0006C30002B39D109F1600109F15C00FDF719
:1091E00015FB00282DD0C9F86C00484607F0BEF9E1
:1091F000002C7FF47DAF8DE73146FDF7CBFA002CD4
:109200007FF476AF86E71349FDF7C4FA002C7FF4AC
:109210006FAF7FE700DE3B88C9E70CF057FB00200B
:1092200004F0FCFD00287FF473AF0DF011FA002C60
:109230007FF45EAF6EE700DE0379002BB4D100DE71
:10924000B2E700DECFE700DEC1E700DEC3E700BF24
:10925000E4240020542600200148FDF785BA00BF11
:10926000E82400200149FDF795BA00BFE82400205A
:109270000148FDF779BA00BF542600200149FDF7E7
:1092800089BA00BF54260020034B044A93F84132A8
:109290000B70FDF7C5BA00BF44220020D82400207F
:1092A000014B186814F0D6BC104B002008B5064BD3
:1092B000064A93F841320B70FDF7B2FA044B186876
:1092C000BDE8084014F0C6BC44220020D824002089
:1092D000104B00200C4991F8442091F845309A42F7
:1092E0000AD8A3EB020C5FFA8CFC604509D89A42BD
:1092F00007D051F82200704711339B1ADBB2984215
:10930000F7D90020704700BF8C240020094A92F84A
:10931000441092F845308B4209D04B1CDBB2112B24
:1093200008BF002352F8210082F844307047002023
:10933000704700BF8C24002000B50D4A92F841C24E
:1093400092F840E20CF10103DBB2482B08BF002386
:109350009E4509D022F83C0002EBCC0CCCF804105E
:1093600082F841325DF804FB00DE00231B80FFDE43
:1093700044220020022810B50C4602D00B68022BB4
:1093800007D004484FF0FF324FF0FF3314F09CFC3D
:10939000206810BD144B002004490A680AB1104629
:1093A0007047024608601046704700BF4022002008
:1093B000044A136823B1984206BF002111600023BC
:1093C0001846704740220020014B1868704700BFC4
:1093D0004022002004490A680AB11046704702463C
:1093E00008601046704700BF88240020044A1368B4
:1093F00023B1984206BF0021116000231846704730
:1094000088240020014B1868704700BF8824002082
:1094100030B505682B7887B0EBB1044601220021F6
:10942000684616F039FD0D4BC5F80CD0AB602B78B3
:109430008BB10B4B0022114603209C60FDF766FAAE
:1094400038B94FF400420023684614F03DFC07B0E1
:1094500030BD00DEF5E76FF07700F8E71D8700000C
:1094600038000020F0B5254E336885B00C4617460D
:10947000002B36D0994215D10223039303AB024649
:10948000009303211E4B0020FEF776FF02280546BD
:109490000CD0039B022B09D195B133680BB19C42D0
:1094A00021D014B36FF02D0005B0F0BD15484FF07A
:1094B000FF324FF0FF3314F007FC039D002DECD179
:1094C0003846FFF7A5FF33680BB19C4211D0002C42
:1094D000E8D10028E8D010F1780F08BF002005B0CF
:1094E000F0BD3160C8E7002333606FF0770005B04E
:1094F000F0BD35600028D7D0EDE700BF4022002046
:1095000011870000144B00200C4991F82C2091F891
:109510002D309A420AD8A3EB020C5FFA8CFC60450E
:1095200009D89A4207D051F8220070470B339B1A92
:10953000DBB29842F7D90020704700BF6C4700208B
:10954000094A92F82C1092F82D308B4209D04B1C0E
:10955000DBB20B2B08BF002352F8210082F82C301D
:1095600070470020704700BF6C47002038B50C469C
:10957000054607F03FFD207021462846024ABDE817
:109580003840FDF74DB900BFE02400200122024B16
:1095900011460020FDF7BAB92800002070B50C462E
:1095A000054607F027FD21462070064A2846FDF7AC
:1095B00037F90122BDE87040034B11460020FDF74A
:1095C000A5B900BFE0240020280000202DE9F043C9
:1095D0001A4D9DF81C8095F881C10CF1010E5FFABF
:1095E0008EFEBEF10C0F994695F8803108BF4FF002
:1095F000000E73451DD0144605EB4C1CE36807466E
:109600000E4610685168926864460FC49CF81C307E
:10961000CCF8186008F0010823F0030343EA0803BC
:10962000CCE904978CF81C3085F881E16046BDE8F0
:10963000F0834FF0000C6046BDE8F0838C490020B9
:10964000054890F8803190F881219A4214BF00EBD0
:1096500043100020704700BF8C49002001460B4892
:109660000A7890F881310B2A84BF90F880210A7023
:10967000934208D0531CDBB20C2B08BF002300EB35
:1096800042100B7070470020704700BF8C490020CB
:109690002DE9F04F3D4E96F8801196F8813187B054
:1096A0008B42039047D04FF0000906EB41110E2486
:1096B000CDF81090CA46CB46CDF80890CDF814905E
:1096C0000D7FD1F80080CF68C5F3400205F0010599
:1096D000002C4FD0013CE4B282B396F8811196F889
:1096E0008031994227D00133DBB20C2B08BF002315
:1096F000994286F880311ED006EB43115B01C868A1
:10970000002ADDD135BBBBF1000F37D0BAF1000F15
:10971000029A08BF4246029208BFBA460A7F9507DE
:10972000CED4D2071DD48345F3582BD08245C7D160
:10973000029A9A42C4D107B0BDE8F08F144B039847
:10974000996011460192FDF7E1F8019A0028C4D012
:1097500000DEC2E7049A7AB1B9F1000F08BFB9463A
:10976000DCE7BAF1000FABD1049B8342E3D048455C
:10977000A6D1E0E700DEADE70497CFE7BB46CDF822
:109780001480CBE7059A9A42D0D1D4E78C490020C7
:1097900018000020064B93F82C2093F82D109142CE
:1097A00004D053F8220010B10C30704700207047ED
:1097B0005C490020084A92F82C1092F82DC08C4584
:1097C000034606D052F821201AB102F10C0013739F
:1097D00070470020704700BF5C49002070B5144AF4
:1097E00092F82C1092F82D308B421FD04B1CDBB21C
:1097F00052F821400B2B08BF002382F82C30ACB16B
:1098000002230025266823712560A06007F0F2FB83
:10981000084A207021463046FDF702F80122064B27
:1098200011462846FDF772F8204670BD0024FBE77C
:109830005C490020E02400202800002010B582B000
:10984000049B9C7A6FF341049C720024CDE9004490
:109850000DF0D2FE02B010BD10B50346007F1A69AC
:109860009969012482B02040CDE9000458690DF0C7
:10987000C3FE08B902B010BD7730FBD000DEF9E7B7
:109880000B8A002B3CD030B5054683B001F10C00AB
:109890000C4615F0C9FF012817D0022803D06FF03D
:1098A000150003B030BD01A9204602F0A7FE0199C2
:1098B00019B12B6928461B6898470028F1D120462A
:1098C000FCF714FE002003B030BD002301A92046A0
:1098D000019301F071FA01460028F0D02B69284667
:1098E0001B6898470028DCD1019D002DE7D0284651
:1098F00003F0F0FB68710199034816F0B8FADEE74F
:109900006FF01500704700BF5452002010B5046975
:10991000FFF76EFA28B90448FCF77EFA00202060B1
:1099200010BD00DEF7E700BF50040020F0B505468B
:10993000076989B00E46174816F05BFA4FF0FF3200
:109940000021154816F0A8FA1348FFF77BF90446E2
:10995000E0B93E60114816F0D0FD104803F0D2FB8C
:10996000002000216FF00702CDE90601CDE90324B4
:10997000CDE901440A4B0B4900954FF460720A4847
:1099800014F0C6FB0949084816F040FB204609B010
:10999000F0BD00BF545200206C5200204452002001
:1099A000B1990000C0840020500400204C0A02003D
:1099B0002DE9F04F85B00369DFF8A882DFF8A8929F
:1099C000DFF8A8A2DFF8A8B2019306464FF0FF32F5
:1099D0004FF0FF330321404615F08CF8002840F08B
:1099E000A881D8F80C3003F4FE13B3F5804F00F0D3
:1099F000A880D8F8203003F4FE13B3F5004F00F030
:109A00002581D8F8343003F4FE13B3F5803F00F01D
:109A100081810024D8F80C3096486FF39433C8F84D
:109A20000C30D8F820306FF39433C8F82030D8F8D1
:109A300034306FF39433C8F834308F4B1D68BFF364
:109A40005B8F50E8003F23F0010240E8002100292D
:109A5000F7D1BFF35B8FD80703D500220023C9E9F4
:109A60000023002D40F34081DAF80030DBF80020BD
:109A7000EB1A1344814A1360D9F80020002A00F041
:109A800060815179002C65D1042950D9052940F015
:109A90005581002B9AD0D9F804101368C9F800300A
:109AA0008A4200F0738103924FF0FF334FF0FF3290
:109AB0000820FCF78FFD04462146039802F01CFEA7
:109AC000039B00221A6003A8FFF70AFBDAF80030B4
:109AD000ED1ADBF800301D44684B1D60D9F80030EA
:109AE0002BB15B79DA1E012A1CD9052B18D0002C6A
:109AF0003FF46CAF019F204615F043FE054621461A
:109B0000002015F05EFE2B8A012B044629463046C4
:109B10001CD93B68984714F0A5FC002CEBD155E705
:109B2000002DE4D00021564815F03CF8DFE702296B
:109B300071D800DE4B1E012B039240F2328100DE11
:109B4000BEE7D8F8103000229A6062E72846FCF79A
:109B5000CDFCE0E7CA1E012A40F2E480052900F0AE
:109B6000F480591C627900F0C780511ED9F80000BA
:109B7000052900F22181DFE801F003031D1D3403F4
:109B8000042A039400F2BE80022A1AD10121002087
:109B90000022002315F0A0FE04460398E4B12146FC
:109BA00002F0F8FD039B00221A6003A8FFF798FA61
:109BB000019FA0E7314A01231360002840F0DD80B7
:109BC000039402204FF0FF324FF0FF33FCF702FD09
:109BD00004460398002CE2D1046003A8FFF780FA42
:109BE000F4E6002840F0C980002B00F0C680039402
:109BF0004FF0FF324FF0FF330820FCF7EBFC044638
:109C00002146039802F078FD039B00221A6003A806
:109C1000FFF766FA6BE7D9F804301168C9F800104D
:109C2000934212BF0392C9F8041003934FF0FF321E
:109C30004FF0FF330220FCF7CDFC0446002C3FF42C
:109C40003FAF0398214602F0A5FD39E7D8F824007C
:109C50000022002314F038F8002840F09D80376976
:109C600025E000BF5800002048040020B452002026
:109C7000B05200208C520020B852002040520020E8
:109C80004452002073BB4FF0FF334FF0FF320021EE
:109C9000132015F021FEBDF80A100546224603F0F8
:109CA00001FA3B6829463046984714F0DBFB0DF17A
:109CB0000A0103A8FFF7A8F8039B04460028E1D196
:109CC000002B3FF4A6AEFFF705F9039C204603F0F6
:109CD00001FA607103993A4816F0C9F8039B002B0A
:109CE000E5D196E600DECEE7364A4FF0FF3313604B
:109CF000002C3FF46BAE62790394042A49D9052AFB
:109D00003FF476AF00DE039B00221A6003A8FFF742
:109D1000E7F95BE6D8F838000022002313F068FF6B
:109D2000044677E62848002114F03CFF254B1B68C9
:109D300017E704303FF455AE00DE52E600DE039232
:109D4000FDE6002C7FF40DAF40E6002BEAD16279EE
:109D5000531E052B30D801A151F823F0819B000040
:109D6000819B0000759D0000759D00007B9D00009B
:109D7000819B0000134A01231360D9F804300022AC
:109D800022605BB11C60C9F804401FE6C9F80430CA
:109D900089E6002AB6D0F7E600DE60E7C9E90044AC
:109DA00014E602297FF442AF20460121002200235D
:109DB00015F092FD044641E700DE0394A2E700BFE0
:109DC00054520020405200204452002010B514F09C
:109DD000F9FA054C204616F018F8204616F009F856
:109DE000BDE8104014F002BB54520020038800B5B7
:109DF000C3F3441303EB430C8444B2FA82F29CF89D
:109E000002E05209013362F3000E03EB43038CF8C6
:109E100002E0F1B10A88C2520278D30612D1531C73
:109E200003F01F0363F304020270028863F3491214
:109E300002F47873202B028004BF6FF34912028072
:109E40005DF804FB0388C3F34413013303F01F03DD
:109E5000EBE7C152E0E700BF2DE9F04FDFF8B89122
:109E600083B0D9F800609DF834400194002E5EDB89
:109E700007460D461446984661D0DFF8A0A14FF082
:109E8000000B05E00BF1010B5E450AF1200A56D0EC
:109E900051460622204616F06CFB0028F2D11AF833
:109EA000013CAB42EED15E4C4FEA4B1104EB4B1B35
:109EB0009BF8073023FA07F2D50778D5072F3AD158
:109EC00008EB480301EB430323444FEA48071A7A9F
:109ED000D20603F1080600F085800C9A5AB3527836
:109EE0001D7B4FEA121CBCEB151F40F08A80DDF889
:109EF00030C093F80BE09CF800C02D02120205F46C
:109F0000706502F4706242EA0C0245EA0E05954261
:109F10005CD1B378DB070ED4019B43B907EB080390
:109F200001EB430323449A7A42F001029A72002023
:109F300003B0BDE8F08F012003B0BDE8F08FDFF87B
:109F4000E4A03749DAF800B0D4F800C0019A4FEA2B
:109F50004B13581C41F800C00844A4888480CC18D6
:109F60000120CD54B8400833E071C85A2E4D284026
:109F7000C8525C18062010FB0830E3882B40E380B1
:109F8000A3892B40A381638A2B40638208440C99E8
:109F9000FFF72CFF0F2ED6BF731C0BF10103C9F87E
:109FA0000030102B08BF0023CAF80030BFE706209E
:109FB00000FB08100121B94008300B43019A0C99AD
:109FC0008BF807302044FFF711FFB0E70C9A83F8B5
:109FD0000BC052781A73019B73B9B37843F0010335
:109FE000B370A4E7062000FB08100830019A0C9912
:109FF0002044FFF7FBFE9AE7B37860F30003B370E9
:10A0000095E7062303FB081101F10800019A0C995A
:10A010002044FFF7EBFE8AE7C0520020C552002023
:10A02000C4520020BC52002000FCFFFF2DE9F04F7D
:10A0300089B0054607939DF84C300593149B1C9CF2
:10A0400006939DF8543004939DF9583001930C34D5
:10A050009DF95C30029320461B9B03930E46022120
:10A060009DF86870DDF84890BDF860A0DDF864B038
:10A07000904615F0B2FB3E22027007F11A024270C0
:10A080000121204615F0A9FB02460D21117007F1B0
:10A0900019012046C9B215F0A0FB0122A0F8015019
:10A0A000027004460BF0EAFF049B984243D8231D3C
:10A0B000B9F1000F33D0079AE270D9F8002062603E
:10A0C000B9F804209A8096FAA6F6B6FA86F6013612
:10A0D00084F80B80A672BBF1000F35D09BF80130DD
:10A0E0001B092373019B637315F00405029BA37383
:10A0F000A4F80FA004F1120318D0059A069962740F
:10A100000A68C4F812208A889A80039927763A460A
:10A1100004F1190009B0BDE8F04F16F0FAB984F85F
:10A120000390C4F80490A3F80490CCE76574C4F8D5
:10A1300012509D80E9E71846221DE11C0BF07AFFC2
:10A14000E3780233E370BEE7FF23CAE72DE9F0416D
:10A150001A4C6468A40004D51646194A12681207FE
:10A1600001D4BDE8F08103F10C0405460F462046FA
:10A17000022115F032FB40F63E43038001212046C8
:10A1800015F02BFB0346042220461A700B2115F014
:10A1900024FB0570A0F801603DB97B68BA68C0F87F
:10A1A0000720C0F80330BDE8F0814FF00008C0F888
:10A1B0000380C0F80780BDE8F08100BF08000020E0
:10A1C000000000202DE9F04F594D04460B4695E85C
:10A1D000030087B00490ADF81410080C55498DF8B1
:10A1E0001600496889007DD51546534A1268D20485
:10A1F00078D5274693F8189017F8020B93F819B002
:10A20000430679D40023C0F38011CDE900333A46E8
:10A2100000F00F00FFF720FE002863D1237803F041
:10A220000F03012B61D094F80180A8F1060A08F110
:10A2300014035FFA8AFA08F11308DBB203935FFA9A
:10A2400088F856460C350221284615F0C6FA039BBD
:10A2500043703E2303700121284615F0BEFA0346E1
:10A260000D221A704146284615F0B7FA01230370F3
:10A27000237803F00F0318336B44054613F8083CAA
:10A28000A0F801300BF0FAFE58453DD958462A1D7A
:10A29000E91C0BF0CFFEEB780233EB7001226A81F0
:10A2A000FF2200232A73C9F100097F22214685F885
:10A2B0000E90EB732B746A7311F8082B02F00F00E9
:10A2C000012805F1120729D06B74C5F81230BB8044
:10A2D000324605F1190085F818A007B0BDE8F04F27
:10A2E00016F017B907B0BDE8F08F1A2306464FF0F5
:10A2F000190803938246A5E7002108463B465A46C3
:10A300000BF0B4FF20787DE72378C3F38013EB7064
:10A31000D4F802306B60BB882B81BFE7C2F3C01258
:10A320006A74A368C5F812308B88BB80D0E700BF81
:10A330006C0A020008000020000000202DE9F04F08
:10A3400095B09046139341F020030C939DF8803014
:10A35000289D0D939DF888300E939DF990300F93B2
:10A360009DF87890BDF89430BDF89CB0299E2B9F45
:10A3700095F800C010930246139B12921B7811931C
:10A38000239B64462A2C93F900A028BF2A24269BED
:10A390000793109B06930F9B0894CDE904A30E9B93
:10A3A0000393219B02930D9B01931F9B00933B689A
:10A3B0000A933368119A0C98099341464B46FFF76C
:10A3C00035FE3368234433602B781B1B2B7002202F
:10A3D0004FF4A0220023FCF7FDF8ABEB040B1FFAAF
:10A3E0008BFB01463860002858D02A9815F0D8F920
:10A3F00095F800C0BCF12A0FC9D8129AD2686146FC
:10A40000002A45D0E34546D9BCF1000F64D1239B17
:10A410007F21197092F822108C0659D092F82310DF
:10A42000C8074CBF02F12A0002F124008B0748BF85
:10A4300006300C0748BF0230CB0607D58178139B46
:10A4400049090131197092F8231003308C0648BF76
:10A4500012304B0603D5239B10F9011B197092F89B
:10A460002210C1F305010131CCB202F12201411ADF
:10A47000C9B2A14203D2611A50FA81F0214692F882
:10A4800021408C420DD84FF0000300212B708C46E8
:10A490008B453FF671AF15B0BDE8F08F00DE39682F
:10A4A000A3E7306092F821C0ACEB010C5FFA8CFCA2
:10A4B000DC45614684BF59465FFA8BFC594585F8F7
:10A4C00000C0FFF459AFBCF12A0F3FF655AFE2E7E9
:10A4D00002F123000121D2E7139B129293F800A00E
:10A4E000239BCDF844A093F90040A2466446269BE6
:10A4F0000793109B06930F9B0894CDE904A30E9B32
:10A500000393219B02930D9B01931F9B00933B6838
:10A510000A933368119A0C98099341464B46FFF70A
:10A5200085FD3368234433602B781B1B2B7002207E
:10A530004FF4A0220023FCF74DF8ABEB040B1FFAFD
:10A540008BFB0146386038B12A9815F029F92B7831
:10A550002A2BCCD8129A5AE700DE3968F4E700BFFC
:10A560002DE9F04FA9B07F241F937B4B8DF88A40D3
:10A570005B688DF88B409D004FF00004CDE92444CA
:10A580008DF88C408DF88D408DF88E408DF88F4081
:10A590008A4603D5714B1B68D90410D4DAF80C40F5
:10A5A00054B127AD002627942346E4681E60284650
:10A5B000FEF796FD002CF6D129B0BDE8F08F1646C7
:10A5C00080461C940BF05AFDDAF80C901490CDE9FB
:10A5D0001544CDE91D44D346119413941A94129452
:10A5E00017941B944F46209698F802509BF8193008
:10A5F0009BF81A900F939BF81830199315F03F06AB
:10A600004FEA9513C9F34000C9F34012189300F0C4
:10A61000708198F8033013F0010608F1040400F08B
:10A620008281DA4500F0F081DAF80C10594500F02B
:10A63000EB81002110910E4613F0020108F10A048B
:10A6400000F07681DA4500F0BB81DAF80C1059454C
:10A6500000F0B6814FF0000C614606345A0748BF3F
:10A66000013413F008021CBF2246023413F010001C
:10A670000E9013D0DAF80C000E90584500F0CA8105
:10A68000DA4500F0CE8194F802E0BEF15F0F4FEAA8
:10A690005E1000F2C98101300E900334980602D595
:10A6A00060881A9012345B0648BF14F9010BC5F399
:10A6B000050508F1020305F10105A4EB0303EDB262
:10A6C000DBB258BF7F20AB4206D8A5EB030E1EF0CD
:10A6D000FF0E1CBF74442B4698F80150AB423FD28A
:10A6E000EB1ADDF858E0DBB21D4675441F2D3FDC48
:10A6F000DA4500F01F8119F0100F40F00481DDF8F9
:10A7000090E0119A139D002A08BF35461395109DBD
:10A7100018BF1546129A1195002A159D04BF62466E
:10A720000D4615951292BEF1000F00F03F81179A69
:10A730001A4493B217930BF0A1FC149A0F99134685
:10A74000824228BF0B461493002F00F0108107F1BE
:10A750002008BB46FF6847E70800002000000020F3
:10A760000024DDF858E0254675441F2D2346BFDD43
:10A77000249F209E002F00F0AE810227119B002B0A
:10A7800000F0968100241B9B0093119A1C9B139947
:10A7900001940720FFF760FB002840F0A2816401CC
:10A7A000E4B2129B1BB11C9B43F004031C93199B46
:10A7B000169A26965B425DB29DF88E309342C0F0A9
:10A7C00050812A2B00F24D81324608931B9B079340
:10A7D0001A9B1C990A92CDE90553149B0393129B73
:10A7E0000293159B0193119B00932143259B099391
:10A7F0000C469DF98B3004939DF88F20139B1F9975
:10A800002046FFF713FCDDF89080B8F1000F00F050
:10A81000518102204FF4A0220023FBF7DBFE04F05D
:10A820009F0444F0080480462690002800F06A81C6
:10A830004146304614F0B4FF9DF88C30179A93428D
:10A8400001D32A2B25D9179B09931B9B08931A9B8D
:10A850001E981F9A0C96CDE90653149B0493129BE5
:10A860000393159B0293119B0193139B009326ABBB
:10A870000D9324AB0B9323AB0A930DF18A0305933D
:10A8800021460DF18D03FFF759FD9DF88C30DDF861
:10A89000988008931B9B07931A9B249A0992CDE9F1
:10A8A0000553149B0393129B0293159B9DF98A20D9
:10A8B0000193119B009344EA47100492139B1F9944
:10A8C0009DF88D20CDF82880FFF7B0FBDAF80C401A
:10A8D000002C3FF471AE27AD002627942346E46890
:10A8E0001E602846FEF7FCFB002CF6D129B0BDE81F
:10A8F000F08F08F103040E96314601231096B446FA
:10A9000032467F20E8E60E9A002A57D19DF88F50F4
:10A910008DF88D508DF88C3024948DF88A00A646E1
:10A92000CDF878B0EDE613F0020110967FF48AAE10
:10A930008C4693E60E9B8DF88F304FF000038DF818
:10A940008E30002325930F9B1493189B1C93109B10
:10A9500011930023CDE912C68DF88B0015911B923F
:10A960001693CDF874A01793002F7FF4F0AE0E9BD2
:10A97000209E003B18BF0123B9465F00249B002B9B
:10A980007FF4FCAE119B002B40F0D580002F00F02F
:10A99000D5801B9B002B00F0BD809DF98B307F2B59
:10A9A00000F0B480002740241197FAE62599002989
:10A9B0004BD0169A1A4493B21693BCE60E9DA7E7A5
:10A9C00000284BD1DAF80800016891F86210C1F351
:10A9D00081010E9182B190F8282098F80010C2F3FE
:10A9E0008012B2EBD11F0AD13630062221462193C4
:10A9F00015F0BFFD219B10B90E99A4462DE60E9AC5
:10AA0000A44642F0020128E698F800601094C6F3CC
:10AA1000801611E6A80900283FF432AE00200E90FF
:10AA20003BE6002F7FF42FAE0E9800283FF4C4AD14
:10AA300027AD0024064627963346F6681C60284654
:10AA4000FEF74EFB002EF6D1B6E525948DF88B006F
:10AA50008DF88E301693CDF874B06CE6A446FE21C6
:10AA6000FBE5169B09931B9B08931A9B1F9A1D9845
:10AA70001C990C96CDE90653149B0493129B0393E7
:10AA8000159B0293119B0193139B009326AB0D938F
:10AA900025AB0B930DF18E030A930DF18B030593F8
:10AAA0000DF18F03FFF74AFC9DF88E30269A8CE655
:10AAB0001C4676E6DAF80C40002C3FF47DAD27AD5D
:10AAC000464627942346E4681E602846FEF708FBA6
:10AAD000002CF6D170E5119B002B3FF45AAF0224F5
:10AAE00051E6DAF80C40002C3FF466AD27AD0026A5
:10AAF00027942346E4681E602846FEF7F1FA002CEE
:10AB0000F6D159E500DEDDF8988091E6259B002B13
:10AB10007FF448AFDAF80C40002C3FF44DAD27AD80
:10AB2000002627942346E4681E602846FEF7D8FADC
:10AB3000002CF6D140E53C464F4624E6119C30E619
:10AB400070B50546022002F0CFFD044660B1074B08
:10AB50000121188814F0C3FE012106460C3014F0C0
:10AB60003CFE0C2303702E60204670BD4480002004
:10AB700070B50546012002F0B7FD044660B1074BF1
:10AB80000121188814F0ABFE012106460C3014F0A8
:10AB900024FE0C2303702E60204670BD44800020EC
:10ABA0002DE9F041013886B01446112813D8DFE8AA
:10ABB00010F02C0048005E0012001200700012001D
:10ABC0008200A100B400120012001200C600E500CD
:10ABD0001200120017006FF0150006B0BDE8F081FA
:10ABE000CB68DA78997818880AF01CFD704B064615
:10ABF0000121188814F073FE012105460C3014F071
:10AC0000ECFD067025600020E7E7694B0D211888F0
:10AC100014F065FE0D2120600C3014F0DEFD4FF0C5
:10AC2000021400234FF4806103220370C0F8014036
:10AC3000A0F80510C271037243728372C37203736A
:10AC4000E1E75B4B4121188814F049FE4121206067
:10AC50000C3014F0C2FD002104463E2200F8031B14
:10AC600015F07FFC46F2A733A4F80130CBE7504B38
:10AC70000921188814F033FE092120600C3014F0EB
:10AC8000ACFD0346002203F8012BC0F801205A60F6
:10AC9000B9E7C9680020FDF7C9FC454B01211888B8
:10ACA00014F01DFE012105460C3014F096FD002322
:10ACB00003702560A7E73F4E3D4F0FCE01AD0FC596
:10ACC000336838882B70122114F009FE122120609D
:10ACD0000C3014F082FD0446002301AE04F8013B61
:10ACE00084460FCE2D78CCF801006160A260E3604D
:10ACF000257488E72E4B1821188814F0F0FD1821D0
:10AD000020600C3014F069FD00230446012100F896
:10AD1000023B0FF081FC607075E7254B21211888FC
:10AD200014F0DDFD212120600C3014F056FD0146A9
:10AD3000002301F8113B01300FF0BEFC63E71C4B10
:10AD4000D1F80C80188898F80060B8F801500521F7
:10AD500014F0C5FD052120600C3014F03EFD0246C4
:10AD600098F9033002F8043FAFB204463946304642
:10AD7000FDF720FC66702070658044E7CB681E7884
:10AD8000B3F801500A4B0521188814F0A8FD0521DD
:10AD900020600C3014F021FDAFB20446031D39468B
:10ADA00000223046FDF7DEFB6670207065802AE7E2
:10ADB00044800020740A02002DE9F04F038A97B006
:10ADC0000022022B119235D905460E460C30032184
:10ADD00014F022FD2A8A83789A422BD30088D14C22
:10ADE000C0F38523082B1FFA80FC2080C0F30907DD
:10ADF0000DD8C3B1013B072B15D8DFE813F02000B5
:10AE000014002C007901AB01140014007D003F2BCD
:10AE100009D111AA29463846FFF7C2FE163041F083
:10AE20005C81B4F800C00121604617B0BDE8F04F66
:10AE300014F067BD0024204617B0BDE8F08F062F40
:10AE400001F025811D2FEED1EB68188805F07CFDFF
:10AE500001462088E9E7352F00F2B4812C2F00F25B
:10AE60009681012F00F0DF81032FDCD1AE48AF497E
:10AE7000AF4AB04B4FF0FF354FF0FF3641F6FF774A
:10AE8000C1E90067056000210020C2E900011F2020
:10AE90000021C3E90001FDF747FF2088A64D0121ED
:10AEA00014F01DFD012104460C3014F096FC002620
:10AEB0000670A24AA248A34B166006602022A24850
:10AEC0001E60314611942E6015F04BFBBFF35B8F73
:10AED0009E4B53E8001F41F0010143E80012002A95
:10AEE000F7D1BFF35B8F9A4B1868314613F05AFEC7
:10AEF000FEF76CFF119C9EE7781E7A2893D801A379
:10AF000053F820F0E5BA00005DBA000097BA0000DF
:10AF100027AE0000F5B900002BBA000017BA0000F8
:10AF200083BA0000E1B90000CBB90000B7B9000056
:10AF30008DB90000F5B80000D5B80000B3B8000026
:10AF400095B8000075B8000055B8000031B8000091
:10AF500011B80000E7B70000D7B700009BB70000AA
:10AF600079B700005FB7000033B7000007B70000F3
:10AF7000E3B60000B3B600007DB6000055B6000091
:10AF800019B60000E5B5000027AE000027AE0000AE
:10AF900027AE000027AE000027AE000069C0000009
:10AFA00049C0000011BF0000EFBE000009BD000055
:10AFB000D5BC0000B3BC000091BC000027AE00006F
:10AFC0009BBF000065BF0000F3BF0000A3BD0000F1
:10AFD0002FBF00007DBB000055BB00000BBB000075
:10AFE000A5BE000031BE00008FBD00007BBD00008B
:10AFF000F1BD0000D3BD000027AE000027AE000069
:10B0000027AE00000FBC0000BFBB0000C9B40000A9
:10B0100027AE000027AE000027AE000027AE0000DC
:10B0200027AE000027AE000027AE000081B400006C
:10B0300027AE000027AE000061B4000029B4000074
:10B040003DBD000027AE000027AE000027AE000087
:10B0500027AE000027AE000027AE000027AE00009C
:10B0600027AE000027AE000027AE000027AE00008C
:10B0700027AE000027AE000027AE000027AE00007C
:10B0800027AE000027AE000027AE000027AE00006C
:10B0900027AE000027AE000027AE000027AE00005C
:10B0A00027AE000027AE000027AE000027AE00004C
:10B0B00027AE000027AE000027AE000027AE00003C
:10B0C00027AE000027AE000027AE000027AE00002C
:10B0D00027AE000027AE000027AE000027AE00001C
:10B0E00027AE000027AE000027AE0000A7B5000085
:10B0F000781E08283FF697AE01A353F820F000BF52
:10B10000E7B2000091B200006BB2000027AE000071
:10B1100027AE000027AE000027AE000027AE0000DB
:10B120004BB2000044800020C052002008000020E4
:10B13000D00400200000002084520020B8520020DB
:10B14000B4520020B0520020905200208C520020B7
:10B1500088520020052F7FF466AEEB68604604211C
:10B160001E8814F0BCFB042104460C3014F035FB9F
:10B170000546E91CB0B205F079FCA5F8016028701D
:10B1800000284DD1EB785B425BB2EB7053E6A7F140
:10B190002D0008283FF647AE01A353F820F000BF6A
:10B1A00051B3000027AE000027AE000027AE00001C
:10B1B00011B3000027AE0000F1B3000027AE00007D
:10B1C00083B300007B2F00F06B877C2F13D1EB68DB
:10B1D0001E885988B0B205F09BFC032105462088E3
:10B1E00014F07DFB032104460C3014F0F6FA0570D0
:10B1F000A0F801601FE6632F7FF415AEEA68A94B43
:10B200001168196052685A606046012114F067FBAA
:10B21000012104460C3014F0E0FA002303700AE622
:10B220007F23EB7007E6EA689F4B1168196052684C
:10B230005A603946604614F052FB394604460C30D9
:10B2400014F0CBFA00230370F5E56046072114F0F3
:10B2500046FB072104460C3014F0BFFA01460020DB
:10B2600001F8010BFDF718FAE5E50921604614F035
:10B2700036FB092104460C3014F0AFFA03460022D5
:10B2800003F8012B6021C0F801205A604171D2E51A
:10B290006046412114F023FB412104460C3014F098
:10B2A0009CFA002105463F2200F8021B15F059F9CF
:10B2B0007E497F4A7F4BC5F81A10C5F8212001212D
:10B2C000C022C5F82530E423802085F82E10AA710D
:10B2D00042F22821EB7204222023E870A5F80F1017
:10B2E000EA756B70A7E50921604614F0F8FA0921A8
:10B2F00004460C3014F071FA4FF4506100236E4A8A
:10B3000001800D218370C3700171C0F8052092E5A2
:10B31000EB686A4D1E780121604614F0E0FA0121C5
:10B3200004460C30119414F058FA2B68002B00F0EE
:10B33000D086634B1B68002B40F0CB860370002E39
:10B3400000F0FC86012E00F00B871223037072E5DB
:10B35000EB68604604211E8893F8028014F0BFFA5F
:10B36000042104460C3014F038FAB7B20546C31C69
:10B37000424639460220FDF7F5F8A5F8016028702D
:10B3800059E54E4BED681B68002B40F3CA864C4BC9
:10B390001B68002B00F0B8862C78002C00F0A886E3
:10B3A0000020484E044603460CE036F811309A421D
:10B3B000A3EB020310D826F811302A78C3B29A42C0
:10B3C00040F2968605EB83030130B3F80110B3F821
:10B3D00003200F291444E8D90121604614F07FFAB4
:10B3E000012104460C3014F0F8F91223037022E511
:10B3F000EB6801216046B3F803501E8814F06FFA21
:10B40000012104460C30119414F0E7F92B4A13681B
:10B41000002B40F065861A2E40F266860A2D28BF62
:10B420000A256D42156006E5ED682E46EB7816F8A4
:10B43000070BAA7869780396AE7902966E79019621
:10B440002D7900950FF06AF801210546208814F047
:10B4500046FA012104460C3014F0BFF90570EAE405
:10B46000E868C1790AF0F4FF01210546208814F04C
:10B4700036FA012104460C3014F0AFF90570DAE415
:10B480006046032114F02BFA032104460C3014F01B
:10B49000A4F90146002301F8023B0130FDF7BCF896
:10B4A000C9E400BFD004002008000020F7FFFF7FA0
:10B4B0003030F8F7FFE3801CF105FFFFB8520020A1
:10B4C00084520020905200200220ED6802F00CF916
:10B4D000002840F0F6876F7A17F0050F07F0FD0897
:10B4E00000F0EB8718F0F80F40F0E7872B780C930B
:10B4F0006B780D93AB780E93EB1C0F930A354FF0DE
:10B500000209052696FAA6F30122B3FA83F302FA9A
:10B5100003F3DAB213EA080301F007802888698888
:10B52000B5F806C0B5F808E0B5F80AA0032840F25F
:10B53000CC87032940F2C987ACF106039BB240F6E1
:10B540007A4B5B4500F2C187BEF5FA7F80F0BD877C
:10B55000AAF10A039BB240F6764B5B4500F2B58731
:10B560000EF101039BB20CFB03F3B3EB8A0F80F2E5
:10B57000AC870D9B01930F9B0093CDE904A2CDE90D
:10B5800002CE0E9B0C9A1035F7F7F6FC002840F01F
:10B59000F981731EB9F1010F06EA030640F07C87BA
:10B5A00007F00400ECE1ED68AE79EB78AA78287832
:10B5B000A919EF1D91F907C069780296CDE9037CBE
:10B5C0006E7901962D7900950EF0F2FE0121054667
:10B5D000208814F084F9012104460C3014F0FDF8A1
:10B5E000057028E4EA68168892780023CDE90233D2
:10B5F000CDE900330221B0B205F0D6F803210546AB
:10B60000208814F06CF9032104460C3014F0E5F89E
:10B610000570A0F801600EE4E96800220E884B88EE
:10B62000039208890290C888019089880091B0B27D
:10B63000022105F0B9F803210546208814F04FF9DE
:10B64000032104460C3014F0C8F80570A0F801601E
:10B65000FFF7F1BB12A80EF0A1FF032105462088D9
:10B6600014F03DF9032104460C3014F0B6F80570CF
:10B67000BDF84820A0F80120FFF7DDBBEB687F256F
:10B680009A785978187804950023CDE90233CDE9EA
:10B69000003301230EF08CFE01210546208814F0B2
:10B6A0001EF9012104460C3014F097F80570FFF7DD
:10B6B000C2BBEA68002310780121CDE90233CDE94D
:10B6C00000331A460EF02AFF01210546208814F0A7
:10B6D00006F9012104460C3014F07FF80570FFF7DD
:10B6E000AABB0921604614F0FAF8092104460C307F
:10B6F00014F073F80346D749D74818600022596000
:10B700001A72FFF798BBEB681E8800220621B0B2C0
:10B7100009F076FF03210546208814F0E0F80321A4
:10B7200004460C3014F059F80570A0F80160FFF7DA
:10B7300082BBEA6832F8026B0021B0B209F060FF08
:10B7400003210546208814F0CAF8032104460C3072
:10B7500014F043F80570A0F80160FFF76CBBEA68CD
:10B76000114602F10C0331F8020B0A320AF05CF8C0
:10B7700001462088FFF759BB6046092114F0AFF855
:10B78000092104460C3014F028F8002300F8013B8E
:10B7900008210BF087FDFFF74EBBE868002312AAD3
:10B7A00000F1100110F09AF82088112114F097F898
:10B7B000112104460C3014F010F80646002306F858
:10B7C000013B12AD07460FCDC7F801007160B260B2
:10B7D000F360FFF730BBEB68188805F08FF801467F
:10B7E0002088FFF722BBEB68604608211E8814F012
:10B7F00076F8082104460C3013F0EFFF0546E91CEB
:10B80000B0B205F01BF8A5F801602870FFF713BB74
:10B81000E8680AF089F901210546208814F05FF8EC
:10B82000012104460C3013F0D8FF0570FFF703BB6D
:10B83000E96800224B88088803920D890295CD881B
:10B84000019589880091114604F0AEFF01462088D9
:10B85000FFF7EBBAE8680AF09DFB01210546208856
:10B8600014F03DF8012104460C3013F0B6FF0570CA
:10B87000FFF7E1BAE8680AF0F9FA012105462088E5
:10B8800014F02DF8012104460C3013F0A6FF0570CA
:10B89000FFF7D1BA0AF0C0FA01210546208814F05A
:10B8A0001EF8012104460C3013F097FF0570FFF7D6
:10B8B000C2BA6046022114F012F8022104460C308C
:10B8C00013F08BFF0023037005460AF0A3FA68709B
:10B8D000FFF7B1BA304609F05BFF01210546208829
:10B8E00013F0FDFF012104460C3013F076FF0570C4
:10B8F000FFF7A1BA0120ED6801F0F6FE0646002828
:10B9000040F0DF8528886988B5F80F70B5F811C058
:10B91000B5F813E0031F9BB243F6FC72934200F2AA
:10B92000D4850B1F9BB2934200F2CF85BB1F9BB205
:10B9300040F67A42934200F2C885BCF5FA7F80F067
:10B94000C485AEF10A039BB240F67642934200F200
:10B95000BC850CF101039BB207FB03F3B3EB8E0F25
:10B9600080F2B3856B792A79CDE904E6CDE9027CD2
:10B970000635AE7901960095F7F7FEFA014610B943
:10B9800009F0C8FE01462088FFF74FBA0120ED6894
:10B9900001F0AAFE0346002800F0B68420880121A9
:10B9A00013F09DFF012104460C3013F016FF0C2309
:10B9B0000370FFF740BA11A8ED68FFF7D9F8002827
:10B9C00000F0BE84119CFFF736BA11A8ED68FFF7AE
:10B9D000CFF80346002800F0CD84119CFFF72BBA66
:10B9E00011A8ED68FFF7C4F8002800F0E584119C69
:10B9F000FFF721BAE9680120FCF718FE012105468E
:10BA0000208813F06CFF012104460C3013F0E5FE92
:10BA10000570FFF710BA11A8FFF7AAF8054600282D
:10BA200000F0FE84119CFFF706BA0120ED6801F0DA
:10BA30005BFE002800F038842088012113F04FFFBE
:10BA4000012104460C3013F0C8FE0C230370FFF7ED
:10BA5000F2B900BFFFFF030000FFFF3F0421604673
:10BA600013F03DFF042104460C3013F0B6FE0346EC
:10BA700000221B2007211A7058709A70D970FFF7A6
:10BA8000DAB911A8ED68FFF773F8002800F0A68472
:10BA9000119CFFF7D0B96046092113F020FF09215E
:10BAA00004460C3013F099FE0346002503F8015BB1
:10BAB000C0F801505D600646FCF74EFD2B460A4675
:10BAC00061F30703C1F30721120C61F30F2362F343
:10BAD0001743120A62F31F63C6F80100C6F8053067
:10BAE000FFF7A9B9EA68BF4B1168196052685A603C
:10BAF0006046012113F0F3FE012104460C3013F0DF
:10BB00006CFE00220270FFF796B911A8ED68FFF7EE
:10BB100017F8002840F05083287812A901F00AFE97
:10BB20000646002840F03D83EB78AA7869789DF8B6
:10BB300048000435009503F051F90121054620889D
:10BB400013F0CDFE012104460C3013F046FE0570C3
:10BB5000FFF771B90220ED6801F0C6FD002800F082
:10BB60002E832088012113F0BAFE012104460C30F7
:10BB700013F033FE0C230370FFF75DB911A8EE68D4
:10BB8000FEF7DEFF002840F0FB82307812A901F0BA
:10BB9000D1FD0546002840F0E882711C9DF8480060
:10BBA00002F03AFC01210546208813F098FE01219D
:10BBB00004460C3013F011FE0570FFF73CB911A8D4
:10BBC000ED68FEF7BDFF0346002840F0AB842878FF
:10BBD000002800F015846A78002A00F01184824A57
:10BBE0001360824A1360AA88698804F00FF8012163
:10BBF0000C280546208808BF002513F070FE01219F
:10BC000004460C3013F0E9FD0570FFF714B911A8D4
:10BC1000ED68FEF795FF002840F07E84AF7817F0BE
:10BC2000050F00F06C8417F0FA0F40F068846B7811
:10BC300095F800B00C9303354FF0020805264FF03D
:10BC4000010996FAA6F2B2FA82F209FA02F2D2B227
:10BC500050003A40C0B200F03C842B78B5F8011097
:10BC6000B5F8032003F00103184305350C9B00933E
:10BC70005B46F5F74DFE731E1E408246002840F0DD
:10BC8000FB83B8F1010F00F0F7834FF00108D8E70C
:10BC9000EB6818880AF0D2FB2088012113F01FFE00
:10BCA000012104460C3013F098FD00220270FFF7CA
:10BCB000C2B8EB6818780AF0A9FB01210546208874
:10BCC00013F00DFE012104460C3013F086FD0570C3
:10BCD000FFF7B1B8EB68186812909A889B798DF8D5
:10BCE0004E3060460721ADF84C2013F0F8FD0721D7
:10BCF00004460C3013F071FD0546411C12A80AF0F1
:10BD000051FB2870FFF797B8EB68186812909A8873
:10BD10009B798DF84E3060460721ADF84C2013F02A
:10BD2000DEFD072104460C3013F057FD0546411C8B
:10BD300012A80AF0FDFA2870FFF77DB8ED682E46CC
:10BD40007F2716F8070BEB78AA786978CDE90367A7
:10BD5000AE7902966E7901962D7900950EF028FB4A
:10BD600001210546208813F0BAFD012104460C305C
:10BD700013F033FD0570FFF75EB811A8FEF7E0FE83
:10BD80000646002800F06883119CFFF754B811A8FC
:10BD9000FEF7D6FE0646002800F0FD82119CFFF754
:10BDA0004AB8EB689A78597818780023CDE90233BD
:10BDB000CDE900330EF0B2FB01210546208813F0D7
:10BDC0008EFD012104460C3013F007FD0570FFF7CE
:10BDD00032B811A8FEF7B4FE002800F02E83119CA3
:10BDE000FFF729B800000020BC520020C0520020FC
:10BDF00011A8ED68FEF7A4FE002840F0CF81287856
:10BE000012A901F097FC0546002840F0BC819DF87E
:10BE1000480002F013FB01210546208813F05FFD66
:10BE2000012104460C3013F0D8FC0570FFF703B86D
:10BE300011A8EE68FEF784FE88BB7778002F00F02B
:10BE40004B83354607F1FF38A7F1020E06F1040CCB
:10BE5000804540F3AA83C3B25A1CD2B2974240F243
:10BE60005E83AEEB030250FA82F295F802900CEB7F
:10BE700082022B4602E09A4200F0518399794945AB
:10BE800003F10403F7D12088012113F028FD0121DB
:10BE900004460C3013F0A1FC122303701194119C82
:10BEA000FEF7C9BF11A8ED68FEF74AFE002840F072
:10BEB000F881287812A901F03DFC0646002840F0E0
:10BEC000E581EB78AA7869789DF8480004350095FB
:10BED00003F050FA01210546208813F000FD0121EE
:10BEE00004460C3013F079FC0570FEF7A4BF6046E1
:10BEF000022113F0F4FC022104460C3013F06DFC17
:10BF000005460AF0BBF8002368702B70FEF793BF5C
:10BF10000AF0B6F801210546208813F0E0FC012163
:10BF200004460C3013F059FC0570FEF784BFE86836
:10BF30000025C378827841780078CDE90255CDE9B3
:10BF400000557F2504950EF033FA0121054620881F
:10BF500013F0C5FC012104460C3013F03EFC0570C3
:10BF6000FEF769BFEB681A78D00744BF0721597004
:10BF7000910744BF07229A709978587804F02CFDF5
:10BF800001210546208813F0AAFC012104460C304B
:10BF900013F023FC0570FEF74EBFEB6860460521E9
:10BFA0001E8813F09CFC052104460C3013F015FC90
:10BFB00005462A1DB0B2E91C04F0EAFCEB782A79A8
:10BFC0002870002B93FAA3F3B3FA83F308BF4FF062
:10BFD000FF330133EB70002A92FAA2F3B3FA83F332
:10BFE00008BF4FF0FF330133A5F801602B71FEF756
:10BFF00022BFEB6899781888B3F80550CA0703D5B3
:10C00000DA7842F00702DA708F0703D51A7942F026
:10C0100007021A71D9781B7941EA0302072A00F254
:10C020008E824E0700F035825A0700F0328215F0FA
:10C0300003021CBF05F1FF3505F0010204F0D6FC38
:10C0400001462088FEF7F1BEE8680AF05DF801219C
:10C050000546208813F043FC012104460C3013F000
:10C06000BCFB0570FEF7E7BEE86800F11702C11DD2
:10C070000AF0D8FC01210546208813F030FC01218C
:10C0800004460C3013F0A9FB0570FEF7D4BEEB6834
:10C090009978188804F0F8FB01462088FEF7C5BEA1
:10C0A000EB681E8812A9B0B204F0FAFC052105461F
:10C0B000208813F014FC052104460C3013F08DFB8E
:10C0C0000570A0F80160BDF84830A0F80330FEF715
:10C0D000B2BE0C230370FEF7AEBE119CFEF7ABBEE2
:10C0E0000C230370FEF7A7BE12230370FEF7A3BE56
:10C0F000C54AC6491368086823441360002112F03A
:10C1000051FD119CFEF797BE0121604613F0E7FB3D
:10C11000012104460C3013F060FB12230370FEF77C
:10C120008ABE0121604613F0DAFB012104460C307F
:10C1300013F053FB0C230370FEF77DBE2B68002B1E
:10C14000FEF679AEB24AB04BB2480021116020220F
:10C15000196014F006FA2B685B422B60FEF76BBE89
:10C160002B68002BEEDDFEF766BE2088012113F060
:10C17000B6FB012104460C3013F02FFB119405701F
:10C18000119CFEF758BE2088012113F0A8FB012165
:10C1900004460C3013F021FB11940570119CFEF73E
:10C1A0004ABE2088012113F09AFB012104460C307D
:10C1B00013F013FB11940670119CFEF73CBE287817
:10C1C000EF2800F2CC81B5F801806B79B5F80360F7
:10C1D0002A7A08F01801182946EA0346EB880BD0A2
:10C1E00043EA02439E4200F2AD811F2E40F2AA8133
:10C1F000B3F5804F00F2A6812B7D032B00F2BC81AA
:10C20000AB7D032B00F2B88112A901F0A3FA074617
:10C21000002840F0BE81EB7C8DF843302B7E0A93E2
:10C22000EB7D0993AB7D0120013B00FA03F3DBB208
:10C2300008936B7D07932B7D013B00FA03F3DBB280
:10C2400006930DF143030593AB7C04936B7A039340
:10C2500005F10C030293EB7A0193A87A0090324621
:10C26000072341469DF8480001F096FA0221054651
:10C27000208813F034FB022104460C3013F0ADFA91
:10C2800005709DF843204270FEF7D5BD208801213E
:10C2900013F025FB012104460C3013F09EFA119493
:10C2A0000670119CFEF7C7BD2B792A88012B0AD096
:10C2B00069888A4200F2F4801F2A40F2F180B1F5C9
:10C2C000804F00F2ED800021CDE90911CDE9071181
:10C2D000CDE90511A87B0490687B0390E81D0290CE
:10C2E000A879019068790090084601F055FA01217B
:10C2F0000546208813F0F3FA012104460C3013F0B0
:10C300006CFA0570FEF797BD287880B36A7872B32F
:10C31000414A1360414900220B60114603F076FC4C
:10C3200001210C280546208808BF002513F0D7FA04
:10C33000012104460C3013F050FA0570FEF77BBD66
:10C340006B79B5F80320B5F801102878AD79009520
:10C35000F5F7DEFA01210546208813F0C0FA012125
:10C3600004460C3013F039FA0570FEF764BD4FF047
:10C37000FF33CFE729780246F4F75AF90121054641
:10C38000208813F0ACFA012104460C3013F025FA92
:10C390000570FEF750BD2088032113F0A0FA032199
:10C3A00004460C3013F019FA054602F043F82E70DB
:10C3B000A5F80100FEF73FBD2A4612F8011B01F067
:10C3C0007DFF01210546208813F089FA01210446EA
:10C3D0000C3013F002FA0570FEF72DBD2A4612F854
:10C3E000011B01F0FDFE01210546208813F077FABC
:10C3F000012104460C3013F0F0F90570FEF71BBD67
:10C400004FF0FF33FFF7EDBBB05200208852002001
:10C41000B452002090520020BC520020C052002094
:10C420002088022113F05BFA022104460C3013F03D
:10C43000D4F905704570FEF7FEBC02F02DF801211D
:10C440000546208813F04BFA012104460C3013F006
:10C45000C4F90570FEF7EFBC2088022113F03FFA03
:10C46000022104460C3013F0B8F9054601F0E4FF50
:10C470002E706870FEF7DFBC2088012113F02FFAC0
:10C48000012104460C3013F0A8F980F800A0FEF753
:10C49000D2BC1221FEF7C8BC4FF00109FFF732B839
:10C4A0002088012113F01BFA012104460C3013F0FF
:10C4B00094F912230370FEF7BEBC20881121FEF709
:10C4C000B4BC20880C21FEF7B0BC20881221FEF7F6
:10C4D000ACBC1146FFF7CABB3378002B7FF4D3AC5A
:10C4E00001F04CFC01210546208813F0F8F90121E8
:10C4F00004460C3013F071F911940570CFE42088D4
:10C50000012113F0ECF9012104460C3013F065F918
:10C5100011230370FEF78FBC119CFEF78CBC013019
:10C52000043595E4119CFEF786BC5200009302F09E
:10C53000FE0019461A46F5F7EBF9FFF727B8112167
:10C54000FEF772BC2088012113F0C9F901210446CD
:10C550000C3013F042F911230370FEF76CBC2088F5
:10C56000012113F0BCF9012104460C3013F035F918
:10C5700012230370FEF75FBC2088012113F0AFF98E
:10C58000012104460C3013F028F911230370FEF743
:10C5900052BC2088012113F0A2F9012104460C307D
:10C5A00013F01BF90770FEF746BC06F1020811E014
:10C5B00098F80330B8F8012031789DF84800F4F776
:10C5C00037F808F104087B1E054658B913F0FF053B
:10C5D00008D02F4698F8000012A901F0ABF80546E4
:10C5E0000028E5D02088012113F079F901210446C3
:10C5F0000C3013F0F2F80570FEF71DBC2DE9F8437E
:10C6000000230B60038A032B2ED9054688460C3085
:10C61000042113F001F92B8A4788B0F80090BB423F
:10C6200022D31B2F20D803F0D1FF4FEA193633460F
:10C630000446F8B19B0817D1D6B1012E14D1237945
:10C64000677166F301032371E9683A46E01D13F050
:10C6500060FF2146C9F30B0003F0C4FF08B9BDE831
:10C66000F883204603F0B8FF6FF01500BDE8F883AB
:10C670000226E4E70F4B1B689B0117D54FF0FF32F2
:10C680004FF0FF330220F9F7A5FF0221C8F80000A0
:10C690000C3013F0A2F84FF48D730380D8F800002B
:10C6A00001210C3013F099F8012303706FF068003A
:10C6B000D5E700BF08000020F8B50E4B1B68DB066D
:10C6C00000D4F8BD02F10C0406460D4620460221B6
:10C6D00013F083F8034640F205421A8020460421F5
:10C6E00013F07BF800270770A0F801503278C27071
:10C6F000F8BD00BF0800002070B590F82030C68853
:10C7000003F00303013B012B01D900DE70BD044699
:10C7100001F10C052846042113F05FF894F820304D
:10C7200003F00303022B0CBF46F4005346F480537E
:10C73000038094F82130438094F82110284613F0A8
:10C740004CF894F8212004F1230113F0E2FE0D4B84
:10C750001A68002ADADD0C480C4903680968591A7E
:10C7600091420AD201330F2E036009D8084A32F8E9
:10C770001630013322F8163070BD00DE0368F1E791
:10C7800000DEF3E7B8520020B4520020B05200207F
:10C79000905200202DE9F04F0379C688032B89B011
:10C7A00004460D4600F120071DD0053B182B30D85C
:10C7B000DFE813F033008402710297022F002F008C
:10C7C00052022F002F002F002F002F002F00A40156
:10C7D0002F002F002F0065010301EC0023020C0243
:10C7E000F901D801B20090F82330033B0E2B10D88A
:10C7F000DFE813F0B7020F000F00DE02A9020F00FE
:10C8000034030F000F00F70218030F0083020F001C
:10C81000100000DE09B0BDE8F08FCC4B077EA67E8D
:10C8200094F8198093E803000B0C8DF81E3094F8EF
:10C830002030ADF81C107F4259067FB20690C6F337
:10C84000400600F12183C24B5B6803F00053002EC9
:10C8500040F05383002BDDD0BE4B1B689B07D9D51E
:10C86000CDE9006694F8200004F1220BC0F380119A
:10C8700033465A4600F00F00FDF7EEFA0028C9D102
:10C8800094F8203003F00F03012B00F0F08394F8AC
:10C890002130A3F1060A9A1D05335FFA8AFADBB24A
:10C8A0005FFA82F9059356460C350221284612F0AC
:10C8B00094FF3E23037080F801900121284612F076
:10C8C0008CFF034602221A700599284612F085FF54
:10C8D0000123037094F8203003F00F0320336B44DE
:10C8E000054613F8083C437009F0C8FB804580F00A
:10C8F000B0834046EA1CA91C09F09CFBAB780233CC
:10C90000AB7085F809A00A3504F1280132462846A3
:10C9100013F0FFFDAF557DE78D4B5B6898007FF509
:10C9200079AF8C4B1B6819057FF574AF0C3502216C
:10C93000284612F052FF40F23E6303800121284650
:10C9400012F04BFF0C2303700521284612F045FF1F
:10C9500094F820300370A0F8016094F82120002A98
:10C9600092FAA2F3B3FA83F308BF4FF0FF33013317
:10C97000C37094F8222092FAA2F3002AB3FA83F348
:10C9800008BF4FF0FF330133037143E70A463846CF
:10C990003146FFF791FE0F2E3FF63CAF6E486F49D0
:10C9A000046831F816306E4A23440360136800208F
:10C9B000013B21F8160013602CE7F80700F14783CC
:10C9C00094F82070002F00F06D82614B5B68990035
:10C9D0007FF520AF5F4B1B6840F20122134203F446
:10C9E00000783FF417AF0C35002F40F065825C4AA9
:10C9F000136801331360B8F1000F00F0D9820221EF
:10CA0000284612F0EAFE41F63E73038001212846D3
:10CA100012F0E3FE03460A221A7028461E2112F085
:10CA2000DCFE0770A0F8016094F82130C37094F820
:10CA300022300371D4F82330C0F80530B4F8273021
:10CA4000A0F80930D4F82F30C0F80B30B4F83330E8
:10CA5000A0F80F30D4F82930C0F81130B4F82D30D8
:10CA6000A0F81530E38EA0F81730238FA0F8193006
:10CA7000638FA0F81B3094F83C304377CAE6344B00
:10CA80005B689B0040F1EF81324B1B685F0340F114
:10CA9000EA810C350221284612F09FFE40F63E1333
:10CAA00003800121284612F098FE13230370082109
:10CAB000284612F092FE0546A07900F05DFE28702F
:10CAC00094F82030C3F380136B70D4F82230C5F88B
:10CAD0000230E38CEB80667E09F0D0FA864205F1E5
:10CAE000020704F1220880F056823A46691C30465B
:10CAF00009F0A0FA6B7802336B708BE6144B5B681D
:10CB000099007FF587AE134B1B689A037FF582AEC1
:10CB10000C350221284612F060FE40F23E6303808D
:10CB20000121284612F059FE1223037005212846E0
:10CB300012F053FE237A03700546A07900F01CFE24
:10CB4000687063896B80637A2B7163E6B0090200B9
:10CB50000800002000000020B05200209052002069
:10CB600084520020CC4B5B689B007FF553AECB4BCF
:10CB70001B681F037FF54EAE0C350221284612F0CC
:10CB80002CFE40F23E4303800121284612F025FE90
:10CB9000142303700321284612F01FFE068094F828
:10CBA0002030837036E6BE4B1B681A027FF532AE2A
:10CBB0000C350221284612F010FE40F25723038064
:10CBC0000221284612F009FE068023E6B24B5B687C
:10CBD00019044FF000047FF51DAE0C3502212846E4
:10CBE00012F0FBFD4FF44C7303800321284612F032
:10CBF000F4FD0470A0F801600CE6A74B5B689A0096
:10CC00007FF508AEA54B1B685B077FF503AE0C35BF
:10CC10000221284612F0E1FD40F63E230380012167
:10CC2000284612F0DAFD0346032228461A7009212D
:10CC300012F0D3FDFD0700F1208294F8203003703C
:10CC4000A0F80160638CA0F80330A38CA0F8053035
:10CC5000E38CA0F80730DDE58F4B5B689C007FF527
:10CC6000D9AD8E4B1B68D8037FF5D4AD0C350221AE
:10CC7000284612F0B2FD4FF49F730380012128462D
:10CC800012F0ABFD112303700021284609B0BDE866
:10CC9000F04F12F0A2BD90F8203003F00F03072BE5
:10CCA00004D190F82130002B40F0B5812A4621466E
:10CCB000384609B0BDE8F04FFDF784BA90F820304F
:10CCC00003F00F03072BF1D190F82130002BEDD0AA
:10CCD00001232A462146384609B0BDE8F04FFDF74A
:10CCE0003FBC90F8203003F00F03072BDED190F803
:10CCF0002130002BDAD00423EBE7674B5B689A0006
:10CD000040F1B780654B1B689B0640F1B2800C3543
:10CD10000221284612F061FD40F63E3303800121D6
:10CD2000284612F05AFD062303700A21284612F005
:10CD300054FD0680A38C4380E38C8380238DC380C5
:10CD4000638D038166E590F824300E2B7FF462AD8D
:10CD50000B46324600211A2009B0BDE8F04FFDF71E
:10CD6000F5B94D4B5B689A007FF554AD4B4B1B6892
:10CD7000DB067FF54FAD0C350221284612F02DFD64
:10CD800040F63E5303800121284612F026FD05237C
:10CD900003700C21284612F020FD034623F8026B95
:10CDA000616AA26AC0F802105A60A38D438131E51E
:10CDB000394B1B681F064FF000047FF52BAD0C3577
:10CDC0000221284612F009FD4FF4816303800421FB
:10CDD000284612F002FD01230470A0F80160C37020
:10CDE00018E52D4B1B6818054FF000077FF512ADB5
:10CDF0000C350221284612F0F0FC034640F60C02E6
:10CE00001A802846082112F0E8FC0770A0F801609B
:10CE100094F82430C370B4F825308380B4F82730F8
:10CE2000C380F7E41C4B90F824401B6819067FF57B
:10CE3000F1AC0C350221284612F0CFFC4FF481638F
:10CE400003800421284612F0C8FC002C08BF1F24D0
:10CE500000230470A0F80160C370DBE40B46324687
:10CE60003946002078E7F0B209B0BDE8F04F00F095
:10CE700083BC0023CDE90233CDE900331A2202211D
:10CE8000304603F091FCC5E4002104F12203424640
:10CE9000084609F0EBF9D6E4080000200000002065
:10CEA000D004002094F8220004F12903FF2204F1A9
:10CEB000230109F0DBF988E5B8F1000F40F0AD80FF
:10CEC0000221284612F089FC41F23E330380012101
:10CED000284612F082FC012303701221284612F02A
:10CEE0007CFCC0F80180C0F80580C0F80980C0F85B
:10CEF0000D8080F8118007708CE4002B3FF48AAC21
:10CF0000674B1B685A057FF585AC94F8200000F04C
:10CF10000F03012B40F0C080002304F12206C0F370
:10CF20008011CDE90033324600F00F00FCF794FF8A
:10CF300000287FF46FAC0C350221284612F04DFC1E
:10CF400041F23E2303800121284612F046FC0346AD
:10CF50000B221A702846112112F03FFC40F20113F7
:10CF60000380054609F08AF8804580F08880EA1C35
:10CF70004046A91C09F05EF8AB780233AB7094F818
:10CF80002030C3F3C0136B72A36AC5F80A30A38DB7
:10CF9000EB812F743EE494F82030C3F380136B7060
:10CFA000D4F82230C5F80230B8F80430BB8031E440
:10CFB0000221284612F011FC41F23E330380012188
:10CFC000284612F00AFC034601221A702846122154
:10CFD00012F003FC0770A0F8016094F82130C370D0
:10CFE00094F8223003F001030371D4F82330C0F821
:10CFF0000530B4F82730A0F80930E38EA0F80B30E4
:10D00000238FA0F80D30638FA0F80F3094F83C30D8
:10D010004374FFF7FFBB02235BE60221284612F0B0
:10D02000DCFB41F63E7303800121284612F0D5FB5C
:10D030000A2303701E21284612F0CFFB04461D224E
:10D040000021013013F08DFA2770FFF7E3BB00DEFB
:10D05000B6E494F82030C3F38013AB70D4F82230D8
:10D06000C5F80330BBF80430A5F8073049E40B23BA
:10D0700005934FF00C09B24616E400DEDDE594F8A6
:10D080002030C3F38013AB70D4F82230C5F80330DE
:10D09000B388A5F8073072E700DE94F820003BE77C
:10D0A0000000002070B500F10C040E46204602215D
:10D0B000154612F092FB40F21353038005212046DF
:10D0C00012F08BFB01230370A0F80160A0F803505D
:10D0D00070BD00BF0379032B08D0053BDBB2182BD2
:10D0E00001D900207047064AD05C704790F8203084
:10D0F00003F00303032B14BF05200420704700BF77
:10D10000880A0200144B4FF0FF32D0B51A60134B5F
:10D11000134C144A20604FF0FF3641F6FF77C3E905
:10D120000067114B1148124C00260027C2E9006726
:10D13000104A1F2600270021C3E900670E4B11602B
:10D14000016020220D482160196013F00AFABDE841
:10D15000D040FCF73BBE00BFC052002008000020BA
:10D1600088520020D004002000000020B45200208B
:10D1700084520020B8520020B0520020905200206B
:10D1800010B504789DF808E004F00F0402F1FF3CAC
:10D19000072C1FFA8CFC24D0022C13D0012C4CD06D
:10D1A0004B781033DB00002C40D140781030C000A9
:10D1B00003F2E54300F5B372184412FB0CF3184474
:10D1C00080B210BD41780CEB8C03C3EB0310400020
:10D1D00001F11003DB0000F2053003FB020290B204
:10D1E00010BD4178580715D403F0030008440930F6
:10D1F000C000C3F34003D84080B20CEB8C0CCCEBE6
:10D200000C1C4FEA4C0C0CF2053C12FB00F0604485
:10D2100080B210BDC8004FEA4E0E2B300EF1010E49
:10D2200000FA0EF000F5BC7080B2E6E7062CBCD028
:10D2300040F21D404FF4F372BFE740F2AD5040F2B0
:10D240001622BAE700B583B00E4B05990E4ACB1AE9
:10D250009B08A2FB032313F47F7FC3F387020DD146
:10D2600002320091094BD2B201210020FBF784F871
:10D2700010F0FD0F04D103B05DF804FB00DEEFE712
:10D2800000DEF8E71055002015F9AC1B0DD40000A6
:10D2900000B50C4A0C4B821A9208A3FB023283B0F1
:10D2A000920802320090094BD2B201210020FBF714
:10D2B00063F810F0FD0F02D103B05DF804FB00DE4F
:10D2C000FAE700BF1055002015F9AC1B31D400005F
:10D2D00010B50C4650B9064B0022012102209C607B
:10D2E000F9F714FB00B910BD00DE10BD00DEF2E757
:10D2F00094000020416A11B10868FBF7D7BF70475E
:10D30000F8B505682F6E0646002F3AD06C6E0023E4
:10D310002B66002C3CD000211723696623714FF641
:10D32000FF73E3801E2204F1200013F01AF93C235E
:10D3300084F82030A6606B6BDBB121463846FBF7E2
:10D34000A3FF154B154AEB1A9B08A2FB032313F40A
:10D350007F7FC3F3870112D16C6B122323713C22B0
:10D360004FF6FF73E18022726381B5F8763027684B
:10D37000637221463846BDE8F840FBF797BF00DEF0
:10D38000EAE700DE6C6E2F6E00232B66002CC2D104
:10D3900000DE6C6EBFE700BF1055002015F9AC1B16
:10D3A00038B54B7F174A0C4604EB830392F800C054
:10D3B0001A6A1549137881F800C013F00E0F01D1D5
:10D3C000D8B938BD03F00F03072B07D00028F8D0D9
:10D3D000FBF7FAFF8442F4D000DE38BD9378C3F344
:10D3E00081150028EDD0FBF7EFFF8442E9D0EB0771
:10D3F000F2D56369002BEFD138BDFBF7E5FF84421E
:10D40000F7D138BD588000205780002000B1704708
:10D41000064B10B502460C46022001219C60F9F72C
:10D4200075FA00B910BD00DE10BD00BFE400002099
:10D4300000B17047064B10B502460C460220012190
:10D440009C60F9F763FA00B910BD00DE10BD00BFA3
:10D45000B4000020014610F8103B7BB110B50B4B17
:10D4600098608A6872B90A4C084B0022C1E90240F0
:10D4700011460120F9F74AFA10B910BDFFF740BF75
:10D4800000DE10BD00DE9868EDE700BFD40000208C
:10D4900001D3000038B5124C20460AF015FB34F8D1
:10D4A000042C6178A4F11C0322F44372002003EBE6
:10D4B000810122F00202C4E90300606142F00E0221
:10D4C00094F864401A83096A022262F342044FF41A
:10D4D000006506229D6683F8804008704A7038BD5A
:10D4E0002C55002038B5134C6569EB6DB3B905F1C7
:10D4F000500105F14C00F9F789F90346C0B1EB651D
:10D50000286803F033F80025606E6561FBF7B6FE0E
:10D51000206E6566FBF7A6FE256638BD00DE05F1C8
:10D52000500105F14C00F9F771F903460028E6D1E6
:10D5300000DEE4E710550020002878D130B53D4CDE
:10D5400094F88030D90785B057D5636953B193F803
:10D550002C2042F0020283F82C20636993F82C30CF
:10D56000DA0752D43348FBF717FF844255D1237EA4
:10D57000DB0703AD0DD5022103912F4B009503214D
:10D5800001220020FAF7F8FE2946FBF7F3FE0028F7
:10D5900036D102220321284B009500200392FAF78E
:10D5A000EBFE2946FBF7E6FE50BB2448FBF730FFB5
:10D5B000002836D11F48FBF7FBFE84422FD1A36B16
:10D5C0001BB1186801F062FA08BB63690BB1FFF781
:10D5D00089FF656B3DB1002363632868FBF742FE5A
:10D5E0002846FBF74BFE94F8803000206FF30003D1
:10D5F00084F8803002F0D0FC60B1002005B030BD6E
:10D600000C48FBF7D5FE84420FD10C20F6E77830AA
:10D61000DBD0FAE709F01CF8EFE700DEA7E700DE51
:10D62000CDE77830C6D000DEC4E700DEEDE70020AD
:10D63000704700BF105500201187000020550020C2
:10D6400003788BB110B50E4B00F110019960826820
:10D6500092B90C4C0A4B0022C0E90241114601204C
:10D66000F9F754F930B910BD416B11B10868FBF7F7
:10D670001DBE704700DE10BD00DE9968E9E700BFFF
:10D68000A4000020F5D20000836B1B681A780146C5
:10D690002AB19A68DAB9104AC3E90221704700B585
:10D6A00002F0FF000D4A0E4B8A1A9208A3FB0232C9
:10D6B00083B09208023200910A4BD2B20121FAF7EC
:10D6C0005BFE10F0FD0F04D103B05DF804FB00DE3B
:10D6D000E1E700DEF8E700BF91D20000105500201E
:10D6E00015F9AC1B31D400000B4A137823B901287B
:10D6F000107006D0002070478342FBD06FF01500F9
:10D700007047064AB2F8723003F0EF0343F010039B
:10D71000A2F872300020704756800020105500207B
:10D72000034B1878A0F10200B0FA80F0400970476E
:10D7300056800020064B93F87220D20606D593F847
:10D740007330834202D10020087070474220704736
:10D7500010550020074B93F87220D20604D483F8AA
:10D76000730000200870704793F873308342F8D03C
:10D77000072070471055002038B9064B93F87220E7
:10D78000D20603D593F873007047002300DE93F8A8
:10D7900073007047105500202DE9F04F8846BB49B3
:10D7A000BB4C074603C98DB094F880C00A900CF0BA
:10D7B000010C9DF87000049057EA0C079DF8780062
:10D7C000ADF82C1003909DF85C909DF864509DF886
:10D7D00068109DF874E09DF87CA09DF8800040F0F2
:10D7E0005081072B00F0BB80012B03F130036B4409
:10D7F00094F819C013F808BC84F874E094F87230F7
:10D800004FF0010E6EF3840C84F819C023F0300C35
:10D810004CF0300C08BF002284F872C003F01006F0
:10D82000238BA26605F0070501F003016D0023F4C8
:10D83000437323F0020345EA01251D43A37E25839C
:10D8400060F34103A376637F04EB83031D6A2A78A8
:10D8500002F00F03002E76D16BF303022A7002F060
:10D860000F02072A00D06E704FF0010B2A7802F0E9
:10D870000E01B1FA81F1490902F0EF0261F345129C
:10D8800082202A7002F00F02D040C2077FD494F8A1
:10D8900080109DF8582062F342014E0784F88010F2
:10D8A000C8B20CD5014669F3C30184F880101899F9
:10D8B00018980968C4F8811076498088888029788A
:10D8C00001F00F00012800F09381072800F0E880A4
:10D8D00002F001066A78002A66D0012B00F0D4819C
:10D8E000072B00F0D1812B7866F386136FF3C713F3
:10D8F0002B7024612D7805F00F05072D61D094F869
:10D90000293004EB8303DA6ABBF1000F40F0A680F4
:10D91000002A00F0A3801378507823F03F0343F0EF
:10D92000040313709DF8583011789B0103F04003F5
:10D9300001F03F010B43137008B9062353703846BA
:10D940000DB0BDE8F08F5B4500F0668102F00F027C
:10D95000072A76D02A786BF303022A7084E718F03E
:10D96000100F49D018F0200F40F0F4814A4B099372
:10D9700018F0080F94F872C05FFA88F340F0D8816D
:10D9800003F0030330336B4413F80C3C2CE7012BFA
:10D990003FF47DAF072B3FF47AAF6A78002A40F05E
:10D9A0007F8184F8402072E766F3861162F3C71125
:10D9B000062329706B7024612D7805F00F05072D63
:10D9C0009DD1BBF1000FBAD034480AF0B1F833480A
:10D9D0000AF08CF831480AF077F810F0FF0040F0B8
:10D9E0006D8194F8293004EB8303DB6A1A78587050
:10D9F00065F303021A70A2E708F0030CBCF1030FF1
:10DA000000F0948118F0080F40F09081049E94F883
:10DA100019C084F874E066F3840C9B4694F8723065
:10DA200084F819C094F81AC023F0300E4CF0010CA1
:10DA30004EF0300E84F81AC084F872E003F010063D
:10DA4000EEE6A26B002A00F0688100216970106880
:10DA50000593A16301F0A0F8059B7BE70F480AF04E
:10DA600067F80E480AF042F80C480AF02DF8C0B2E8
:10DA7000002840F0238194F8293004EB8304E26A03
:10DA800049E70C2738460DB0BDE8F08FB809020011
:10DA90001055002091550020030402003855002045
:10DAA000AB7868F38713AB7005F1020C2E1DBBF148
:10DAB000000F00F0BE80D9B23F294FF00003EB7099
:10DAC00040F21981CDE905339E46184633462A783F
:10DAD0006EF386122A7018F0040208D095F803E05D
:10DAE0004EF0020E09F00102063685F803E095F8C3
:10DAF00000E062F3C71E059A85F800E02AB1EA78D3
:10DB000042F0080202330236EA70002800F08C80EE
:10DB10000333EA7842F010020336EA70069A02B143
:10DB2000013318F0400F07D0002840F0DF80EA787A
:10DB300042F040020136EA70A6EB0C02D2B2022A91
:10DB40006DD902F1FF3E0EF03F0E6A70AA786EF3B7
:10DB50000502AA70069A02B1013BEA7852060AD57C
:10DB60001B9A002A00F0DE8012787F2A00F0D7800E
:10DB700006F8012C013E627E039961F3471262763A
:10DB800000B1033BEA78D00600F19A80059901B113
:10DB9000023B110709D51B8826F8023CC3F3032377
:10DBA00003EB0A1306F8013C023E94F872306AF364
:10DBB000030384F87230EB789A0700F18D80DB065E
:10DBC0007FF597AE09AB01930DF1230300936448F1
:10DBD00016AB00220121F3F7ABFA002840F0A48035
:10DBE000A36B9DF824205A759DF82330637780E657
:10DBF000930103F0400301F03F012A4643EAC913B1
:10DC00000B4302F8083B18990968A96018990C237E
:10DC1000898891806B706CE64FF0000B26E6EE1C55
:10DC20004FF0000E012290E718F0030F3FF476AF9B
:10DC30006FE7EB7895F802E08DF8203003F00201F1
:10DC4000079103F00801059103F040010691D907FF
:10DC500003F010004CBF05F10A033346BEF13F0F3D
:10DC600085F803B008D818F0200E05D110B104993A
:10DC7000042903D01E4646E04FF0000E079A002A02
:10DC80003FF425AF063322E794F84020354905F1EB
:10DC9000080012F03EFC94F8403006336B7022E628
:10DCA000052A59D9063AD2B22E48059305F1080142
:10DCB00084F8402012F02DFC059BE8E507273EE69E
:10DCC0000493039B033E03F007020021304600F05B
:10DCD00095FEEA78049B59E7189B1B6846F8063CBA
:10DCE000189B9B8826F8023CEB7868E7049A042A84
:10DCF0007FF41DAF20E718F020017FF4E3AECDE9FB
:10DD000005110846079102F0010EEA7842F001027F
:10DD10003346EA7005F10A06B0E76A701AE61B9905
:10DD200000220A70002223E7074608E6122706E6CB
:10DD3000627E84F874E0012363F384029B462CF036
:10DD4000300343F03003627684F872300CF0100632
:10DD50003A4665E51127F2E500DE6A78A2E700BFE2
:10DD6000105500205155002008B500F09DFB00B172
:10DD700008BDBDE80840FFF78DBB00BF08B5002017
:10DD8000FFF7DAFB002008BD08B50020FFF7D4FB41
:10DD9000014B0020187008BD5680002010B500F01F
:10DDA00099FBA0B90A4C94F87220034663F304125D
:10DDB00004F11C0084F87220A36309F097FE04F1BB
:10DDC000280009F093FEBDE81040FFF763BB10BDCB
:10DDD00010550020024B00280CBF18460020704749
:10DDE00010550020044A054B801A8008A3FB003020
:10DDF000C0F38F00704700BF1055002015F9AC1B11
:10DE0000044A0068044B801A8008A3FB0030C0F36A
:10DE10008F0070471055002015F9AC1B38B9054824
:10DE200090F8803013F0010F08BF002070470020E9
:10DE3000704700BF1055002028B9044B93F88000AC
:10DE400000F0010070470020704700BF105500200F
:10DE500048B9064B93F8800010F0010004D0587EBA
:10DE600000F0030070470020704700BF10550020ED
:10DE700038B9054890F8723013F0100F08BF002031
:10DE800070470020704700BF1055002010B584680F
:10DE9000B4F8783082B053B1B4F876209A4206D301
:10DEA000616B00224323A4F878200B7210E0E16F2D
:10DEB00091B3A26E40F27123A2FB03238A4273F155
:10DEC00000034FF0000027D3616BE0673C230B7227
:10DED000184B194AE31A9B08A2FB032313F47F7F14
:10DEE000C3F3870222D112204FF6FF730871CA8054
:10DEF0004B81B4F876304B72A06B78B1006800F0BB
:10DF0000B1FDC21C0D4B0094D2B201210020FAF7E2
:10DF100033FA30F002030BD102B010BD0232084BCD
:10DF20000094D2B20121FAF727FAF2E700DEDAE72D
:10DF300000DEF1E71055002015F9AC1BD1D200002E
:10DF400031D400002DE9F0418B7882B013F03F030B
:10DF500018BFCB788DF800300546C07E0C4608F01F
:10DF600001FD3E4B1B78022B0646207801D143066B
:10DF70002BD4C0F38010FAF77FFB0368C5F8873015
:10DF80008388A5F88B305EB3237843F04003237079
:10DF9000A2782378970603F00F0323D0E2788DF858
:10DFA0000420072B44D004F10208474633683B6045
:10DFB000B388BB80237803F00F03012B1AD0072B03
:10DFC00014D0384602B0BDE8F081EB6EC5F887305A
:10DFD000B5F87030A5F88B3005F16C00002ED3D168
:10DFE0000646D5E7072BDED100DE25E09DF80030A0
:10DFF0009907E6D5E87E08F0CDFC0028E1D023782B
:10E0000043F080032370A3789A0619D02378E2782E
:10E010008DF8042003F00F03072B1AD00368C8F80B
:10E0200006308388A8F80A30384602B0BDE8F0818F
:10E030009DF80430D807D7D504F10208271DB5E7AD
:10E04000237803F00F03072BE8D100DE08F1020864
:10E05000E4E79DF80430DB07F7D5F7E756800020AA
:10E0600070B5037803F00F03072B82B004460E4609
:10E0700014D183789A099B0627D0C3788DF8003095
:10E08000012A07D9234B93F8292003EB8203DB6A8B
:10E090005B782BB39DF80030DD072AD525461D4857
:10E0A0002946FFF74FFF2B785B061BD4237803F03C
:10E0B0000F03072B02D1A3787F2B03D915483146D4
:10E0C000FFF740FF002002B070BD012AFAD9114BC2
:10E0D00093F8292003EB8203DB6A5B78002BF1D1F4
:10E0E0000C20F0E70621F8F781FB0028DED1122092
:10E0F000E9E7D806E6D5074B9B6B5A7D03EB820315
:10E100009D69AB789906DDD0EB788DF80430DA079D
:10E11000C5D4D7E7105500201F2953D82DE9F04169
:10E12000437F00EB830390461F6A3A78822302F014
:10E130000F02D340DA0782B00D4604463AD40DF1FF
:10E1400007011C3009F05CFD3A78037802F00F02F9
:10E1500023F01F03134303703B780278C3F340138B
:10E1600063F3451202703B78D2B2C3F38013394691
:10E1700063F38612027011F8023BD2B2DB0963F33B
:10E18000C712064600F8022B062212F0D0F92A46E2
:10E19000414606F10800063512F0BBF9757094F897
:10E1A0008030DB0710D49DF807306377002002B081
:10E1B000BDE8F08180F840100A464130414612F037
:10E1C000A8F9F3E71220704794F8293004EB830391
:10E1D0003146DA6A2046F2F723FD0028E3D0E6E76D
:10E1E00010B90248FFF798BF0C2070471055002067
:10E1F0001F295ED82DE9F04190F8293000EB830308
:10E2000082B0DE6A0F460446904600F12805002ED3
:10E2100040D028460DF1070109F0F2FC037823F005
:10E220003F03314643F00403037011F8022BDBB2C5
:10E23000C2F3801203F03F0343EA82130370BB1D55
:10E24000437005460622023012F071F93A46414603
:10E2500005F1080012F05DF994F88030DA0707D470
:10E260009DF8073084F82930002002B0BDE8F08125
:10E27000627F04EB82024123116A0A7802F00F02E6
:10E28000D340DB07ECD52A462046F2F7C9FC00282C
:10E29000E6D0EAE7284609F017FCC0B258B994F86E
:10E2A000293004EB8303DE6A042333700623737082
:10E2B000AFE7122070470720D7E700BF10B9024828
:10E2C000FFF796BF0C2070471055002030B5456908
:10E2D000687A00F0E004802C08BF40228C7808BFE8
:10E2E00013467F284FEA941C4FEA5011C4F3801460
:10E2F00014D9A97AD00001F00102520001322B306A
:10E30000904000F27D40BCB39323934003F5BC736F
:10E310009BB24FF448621344184430BD8D1DA818B9
:10E320000330C0004FEA610E20FA0EF000F2053013
:10E3300084B101F12B0201F11603D200DB0022FAB5
:10E340000EF223FA0EF302F598729BB292B21344C6
:10E35000184430BDBCF1020FDFD15A1901F1150389
:10E360000332DB00D20023FA0EF322FA0EF203F599
:10E37000987392B29BB2EAE7BCF1020FCDD1DB00F9
:10E380002B33934003F5BC739AB24FF4E063DEE79E
:10E39000426990F825C0517E02EB810200EB8C03AC
:10E3A000D269996A5378927891F802C0C2F3050253
:10E3B0003E339B1A4A78CCF3050C3E32A2EB0C029A
:10E3C000DBB2D2B2FFF782BF0860704738B5059D57
:10E3D0009DF810C02C4614F8101B0131C9B22970E9
:10E3E00099B10B49C1E900028A7A0B816CF30002F2
:10E3F000084B8A720022CC60996001201146F8F720
:10E4000085FA00B938BD00DE38BD00DEE9E700BF9F
:10E41000B45500200401002010B50C46FFF728FD7C
:10E4200030B12368C366A388A0F87030002010BD07
:10E43000422010BDFB2070470120704770B5FFF7E8
:10E4400017FD20B3044690F8800010F001051BD1A1
:10E45000A36B4BB11E68A56306F1240009F068FBAD
:10E460000C493046F8F796F904F11C0009F044FB1A
:10E4700004F1280009F040FB94F872306FF30413A4
:10E4800084F87230284670BD0C25284670BD4225A0
:10E49000284670BDE455002008B50020FFF7CEFFE8
:10E4A0000C2818BF002008BD10B50748202108F02F
:10E4B00015FF044628B9054B054801224821F8F705
:10E4C0002FF9204610BD00BFC4550020E4550020A0
:10E4D000E855002008B50448044B01224821F8F70C
:10E4E0001FF9002008BD00BFE8550020E4550020BA
:10E4F00070B50020FFF7BCFC00B3836BF3B11D685F
:10E5000095F8452095F84430934217D10133DCB299
:10E51000022C15D006203823264610FB043006EBCB
:10E52000460605EB4606284407F026FB96F83D30E4
:10E5300060F3050386F83D3085F84540002070BD46
:10E54000002638203446EAE72DE9F04F89B014461A
:10E550004A7805908E1C00208DF81800BDF848E020
:10E56000139802961AB18A78970640F042818A7809
:10E5700000276FF305028A70B84601970397B946E2
:10E58000BA460D78227805F00F0522F03F022A43A3
:10E5900022700A782578C2F3801262F386152570FE
:10E5A0000A78EDB2D20962F3C715224606F1020CD1
:10E5B00002F8025B8D7894F802B00492AD0965F31D
:10E5C000871BDD0784F802B040F1C6809DF8185023
:10E5D00045F001058DF8185004F10A05BAF1000F55
:10E5E00001D001F10A0C9A0740F19A809DF818A019
:10E5F0004AF0020A06358DF818A0B9F1000F01D0D3
:10E600000CF1060C13F0080900F0C4809DF8189076
:10E6100049F008098DF818904FF00209D0F801B0C0
:10E6200080F80090C0F8015005304D44039A0AB1BB
:10E630000CF1020CDA0640F1BF80C0F801509DF8E1
:10E64000189049F010098DF818904FF0030980F8E0
:10E6500000900530019A002A00F0B5804FF00009C3
:10E660009DF818A01AF0100F0CF1030C18BF033519
:10E67000B8F1000F40F0B38047B19DF8187047F033
:10E6800040070CF1010C01358DF8187091F802A0CB
:10E690004F78CAF3050AACEB06060AF1010AF6B296
:10E6A0005FFA8AFA564500F2B880BA4500F2E68071
:10E6B000AAEB0606F7B20CEB0702029213F480787D
:10E6C00000F0B68090F80080C0F80150B8F1000F5B
:10E6D00008BFB846077045440530049AAA1AD2B25A
:10E6E000022A9CBFE51C01229E0540F1A7804E78BE
:10E6F000029BD0F80110C0F80130A6EB0A0690F892
:10E7000000A0F6B206700530BAF1000F40F0CF80DD
:10E71000002940F033810299CDF810A0D6469BE045
:10E720001EF0020F7FF469AFB9F1000F3FF46AAF3A
:10E730009DF818A091F800904AF0020A8DF818A0F0
:10E7400094F800A04FEAD91969F3C71A063584F87E
:10E7500000A00CF1060C55E7049A1EF0010F02F11F
:10E7600002057FF43BAFBAF1000F3FF43CAF9DF8D8
:10E7700018C00D784CF0010C8DF818C094F800C04A
:10E78000C5F3801565F3861C254605F80ACB01F113
:10E790000A0C28E71EF0080F3DD1039A002A00F06A
:10E7A0008D809DF8189049F00809E34602358DF8F0
:10E7B00018900CF1020C3DE71EF0100F7FF44AAFE9
:10E7C000019A002A7DD19DF818A0DDF804901AF076
:10E7D000100F18BF0335B8F1000F3FF44DAF9DF88F
:10E7E000188048F020080CF1120C12358DF81880B2
:10E7F00042E7CF788DF81C7007F00802039207F00B
:10E80000100207F0010A07F0020907F02008019240
:10E8100007F04007B5E6CB4608E76FB3CA1C13F410
:10E82000807802924FF0010A4FF000077FF44AAF60
:10E830001EF4807F04BFED19B8464EE75E0521D473
:10E840001EF4007E40F09A804E780299CDF810E0D8
:10E85000A6EB0A06F6B2F24606EB0E03FB2B22DC11
:10E8600093197344FF2B34DD013252443244027059
:10E87000452009B0BDE8F08FBA461FE71F2009B058
:10E88000BDE8F08F4E78D0F801300493A6EB0A066D
:10E8900090F800A00299F6B2D64606EB0E03FB2BC9
:10E8A00000F10500DCDD072009B0BDE8F08F564619
:10E8B0004FF0000AD646CDF810A0CDE7DDF80CB039
:10E8C000B8E69DF8189049F010098DF81890E146C7
:10E8D000C6E6A378501E60F30503A3700AEB060397
:10E8E000134463703246284611F021FE049B23B185
:10E8F00052461946A81911F00CFEA378980639D093
:10E90000029BDE1BB8F1000F55D19DF818707906F7
:10E9100005D516F8013C05F8013C013E013DBA065B
:10E9200041D4019B03B1033EFB0648BF033DB9F14F
:10E93000000F04D049460322284611F0F8FD039B3E
:10E9400003B1023E38070BD5BBF1000F3BD09BF85B
:10E95000003005F8023C9BF8013005F8013C023D0F
:10E96000B90718D4FA0710D4A3789B061CBF9DF8EA
:10E970001830E370002009B0BDE8F08FA378627012
:10E98000013A62F30503A370B7E70622B11FA81F7F
:10E9900011F0CDFDE8E7063E063D06223146284649
:10E9A00011F0C5FDDEE7123E123D12223146284627
:10E9B00011F0BDFDB5E7A5EB08053A4631462846FE
:10E9C00011F0B5FDA1E7DDF814C00B489CF87220EA
:10E9D00002F00F0230F81210C1F30B03013120F8DE
:10E9E000121005F8023C9CF872201B0A03EB02137C
:10E9F00003F0FF03B1E700BFC455002070B50378F2
:10EA00006FF30503037004460E46154608F062FFD7
:10EA10002278124B32288CBF0020012060F386122E
:10EA20002270A3FB062319095B0C04D00C4AA2FB3D
:10EA300006260123710920786170002D95FAA5F250
:10EA4000B2FA82F263F3C71008BF4FF0FF32C1F38E
:10EA5000042303EB42132070A37070BD898888885B
:10EA6000B5814E1B08B503494822F7F7ABFEC0B28B
:10EA700008BD00BFE855002008B5034900684822DA
:10EA8000F7F7A0FEC0B208BDE855002070B51849E0
:10EA900048220446F7F796FEC6B2F01C04F11002B5
:10EAA0002146C0B2FAF7DEFC054638B994F8463084
:10EAB00060F3000384F84630284670BD10F1780FEB
:10EAC000FAD040F66D230B4A0B490C4810F0BDFC00
:10EAD0000B482A46314610F0B8FC002383F3118816
:10EAE000BFF36F8F0323184602DF284670BD00BFB7
:10EAF000E8550020A40A0200E80A0200000B020008
:10EB0000200B020070B505462248F7F72DFE0028BD
:10EB10003CD0044600F1100300F12406AB623046FD
:10EB2000656108F0E3FF304608F0CEFF064638BBCB
:10EB3000022104F1180008F0B5FB022104F13600AF
:10EB400008F0B0FB94F8445084F84550062303FBCA
:10EB5000054305EB450504EB450503F1380007F0D7
:10EB60000BF895F83D3060F3050385F83D3094F8D7
:10EB70004630246166F3000384F84630204670BDB9
:10EB800000230449AB622046F7F704FE0024204628
:10EB900070BD00BFE455002010B50446243008F0D5
:10EBA000C7FF20460249BDE81040F7F7F3BD00BF9C
:10EBB000E4550020024B00280CBF18460020704787
:10EBC000E85500208C4690F8251000EB8101134693
:10EBD000896A6246FFF77ABB08B5054B0122986047
:10EBE00002211046F7F792FE00B908BD00DE08BD0D
:10EBF000F40000208268526912688260FFF746B90B
:10EC00002DE9F04F85B09A469DF838B00F9F4FEA36
:10EC10004B0B0BF0020B0BF101030193CAF3400CF9
:10EC2000002A79D083460AF00303DBF804B1DFF849
:10EC3000A491CDF80CC006330AF004080E46144621
:10EC400002934546BBF1000F66D07378002D66D065
:10EC5000019ADB002B33934003F5BC7322786FF3EA
:10EC60000502227003EB070808F034FE22783228F0
:10EC70008CBF0020012060F386122270A9FB0820BF
:10EC80000209400C04D0544BA3FB08235A0901206D
:10EC90002378627060F3C7132370BAF1000F9AFAF9
:10ECA000AAF3B3FA83F3C2F3042208BF4FF0FF3391
:10ECB00002EB4312A270D6F80431002B65D09BF80A
:10ECC000022092060BF1030426D0F0789BF8032073
:10ECD00060BB06F1030C8AB1D4076BD502F00201C8
:10ECE00002F004060BF10A0402F0080201B1063436
:10ECF000410748BF0CF1010C06B10134000726D4CE
:10ED000002B102349BF80320D10605D5DBF804B12B
:10ED10001E46BBF1000F98D105B0BDE8F08F029AF6
:10ED200013440333039ADB00D34097E706F1040C46
:10ED300000F00101A2B909B106F10A0C10F00206B7
:10ED400032D04107DED500070CF1070CD8D5002AD8
:10ED5000D8D09CF8002022709CF801206270D0E787
:10ED600009B106F10A0CD10754BF0BF104040BF1F1
:10ED70000A0410F0020F02F0020102F0040618BFAC
:10ED80000CF1060C02F00802B0E708F0EFFE0346B3
:10ED9000D0B19BF8012018460232594611F0B9FB58
:10EDA0000346C6F804018AE74207ABD50CF1010C13
:10EDB0003246A3E702F0020402F0040602F0080261
:10EDC00024B10BF10A0497E700DEE2E70BF104043B
:10EDD00092E700BF89888888B5814E1B2DE9F04FE6
:10EDE0008DB08B469A46FFF743F8002800F0DF818C
:10EDF00090F88030DB0706460BD490F872309D0601
:10EE000034D51BF0FD0F71D10C2528460DB0BDE89F
:10EE1000F08FBBF1020FF7D990F872309F0625D51D
:10EE2000BBF1040F2BD8152323FA0BF3DB0740F1BA
:10EE3000B481002209ABBBF1040F8DF82420CDF87A
:10EE4000252003931DD10DF11F0301930DF11E0326
:10EE500000934FF40071039B30461746F2F768F9B0
:10EE6000B8460546002D00F08C80CEE7BBF1040FBC
:10EE7000CAD004D8152323FA0BF3DA073ED509AB21
:10EE80000393B06B437D00EB83030DF11F0114303E
:10EE9000D3F8188008F0B4FE0024039D0746A1466D
:10EEA0004FF40073CDE900953A46414630468DF85F
:10EEB0002490CDF82590FFF747FB9DF824300028DB
:10EEC00040F0498123449CB204EB0A03FB2B00F37E
:10EED0007381D8F80431D7F80421002B00F0408169
:10EEE000002A00F0FB8117469846D9E7BBF1040FD2
:10EEF000C5D8152323FA0BF3DC079AD4169B8DF89B
:10EF000024A0BBF1010FCDF8253002D0BBF1030FD7
:10EF1000B5D10DF11F0201920DF11E0209AB009255
:10EF20004FF40071102230460393F2F701F945289F
:10EF3000054600F0F880002D7FF467AFB06B002825
:10EF400000F0EF80BAF1BF0F00F1140040F27281BF
:10EF5000169BCDF82530CDF82A3008A9BF238DF8AF
:10EF600024308DF8293008F04BFE9DF820209DF8C4
:10EF70001F300AF141059A42EDB2804640F0A1816E
:10EF80004746B36B002B00F0CC801BF0FD0400F073
:10EF9000F080002D00F095800023CDE90433BB788C
:10EFA00013F03F0318BFFB788DF8203008F0DEFD2A
:10EFB0000446002800F099810023E3706370072362
:10EFC00023709DF8203013F0080117BF082104F1C9
:10EFD0000309E17004F10409D8074CBF07F10A00E6
:10EFE000381D9B0704F1020248BF063011B10388A7
:10EFF00029F8023BA9EB02035FFA83FAA378BAF17E
:10F00000020F6FF38713A3709CBF04F103094FF045
:10F01000010A002D40F0D580049B5344FF2B00F3E0
:10F02000FD806370A3780AF1FF3262F30503A370D9
:10F03000049B002B40F04981727EDDF825807B78AF
:10F040007F2A4FEA521540F2ED80B27E02F00102B3
:10F05000DB0052002B330132934003F5297998F8F5
:10F0600000306FF3050388F8003008F033FCBC4B28
:10F07000A3FB092398F8002032288CBF0020012030
:10F0800002F03F0242EA8012002D95FAA5F5B5FA8A
:10F0900085F588F8002008BF4FF0FF351A0B02EB0A
:10F0A00045121B0988F8022088F80130D7F80401BE
:10F0B00020B10023C7F8043108F0C4FDC7F80441AB
:10F0C000B36B96F88020D10716D51C6894F84630AB
:10F0D00013F0010100F0C38008AD294606F11C00C1
:10F0E00008F08EFD002201463046F1F799FD0546F5
:10F0F00000287FF48AAEB36B9DF81F205A75BBF1D0
:10F10000010F50D0ABF10303012B4CD996F87230AC
:10F11000BBF1010F94BF0022012262F3451386F870
:10F120007230002571E6169ACDF825209DF8292029
:10F130000DF11F030193AAEB02020DF11E030093D0
:10F140008DF82420039B10224FF400713046F1F714
:10F15000EFFF0546EFE645283FF4B4AE00DEB1E62A
:10F160000546002A3FF47EAE00DE002D3FF409AFD5
:10F170004BE6039B8DF824A0CDE90043169BCDF808
:10F1800025303A464FF4806341463046FFF7DCF9BC
:10F19000002840F0AE80B36B93E7169B8DF824A057
:10F1A000CDF82530B2E69DF81E307377AEE74225E4
:10F1B00028460DB0BDE8F08FB84500F091800725D6
:10F1C00023E69DF82430DDF825102A4619444846E8
:10F1D00011F09FF9039B0193002300933A464FF4EB
:10F1E000047341463046FFF7AFF900285AD1049A1C
:10F1F0000AEB05031344FF2B10DCA37816990AF1E0
:10F20000FF3262F30503A370049BEB18A944534437
:10F2100063702A46484611F07CF909E7B84545D0A5
:10F220004525F2E52B440933DB006A10D34003F592
:10F23000967914E708A908F0E3FC9DF820109DF8E2
:10F240001F20914203463ED1D3F8040120B1002291
:10F25000C3F8042108F0F6FC0027B84691E6B26E28
:10F2600040F2712342F6DC30E2FB030140F2E2425D
:10F270000023F0F745FFA086F9F768F908AD1830CC
:10F28000089029462046F1F737FD089902462046A6
:10F29000F1F772FD58BB94F8463043F0010384F84F
:10F2A00046301AE7B84506D00546AEE5B36B9DF883
:10F2B0001F205A75B4E7B36B9DF81F205A75054699
:10F2C000A3E500DE5CE600DEBEE705991A46169B64
:10F2D00029441944484611F01CF9ADE600DE02E667
:10F2E000B36B9DF81F205A7569E700DE64E60D25B3
:10F2F0008BE545283BD1039D169BCDF82530CDF8F5
:10F300002A303A464FF482634146CDE90045304603
:10F310008DF824A08DF829A0FFF716F9169BCDF8DB
:10F320002530CDF82A309DF82E300493AAEB030A3D
:10F330005FFA8AF305938DF824308DF82930CDE9F2
:10F3400000454FF482633A4641463046FFF7FCF8E9
:10F3500040B9049B002B3FF41EAF00251FE600BF01
:10F360008988888800DE049B002BF6D113E700DE35
:10F37000B36BA6E62DE9F04F8FB00F46DDF860B015
:10F380001E46FEF775FD002800F0DD80437F00EB90
:10F39000830304461B6A1D7805F00F05072D09D06D
:10F3A000032F02D11F2E40F2C780122528460FB02E
:10F3B000BDE8F08F90F88030D80700F1B880032FB7
:10F3C00001D0002EF1D0A36B002B00F0DE815A7D1E
:10F3D00003EB82039B6904939B787F2B40F2E580CB
:10F3E00094F88030D90702D5002E00F0A38094F85D
:10F3F000293004EB83030DF1270104F12800D3F831
:10F400002C9008F0FDFB17F0FD038046039300F0FD
:10F410009F80042F00F09281012F8DF82860CDF895
:10F4200029B040F0E7800DF126030AA900220193DC
:10F430000DF125030591009320460B461146F1F787
:10F4400077FE05460028B1D1059B01931027009750
:10F4500040F20123424649462046FFF775F8452809
:10F46000054600F00081002DA0D1BF2E40F2B781EB
:10F47000BF238DF82D3006F14103DBB2069340F235
:10F480000123CDF82EB0079398F8023013F03F0314
:10F4900018BF98F803308DF8243008F067FB8246D7
:10F4A000002800F0CD819DF8241000238AF8033055
:10F4B0008AF8013007238AF8003011F008030EBFE4
:10F4C0000AF103020AF104020823104618BF8AF861
:10F4D0000330CA074CBF08F10A0208F10402890789
:10F4E0000AF1020748BF063223B11388024622F808
:10F4F000023B10469AF80230C71BFFB26FF3871326
:10F50000022F8AF8023003D80AF1030318460127B4
:10F51000069B002B40F03C81069B3B443344FF2B71
:10F5200040F3BD80C84500F0638145253EE7032FC9
:10F530003FF449AF0C2539E75A4631460FB0BDE8D4
:10F54000F04FFEF755BE422528460FB0BDE8F08FBC
:10F550008DF82830CDF829300AAB5A460027069599
:10F56000C3460593BA461D469046CDE900A55A46C6
:10F5700049464FF4047320468DF82DA0CDF82EA0F7
:10F58000FEF7E2FFA8B99DF82DC06744BFB2BB19D2
:10F59000FB2B7BDCD9F80431DBF804116BB10029BB
:10F5A00000F01B818B469946DFE7002E3FF41FAF2A
:10F5B000FBE64528E7D000DEE5E743460A46D846A5
:10F5C00061469B4602B100DE452800F0CB80002357
:10F5D0008DF825308DF82630002840F02981039BD6
:10F5E000002B40F0A780039B06931D464FF4047345
:10F5F000079349E7032FAFD10DF126030AA9002293
:10F6000001930DF125030591009320460B46114609
:10F61000F1F78EFD054600287FF4C8AE002E7FF47A
:10F6200013AF88F80160A36B9DF826205A759DF8EA
:10F630002530637798F8003098F8012003F04003F4
:10F6400043F0070388F80030002A40F0D68098F88D
:10F65000003062F3861388F800309DF8273084F874
:10F6600029300025A2E6059B01939DF82D300097D7
:10F67000F31A8DF82830424640F2012349462046CD
:10F68000CDF829B0FEF760FF0546ECE6D945069DAA
:10F690007FF48CAE9DF8273084F8293086E68AF80E
:10F6A00001309AF80230013F67F3050332468AF8C9
:10F6B0000230594610F02DFF637EDDF829607F2B64
:10F6C0004FEA53177FD9A27E98F8013002F0010269
:10F6D0005200DB0001322B33934003F52975337858
:10F6E0006FF30503337008F0F5F8584BA3FB0523BF
:10F6F000327832288CBF0020012002F03F0242EA1B
:10F700008012002F97FAA7F7B7FA87F7327008BF71
:10F710004FF0FF371A0B02EB47121B09B2707370E0
:10F72000D8F8040120B10023C8F8043108F08AFA9F
:10F73000C8F804A1039B012B8FD174E700200AAB0A
:10F74000CDE900038DF82800CDF829004FF40073AF
:10F75000424649462046FEF7F7FE054600287FF45C
:10F7600025AE7AE79DF832300693C91A00238DF84A
:10F7700025308DF82630039B8DF82D10002B61D19C
:10F780004FF40473354607937EE600DEA36B1EE656
:10F790009DF82D30DDF82E10069A1944064610F01B
:10F7A000B8FE059901910799002241F010030092DB
:10F7B000494642462046FEF7C7FEB8BB069B1E449C
:10F7C00030462E46A8E698F801303B440933DB006A
:10F7D0007A10D34003F5967581E700DEE2E6D8F8AB
:10F7E00004010028A6D0C8F8045108F02BFAA1E7BC
:10F7F000A36B9DF827205A7597E698F80230049875
:10F8000098F8001002466FF3871388F8023012F858
:10F81000043BC3F3801363F38611434603F8041BD0
:10F820004168C8F8041092889A8016E7C84501D04C
:10F830000546BBE59DF8273084F829300546B5E537
:10F8400000DE30E6069B002B9AD173E78988888812
:10F8500070B5044611B3B0F84CC0204E42F210709F
:10F8600001FB00F01D46A6FB0030400AB0FBFCF097
:10F8700080B2A4F84000C2B1194B03FB02F2A6FB10
:10F880000263B1EB533F21D200225B0AB3FBFCF3CE
:10F890001B1AA4F86030E265002070BDA0F840108B
:10F8A000A0F86010C165002070BDA4F860202B682E
:10F8B0000BB1E365F7E7F9F7CFFC064658B1F9F766
:10F8C000D7FC28B10660E0652860ECE7122070BD27
:10F8D0003046F9F7C7FC072070BD00BF5917B7D1F4
:10F8E0000088130029B9B0F84030A0F84230002059
:10F8F000704710B5124A134B1349821A8AB0A3FB02
:10F90000023252090023A0F8423009AC05910220CE
:10F9100001210532CDE9031109900321CDE901331D
:10F92000D2B2069400931846F8F7CAFC2146F9F7BC
:10F9300021FD10B900200AB010BD0C200AB010BD86
:10F94000705600201F85EB511187000070B588B0FC
:10F950001C460D9D9DF830C02E4616F8103B013315
:10F96000DBB22B70002B66D039493A4B0C81C1E9D0
:10F9700000028A7ACE606CF300028A7200229960DB
:10F9800001201146F6F7C2FF002856D1B5F84230E3
:10F9900043B10134A4B2A34228D91B1BA5F84230BD
:10F9A00008B070BDB5F840000028F9D0002CF7D0A1
:10F9B000294A2A4BAA1AA3FB0232C2F34712012A90
:10F9C0003FD8002301210532A5F84200D2B2CDE98B
:10F9D0000533CDE90311CDE9013300931846F8F75B
:10F9E0006FFC10F0FD0FDBD000DED9E7B5F860103A
:10F9F000E1B1194A1944194BAA1AA3FB0232C2F306
:10FA00004712091B012A89B21FD800230532CDE90C
:10FA10000313CDE90533CDE901330093D2B20121BF
:10FA20001846F8F74DFC10F0FD0F08D10023A5F89B
:10FA3000423008B070BD00DE96E700DEA6E700DECB
:10FA4000F4E700DEB5F84000BBE700DEDDE700BF0D
:10FA50004856002034010020705600201F85EB51CD
:10FA60000368D96D11B10868F9F720BC704700BF71
:10FA700000B17047064B10B502460C46022001212A
:10FA80009C60F6F743FF00B910BD00DE10BD00BF5B
:10FA90002401002003788BB110B50E4B00F110014A
:10FAA000996082689AB90C4C0A4B0022C0E9024165
:10FAB00011460120F6F72AFF38B910BD0369D96D48
:10FAC00011B10868F9F7F2BB704700DE10BD00DE27
:10FAD0009968E8E71401002061FA000000F044BBD7
:10FAE00070B591F8623043F001030C46064681F888
:10FAF0006230053001F11002C0B2F9F7B3FCA8B9C9
:10FB000000F06EFB056A064615B12B689C4201D0D9
:10FB1000002070BD00F0E8FB08B178301ED1336AD8
:10FB2000002BF5D09D42F3D100DEF1E710F1780F04
:10FB3000054613D040F29123094A0A490A480FF0BA
:10FB400084FC0A482A4631460FF07FFC002383F3E9
:10FB50001188BFF36F8F0323184602DF0C2070BD9E
:10FB6000380B0200E80A0200000B0200200B020022
:10FB7000022870B509D01749642404FB001494F8D6
:10FB80006220920701D5626912B10C25284670BD2A
:10FB900000EB800303EB830301EB8301FFF7A0FF7E
:10FBA00005460028F2D194F86230E66D60F3410317
:10FBB00084F8623036B1E0653068F9F753FB3046BF
:10FBC000F9F75CFB0020FEF729F90028DED106F0EA
:10FBD0003FFDDBE77056002010B50B4C0020FFF70F
:10FBE000C7FF94F8443001206FF3020384F84430D7
:10FBF000FFF7BEFF94F8A8306FF3020384F8A83033
:10FC0000BDE8104000F0BEBA705600202DE9F04F5C
:10FC100085B000230393002800F09D807F4C94F86A
:10FC2000626016F002068946934640F08A8094F896
:10FC3000C67017F0020740F0B58094F8A88094F8D9
:10FC4000C6A018F00408CAF3810A45D01AF0010FC3
:10FC500008D00120F8F710FD0621F6F7C7FD0028AF
:10FC600000F09E8094F84430DD0700F1818003AB02
:10FC70006B485A464946FFF7EBFD0546002866D11A
:10FC800094F89C00C0F3C10006F022FDB4F8A8303F
:10FC900003F0BF0363F0FF03A4F8A83094F89C308E
:10FCA000990600F1AE8094F84430DA0739D45C4804
:10FCB0003946FFF717FE0546002848D1002F52D1DC
:10FCC00094F84430DB0705D55448F1F7A5FE054606
:10FCD00000283CD152482FE094F862305B0757D49B
:10FCE0004E485A46494603ABFFF7B2FD054670BB86
:10FCF00094F8380094F86250C0F3C10006F0E8FCB4
:10FD0000B4F8443003F0BF0363F0FF03A4F84430B9
:10FD100094F838309806C5F3810502D5023D012DCF
:10FD200051D93E483146FFF7DDFD054678B9D6B9D1
:10FD3000B8F1000FBBD1394805B0BDE8F04FF1F77D
:10FD40006BBEE36D039309B1002A4BD10C25284605
:10FD500005B0BDE8F08FFFF70BFF05460120FFF768
:10FD600007FF0028F3D10025284605B0BDE8F08F35
:10FD700003AB2A4801935A464946FFF769FD019BA8
:10FD8000054600283FF474AF284605B0BDE8F08F63
:10FD90000120F8F771FC0621F6F728FD00289FD115
:10FDA0001225D4E7D4F8C03003930029CED0002A1E
:10FDB000CCD0B4F8A430002BC8D0B4F8C430002B99
:10FDC000C4D0012739E7174D002006F0A5FC95F8AF
:10FDD000343043F0400385F83430B8F1000F7FF43D
:10FDE00062AF9EE7B4F84030002BAFD0B4F860307B
:10FDF000002BABD094F8C67017F0020709D101268A
:10FE00001BE7AAF1020ABAF1010F3FF64CAF064D0B
:10FE1000DAE7D4F8C03003930126CAE77056002011
:10FE2000D456002080560020E45600208168B1F8A6
:10FE3000603003B17047B1F84030002BFAD0B1F810
:10FE40004230002BF6D11748DFF85CC000B50A1A23
:10FE5000ACFB02C2C2F34712012A83B0A1F84030C2
:10FE60001AD8D2B900F164030020A3F84000CB6D8A
:10FE70004FF00B0C83F804C002F1050CDA800091FE
:10FE80000A4B5FFA8CF20121F8F776FA10F0FD0FB9
:10FE900005D103B05DF804FB00DE024BE4E700DEB1
:10FEA000F7E700BF705600201F85EB5171FA000084
:10FEB000012808B51CD8164A642303FB002393F8D5
:10FEC00062106FF3410183F8621030B992F8A830E4
:10FED00003F00703032B14D808BD92F84430DB0766
:10FEE000FAD50020FFF744FE0028F5D000DE08BD5B
:10FEF00000DE002292F8623062F3410382F8623041
:10FF0000FFDE0120FFF734FE0028EFD108BD00BF5F
:10FF100070560020012807D8044B00EB800000EB4E
:10FF2000800003EB8000704700207047705600206F
:10FF3000034A044B801AA3FB0030C0F347107047FC
:10FF4000705600201F85EB51044A0068044B801A4C
:10FF5000A3FB0030C0F34710704700BF705600206D
:10FF60001F85EB51044B984204D36433984288BFF9
:10FF7000002070470020704770560020054B006835
:10FF8000984204D36433984201D81030704700205F
:10FF9000704700BF70560020012810D8094B64221A
:10FFA00002FB003200EB800092F8622000EB800040
:10FFB00012F0020F03EB800008BF00207047002002
:10FFC000704700BF70560020012810D8094B6422EA
:10FFD00002FB003200EB800092F8622000EB800010
:10FFE00012F0020F03EB800018BF002070470020C2
:10FFF000704700BF70560020012819D80D4A6423AD
:020000021000EC
:1000000003FB002292F8623013F0020310D092F842
:100010006200536992F83810003BC1F34012C0F3FC
:10002000400000FA02F018BF012340EA8300704745
:10003000002070477056002001280DD8074A64231D
:1000400003FB002292F8623013F0020304D092F80E
:100050003800C0F3C1007047002070477056002080
:1000600010B5039C9DF808C022780132D2B22270EC
:10007000A2B10B490860887A0B810A4B00226CF30D
:100080000000103488724A60CC60996001201146EB
:10009000F6F73CFC00B910BD00DE10BD00DEE8E75D
:1000A000485700205401002038B5036A0446EBB1DC
:1000B000616A31B1002363620868F9F7E5F8F9F77E
:1000C000EFF8256A2868FFF74DFFEA6A04F110038C
:1000D0009A4204BF0023EB62236A4BB100232362E0
:1000E00020460449BDE83840F6F754BB00DEDFE7A0
:1000F00000DEF3E760570020036A0BB1FFF7D4BFBF
:1001000000DEFFF7D1BF00BF68B108B50B6A6BB165
:100110000748084B0022C3E9021001210220F6F72C
:10012000F5FB08B908BD704700DE08BD00DEEFE74B
:100130003901010064010020036A6BB1037803F008
:10014000FF023BB1012A09D183684BB9054BC0E9D5
:1001500002307047FFF7A8BF00DEEFE700DEF3E7ED
:1001600000DEF3E7F900010008B50448044B012262
:100170003021F6F7D5FA002008BD00BF64570020F3
:100180006057002008B50448044B01223021F6F7DF
:10019000C7FA002008BD00BF645700206057002048
:1001A00038B585682B6A6BB11C682046FFF7DAFE0C
:1001B00078B194F86230DB0710D42846BDE83840A7
:1001C000FFF772BF00DE1C682046FFF7CBFE002859
:1001D000EFD100DE94F86230DB07EED538BD00BF0A
:1001E000024B00280CBF18460020704764570020BF
:1001F00008B5034900683022F6F7E4FAC0B208BD3A
:100200006457002038B5056849B12B6A0C4643B1E4
:100210001868FFF7A7FE003818BF01202070286A71
:1002200038BD00DEF4E700BF70B58B68054618687E
:100230000C46FFF797FE002836D0E368A16801223C
:10024000227133B31E68336A002B40D01868FFF761
:1002500089FE00282ED090F86230DB0711D4336A73
:10026000002B38D0336A002B33D0337803F0FF02F1
:1002700013B3012A31D1B368002B30D1194BC6E931
:10028000023621462846F8F7FFFFBDE87040F9F72F
:1002900007B8CB6A002BD5D121462846F8F7F4FFE2
:1002A000BDE87040F8F7FCBFA36801222271002B63
:1002B000C8D1F1E700DE70BD3046FFF7F5FE2146FC
:1002C0002846F8F7E1FFBDE87040F8F7E9BF00DE27
:1002D000BCE700DEC9E700DEC4E700DECBE700DEF6
:1002E000CCE700BFF900010038B5134930220446BD
:1002F000F6F768FA04F1100507302A462146C0B225
:10030000F9F7B0F850B110F1780F00D038BD284699
:10031000F9F77EF810B110F1780FF7D10749084BC3
:100320000022C3E9024103200121F6F7EFFA08B9E0
:10033000002038BD00DEFBE764570020A900010063
:100340004401002008B5054B0022986011460120A9
:10035000F6F7DCFA00B908BD00DE08BD7401002024
:1003600083685A6892F82730DB0900F1080101D050
:10037000F2F73EBBF2F7E0BF2DE9F04106682549F0
:1003800082B004464FF4C8723046F6F71BFA04F107
:100390004C05214609F0D2FA206D01AA2946F6F74C
:1003A00051FA08B3DFF870804FF6FF7798F84122D2
:1003B00098F84012531CDBB2482B08BF0023994227
:1003C00023D008EBC20128F83270019A4A60126803
:1003D0000260019A106088F84132206D01AA294616
:1003E000F6F730FA0028E1D1D6F8480106F5A471F5
:1003F00038B10023C6F84831F9F7D0F802B0BDE8AB
:10040000F08100DED6F84801F3E700DE00231B8010
:10041000FFDE00BFD8040020045B002010B50C46AE
:1004200030B92046F8F7E2FF844200D000DE10BD6C
:1004300000DEF6E710B50C4630B92046F8F7CAFFE3
:10044000844200D000DE10BD00DEF6E710B50C4699
:1004500040B9074B0246012102209C60F6F756FA8C
:1004600020B910BDF8F7B0FF8442FAD000DE10BD0D
:100470009401002000B9704710B50C46F8F7C2FF90
:10048000844200D110BDF8F79FFF8442FAD000DE0D
:1004900010BD00BF70B5164B1648164E10224FF413
:1004A000C871F6F73DF900244FF6FF75A2B24FF47C
:1004B000C8713046F6F782F90134102C8584F5D1E5
:1004C0000D4B0E4C181D07222421F6F729F90C4B71
:1004D0004722181D0821F6F723F902F0EDF9094922
:1004E000094A0723002020600B70137070BD00BF05
:1004F000C4570020D8040020045A00208C5D00203E
:10050000C85700205A8000205980002010B50446AA
:1005100014F8103B73B10F4B9C608268B2B90E495E
:100520000C4B0022C0E9021411460120F6F7EEF947
:1005300050B910BD03F0FF02084B114601209C602A
:10054000F6F7E4F90028F4D000DE10BD00DE9C6868
:10055000E5E700BF8401002045030100740100208D
:100560000148F6F701B900BFC45700200149F6F76A
:1005700011B900BFC457002002494FF4C872F6F702
:1005800021B900BFD80400200F28024604D8034830
:100590004FF4C871F6F712B900207047D804002054
:1005A0000F280ED810B50446224607484FF4C871EC
:1005B000F6F704F918B1838CA34200D110BD0020D6
:1005C00010BD0020704700BFD80400200148F6F796
:1005D000CBB800BF045A00200149F6F7DBB800BFD2
:1005E000045A00200F2800F2A6802DE9F0410446AD
:1005F0000E46634822464FF4C871F6F7DFF8054609
:1006000000285AD0838CA34257D15E4A92F84110F9
:1006100092F840004B1CDBB2082B08BF0023984225
:1006200061D022F8314002EBC1014E6082F84130C6
:100630002B7803F0FF00002B47D0534F3B68062B6D
:1006400055D8DFF84881524B0022012103209D60DC
:10065000F6F75CF995F93730002B3FDB4D4C4E4DEA
:100660000FF053FA2168411AC1F30E02A2FB0523D1
:10067000D20BC90B42EA4342DB0BE1FB0523954257
:100680004FF0000171EB03051BD344483D6801683E
:10069000013574790C4404604148A4FB00012144F5
:1006A00052EA030404BF01220023EFF729FD3D6055
:1006B000C8F800000020BDE8F0816FF01500BDE82B
:1006C000F081206001253548E3E709F081FD95F9C7
:1006D00037302D4FDFF8B480002BBFDA2146284693
:1006E00004F068FFBAE76FF06800BDE8F08195F8A4
:1006F000582095F87230DFF894802A48D8F8001016
:10070000B0FBF1F002F0070CC3F300139B00BCF147
:10071000030FDBB2C2F3C00210D9DB00520003F2B8
:1007200003130132934003F27453834223D3002016
:1007300009F04EFD87E76FF0150070470CF10902D4
:10074000D1000CF1240213444FEA6C0C21FA0CF294
:10075000DB0023FA0CF302F596710B449842E6D9BC
:10076000C3EB400002F196035B0018440138B0FB74
:10077000F3F0C0B2DCE7C3EB400040F2CC63F4E737
:10078000D8040020485D0020C0570020BC5700203E
:10079000A4010020B857002000CA9A3BB45700209B
:1007A0000050D6DC00E6DF0C2DE9F04F85B00F28B5
:1007B000BDF83890BDF83CA0BDF840B0039215D804
:1007C00004460E461C4822464FF4C8711F46F5F7F2
:1007D000F5FF054650B1B0F82480A04506D176B1AA
:1007E000022E07D0012005B0BDE8F08F022005B031
:1007F000BDE8F08F039BABB902F0FCFA0EE0119B51
:100800000193CDF800B053464A46394602F088FAC3
:100810000028ECD195F93730002B07DB002005B01C
:10082000BDE8F08F039902F0F5FAF7E74146284654
:1008300004F0C0FEF2E700BFD80400200F281FD844
:1008400070B504460D460F4822464FF4C871F5F7BF
:10085000B5FF064658B1838CA34208D102F010FAC6
:1008600038B103682B6003792B71002070BD022022
:1008700070BDD6F832302B6096F836302B71F4E725
:1008800002207047D80400200F2870B502D9022436
:10089000204670BD05460C4616482A464FF4C871DE
:1008A000F5F78CFF064610B3838CAB421FD11A2C90
:1008B00004D8042C16D81224204670BD292C01D04F
:1008C0003B2CF8D12146304602F0A4F9044600281A
:1008D000DED196F93730002BDADA2946304604F0BB
:1008E00069FED5E7044BE340DB07EBD4E3E70C24D8
:1008F000204670BDD8040020200038040F2870B5B1
:1009000016D8044622460F484FF4C871F5F756FF33
:10091000054668B1868CA6420AD1012102F0C8F8CA
:10092000044618B995F93730002B04DB204670BD1A
:100930000224204670BD2846314604F03BFE204686
:1009400070BD00BFD80400200F2870B515D804462C
:1009500022460E484FF4C871F5F730FF054660B1E6
:10096000868CA64209D102F0BBF8044618B995F965
:100970003730002B04DB204670BD0224204670BDBA
:100980002846314604F016FE204670BDD8040020EB
:100990000F281CD870B504460E4615464FF4C87192
:1009A00002460C48F5F70AFF034670B1828CA2425A
:1009B0000BD190F85840C4F30204347093F85930C6
:1009C000C3F302032B70002070BD022070BD022013
:1009D000704700BFD8040020024A034B1070197002
:1009E000002070475A800020598000202DE9F043F4
:1009F0000F2883B025D80446884617464FF4C8719F
:100A0000024619481E46F5F7D9FE0546C8B1B0F8AA
:100A10002490A14515D1D0F8203113F4106F1DD0CA
:100A20000124009433463A46414602F0CBF804468E
:100A300018B995F93730002B08DB204603B0BDE824
:100A4000F0830224204603B0BDE8F08328464946DF
:100A500004F0B0FD204603B0BDE8F0831A24204620
:100A600003B0BDE8F08300BFD80400200F2813D8DE
:100A700038B504460D46094822464FF4C871F5F7CB
:100A80009DFE38B1838CA34204D190F8B6302B7010
:100A9000002038BD022038BD02207047D804002055
:100AA0000F282FD838B504460D46174822464FF474
:100AB000C871F5F783FE18B3838CA34220D1C38C91
:100AC000B0F87021052B0FD801339BB202FB03F362
:100AD0000E494FF4FA7202FB03F3A1FB0313C3F3B5
:100AE0004F332B80002038BD03FB02F2074940F250
:100AF000E24303FB02F2A1FB0212C2F34F33F0E721
:100B0000022038BD02207047D80400205917B7D101
:100B10000F282FD838B505460C4617482A464FF4FB
:100B2000C871F5F74BFE844610B3838CAB421FD1DE
:100B3000C38C42F2107202FB04F1052B01F1FF316C
:100B40000DD801339BB24FF4FA7202FB03F3194440
:100B5000B1FBF3F189B2ACF87011002038BD40F25E
:100B6000E24202FB03F31944B1FBF3F189B2F2E76D
:100B7000022038BD02207047D8040020FFF78ABC4D
:100B80002DE9F84304F072FE204FDFF88490DFF87F
:100B90008480002525E005F1080004F110022146BB
:100BA000C0B2F8F75FFC0646B0B110F1780F13D071
:100BB00040F24D734A46414617480EF046FC17482E
:100BC000324629460EF041FC002383F31188BFF31F
:100BD0006F8F0323184602DF01350023102DE366D3
:100BE0000AD0AAB24FF4C8713846F5F7E7FD0446BB
:100BF0000028D0D100DECEE709490A4AA1F84030EA
:100C0000A2F84032BDE8F843FFF744BCD804002006
:100C1000780B0200E80A0200000B0200200B020021
:100C2000485D0020045B0020014B1878704700BF2E
:100C30005A800020014B1878704700BF598000206F
:100C40002DE9F84F1C4E81468A46174698464FF0CC
:100C5000000B02E0BBF1100F2AD01FFA8BF52A46D9
:100C60004FF4C8713046F5F7A9FD0BF1010B0446AE
:100C70000028EFD0838CAB42ECD190F88051B7EBD9
:100C8000D51FE7D10622414600F287100FF071FC14
:100C9000C5F380150028DDD14D45DBD104F281106C
:100CA000062251460FF065FC0028D3D1012000E058
:100CB0000020BDE8F88F00BFD80400208B680860D2
:100CC0001B681A782AB19A6832B9044AC3E902212A
:100CD00070470846FFF744BB00DEF6E761030100FA
:100CE000F8B50B68DE880F2E32D80C460746324620
:100CF00019484FF4C871F5F761FD054638B3838C88
:100D0000B34224D102F0C2F8226892F8203003F0F6
:100D10000303032B08D101231371226839462846A7
:100D2000BDE8F84002F0C6B853B995F842319B07C8
:100D300003D53D2385F84431226801231371F8BDA2
:100D400095F842319A07FAD53D2385F84431236856
:100D500001221A71F8BD00BFD804002010B5B0F808
:100D600024C004464FF6FF7084450CD0A4F804312B
:100D70002046C4E93F1201F02DFE94F8423113F0F1
:100D8000010002D110BD00DEF0E76FF3000384F82C
:100D900042316FF08B0010BD2DE9F041304D314FE5
:100DA00095F84120064627E042464FF4C871384680
:100DB000F5F704FD034650B3828C6168904527D156
:100DC0000A79487902F00302022A2AD050BB03F1C3
:100DD000C40001F0BBFB95F8412095F840309A42E1
:100DE00006D00133DBB2082B08BF002385F8403062
:100DF000013E16F0FF0627D095F84030934223D0ED
:100E000035F83380B8F10F0F05EBC304CCD9616816
:100E10000B796FF301030B714FF6FF70F8F78CFA43
:100E2000D9E798B193F88D21D007D0D56FF30002A0
:100E300083F88D210A7902F003000128C7D102202E
:100E400060F301020A71C2E7BDE8F08193F88D21D9
:100E500042F00102404683F88D21F8F76DFABAE7B7
:100E6000485D0020D80400202DE9F041324A146882
:100E7000A04205460B4604BF00211160808CA5F8F6
:100E80004E01182282B0012185F84C2185F8683185
:100E9000284601F0A9FD05F1C406284601F0B8FD79
:100EA000304601F03BFB304601F070FB044638B39E
:100EB0000379DFF8888003F00303032B0CBF03469C
:100EC00000230360404605F16007F5F74DFCA8B12B
:100ED00021463A46F5F7A4FC304601F057FB04469C
:100EE00070B1037903F00303032B0CBF0346002307
:100EF00003604046F5F738FC0028E9D100DEE7E75B
:100F0000AA8C0F4B00950832D2B201210020F7F7CE
:100F100033FA10F0FD0F08D14FF6FF73FF20AB84BA
:100F200002B0BDE8F041FFF737BFF8F74DFA854250
:100F3000F2D000DEF0E700BF8C5D0020C857002033
:100F40004D04010038B505460120FFF725FF05F1E6
:100F5000C40001F01BFBA8B1037903F003030446AE
:100F6000032B0CBF2346002307482360F5F7FCFB47
:100F700030B105F160022146BDE83840F5F750BCBC
:100F800000DEF6E738BD00BFC857002041B32DE9A9
:100F9000F0414D1EDFF84C80EDB200F1C40700F1C6
:100FA000600612E0237903F00303032B0CBF2346F2
:100FB00000232360F5F7D8FB80B1013D324621467E
:100FC000EDB2F5F72DFCFF2D06D0384601F0DEFA24
:100FD00004464046002CE5D1BDE8F08100DEECE798
:100FE000704700BFC85700200149F5F7D3BB00BFC9
:100FF000C8570020014B93F841027047045B002062
:1010000000B50A4B93F840C293F841E2F4450BD087
:1010100080F800E033F83C00088003EBCC035B6809
:10102000136018685DF804FB0020FBE7045B0020F8
:10103000074B93F840C2844508D003EBCC0033F84B
:101040003C300B804368136018687047002070477D
:10105000045B0020094A92F8401292F841328B4218
:1010600009D04B1CDBB2482B08BF002352F83100DB
:1010700082F8403270470020704700BF045B0020B8
:1010800000B50D4A92F841C292F840E20CF101031A
:10109000DBB2482B08BF00239E4509D022F83C0054
:1010A00002EBCC0CCCF8041082F841325DF804FB62
:1010B00000DE00231B80FFDE045B002070B5537947
:1010C000144605460E46002B3BD0237903F003025D
:1010D000032A0CD04FF6FF72954204BF6FF3010351
:1010E000237121462846BDE87040F8F725B94FF630
:1010F000FF739D4206D133689C421CD0002BF0D078
:1011000000DEEEE70F2D1ED817482A464FF4C871AF
:10111000F5F754FBE8B1214601F09AFE33689C4292
:10112000ECD111482A464FF4C871F5F747FB10B1CE
:10113000838CAB4200D000202146BDE8704001F016
:101140000DBC00DEC1E700DE0020214601F080FE7C
:10115000D1E700DE214601F07BFE3368A342E0D0F8
:10116000002BBED0CCE700BFD80400201B20704766
:10117000704700BF90F8423143F0020380F84231DB
:10118000704700BF90F842316FF3410380F842315D
:10119000704700BFB0F84031B0F80421981880B211
:1011A000704700BF0278038E12B1581E80B270479C
:1011B000418DB0F804215818104480B2704700BF28
:1011C00010B50B68C0F83230044632300B79037129
:1011D0000521F5F7B3FC94F8373060F3050384F884
:1011E000373010BD08B50022D0E91701F5F722FB12
:1011F000B0FA80F0400908BD8A690B460021996168
:10120000B2B103211171818CD18093F8201002F1C9
:10121000200031B91B7A052B08D0062B03D000DE45
:10122000704702F0DDBD1A231371704702F0BABD9A
:1012300000DEE6E770B504460D4600F1730633465E
:1012400000223B3105F12B000AF048FBD4F87B105B
:10125000C4F89C10D4F88C10D4F87F20C4F8AD10DA
:10126000D4F89010D4F87730C4F8A020C4F8B110A6
:1012700094F8AC2094F88B10C4F898300023D4F87C
:101280007300C4F8940063F3000142F0010284F893
:101290008B10C4E9293384F8833084F8843084F8CF
:1012A000853084F8863084F8873084F8883084F874
:1012B000893084F88A3084F8AC202946204601F031
:1012C0006BFA0646B8B1301D02F06CFDF3796B7312
:1012D0003146204601F076FA204602F06BFA40F2E1
:1012E00006636B8194F8723023F0180343F01803FF
:1012F00084F8723070BD00DEE5E700BFF8B5064641
:101300000C4601F049FA054688B32F1D384602F015
:1013100027FDEB7963732946304601F053FA3046D6
:1013200003F080FEAB68EA68C4F84720C4F8433095
:101330002B69C6F89030A5690023A361ADB10323E2
:101340002F792B71B38CEB8005F12001204602F040
:10135000EFFC2E2F02D00423A372F8BD2868294683
:10136000F7F7A4FF0423A372F8BD00DEE7E700DE71
:10137000CBE700BF70B504460D4601F005FA10B981
:101380000623AB7270BD04F173063346002205F1EB
:101390003B0105F12B000AF0A1FAD4F87B10C4F848
:1013A0009C10D4F88C10D4F87F20C4F8AD10D4F879
:1013B0009010D4F87730C4F8A020C4F8B11094F895
:1013C0008B2094F8AC10C4F898300023D4F8730044
:1013D00084F8833063F30001C4E9293384F884304E
:1013E00084F8853084F8863084F8873084F8883033
:1013F00084F8893084F88A3042F00103C4F89400FC
:1014000084F8AC1084F88B302946204601F0C4F9EA
:101410000646A8B1301D02F0BBFCF3796B73314670
:10142000204601F0CFF9204603F0FCFD4FF4C163E4
:101430006B8194F8723043F0080384F8723070BD09
:1014400000DEE7E770B50C46897A82B005460A29C6
:1014500000F23E81DFE801F00A1E2326789E4957FC
:1014600066690600002A65D002B070BD002AFBD173
:10147000237A062B4FF00101284648D001F0A6F947
:101480002146284601F080F9002840F0C28002235E
:10149000A372E9E7002AE7D101212846EEE7002AF6
:1014A000E2D1EDE7012A00F09F80042ADCD101217E
:1014B0002846009301F09EF9009BDA780D2A00F08F
:1014C000ED80112A00F0FA8000DE1F2384F820301E
:1014D000284603F0A3FD21462846FFF78DFE284647
:1014E00002F018FA0023A372BEE7032ABCD101213F
:1014F000284601F07FF900262846FFF743FE2846DC
:1015000084F820603AE0002AAED10121284601F09B
:101510005DF92146284601F037F9002845D1082316
:10152000A372A1E7002A9FD1F3E7062A9CD128469F
:10153000FFF720FE2146284601F026F9002840F05A
:1015400091800A23A3728FE7022A26D0042A8BD126
:1015500001212846009301F04DF92846FFF712FEBD
:10156000009BDA780D2A00F0A180112A00F0A880F3
:1015700000DE1F232846002684F8203003F04EFDAD
:10158000214628462673FFF737FE284602F0C2F9A7
:10159000A67269E7002A7FF467AF2146284601F06A
:1015A000F3F8D0B90523A3725EE72146284601F07F
:1015B000F3F80646002800F08780301D02F0FCFB9F
:1015C000F37963733146284601F0FCF8284602F0AF
:1015D000F1F840F60933638146E72146284602B018
:1015E000BDE87040FFF726BE2846CDE90023FFF78F
:1015F000C1FD019B009A59689868C4F84700C4F877
:101600004310D968C5F8901040F2045322736381E7
:101610002AE72146284601F0BFF80646002851D0A7
:10162000311D204602F05EFBF37963733146284694
:1016300001F0C8F8284602F0BDF8D6F81230D6F806
:101640001620C4F83F20C4F83B30D6F81A20C5F85D
:101650008C2040F203432846638102B0BDE870400D
:1016600003F0D8BC2146284601F096F8064668B338
:10167000301D02F0ABFBF37963733146284601F06D
:10168000A1F8284602F096F84FF60173638195F8A9
:10169000723023F0180385F87230E5E61B79062BCB
:1016A0003FF414AF1A2B3FF411AF0EE71B79062B52
:1016B0003FF460AF1A2B3FF45DAF5AE75B79EEE77A
:1016C0005B79F4E700DEABE700DE76E700DECFE72C
:1016D00000DEC9E670B50C46897A82B005460D2950
:1016E00000F22E81DFE801F05F676A9B9F07070C1D
:1016F0001836393E5053002A00F0A78002B070BD62
:10170000002AFBD12146284601F03EF8002840F08F
:10171000F1800723A372F1E7022AEFD1A069002329
:10172000A361002800F0298103230371AB8CC380DF
:10173000237A052B00F00981062B00F0038100DEDF
:101740002146284601F020F8002840F0AA8009230D
:10175000A372D3E7002AD1D1F2E7002ACED10B231E
:10176000A372CBE7072AC9D12846012101F02EF840
:101770002846FFF7FFFC2146284601F005F800281F
:1017800071D10C23A372B9E7002AB7D1F3E7082A75
:10179000B4D140F20233638195F872306FF30413D1
:1017A00085F87230AAE7002AA8D1237A062BD6D072
:1017B0000223A372A2E7002AFAD09FE7012A9DD153
:1017C00011462846019301F001F82846FFF7D2FCA4
:1017D000284601F0E7FF019B5A689968C4F8251074
:1017E000C4F821201A7B84F829205A7B84F82A2007
:1017F000D3F80E20D3F81210C4F83F10C4F83B20E1
:10180000D3F81630C5F88C302146284600F0BCFFCE
:1018100010BB204600F0FAFF0323A3726EE7002AF4
:101820007FF46CAFF0E7032A0CD0042A7FF466AF94
:10183000062140F20362072384F82010A4F84D200B
:10184000A3725BE70523A37258E72146284602B03E
:10185000BDE87040FFF78EBD2146284602B0BDE8C6
:101860007040FFF74BBD2146284600F095FF064625
:10187000002800F08480301D02F0A8FAF379637329
:101880003146284600F09EFF284603F0CBFB40F689
:101890000D33638195F872306FF3C30385F87230AE
:1018A0002CE72146284600F077FF0646002868D03E
:1018B000301D02F077FAF37963733146284600F061
:1018C00081FF284603F0AEFB284603F035FD0023D8
:1018D000A3720121284600F08DFF2846FFF752FC35
:1018E000284601F063FF95F8723043F0100385F845
:1018F000723003E72146284600F04EFF06460028D6
:1019000041D095F8103194F84E10301D1BB1D5F828
:1019100020315B071DD402F063FAF379637331461B
:10192000284600F04FFF284603F07CFB284603F0D2
:1019300003FD94F82030062B11D0242B3FF4DEAEAB
:1019400000DEDBE61A230371FAE6203002F02AFA01
:10195000F6E60A4694F84D1002F04EFADDE7012152
:10196000A172284600F046FF2846FFF70BFC2846E8
:1019700002B0BDE8704001F019BF00DED4E600DE21
:1019800079E700DE94E700DEBBE700BF92F823C0F2
:10199000ACF1040C02F12003BCF10D0F08D8DFE814
:1019A0000CF00E14170707070711070B0707070BA3
:1019B0003D2380F8443170470422FFF743BD0122E4
:1019C000FFF740BD0622FFF73DBD0222FFF73ABDFB
:1019D0000322FFF737BD00BF13460022FFF732BDD9
:1019E00092F823C0ACF1030C02F12003BCF1080F04
:1019F00006D8DFE80CF01205050F0505050C0900F7
:101A00003D2380F8443170470822FFF763BE072268
:101A1000FFF760BE0222FFF75DBE0122FFF75ABE4C
:101A20008B7A042B04D002D9053B082B03D87047CE
:101A300005238B72704700DEF9E700BF8B7A042B19
:101A400004D002D9053B082B0AD87047062040F283
:101A50000362072381F82000A1F84D208B727047A4
:101A600000DEF2E7887AA0F10400B0FA80F04009C5
:101A7000704700BF13460022FFF72CBE70B591F8E7
:101A8000263091F82720042B0C4603D8032B01D0D5
:101A9000042A0DD91343112113F0070384F82210EF
:101AA0004FF001050CD184F822300125284670BD85
:101AB000032A0DD0134313F007034FF00005F2D0B3
:101AC000A68CFFF76FFB801B0304EFD42823EAE703
:101AD000112381F822300125F2E700BF10B50C4632
:101AE00089690023A36149B394F82130DB0720D52D
:101AF0000B792E2B20D11D230B71838CCB8094F876
:101B0000223081F8203090F85930C3F3020381F875
:101B1000223090F85830C3F3020381F8213008686E
:101B2000F7F7C4FB94F821306FF3000384F82130F9
:101B300010BD01230B71F2E700DEDCE700DED3E726
:101B400010B58A7A032A82B08E4603461CD0052A35
:101B500006D00221184602B0BDE8104000F04ABE8F
:101B600090F93720002A3ADBBEF826204AB39EF8C7
:101B700026202AB193F8581062F3061183F8581002
:101B800008228EF80A20E4E790F93720002A24DAA8
:101B9000144993F858C09EF8202003C94CEA020269
:101BA00002F0070202AC04E9030008326A4412F8AA
:101BB000082C62F3061C062283F858C08EF80A200F
:101BC000C7E793F85820C2F3020161F30612092116
:101BD00083F858208EF80A10BBE700DED8E700DE55
:101BE000C2E700BFC009020091F8202030B5940779
:101BF00040D402F0070313F0010535D1032B94BF45
:101C0000002301234FEA830E754691F8203065F3D7
:101C1000020381F82030C3F3C202DB062DD412F098
:101C2000010424D1032A94BF002201224FEA820C2E
:101C3000644691F8203064F3C50381F8203090F8B1
:101C4000583003F00703AB4208BF4FF0000E81F895
:101C500026E090F8593003F00703A34208BF4FF085
:101C6000000C81F827C030BD4FF0010ECDE74FF0DA
:101C7000010CDEE70225AE46C7E70224A446D8E7FA
:101C8000F8B5CE690C460546002E50D0637B6661E0
:101C90000022162BE26106F104070BD0182B30D07E
:101CA00000DE2846314600F08DFD2846BDE8F840AC
:101CB00001F080BD94F8203095F88021C3F3C20371
:101CC00063F3C50285F8802194F8202095F88031CF
:101CD00062F3020385F8803194F8203095F858209B
:101CE000C3F3801363F3C302394685F858202046B6
:101CF00002F098F80221284600F068FD0223A37242
:101D0000CFE721462846FFF76FFFE38C43B9A38452
:101D10003946204602F0CAF84FF605736381C0E7E2
:101D2000FFF740FA2B8D063303449BB2EFE700DE4A
:101D3000CE69ABE738B505460C4601F02BFD10B176
:101D40000123A37238BD284603F052F90028F7D1C9
:101D50002146284600F018FD0028F1D0284603F05F
:101D600045F90728ECD02846012103F039F9284627
:101D70000D2103F039F9162321466373284600F03C
:101D80000BFDE06121462846BDE83840FFF778BFEB
:101D900038B505460C4601F0FDFC10B10423A372D2
:101DA00038BD2146284600F0EFFC0028F6D005F1AA
:101DB000C40000F0E9FB0028F0D12846FFF712FA32
:101DC0000028EBD0182321466373284600F0E4FC7A
:101DD000E06121462846BDE83840FFF751BF00BF0B
:101DE0002DE9F04190F9376090F8585090F859C0BB
:101DF00001F00708002E034605F007070CF0070E58
:101E000002F0070440461BDB1CB162F3020C83F8AE
:101E100059C058B193F858205FFA88F464F302026D
:101E200083F85820A74218BF012007D193F8590022
:101E300000F00700B0EB0E0018BF0120BDE8F081F4
:101E400054B164F3020583F858500028EAD061F3D6
:101E5000020C83F859C0E5E70028EFD061F3020CCB
:101E600083F859C0E2E700BFF0B50C46897A85B027
:101E700006461546092900F2E780DFE801F005056E
:101E8000193A65946EE5B00A002D00F0D78005B0D0
:101E9000F0BD042DFBD12146FFF720FE304601F0B6
:101EA00039FD0021304603F09FF80023A372EEE7CE
:101EB000032DECD190F83730DB0900F01D81AC4BDD
:101EC00090F8582093E8030094F82030134304ADB1
:101ED00003F0070305E9030010336B44022113F8F4
:101EE000083C63F3061241F6060386F85820638126
:101EF00024E0012D00F0AB80062DC8D1002103F0B5
:101F00006FF8D6F8203123F41063C6F8203120464C
:101F100000F07CFC94F821301A2243F0010384F88D
:101F2000222084F8213096F85830C3F3020262F37D
:101F30000613092286F858300221A272304605B0F5
:101F4000BDE8F04000F056BC002DA0D1214630463F
:101F500005B0BDE8F040FFF71BBF052D00F0BF80C6
:101F6000062D00F0A880022D91D190F93720002A8B
:101F700080F2FC8002213046019303F031F8019B8E
:101F80002046194601F088FF21463046FFF776FDCE
:101F90000546204600F03AFC002D40F0CC8094F835
:101FA0002730ABB10EE0032D7FF471AF90F93730DD
:101FB000002BC0F2D980E58C002D00F0A18094F8B0
:101FC00026302BB196F8582063F3061286F8582075
:101FD000304601F0F9FB0823A3720221AEE7002D81
:101FE0007FF455AFFFF7D6F8A38CC01A03043FF572
:101FF0004EAF94F8272094F826103046FFF7F0FEF5
:1020000029460746304602F0EBFF84F82250002FA5
:1020100040F0A88094F82020D20994F8213062F38F
:10202000000384F8213096F85830C3F3020262F3BB
:102030000613092286F85830A27228E7214605B017
:10204000BDE8F040FFF776BE00DE05B0F0BD02212E
:10205000019302F0C5FF019B94F820201946204609
:1020600002F00707C2F3C20501F034FF0221304637
:1020700000F0ACFB94F82030C3F3C2022A4062F3B4
:10208000C5031F4067F3020384F8203096F9373008
:10209000002B0CDB94F8203013F0380F01D05A07D6
:1020A00005D194F8203023F03F0384F820302046F7
:1020B00000F0ACFB4AE7002102F092FFD6F8203195
:1020C0001A2223F41063C6F8203184F82220204617
:1020D00000F09CFB94F8213043F0010321E71946FE
:1020E000204601F097FE94F84E3084F8223000210B
:1020F000304602F075FFEAE741F203736381C6E6FA
:102100002946304602F06CFF94F8203094F82120E4
:1021100084F82250DB0963F3000284F8212096F84A
:10212000582002F0070296F8581062F306110923AE
:1021300086F8581050E70021304602F051FF94F81D
:1021400022300BB186F8443194F8203094F82120E5
:10215000DB0963F3000284F8212096F8582002F08E
:102160000702E0E7012258E700DE24E700DE01E78E
:10217000C0090200F8B5CD690C4606468DB3637BF5
:1021800065610022172BE26105F104070BD0182BC3
:1021900011D000DE3046294600F014FB3046BDE881
:1021A000F84002F03FBF3946304601F05FFE41F68D
:1021B00003036381EEE721463046FFF715FDE38C0C
:1021C00043B9A3843946204601F070FE4FF60573EB
:1021D0006381DFE7FEF7E6FF338D063303449BB2EE
:1021E000EFE700DECD69CAE738B505460C4602F0D8
:1021F00009FF10B10223A37238BD2146284600F022
:10220000C3FA0028F6D0284602F0F0FE0728F1D0E5
:1022100028460D2102F0E8FE172321466373284665
:1022200000F0BAFAE06121462846BDE83840FFF7E1
:10223000A1BF00BF38B505460C4602F0E3FE10B161
:102240000423A37238BD2146284600F09DFA0028D9
:10225000F6D0284602F0CAFE0728F1D005F1C400E6
:1022600000F092F90028EBD12846FEF7BBFF0028CA
:10227000E6D028460D2102F0B7FE182321466373ED
:10228000284600F089FAE06121462846BDE838403A
:10229000FFF770BF70B50C46897A064615460929C6
:1022A00000F2A280DFE801F05D6209050D0514A0CF
:1022B0002C4E022D00F0938070BD002D00F089801F
:1022C00070BD002DF8D12146BDE87040FFF7B2BFC8
:1022D000032DF1D11946204601F0DEFD214630469E
:1022E000FFF7CCFB0546204600F090FA002D00F0E9
:1022F000898094F82230282B19D186F8443116E0D1
:10230000002DD9D1FEF746FFA38CC01A0304D3D405
:1023100094F8272094F8261084F822503046FFF7CE
:102320005FFD94F8213060F3000384F8213096F8C3
:102330005830C3F3020262F30613092286F85830BC
:10234000A27270BD042DB7D12146FFF7C7FB3046FE
:1023500002F0F2FF0021304602F046FE0023A37295
:1023600070BD002DA8D10123A37270BD194620466F
:1023700001F06EFD94F8202096F88031C2F3C2007F
:10238000C3F3C2010140C3F30203C2F302000340DE
:1023900043EAC10322F03F02134384F8203096F948
:1023A0003730002B0ADB94F8203013F0380F1DD1A2
:1023B00094F8203023F03F0384F820300221304687
:1023C00000F004FA012D7FF477AF96F83730DB097F
:1023D0000FD021463046BDE87040FFF705BF2146CB
:1023E000BDE87040FFF7ACBB00DE70BD5A07E5D119
:1023F000DEE7204600F00AFA21463046BDE870408C
:10240000FFF718BF304602F013FE0823A37270BD19
:1024100092F823C0ACF1070C02F12003BCF1110FBC
:102420000AD8DFE80CF02009090909090909090996
:102430001D09090909091A1700B5242383B080F87A
:102440004431019101F066FA019900238B7203B0C7
:102450005DF804FB0222FFF707BD0122FFF704BD70
:102460000522FFF701BD0622FFF7FEBC134600223E
:10247000FFF7FABC13460322FFF7F6BC38B58B7A98
:10248000082B02D002D8072B10D038BD092B0DD154
:1024900005460C46FFF722FB284601F03BFA0021D7
:1024A000284602F0A1FD0023A37238BD00DE38BD2E
:1024B00010B592F823E0BEF1160F02F120030BD005
:1024C000BEF1180F0DD024230C4680F8443102F0E1
:1024D00033FF0023A37210BDBDE810400122FFF7B7
:1024E000D9BEBDE810400322FFF7D4BE1346002238
:1024F000FFF7D0BE13460222FFF7CCBE0023042212
:10250000FFF7C8BE0023037043608360C3600361AC
:10251000704700BF037801330370704703785BB9DD
:10252000C3687BB102691AB1816861B10B608260D6
:102530000023C36003617047013BDBB20370002BD3
:10254000EED0704770474360F1E700BF03783BB1BE
:1025500000230C300B60436843B119604160704741
:10256000002304300B604368002BF6D1016041600A
:10257000704700BF00230B60836813B1196081604E
:10258000704741608160704740687047034640680B
:1025900028B1996802685A60884208BF9A607047FB
:1025A0004078A0F10C00B0FA80F04009704700BFFD
:1025B0004078A0F10800B0FA80F04009704700BFF1
:1025C0004078A0F10200B0FA80F04009704700BFE7
:1025D0004078A0F11700B0FA80F04009704700BFC2
:1025E0004078A0F10D00B0FA80F04009704700BFBC
:1025F0004078A0F10100B0FA80F04009704700BFB8
:102600004078A0F10900B0FA80F04009704700BF9F
:102610004078A0F10600B0FA80F04009704700BF92
:102620004078A0F11800B0FA80F04009704700BF70
:102630004078A0F10300B0FA80F04009704700BF75
:102640004078A0F10500B0FA80F04009704700BF63
:10265000F8B5064608460D46F4F786F8044680B1FC
:10266000002745600672476187612C223946203079
:102670000DF077FF4FF47F43FF2262726381A381E5
:10268000A7732046F8BD00BF4078A0F10200B0FA61
:1026900080F04009704700BF4078A0F10100B0FA17
:1026A00080F04009704700BF4078A0F10200B0FA06
:1026B00080F04009704700BF4078A0F10900B0FAEF
:1026C00080F04009704700BF4078A0F10100B0FAE7
:1026D00080F04009704700BF4078A0F10100B0FAD7
:1026E00080F04009704700BF4078A0F10200B0FAC6
:1026F00080F04009704700BF4078A0F10900B0FAAF
:1027000080F04009704700BF4078A0F11800B0FA8F
:1027100080F04009704700BF4078A0F10100B0FA96
:1027200080F04009704700BF4078A0F10100B0FA86
:1027300080F04009704700BF4078A0F10900B0FA6E
:1027400080F04009704700BF4078A0F10300B0FA64
:1027500080F04009704700BF4078A0F10300B0FA54
:1027600080F04009704700BF4078A0F10300B0FA44
:1027700080F04009704700BF416809B1F4F70AB81A
:1027800000DE4168F4F706B8024B1868003818BF3D
:1027900001207047C401002010B50448F3F7E4FF9E
:1027A00004460430FEF7E4FC204610BDC4010020BE
:1027B00008B50120F6F78EFD003818BF012008BDCE
:1027C000F6F7A4BDC430FFF7D5BE00BF38B590F80A
:1027D000363105460C461BB11C4385F8364138BDE1
:1027E000C430FFF797FE95F836311C4385F8364123
:1027F00038BD00BF90F8363123EA010180F8361168
:1028000001B17047C430FFF789BE00BF836943B18F
:102810001A792E2A04D02E221A71836902691A604D
:10282000704700DE8369F3E783694BB11A792E2A7A
:1028300000D0704701221A7181690868F6F736BD29
:1028400000DE8369F2E700BF8B6913B11A792E2A83
:1028500008D0CB692BB1D0F83C211A60CB69C0F805
:102860003C3170471B68D0F838215A608B690122CF
:102870001A718B69C0F83831EBE700BFF8B50D4F1E
:1028800005463846F3F770FF044680B100264760DE
:102890000572466186612C22314620300DF061FEC2
:1028A0004FF47F43FF2262726381A381A6732046A7
:1028B000F8BD00BFB401002010B50A4B10225868C3
:1028C0005021F3F72DFF084B102258685021F3F7E1
:1028D00027FF064BBDE81040586840222C21F3F733
:1028E0001FBF00BFBC010020B4010020C4010020B4
:1028F00038B50446002500F0E1FF2046C4E936550E
:1029000084F8E45002F0FAFCC4F80851C4E93A55DE
:1029100084F8F650A4F8F450A4F8F850C4F80B5119
:10292000A4F82851C4F81051C4F81451C4F818512F
:10293000C4F81C51C4F82051C4F82451F5F70CFE1A
:1029400094F8723084F83651C4E94801C4E94E5510
:1029500023F0180384F87230258638BD08460149F3
:10296000F3F718BFC401002010B5B0F8E24082B000
:10297000034624B1A1420FD2641AA0F8E240B3F892
:10298000F20020B181420FD2401AA3F8F2000023D6
:102990001846137002B010BD019200F0A1FE019A1A
:1029A00058B1037A0A2B03D022236FF07300F0E7AB
:1029B00090F820306FF07300EBE700DEF1E700BF26
:1029C000034B0B44B3FBF1F3A0F8F830704700BFA2
:1029D000FF59620210B5044602F098FC2046BDE89B
:1029E000104000F073BF00BF10B5044611B10129BB
:1029F00007D010BD02F0C0FC2046BDE8104000F03A
:102A0000ADBF02F0CDFC2046BDE8104000F0B4BFE1
:102A100070B5D0F83841064634B120682146446884
:102A2000F6F732FC002CF8D1D6F83C410023C6F86A
:102A300038313CB1054D204624682946F3F7AAFEFB
:102A4000002CF8D10023C6F83C3170BDC401002031
:102A500090F93730002B14DA70B504460E46032087
:102A600009491546FFF7F4FD014640B180F82060A2
:102A700080F82150204600F0FFFD002070BD0C20A2
:102A800070BD0C20704700BFBC01002010B5074985
:102A900004460120FFF7DCFD28B10146204600F086
:102AA000EBFD002010BD0C2010BD00BFBC010020BC
:102AB00038B504460D4602200849FFF7C9FD58B154
:102AC00090F8203065F30003014680F8203020465E
:102AD00000F0D2FD002038BD0C2038BDBC01002024
:102AE00010B5074904460420FFF7B2FD28B101469E
:102AF000204600F0C1FD002010BD0C2010BD00BF1D
:102B0000BC010020F8B5054690F93700002825DB08
:102B10000F460520124916461C46FFF799FD01464F
:102B2000E0B13B687A68C1F82520C1F821303378DC
:102B300081F82930737881F82A306268A3682846C2
:102B40002568E468C1F83740C1F82B50C1F82F2040
:102B5000C1F8333000F090FD0020F8BD0C20F8BD26
:102B6000BC010020F8B5054690F93700002825DBA8
:102B70000F460620124916461C46FFF769FD01461E
:102B8000E0B13B687A68C1F82520C1F8213033787C
:102B900081F82930737881F82A306268A368284662
:102BA0002568E468C1F83740C1F82B50C1F82F20E0
:102BB000C1F8333000F060FD0020F8BD0C20F8BDF6
:102BC000BC0100202DE9F041054688460720104948
:102BD0009DF8186017461C46FFF73AFDA8B1E300C0
:102BE00008F0070803F03803BF0143EA080307F0C1
:102BF00040073B4343EAC613014680F8203028468D
:102C000000F03AFD0020BDE8F0810C20BDE8F08125
:102C1000BC01002038B504460D4600F0F1FE204608
:102C200002F054FC07490A20FFF712FD38B10146B3
:102C300080F82050204600F01FFD002038BD0C20F9
:102C400038BD00BFBC01002038B590F93730002BEB
:102C500012DB04460D460B200849FFF7F9FC01463C
:102C600050B12B68C0F822302B7980F826302046EE
:102C700000F002FD002038BD0C2038BDBC01002052
:102C800008B590F93730002B08DB00F029FD20B1A2
:102C9000037A0B2B0CBF2230002008BD02F0AEF9E6
:102CA000F5E700BF70B506460D4602F0A7F920B162
:102CB000037A053B012B044601D90C2070BD014667
:102CC0003046FEF7CFFE0028F7D029686A68AB6867
:102CD000ED68C4F837503046C4F82B10C4F82F20E4
:102CE000C4F833302146FEF79BFE002070BD00BFC4
:102CF00038B5054602F082F920B1037A053B012B75
:102D0000044601D90C2038BD01462846FEF7AAFE2C
:102D10000028F7D028462146FEF790FE002038BD57
:102D20002DE9F8430546D0F82001BDF820801E4665
:102D300083070F46914617D495F93730002B1FDBD8
:102D40002A490820FFF784FC0446002C42D0237A4D
:102D5000082B0FD0092B16D000DE2846214600F0A4
:102D60008BFC0020BDE8F88320490920FFF770FCA8
:102D70000446EAE7A4F828906685A4F82C80ECE7DE
:102D80001A20BDE8F883099BE784A4F8289066859B
:102D9000A4F82C8003B31B882387099B5B88638777
:102DA000099B9B88A387099BDB88E387099B1B8979
:102DB000A4F84030099B5B89A4F8423095F937307C
:102DC000002BCADA2846FDF7D7FB0146284602F059
:102DD000F1FBC2E70C20C5E7054A4FF0FF33C4E919
:102DE0000E23A4F840304FF6FF73E5E7BC01002046
:102DF0000000FFFF10B5044602F000F910B1037A9D
:102E0000092B00D010BD01462046BDE8104001F05E
:102E100051BF00BF38B504460D4602F0EFF810B1BF
:102E2000037A092B00D038BD80F820500146204697
:102E3000BDE8384001F042BF08B502F0DFF828B124
:102E4000007AA0F10900B0FA80F0400908BD00BF87
:102E500038B505460C4600F043FC10B14369A34267
:102E60000ED0284602F0CAF810B14369A34200D040
:102E700038BD224601462846BDE8384002F0E0B998
:102E800001462246284600F0E3FCEAE710B5044676
:102E900000F026FC18B10146204600F0FDFC20465B
:102EA00002F0ACF8014620B12046BDE8104002F027
:102EB000F7B910BD2DE9F04192F8213014460546CE
:102EC0000E46002B42D092F823301E2B2AD92846DA
:102ED00000F006FC0746284602F090F80146002F55
:102EE00063D0FA7A94F8233000284CD09342C07A09
:102EF00055D03A7B002A61D0984252D00A7B002AF2
:102F00004FD1072B71D0112B04D14A7B94F8243078
:102F10009A4246D02346324639462846BDE8F0411B
:102F200000F056BC454A52F823202AB104F1200093
:102F3000904770B194F82330022BC8D10123224668
:102F400031462846BDE8F04102F046BAFF2382F838
:102F50002330284600F0C4FB30B194F82320C37A14
:102F60009A420ED0037B63B9284602F047F8002846
:102F700051D094F82320C37A9A4202D0037B002BCD
:102F8000DDD0BDE8F0819342C4D03A7B002AC1D1A4
:102F9000072B4DD0112B4BD00D2BBBD0CEE7984239
:102FA0001CD11F2385F84431EBE70028C6D0234607
:102FB00032462846BDE8F04102F0D6B8072B2CD0A7
:102FC000112B18D0B3F10D0218BF012298421FD067
:102FD0000B7BEBB9002A9DD02423E3E70A7B002A70
:102FE000DFD1072B91D0112B94D14B7B94F8242067
:102FF0009A42D6D08EE77A7B94F82430D21A18BF42
:103000000122112804D0087B10B9487B9842E1D1F5
:10301000002ACCD1C5E7034691E77A7B94F82430A7
:10302000D21A18BF01220728EDD1002ABFD1B8E774
:103030007A7B94F824309A4280D16BE7B80B020077
:10304000F8B58D6900260C4607468E612DB3012622
:1030500003232B71BB8CEB80237A022B05F120011B
:1030600012D0042B02D000DE46B1F8BD637A0C2BDF
:10307000F9D1384600F010FE002EF6D12868294616
:10308000BDE8F840F6F712B9637A072B0DD0092B8B
:10309000E9D1384600F04CFDE6E7FFF791FB054625
:1030A0000028D5D100DE0071FFDE204600F0ECFCE8
:1030B000DAE700BF70B506460C46FFF76DFB054624
:1030C00000284ED0237A013B291D092B06D8DFE8C2
:1030D00003F0141A202705050505052D00DEEB7900
:1030E000637329463046FFF76DFB237A0A2B24D001
:1030F0003046BDE8704000F05DBB084600F09EFC25
:103100001323E372EBE7304600F0CCFC0923E372B3
:10311000E5E7204600F084FDFF236561E372DEE70A
:10312000084600F0A7FD0C23E372D8E7204600F024
:1031300091FDFF236561E372D1E7F38CB6F8761158
:1031400040F2E24202FB03F342F2107202FB013151
:1031500001393046B1FBF3F1BDE8704089B200F0AF
:103160002FBB00DEAEE700BFF8B506460C4601F007
:1031700049FF20B103230025A3722846F8BD21464C
:103180003046FFF701FB05460028F3D021463046C4
:10319000FFF702FB074660B3237A022B07F1040016
:1031A00020D0042B14D0012B17D000DEFB796373E1
:1031B00039463046FFF706FB304601F033FF042363
:1031C000A372304602F0B8F80023A3722846F8BD77
:1031D00000F050FDFF23E372E8E700F039FCFF2325
:1031E000E372E3E70146304600F080FCFF23E37220
:1031F000DCE700DED0E700BF38B50B7A013B0C46B8
:103200000546092B10D8DFE803F0050509110F0F5B
:103210000F0F0F1DBDE83840FFF7A6BF284602F08C
:103220008BF80023A37238BD00DE38BD90F808315A
:10323000002BF3D1FFF798FF0028F4D0012385F885
:10324000083138BD90F93730002B02DB02238B7236
:1032500038BD02F071F894F820300022A27285F88F
:10326000443138BD38B50B7A013B0C460546092B75
:1032700014D8DFE803F005150D23131313131332CD
:103280004B7A072B04D0132B02D0242385F844312A
:10329000284600F03FFB0023A37238BD00DE38BD96
:1032A0004B7A072B01D0092BEFD194F82030DB07A4
:1032B000EED521462846FFF7C3FEE9E74B7A0C2BF3
:1032C000E3D18B698BB121462846FFF7B9FE28462A
:1032D00000F020FB0023A37238BD00F01BFB00228E
:1032E0001623A27285F8443138BDFFF761FA002831
:1032F000E9D1284600F05EFA0423A37238BD00BF6E
:1033000070B50E7A731E0C460546092B06D8DFE809
:1033100003F0070E4D2205050505053F00DE70BDD3
:1033200000F038FA00285DD00123A37270BD00F0D0
:1033300031FA0028F8D121462846FFF725FA00285F
:10334000F2D021462846FFF7B5FE6369002B08BF7F
:103350000326A67270BD90F80831002B3AD100F018
:1033600019FA0028E0D121462846FFF70DFA002877
:10337000DAD021462846FFF79DFE6269002A4FF009
:1033800001030CBF03220222A27285F8083170BD2E
:10339000FFF7FAF90028C7D021462846FFF78AFE32
:1033A0001622022384F82020A37270BD00F0F2F9E7
:1033B0000028B9D121462846FFF7E6F90028B3D006
:1033C00021462846FFF776FE6369002B18BF0226C8
:1033D000A67270BD0C2200234A728B61BDE870405A
:1033E000FFF740BF21462846FFF7CEF900289BD0C3
:1033F00021462846FFF75EFE6369002B0CBF0323BE
:103400000223A37270BD00BF8B7A022B04D002D9B5
:10341000033B012B07D870470B7A032B01D00A2BF3
:10342000F9D1FFF71FBF00DE704700BF38B58B7AB8
:10343000032B05D001D9042B00D138BD00DE38BDE7
:10344000054692F823000C46831E02F120016072AB
:10345000172B0DD8DFE803F00C0C0C0C0C1B0C1711
:103460000C0C130D0C0C0C1F0C0D0C0C0C0C0C0D7F
:1034700000DE21462846BDE83840FFF7F3BE284667
:1034800000F020FCF5E7284600F09EFBF1E720461F
:1034900000F0F6FAEDE7204600F0BCFCE9E700BFDB
:1034A00038B58B7A032B05D8012B0AD8BDE83840F4
:1034B000FFF726BF042B03D10B7A042B0C4601D057
:1034C00000DE38BD0546FFF773F90028F9D0214624
:1034D0002846FFF7B5FD284600F01CFA0023A3722A
:1034E00038BD00BF38B58B7A012B06D002D9023B1C
:1034F000022B00D838BD00DE38BD054692F8230007
:103500000C46831E02F120016072172B1AD8DFE8E7
:1035100003F00C19191919191B19191923191B1959
:103520001919131919191919191F204600F09EFBB2
:1035300008212846FFF74AF921462846BDE83840C9
:10354000FFF75ABE00DEF7E7284600F00FFBF3E76F
:10355000284600F077FBEFE7284600F0B3FBEBE7E7
:1035600038B58B7A0C460546042B1AD8DFE803F0F1
:10357000140F03100F000B7A0A2B10D1284601F00C
:10358000DBFE94F820300022A27285F8443138BD69
:10359000BDE83840FFF730BE01238B7238BD00DE36
:1035A000ECE700DE38BD00BF70B5044608F0E0F877
:1035B00068B1D4F8D85045B1D4F8DC202B68C4F8F1
:1035C000D830954208BFC4F8DC30284670BD0546A7
:1035D0000121032008F092F82A4606460121032023
:1035E000F3F760F9D4F8D85045B1D4F8DC202B6853
:1035F000C4F8D830954208BFC4F8DC30002EE4D0BF
:10360000012211460320F3F74DF9284670BD00BF93
:10361000F8B506460C4608F0ABF868B1D6F8D850B5
:10362000AC421FD1A3690BBB3046FFF7BDFF20465C
:10363000BDE8F840FFF7A0B805460121032008F0D7
:103640005DF82A46074601210320F3F72BF9D6F847
:10365000D850002FE4D0012211460320F3F722F9BD
:10366000AC42DFD000DEA369002BDDD01B792E2B0E
:10367000DAD100DED8E700BFF8B505460C4608F001
:1036800077F840B100232360D5F8DC30F3B11C603B
:10369000C5F8DC40F8BD06460121032008F02EF8ED
:1036A0003246074601210320F3F7FCF82660D5F8DF
:1036B000DC3083B11C60C5F8DC40002FEAD0012269
:1036C000BDE8F84011460320F3F7ECB8C5F8D84040
:1036D000C5F8DC40F8BDC5F8D840C5F8DC40ECE7DB
:1036E00070B5054608F044F818B1D5F8D840204622
:1036F00070BD04460121032008F000F8224606466A
:1037000001210320F3F7CEF8D5F8D840002EEED0F3
:10371000012211460320F3F7C5F8204670BD00BF13
:1037200038B50546FFF7DCFF037A013B04460A2B58
:103730002DD8DFE803F0060606061A1A2014140630
:103740002600014600222846FFF7AAFEA37B03B904
:1037500038BD21462846BDE83840FFF759BF01462D
:103760000022284601F076FAF0E7014600222846BA
:10377000FEF732F9EAE7014600222846FEF776FE18
:10378000E4E701460022284601F0A6FADEE700DE63
:10379000DCE700BF90F8E400A0F10100B0FA80F08F
:1037A00040097047012380F8E4307047002380F817
:1037B000E4307047B0F8F830A0F8E230704700BF4E
:1037C000A0F8E210704700BF0023A0F8E230704775
:1037D00038B50C468969054610461A46F9B1217A72
:1037E00001390A2932D8DFE801F00606060622224E
:1037F000271D1D062C0021462846FFF717FEA3694A
:1038000023B11B792E2B1CBF0023A361A37B03B91B
:1038100038BD21462846BDE83840FFF7F9BEA36110
:103820002061DCE72146284601F0C0F9E7E72146A0
:103830002846FEF7ABF8E2E721462846FEF7E8FD0A
:10384000DDE72146284601F03DFAD8E700DED6E75D
:1038500038B50B7A072B0C46054619D00A2B94462F
:1038600006D0032B04D0A37B0022626153B938BD7C
:10387000624621462846FFF7C7FDA37B002262610E
:10388000002BF4D021462846BDE83840FFF7C0BEE3
:10389000FEF7F0FDE7E700BF38B50B7A072B0C46C3
:1038A000054608D0A37B03B938BD21462846BDE8AC
:1038B0003840FFF7ADBEFEF7E1FDF3E7022200233B
:1038C00080F8E020A0F8E230704700BF38B590F8EB
:1038D000E0300446032B1AD8DFE803F002100F1083
:1038E000FFF7FEFE48B1057A2046FFF719FF0A2DC3
:1038F00014BF0123032384F8E03038BDFFF7F0FE46
:103900000028FAD02046BDE83840FFF709BF00DEA6
:1039100038BD00BF10B590F8E0300446032B1BD82B
:10392000DFE803F00D020C02FFF7DAFE90B100238E
:103930000122A4F8E230827384F8E03010BDFFF772
:10394000CFFE28B100220123A4F8E220837310BD2A
:1039500000DEF7E700DEEAE700DE10BD90F8E030B9
:10396000022B03D001D9032B04D17047002380F828
:10397000E030704700DE704738B590F8E03004461C
:10398000032B3AD8DFE803F0092612132046294614
:10399000FEF75AFF2846FEF7EFFE2046FFF704FE2B
:1039A00005460028F2D1022384F8E03038BDFFF745
:1039B000FBFD05460028F6D029462046FEF744FFC9
:1039C0002846FEF7D9FE2046FFF7EEFD0546002803
:1039D000F2D1E8E7FFF7E8FD05460028E3D02946E5
:1039E0002046FEF731FF2846FEF7C6FE2046FFF7C9
:1039F000DBFD05460028F2D1D5E700DE38BD00BF6B
:103A000038B50546FFF7D0FD68B104462146284683
:103A1000FEF71AFF2046FEF7AFFE2846FFF7C4FD6B
:103A200004460028F2D10024A5F8E24021462846A9
:103A300001F0D6FA85F8E04038BD00BF03780121D7
:103A4000122243F0030303704170C270704700BF3D
:103A500003780121132243F0030303704170C27005
:103A6000704700BF0B784FF0020C43F003030722AE
:103A70000B7081F801C0CA7090F84C300B71704720
:103A80000B7980F84C3070470B784FF0020C43F004
:103A9000030307220B7081F801C0CA7090F84C3004
:103AA0000B71704710B50B780C460922082143F0C2
:103AB0000303E1706270237090F93730002BACBFC4
:103AC0000B460E23E370F4F747FD002261F3070273
:103AD000C1F3072C0B0C6CF30F2263F317421B0A84
:103AE00063F31F626060A26010BD00BF38B50C4672
:103AF0000546F4F731FD237843F0030323700923CF
:103B00006370E370D5F82031217263F0FF03184031
:103B1000020C0B0CC0F307252071C1F30721100A1A
:103B2000A2711A0AE07165716172A372E27238BD06
:103B30000B78092243F003030B704A70CA70D0E976
:103B40004623100CC2F3072C0A711A0C81F805C029
:103B500088714FEA102C0B72C3F30720130A81F807
:103B600007C048728A72CB72704700BF2DE9F041DE
:103B70004B68144F8E685A0F82EA137202F00102EA
:103B80001F400021931849419B18054641F1000848
:103B900087EA0374F4F7E0FC04EA0003C5F8203177
:103BA00063F0FF0306F0EF063B4046EA0878C5E9FC
:103BB000463608EA01010122C5F8241185F81021D2
:103BC000BDE8F0812FCF87F72DE9F0414A68134F08
:103BD0008E68530F83EA127303F00103D91807EAC2
:103BE00002074FF000025241C918054642F1000495
:103BF00087EA0178F4F7B0FC06F0EF0646EA0474B1
:103C0000C5E9467608EA00000C400123C5F820010A
:103C1000C5F8244185F81031BDE8F0812FCF87F732
:103C20000B784FF0030C43F0030319220B7081F85B
:103C300001C0CA7090F820300B7190F821304B71A0
:103C4000704700BF0B7980F828314B7980F8293113
:103C5000704700BF0B78022243F003030B704A70D9
:103C6000CA7090F820300B71704700BF0B7980F854
:103C7000203070470378074AC0F805204FF0060C43
:103C800043F0030340F60C51037080F801C0A0F824
:103C900003107047F105FFFF0B784FF0060C43F05F
:103CA00003030C220B7081F801C0CA7090F80A312E
:103CB0000B71B0F80B31A1F80530B0F80D31A1F857
:103CC00007307047012380F809310B7980F80A31F9
:103CD000B1F80530A0F80B31B1F80730A0F80D317C
:103CE000704700BF10B50B78172443F0030303227D
:103CF0004C700B70CA70D0F82130D0F825208A6043
:103D00004B6090F829300B7390F82A304B7301F117
:103D10000E0407F02DFD0C2120B12046BDE8104017
:103D200003F0CABA2046BDE8104003F0BBBA00BF9A
:103D30000B78032243F003034FF0170C0B7081F84C
:103D400001C0CA70D0F82130D0F825208A604B60BD
:103D500090F829300B7390F82A304B73704700BFEE
:103D600010B503780D21042243F003034170037062
:103D7000C270841807F0FCFC0C2120B12046BDE87D
:103D8000104003F099BA2046BDE8104003F08ABA0B
:103D900003780121052243F0030303704170C270D0
:103DA000704700BF03780121062243F0030303702C
:103DB0004170C270704700BF037801210A2243F0AE
:103DC000030303704170C270704700BF0378012184
:103DD0000B2243F0030303704170C270704700BFB1
:103DE000037801714FF0020C43F003030D220370BE
:103DF00080F801C0C27070470378017143F003037B
:103E00004FF0030C0370112380F801C0C37042719E
:103E1000704700BF0B7980F84D304B7980F84E30F9
:103E2000704700BF0B784FF0030C43F003031622DA
:103E30000B7081F801C0CA7090F82030C3F3C20340
:103E40004B7190F82030C3F302030B71704700BF31
:103E50000A7990F8203062F3C50380F820304A795F
:103E600062F3020380F82030704700BF0B784FF0F8
:103E7000030C43F0030317220B7081F801C0CA70D2
:103E800090F88031C3F3C2034B7190F88031C3F3D3
:103E900002030B71704700BFCB8883840B7980F8D5
:103EA00026304B7980F82730704700BF0B784FF0F1
:103EB000050C43F0030318220B7081F801C0CA708F
:103EC000838CCB8090F826300B7190F827304B71A3
:103ED000704700BF0A7990F8203062F3C50380F87C
:103EE00020304A7962F3020380F82030704700BF27
:103EF0000B784FF0180C43F003030F220B7081F87E
:103F000001C0CA70C38C8B80038DCB80438D0B8125
:103F1000838D4B8190F834300B73C38EA1F80D3034
:103F2000038FA1F80F30438FA1F81130838FA1F8D0
:103F30001330C38FA1F81530B0F84030A1F8173016
:103F4000B0F84230A1F81930704700BF0B784FF03D
:103F5000180C43F0030310220B7081F801C0CA70E3
:103F6000C38C8B80038DCB80438D0B81838D4B81E4
:103F700090F834300B73C38EA1F80D30038FA1F885
:103F80000F30438FA1F81130838FA1F81330C38F06
:103F9000A1F81530B0F84030A1F81730B0F8423031
:103FA000A1F81930704700BF8B88C384CB88038584
:103FB0000B8943854B8983850B7B80F83430B1F8BE
:103FC0000D30C386B1F80F300387B1F81130438745
:103FD000B1F813308387B1F81530C387B1F81730C3
:103FE000A0F84030B1F81930A0F84230704700BF57
:103FF0008B88C384CB8803850B8943854B89838554
:104000000B7B80F83430B1F80D30C386B1F80F3037
:104010000387B1F811304387B1F813308387B1F8C3
:104020001530C387B1F81730A0F84030B1F8193017
:10403000A0F84230704700BF0B78002243F0030322
:104040004FF00C0CCA700B7081F801C090F823304F
:104050000B71036B094AA2FB03239B0AA1F80530ED
:10406000438DA1F80930038DA1F80730838DA1F8A5
:104070000B30838CA1F80D30704700BF5917B7D1B2
:104080000B7980F82330B1F8053040F2E24202FBB0
:1040900003F30363B1F809304385B1F807300385B2
:1040A000B1F80B308385B1F80D308384704700BFC1
:1040B0000B784FF0080C43F0030301220B7081F8DA
:1040C00001C0CA70038CA1F80930D0F822304B60CF
:1040D00090F826300B727047B1F8093003844B68B2
:1040E000C0F822300B7A80F826307047F8B5CE69D8
:1040F00000230C4607461546CB6136B30F2D06F15B
:1041000004010DD0112D13D075B100DEF379637366
:1041100031463846FEF756FB237A092B10D0F8BDFE
:104120002046FFF7E5FEF1E72046FFF785FFEDE7C4
:10413000084694F8202094F82110FFF75DFEE5E78B
:104140003846BDE8F840FFF735BBFEF725FB0646CD
:104150000028D3D100DED1E78B6900228A6113B336
:10416000192293F804C01A71828CDA8091F8202009
:1041700083F820204AB90A8D5A844A8D9A848A8D00
:10418000DA84BCF12E0F0AD07047C28C5A84028D9B
:104190009A84B0F87621DA84BCF12E0FF4D1186835
:1041A0001946F5F783B800DEDAE700BF30B5C38CF7
:1041B0000A8D4C8D8D8D934285B002D1038DA34223
:1041C00014D0012381F8223002950B6BCDE9002435
:1041D0000C7A91F82320898C0391A4F10801B1FA9B
:1041E00081F14909EEF798FA05B030BDB0F87631A3
:1041F0005B1B18BF0123E5E7F8B5CD6900230C462A
:1042000007461646CB618DB3291D112E0AD8DFE86B
:1042100006F0200909090909091C09090909090900
:104220000909241400DEEB79637329463846FEF74A
:10423000C9FA237A092B14D0F8BD084694F8202037
:1042400094F82110FFF7D8FDEDE72046FFF70AFCB0
:10425000E9E72046FFF7F0FEE5E72046FFF776FEA8
:10426000E1E73846BDE8F84000F0DCBEFEF794FA1E
:1042700005460028C8D100DEC6E700BF2DE9F041A1
:104280001B4E336804460D462BB1834203D00123F5
:10429000AB72BDE8F0812046FFF77CFA0028F6D12A
:1042A000204600F0A5FE07460028F0D1294620460A
:1042B000FEF76AFA0028EAD02046FCF773FF0121D6
:1042C0008046204600F08CFEA5F8368085F83470D4
:1042D0000F22294620463460FFF708FF94F8373054
:1042E000DB090CBF41F2020304236B81D1E700BF5D
:1042F0008C5D0020C38C052B03D9028DB2F5486F6D
:1043000001D9002070479342FBD8438DB3F5FA7F63
:10431000F7D200B5B0F82CC0ACF10A0189B240F672
:10432000764E714502D900205DF804FB01339BB243
:1043300002FB03F3B3EB8C0FF5D290F834009042FC
:104340008CBF00200120EFE738B504460D46FFF78B
:1043500021FA20B929462046FEF716FA30B9102175
:104360002046FEF733FA0323AB7238BD04F1C400D4
:10437000FEF70AF90028F2D12046FCF733FF0028A7
:10438000EDD029462046FEF707FAAB69E86143B352
:104390002E221A7195F834200121002385F823106C
:1043A0002B634AB12B8DE98CB3FBF2F313FB02F3C1
:1043B0009BB2994298BF2B852046FCF7F3FE238DD4
:1043C000063303442946AB8420460022FFF78EFEC5
:1043D0004FF606736B8120461021BDE83840FEF78A
:1043E00009BAFEF7E5F910B90723AB7238BDAB691E
:1043F000002BCDD1FEF7E4F90346A861C8E700BF62
:1044000038B504460D4600F0FDFD20B9294620468A
:10441000FEF7BAF930B910212046FEF7D7F9092383
:10442000AB7238BD04F1C400FEF7AEF80028F2D13B
:104430002046FCF7D7FE0028EDD029462046FEF79F
:10444000ABF9E861FEF7B4F910B90C23AB7238BDD3
:10445000AB695BBBFEF7B4F92E23A861037195F835
:1044600034200121002385F823102B634AB12B8DC2
:10447000E98CB3FBF2F313FB02F39BB2994298BFB2
:104480002B852046FCF78EFE238D063303442946F8
:10449000AB8420460022FFF7AFFE4FF60B736B8113
:1044A00020461021BDE83840FEF7A4B900DED1E770
:1044B00070B506460C4600F0A5FD10B10623A372A8
:1044C00070BD054621463046FEF75EF90028F5D05E
:1044D000112221463046FFF78FFE304600F02CFFB8
:1044E000237A092B04D1044B1A68964208BF1D6039
:1044F0000023A37270BD00BF8C5D0020F8B5294A6F
:10450000136806460C468BB183420FD002238B7290
:1045100000F078FD054620B921463046FEF734F913
:1045200068BB2046BDE8F840FEF770B9218DF38CDA
:1045300016609942628DA08D12D0A5690023A361F7
:1045400075B303232F792B71B38CEB8005F1200118
:104550002046FFF7CDFC2E2F1DD00423A372F8BDFB
:10456000338D9342E9D1B6F876318342E5D12046C6
:10457000FEF75AF900220523A261A372F8BD4FF499
:104580007263214623843046FFF792FF2046FEF7F0
:104590004BF9A561F8BD28682946F4F787FEDCE7EA
:1045A00000DECEE78C5D0020F0B50C46897A83B042
:1045B00005460C2900F2E180DFE811F012001E0030
:1045C0002C00350041004C006000DF0063006E00ED
:1045D0007700B6000D00002A00F0D48003B0F0BDD3
:1045E000002AFBD1237A082B00F00481092B40F02C
:1045F000C4800123A372F1E7012AEFD120461946B6
:10460000FFF7D2FC2046FFF775FE28B940F61E736F
:1046100023842CE0012AE1D82146284603B0BDE8D6
:10462000F040FFF76BBF002AD8D10192FEF7C0F827
:10463000019A002840F0F9800323A372CEE7032AF1
:1046400000F09D80042AC9D10F22062384F821207E
:10465000A372C3E7002AC1D195F93730002B80F24D
:10466000C78094F8203073B10F2384F8213021469D
:10467000284603B0BDE8F040FFF71ABF002AADD1CD
:10468000F5E7002AAAD1284600F0BCFC002800F07B
:10469000B4800823A372A1E7002A9FD121462846AF
:1046A00003B0BDE8F040FFF7ABBE022A96D195F803
:1046B0003720C2F3C011D20900F0AE80194620465F
:1046C000FFF7DEFC218D628DA68D8B1F9BB240F61D
:1046D0007A40834200F2BC80B2F5FA7F80F0B88065
:1046E000A6F10A039BB240F67640834200F2B08006
:1046F000531C9BB201FB03F3B3EB860F80F0A88041
:104700002846FCF74FFDA38C1B1A47F6FE729BB29E
:10471000934240F2C480282385F84431284600F0B3
:104720000BFE0023A37259E7002A7FF457AF2846F7
:10473000FCF730FDA38CC01A03043FF54FAF2146B0
:104740002846FFF733FD237A092B00F0838094F885
:104750002260002E40F08A802046FEF765F8A661B0
:10476000284600F0E9FD237A092BDAD1554B1A6867
:104770009542D6D100221A60D3E700DE2EE705234A
:10478000A3722BE7FEF714F800283FF427AFA369C4
:10479000002B40F09480FEF713F82E23A0610371E4
:1047A00094F834200121002384F8231023634AB1B4
:1047B000238DE18CB3FBF2F313FB02F39BB299421E
:1047C00098BF23852846FCF7EDFC2B8D0633034468
:1047D0002146A38428460022FFF70EFD4FF60B73F7
:1047E00010212846638103B0BDE8F040FEF702B80F
:1047F000A26153E70A23A372F0E621462846FDF79B
:10480000C3FF00283FF445AF102221462846FFF79A
:10481000F3FC0A236381E1E684F84C10284600F09B
:10482000F1FB58B30D23A372D8E6A669A261002E4E
:1048300043D0032337793371AB8CF38006F1200129
:104840002046FFF755FB2E2F24D00423A372C5E684
:104850001E2361E7284600F0EBFB237A092B7FF447
:1048600076AF94F82030002B3FF471AF002384F82A
:10487000203021462846FFF76FFC71E72146284685
:10488000FDF782FF0028CDD0072221462846FFF7FA
:10489000B3FC65E730683146F4F708FDD5E72046FC
:1048A000FDF7B4FF0B23A3722846FCF77BFCA38C17
:1048B000C31A1A043FF592AE41E700DEB9E700DE05
:1048C00069E700BF8C5D002070B506460C46FEF718
:1048D00061FF10B10523A37270BD05462146304625
:1048E000FDF752FF0028F5D02946304600F078FB4E
:1048F000112221463046FFF7F9FB3046FFF70AF850
:10490000237A092B02D00023A37270BD96F93730A9
:10491000002B06DB064B1A689642F4D100221A607F
:10492000F1E73046FEF788FA0028F3D0EBE700BF46
:104930008C5D002070B50C46897A82B0064615461B
:10494000072912D8DFE801F009131C3C457A7D04E1
:10495000002D00F0AD8002B070BD002DFBD1237A98
:10496000082B00F09580092B03D000DEF3E7002D23
:10497000F1D12146304602B0BDE87040FFF77EBC61
:10498000032D00F0D280042D00F08480012DE2D1AF
:1049900019462046FFF72CFB3046022100F020FB91
:1049A0002046FFF7A7FC002840F0E48041F21E03F8
:1049B00023842146304602B0BDE87040FFF784BF33
:1049C000002DC8D12146304602B0BDE87040FFF747
:1049D000BBBC032D00F0B980042D00F0B880022D7F
:1049E000B9D119462046FFF74BFB228D608DB4F8F4
:1049F0002CC0931F9BB240F67A418B4200F2B280EA
:104A0000B0F5FA7F80F0AE80ACF10A039BB240F6BD
:104A100076418B4200F2A680431C9BB202FB03F35B
:104A2000B3EB8C0F80F09E802946304600F0D8FA18
:104A30002046FDF7EBFE0623A3728CE7002D8AD1FA
:104A4000B7E7002D87D1FCF7A5FBA38CC01A0304A0
:104A500081D42946304600F0C3FA21463046FFF79C
:104A6000A5FB237A092B00F08D8094F82250002DAD
:104A700040F094802046FDF7D7FEA5613046FEF752
:104A800049FF237A092B45D00023A37202B070BDE1
:104A9000A56197E73046022100F0A2FAD6F820314E
:104AA00023F002032046C6F82031FDF7AFFE89E768
:104AB000FDF77EFE00283FF44EAFA06900286FD0BE
:104AC0002E23037194F834200121002384F823104D
:104AD00023634AB1238DE18CB3FBF2F313FB02F3A2
:104AE0009BB2994298BF23853046FCF75BFB338D20
:104AF000063303442146A38430460022FFF7F6FA2A
:104B00004FF6067310213046638102B0BDE8704055
:104B1000FDF770BE96F93730002B2DDB224B1A685B
:104B20009642B1D100221A60AEE75A791A2AB1D062
:104B30000021019300F054FA019B5B7984F8203046
:104B400021463046FFF708FB98E75B79F6E7D0F897
:104B500020311A2223F00203C0F82031214684F8C4
:104B60002020EEE70021304600F03AFA1E2386F8B6
:104B7000443183E7204698E73046FEF75DF9002888
:104B8000CCD081E73046FEF71FFE237A092B7FF455
:104B90006CAF94F82030002B3FF467AF0023CDE7D3
:104BA000FDF70EFEA0618BE78C5D002010B592F83A
:104BB00023C082B0044602F12003BCF1110F0AD8D1
:104BC000DFE80CF02C090909090909250909090977
:104BD000090909091E17242380F844310191FEF7C1
:104BE00099FE01990B7A092B1FD000238B7202B01A
:104BF00010BD0322204602B0BDE81040FFF79ABE68
:104C00000122204602B0BDE81040FFF793BE042207
:104C1000204602B0BDE81040FFF78CBE02222046BD
:104C200002B0BDE81040FFF785BE94F93730002B85
:104C300006DB074B1A689442D7D100221A60D4E7EA
:104C400020460191FEF7F8F801990028F1D0CCE751
:104C50008C5D002013460022FFF76CBE70B592F801
:104C6000235002F1200335B10F2D09D1BDE870406A
:104C70000122FFF799BCBDE870400222FFF794BC07
:104C800024230E4680F84431044600F055FB337A65
:104C9000092B05D1044B1A68944204BF00221A6004
:104CA0000023B37270BD00BF8C5D0020134600224C
:104CB000FFF77ABC00230322FFF776BC002304220F
:104CC000FFF772BC10B524230C4680F84431FEF780
:104CD00021FE0023A37210BD70B58B7A012B0C4608
:104CE00005460AD9022B06D1FCF754FA238CC01AC8
:104CF000030408D570BD00DE70BDFEF74BFD88B122
:104D00000123A37270BD0021284600F069F904F167
:104D100022012846FCF754FA2846FEF7FBFD002343
:104D2000A37270BD284600F063F90028E8D121463F
:104D30002846FDF729FD0028E2D00121284600F091
:104D40004FF92846FCF72EFA2B8D063303442146F3
:104D500023842846FDF720FD064660B1311D20461C
:104D6000FFF7A6F9F379637331462846FDF72AFD6C
:104D70000223A37270BD00DEF0E700BF92F823307B
:104D8000012B70B505460C4607D0242380F844312A
:104D900000F0D2FA0023A37270BD8B7A012B04D0ED
:104DA00013F0FD0FF8D000DE70BD02F120012046A7
:104DB000FFF792F92846268CFCF7F4F9361AB6B2BA
:104DC00047F6FE739E4202D80223A37270BD2823C9
:104DD00085F84431284600F0AFFA0023A37270BD75
:104DE00038B58B7A012B04D0022B0C4602D09BB134
:104DF00000DE38BD0546FCF7CDF9238CC01A03044C
:104E0000F7D404F122012846FCF7DAF9284600F02D
:104E100093FA0023A37238BD01238B7238BD00BF03
:104E200070B5D0F8E85004461DB394F8F430012B67
:104E300003D1022384F8F03070BD29462046FDF7E7
:104E4000A3FC0028F5D029462046FDF7A5FC064620
:104E500088B1311D2846FEF705FEF3796B733146A4
:104E60002046FDF7AFFC0123AB73002384F8F0303C
:104E700070BD00DED9E700DEEBE700BF70B5D0F80B
:104E8000E8500446A5B394F8F430012B03D1012374
:104E900084F8F03070BD29462046FDF775FC0028E7
:104EA000F5D029462046FDF777FC064678B3204624
:104EB000FEF716FC2A7A037A934206F1040019D011
:104EC000082B19D02A2194F810311BB1D4F82031C5
:104ED0005B0716D4FEF784FFF3796B7331462046E7
:104EE000FDF770FC0123AB73002384F8F03070BD34
:104EF00000DEC8E72321E6E7092A14BF2A2123217F
:104F0000E1E70A4694F8F710FEF776FFE4E700DEE3
:104F1000CDE700BF8B7B8BB1D0F8E83099420ED142
:104F20008A69A2B9D0F8ECC01A68C0F8E8209C459C
:104F300008BFC0F8EC200846FDF71EBC704700DE35
:104F40008A6922B9D0F8E830002BF4D0EAE7137967
:104F50002E2BF7D100DEF5E738B5D0F8E8502B7AE4
:104F6000013B04460A2B39D8DFE803F006060606A3
:104F70001A1A241010062E0000222946FEF7F0FA15
:104F800029462046BDE83840FFF7C4BF2946002225
:104F9000FFF78CFE29462046BDE83840FFF7BABF30
:104FA00029460022FCF766FD29462046BDE8384028
:104FB000FFF7B0BF29460022FDF798FA29462046A0
:104FC000BDE83840FFF7A6BF29460022FFF708FFDB
:104FD00029462046BDE83840FFF79CBF00DECFE7FA
:104FE00080F8F610704700BF704700BF0020704780
:104FF00090F8F500003818BF01207047D0F8E8009D
:10500000704700BF90F8F400A0F10100B0FA80F002
:1050100040097047012380F8F4307047002380F87E
:10502000F4307047B0F8F830A0F8F230704700BFA5
:105030000023A0F8F230704738B5D0F8E840A4B1AA
:105040000546D5F8EC202368C5F8E830944221469F
:1050500008BFC5F8EC302846FDF7F6FB2046FDF703
:105060008BFBD5F8E840002CEBD138BDF8B50546F0
:105070000C4631B1042903D1FFF7DEFF85F8F0407B
:10508000F8BDD0F8E860002EFAD0337A90F8F670C8
:1050900090F837E0112B12D83249012000FA03FCB6
:1050A0000CEA0101F1B10A2B15D05BB185F8F5408E
:1050B0002846FFF751FF032385F8F030F8BD00DEE6
:1050C000337AF0E792F8233086F84C302846BDE872
:1050D000F840FFF7A5BE2846FFF73EFF052385F8F9
:1050E000F030F8BD1CF4386FE9D00A2BF3D0002B58
:1050F000E8D00FB90446D9E71EF0800F10D1012F78
:1051000020D0022FBCD12846FEF7EAFA327A037A81
:10511000934222D0082B1ED02A2385F84431F8BDB3
:10512000012FEED12846FEF7DBFA08B1FF23C37248
:10513000012385F8F5302846FFF70EFF032385F895
:10514000F030F8BD92F8233085F8F7302846BDE8F6
:10515000F840FFF793BE092ADED1232385F84431B6
:10516000F8BD00BF7FF4030038B50C4689690546D9
:1051700010461A46237AD1B10B2B5BD8DFE803F037
:105180000C060606063636463E3E064E21462846A4
:10519000FEF7A8F9A16921B10B792E2B1CBF0023C2
:1051A000A36121462846BDE83840FFF7B3BEA2619F
:1051B00020610B2B3ED801A151F823F02D520100A4
:1051C0008D5101008D5101008D5101008D51010063
:1051D000ED510100ED5101000D520100FD510100A2
:1051E000FD5101008D5101001D520100214628464C
:1051F000FCF7F6FBA1690029CED1D2E7214628466B
:10520000FFF72CFDA1690029C6D1CAE7214628462F
:10521000FDF74EF9A1690029BED1C2E72146284613
:10522000FFF7ACFDA1690029B6D1BAE71146002904
:10523000B2D1B6E700DEA1690029ADD1B1E700BF68
:1052400038B50B7A072B0C46054618D0A37B0022F5
:1052500062619BB1D5F8E8309C4213D1A269CAB90A
:10526000D5F8EC101A68C5F8E8208B4208BFC5F8DD
:10527000EC202046BDE83840FDF77EBA38BDFDF78A
:1052800039F9E3E700DEA26922B9D5F8E830002B4E
:10529000EFD0E5E713792E2BF7D100DEF5E700BF5D
:1052A00038B50B7A072B0C46054616D0A37B9BB16D
:1052B000D5F8E8309C4213D1A269CAB9D5F8EC10F0
:1052C0001A68C5F8E8208B4208BFC5F8EC202046D4
:1052D000BDE83840FDF750BA38BDFDF70FF9E5E7F6
:1052E00000DEA26922B9D5F8E830002BEFD0E5E75F
:1052F00013792E2BF7D100DEF5E700BF042200233F
:1053000080F8F020A0F8F230704700BF90F8F0303D
:10531000052B0ED8DFE803F0060907030603D0F8D3
:10532000E83023B97047FFF77BBDFFF7A7BDFFF754
:1053300013BE00DEF6E700BF90F8F030052B04D86E
:10534000DFE803F004151305040500DE7047D0F80C
:10535000E820002380F8F5305AB100230121A0F89D
:10536000F230917380F8F0307047FFF759BDFFF7C6
:1053700085BD00DEF1E700BF90F8F030052B04D8C2
:10538000DFE803F004090B04050400DE7047002386
:1053900080F8F0307047FFF771BDFFF741BD00BFE7
:1053A00090F8F03010B50446052B12D8DFE803F072
:1053B000030D09030803FFF73FFE042384F8F030D0
:1053C00010BDBDE81040FFF72BBDBDE81040FFF752
:1053D00055BD00DE10BD00BFF0B5044683B00E46DB
:1053E000154683B192F823301B2B36D8DFF8D8C08E
:1053F00090F837100CEB4307C9097F781AB20123E4
:105400008B403B404AD11846FDF738FA074610B3A7
:1054100000230360D4F8EC300BB31860C4F8EC0040
:1054200094F8F030052B4CD8DFE803F01E2C03066F
:1054300006062046FFF7F4FC39462046FFF76AFDD2
:10544000D4F8E81039B12B463246204603B0BDE807
:10545000F040FFF789BE03B0F0BD0023D3E7C4F8E6
:10546000E800C4F8EC00DBE72A4600212046FFF7FD
:10547000FDFD39462046FFF74DFDD4F8E810002920
:10548000E1D1E8E72046FFF7F9FC39462046FFF76F
:1054900041FDD4F8E8100029D5D1DCE71CF8123022
:1054A0000A2BB0D10193FFF7C7FD0022A4F8F22028
:1054B00084F8F52084F8F0202046FEF7A1FA019B3D
:1054C000A1E700DEB8E700BF340C020010B50446C7
:1054D000FFF7B2FD0023A4F8F23084F8F53084F829
:1054E000F03010BD00B9704700DE704730B991F858
:1054F000B8306FF3000381F8B830704700DE91F8E0
:10550000B8306FF3000381F8B83070472DE9F843E5
:10551000099E9DF820800746B08C4FF6FF718842A7
:105520002DD03946304691461C46FBF717FC30BB60
:1055300033780133DBB233702BB3144DB6F840012E
:10554000AA7A2C8168F30002013406F110010444A8
:105550000F4BAA720022E960A6F8404111460120D3
:10556000C5E900799D60F1F7D1F950B9FF20FBF74B
:1055700013FC3046FF21BDE8F843FBF707BDBDE84B
:10558000F88300DEF2E700DED7E700BF9872002064
:10559000CC010020012800D0704700B583B00191F4
:1055A000F3F712FF0199814202D103B05DF804FBC9
:1055B00000DEFAE7C38D23B190F8B82012F00103A2
:1055C00000D0704710B542F0010288B00B4C80F853
:1055D000B82008310122CDE902320690CAB2CDE9E5
:1055E0000434CDE9003303211846F2F769FE10F0C8
:1055F000FD0F01D108B010BD00DEFBE7ED54010046
:1056000038B50C461546FAF7CBFF48B11CB1BDE8DA
:105610003840FDF76DBB2946BDE83840FDF742BB79
:10562000022038BD38B50C461546FAF7B9FF58B117
:1056300090F93730002B05DA2A462146BDE838407C
:10564000FDF706BA0C2038BD022038BD704700BFF8
:1056500000B9704700DE704708B90B7803B970478E
:10566000064B10B5024601F11004014602209C6071
:10567000F1F74CF900B910BD00DE10BDEC010020BF
:105680002DE9F843099C9DF820900646A08C4FF622
:10569000FF71884234D03146204690461F46FBF7C2
:1056A0005DFB68BB23780133DBB2237063B3B4F8CE
:1056B0004021164D7B1C1344A4F840310220FBF717
:1056C0006BFB02212046FBF761FCAA7A104B2F816D
:1056D00069F3000204F11001AA720022E9600120BE
:1056E0001146C5E900689D60F1F710F950B9FF2037
:1056F000FBF752FB2046FF21BDE8F843FBF746BC11
:10570000BDE8F88300DEF2E700DED0E7B0720020EB
:10571000DC01002070B505460020FAF7FBFB0446CB
:1057200002F06AF8C0B278B935B394F84430DB07B8
:1057300003D52046ECF770F9E8B90120FAF7EAFB47
:10574000BDE87040ECF768B96569EB6DCBB905F160
:10575000500105F14C00F1F759F8B0B12E68E86539
:10576000D6F8480178B1F3F77DFD3046FAF7FEFE32
:1057700000236361032070BD2046BDE87040ECF754
:105780004BB900DEE3E700DEEDE700DEE6E700BF51
:105790002DE9F04106460020FAF7FEFB0446012001
:1057A000FAF7FAFB0546B4B304F110077B68B3B30C
:1057B00093F82C2042F0020283F82C20D7F80480C2
:1057C000B8F1000F2BD034B121460020FAF788F948
:1057D00008B1BDE8F0812DB129460120FAF780F922
:1057E0000028F6D1D8F80040D4F8480104F5A47593
:1057F000C0B1F3F737FD172384F84C314FF6FF7330
:10580000A4F84E31022384F86831C4F85071356031
:105810000020BDE8F08100F110070028C6D10C205F
:10582000BDE8F08100DEE4E770B50C4615461E4683
:10583000FAF7B6FEB8B190F872C01CF0180C04D09C
:10584000BCF1180F08D00C2070BD33462A46214603
:10585000BDE87040FDF756B933462A462146BDE8FB
:105860007040FDF77FB9022070BD00BF30B583B036
:1058700001A8FFF78DFF044610B1204603B030BDEC
:10588000FAF78AFB05460120FAF786FB98B135B195
:1058900095F862306C6164F3410385F86230054627
:1058A00095F8623000226FF34103204685F862309C
:1058B0006A6103B030BD002DF2D100DE95F8623090
:1058C00065F3410385F86230FFDE00BF38B58368B9
:1058D0001C686569002D35D000236361EB6D002BDA
:1058E00036D105F1500105F14C00F0F78FFF03466A
:1058F00030B32868EB65FAF739FE94F8622094F823
:1059000044306FF341026FF3020384F8622084F89D
:1059100044300120FAF740FB88B184420FD043693C
:10592000C3B190F8621090F84420002363F3410162
:1059300063F30202436180F8621080F8442038BDAE
:1059400000DED6E700DE00236361EB6D002BC8D0DC
:1059500000DEC6E700DEE4E770B50F2482B04FF644
:10596000FF762046FAF71CFE0546684655B195F9C4
:105970003730002B06DB00F0FFF869462846FDF7BC
:1059800063F920B9013CA4B2B442EAD1002002B0CC
:1059900070BD00BF08607047032805D008380F2885
:1059A0008CBF0020012070470120704708380F2865
:1059B0008CBF0020012070472DE9F04F95B01E46A6
:1059C0000B1D0D930023CDE91033CDE90933FF27DB
:1059D000044691468DF83F700B933D4698460DF175
:1059E000480A4FF0020B3C4B059311AB002001938A
:1059F00010AB0093CDF818A0CDF80C900490029055
:105A000033460DF13F022146CDF848B0F2F73AFD9A
:105A1000022814D0129BC3B9FF2D19D03368434517
:105A200016D0002F55D0013F4FF0FF33FFB28DF855
:105A30003F30FF25D7E721460020F2F76FFD129B8C
:105A4000022BF8D0129B002BE6D000DEFF2DE5D113
:105A50009DF83F00FF282DD013A9EDF7B5FD0028D4
:105A6000C1D09DF83F000838C3B20F2B18D9FF2DC5
:105A7000DDF84080139B0AD009990C934046F2F759
:105A800067FD0D9B0A9A9A1890420C9B14D8CDE999
:105A90000983119BD6F800809DF83F500B93A2E735
:105AA00080B2FAF771FD0028E1D090F93730002B71
:105AB000DDDA98E7FF2D08D01E9B099A1A601F9B1C
:105AC0000B9A1A60209B0A9A1A60284615B0BDE806
:105AD000F08F00DEA7E700BF9559010010B588B030
:105AE0000C4607AA06A905ABCDE9012100930146A2
:105AF0000C4A23460320FFF75FFFFF280FD003283F
:105B0000DDE9052303D00838C0B20F2807D8216883
:105B10001A4402320A442260002008B010BD6FF01F
:105B20000900FAE79959010008B5094A03460068D7
:105B30001060052110461B791371F0F7FFFF054B2C
:105B40001870FFF709FFF8F7D3FC002008BD00BF6D
:105B5000C87200205B800020054B064A10B41F204D
:105B60004FF0FF3425211C601871117010BC704774
:105B7000C87200205B800020044A05490346106873
:105B80001860127908781A71704700BFC872002037
:105B90005B80002030B5044600789DF80C5002FB75
:105BA00001111F4A014482FB01020A44521102EB17
:105BB000C20002EB80028A1AD0B2C1082070595C80
:105BC00002F0070241FA02F212F001021FD1B0FB0B
:105BD000F5F405FB1404E4B25D1E1046043300F135
:105BE000080E15F8011F5FFA8EFE024611F0010F34
:105BF00002F1010C4FEA510102D04CB1013CE4B278
:105C00005FFA8CF27245F1D110469D42E7D130BD6A
:105C1000C11D891AC9B207291046F6D830BD00BF88
:105C2000A7C867DD4288008850407047F0B5344D02
:105C3000344C48404FF0030C060A5FFA80FE0EEB2E
:105C40008E2E06EB862004EA401705EA400605EA98
:105C50004E0004EA4E1E3E4340EA0E0000EB0027D1
:105C600006EB062E06EB0E2600EB0720360CC0F3E3
:105C7000074040EA062000EB00100CF1FF3C08440E
:105C80001CF0FF0C80B2D7D141401F48A0FB01405F
:105C90000C1A00EB5400400900EBC00400EB840038
:105CA000081AC0F3C40400F00705145D2C41E40792
:105CB000C0B21CD401FB03F3561EC3F307430432E6
:105CC000604600F1080516F801CFEDB201461CF060
:105CD000010F01F101044FEA5C0C02D043B1013B1A
:105CE000DBB2E1B2A942F2D108469642E9D1F0BD59
:105CF0000730401AC0B207280846F6D8F0BD00BFEA
:105D000010210200408408004D91CFBA1A491B4867
:105D10002DE9F0410023451EA1F1020C012606E009
:105D20000133082B01F1060100F1280022D003EB1A
:105D3000830215F83220D407F2D59CF800409CF875
:105D400001E0D0F80080C2F3801206FA03F79A400F
:105D500001333C434EEA020287888F80082B8CF87F
:105D600000408CF8012001F1060141F8068C00F199
:105D70002800DCD1BDE8F081D6720020C17300207C
:105D80002048214A2DE9F047204FDFF88480002386
:105D9000951EA0F1020C012615F83310C90706FA6A
:105DA00003F926D53C7812F8011C4CB1072901EB08
:105DB000810405D818F834104C0701D5C90618D548
:105DC00015F833109CF801E09CF80040D2F800A0D0
:105DD000C1F3400199404EEA010144EA0904B2F8D6
:105DE00004E08CF800408CF80110A0F804E0C0F842
:105DF00000A00133082B00F1060002F10802CBD10C
:105E0000BDE8F08742750020027500205D8000200B
:105E1000C07300200820704738B50020F8F718F844
:105E2000F0B9FAF709F910F0010019D10D4C0E4D37
:105E3000621E14F83030072B03EB830105D815F8E8
:105E400031306FF3451305F8313012F830306FF30D
:105E5000000302F8303001300828EAD1002038BDB4
:105E60000C2038BD01750020C07300202DE9F04FD3
:105E7000074683B00020F7F7EBFF00286DD1FAF753
:105E8000DBF810F0010568D13B78FF2B73D03F4E53
:105E900007F101094FF0FF0A2C46A6F1020803F0B2
:105EA000010B06E059455CD00134082C06F10806C8
:105EB0000FD018F83420C2F34001D207F2D4BAF15F
:105EC000FF0F08BF5FFA84FA0134082C06F10806B8
:105ED000EFD1BAF1070F52D818F83A2063F3410214
:105EE00008F83A20022314FB0A34D7F8013048F8A6
:105EF00004304444B9F80430A38097F800B0244C2F
:105F00000BF0010B661E04E00135082D04F1280496
:105F100039D005EB8503DF0016F83330C3F3801268
:105F2000DB07F1D55A45EFD12046062249460AF053
:105F300020FB0028E8D1F35D43F02003F355EDB2D8
:105F400018F83A3008EBCA0243F0010308F83A3077
:105F50005570002003B0BDE8F08F0C2003B0BDE801
:105F6000F08F30460622494601930AF002FB019B5E
:105F7000002899D1EDE7284603B0BDE8F08F07204F
:105F800003B0BDE8F08FFF25DAE700BF02750020FF
:105F9000C17300202DE9F04106460020F7F758FFB5
:105FA00000283AD1FAF748F810F0010435D196F8F4
:105FB0000080B8F1FF0F36D01C4D0136AF1E08F03F
:105FC000010804E00134082C05F1080528D017F871
:105FD0003430C3F34002DB07F4D54245F2D1062248
:105FE000284631460AF0C5FA0028EBD107EBC40376
:105FF0005B78072B08D80E4A03EB830312F83310A3
:1060000060F3451102F8331017F834306FF30003D2
:1060100007F834300020BDE8F0810C20BDE8F081A5
:106020000220BDE8F0812046BDE8F0810275002025
:10603000C0730020072810B419D80F4C00EB800C57
:10604000830014F83CC01CF0010F12D0034414F874
:106050003330C3F380130B700121282313FB00138B
:10606000E118E35813608B8810BC9380704700DE02
:10607000E3E700DEEAE700BFC073002008207047B6
:1060800010B50020F7F7D8FE08B10C2010BD04466B
:10609000F9F7B2FF0128F8D8194B1A48197893F884
:1060A0002820047064F3000164F30002197083F87F
:1060B000282093F8501093F8782064F3000164F3DB
:1060C000000283F8501083F8782093F8A01093F81A
:1060D000C82064F3000164F3000283F8A01083F881
:1060E000C82093F8F01093F8182164F3000164F3CA
:1060F000000283F8F01083F81821204610BD00BF7D
:10610000C07300205C8000202DE9F04F83B08346EF
:106110000020CDF800B0F7F78FFE18B10C2003B0C7
:10612000BDE8F08F0446F9F767FF0128F6D8DDF8DF
:1061300000B0DFF820811BF8012B019202F001036F
:1061400008F1FF391E4604E00134082C08F1280844
:1061500041D004EB840209EBC20519F83270FB0749
:106160004FEA840AC7F38012EED5B242ECD1404622
:10617000062259460AF0FDF90028E5D13E46760789
:10618000019A07462BD4344D02F00108AE1E04E0FC
:106190000137082F05F1080512D016F83730C3F380
:1061A0004002DB07F4D54245F2D106222846594683
:1061B0000AF0DFF90028EBD106EBC706FF23737066
:1061C000A244002019F83A306FF3000309F83A307E
:1061D00003B0BDE8F08F022003B0BDE8F08FDFF818
:1061E0007CC09CF800305E1E023B062BF6B203D842
:1061F00095F81780B04502D18CF80060C3E7184AC3
:1062000002EB061302EB0812964605460FCB8EE80A
:106210000F00DFF850E005EB850309EBC30219F826
:106220003330D80705D5590703D59EF81730B34248
:1062300007D00135082D0EF1280EECD1009B1A78FD
:10624000DAE7009B82F817801A78074B03F80850AA
:10625000D2E700BFC1730020027500205C800020DF
:1062600040730020C0730020387300202DE9F843EC
:106270001D465B7903F0C003402B01D0BDE8F883D5
:106280008846F1B1DFF8A090002400F0010609F182
:10629000FF3704E00134082C09F12809EED004EBA3
:1062A000840317F83330D907C3F38012F2D5B24212
:1062B000F0D10622484641460AF05BF90028E9D1B0
:1062C000E2B2072ADAD8194F02EB820317F833300B
:1062D000DB07D3D502EB8202D40004F1180328684F
:1062E000F85007EB0309AB88A9F80430002601E059
:1062F000102EC3D0B0B2FAF753F901360622494640
:10630000054600F287180028F2D040460AF031F91D
:106310000028EDD101343B193A59C5F887219B88F3
:10632000A5F88B31AAE700BFC1730020C07300201D
:106330002DE9F84F82461A4E1AF8018B894600243F
:1063400008F00108771E03E0082C06F128061BD090
:1063500004EB8402D50017F83230C3F38012DB0758
:1063600004F10104F0D54245EED1062251463046F3
:106370000AF0FFF883460028E6D118357C1906217B
:106380002046F0F733FA10B90220BDE8F88F7859AB
:10639000C9F80000A388A9F804305846BDE8F88F72
:1063A000C17300202DE9F0478246174E1AF8018B81
:1063B0008946002408F00108771E03E0082C06F146
:1063C00028061DD004EB840207EBC20517F8323013
:1063D000C3F38012DB0704F10104EFD54245EDD190
:1063E0000622514630460AF0C4F80028E6D16B6A0E
:1063F0001A68C9F800209B88A9F80430BDE8F08726
:106400000220BDE8F08700BFC173002010B504462C
:106410000020F7F711FD08B10C2010BDF9F7ECFDD5
:106420000128F9D80CB1012C03D1034B1C700020BA
:1064300010BD122010BD00BF5D800020034B4FF443
:106440007A7202FB00F01860704700BFD072002023
:106450002DE9F047824600208846F7F7EDFC10B1A1
:106460000C20BDE8F0870446F9F7C6FD0128F7D8EF
:106470001B4E1AF8019B771E09F0010903E0082C56
:1064800006F1280620D004EB8402D50017F832303C
:10649000C3F38012DB0704F10104F0D54A45EED1C5
:1064A0003046062251460AF064F80028E7D1B8F1D8
:1064B000000F0FD0B8F1010F09D17B5D43F010033D
:1064C0007B550020BDE8F0870220BDE8F087122050
:1064D000BDE8F0877B5D68F304137B550020F1E78E
:1064E000C1730020D0B5314C3149002304F1FF3C89
:1064F00014F83320072A02EB820E05D811F83E204B
:106500006FF3451201F83E201CF833206FF30002B0
:106510000CF833200133082BEAD1264A264C0023FD
:1065200013700A7863F300020A7091F8282063F36D
:10653000000281F8282091F8502063F3000281F8CE
:10654000502091F8782063F3000281F8782091F8C8
:10655000A02063F3000281F8A02091F8C82063F323
:10656000000281F8C82091F8F02063F3000281F85E
:10657000F02091F8182163F3000281F818210F4AE6
:1065800013700F4B4FF0FF364FF0FF37C3E9006732
:106590000C4B236028B1BDE8D0400B490B4809F0F3
:1065A00010BDBDE8D040094809F017BD01750020B5
:1065B000C07300205D800020D07200205C8000202D
:1065C000081E0020A0BB0D0029690100D81D002075
:1065D000034A044B002814BF10461846704700BFFA
:1065E00040750020D47200202DE9F04706789846C7
:1065F0002EB307468946924600F12C05072426FA59
:1066000004F3DA070FD597F801C04CFA04FC8CEAC2
:10661000090C1CF0010F28464FF00602514602D12A
:1066200009F0A7FF88B1013C631CA5F10605E6D17E
:106630000026FF2488F800403046BDE8F087FF249C
:1066400088F800403046BDE8F087E4B20126F1E763
:10665000A8B110B50B4A12684FF4004340F2E7307E
:106660000021E2FB03014FF47A720023E9F748FDB1
:10667000BDE8104002460B46034807F0F7BC02484D
:1066800009F0ABBCD0720020D81D00200D4A08B51F
:106690000023138070B90C4B0C4A1B78002010802B
:1066A00003B908BDF9F7A8FC0028FAD1BDE80840F5
:1066B000FFF72CBB1846F9F7BFFCC307EBD4FFF775
:1066C0005FFBE8E7407500205D800020D472002069
:1066D0000E4A08B500231380C2070ED40C4B0D4A96
:1066E0001B780020108003B908BDF7F7A5FB002830
:1066F000FAD1BDE80840FFF709BB1846F7F7A8FB39
:106700000028EBD1FFF73CFBE8E700BF4075002015
:106710005D800020D47200202DE9F04F824689B0C0
:1067200009F094FD4B014FEA401BBBEB000B43EA21
:10673000D06363EB01039B0043EA9B734FEA8B0B2F
:106740001BEB000B41EB03094FEAC90949EA5B79EE
:106750004FEAD931CBF3103B4BEA494B0191BAF1E7
:10676000000F17D16B4BD3E90023B3F1FF3F08BFF4
:10677000B2F1FF3F0ED0BBEB020261EB03036649AF
:1067800009688A4273F10003ACBF4FF001094FF072
:10679000000901E04FF00109604EDFF88481002418
:1067A000F71F0DE0254417F8353043F0020307F8D2
:1067B00035300134082C08F1060806F1280626D0E9
:1067C00004EB8403A50017F83330D807F1D5B9F1ED
:1067D000000F01D19907ECD42B1917F833305A0761
:1067E00061D42B1917F833301B07DBD504A93046C9
:1067F00009F05BF8002840F08A80BDF81430049856
:10680000A8F80430C6F81D80C8F80000CAE7B9F13E
:10681000000F04D03F4B019AC3F800B05A60BAF1A0
:10682000000F0BD00020F7F7F9FA044630B1FF2330
:106830008DF8103094F88020570702D409B0BDE8D5
:10684000F08FE27E072AF9D8627F8DF80F3004EBD3
:1068500082031D6A2B7803F00F03072B07D1AB7857
:106860009E06EBD0EB788DF80830D80734D50DF1C3
:106870000F0104F11C0001F0C3F96A7829460232C5
:10688000054609F046FE002629462046F7F75AFB42
:106890009DF80F30FF2B0ABF9DF81030637773759A
:1068A00009B0BDE8F08F307C1E4B0F2101EB0011C9
:1068B00019440DF11F0C0DF10F0311F8010903F834
:1068C000010F9C45F9D106F1170104A808F0EDFF6E
:1068D000002886D000DE84E7D906AFD5A66B737D8D
:1068E00006EB83039F69BB789A06A7D0FB788DF8E7
:1068F0000C30DB07A2D504A906F1140001F080F9E1
:106900007A7839460232054609F003FEBCE700DE1C
:1069100073E700BF081E0020D0720020C77300205C
:10692000087300204073002010B50120FFF7F4FE2B
:106930000A4A12684FF4004340F2E7300021E2FBBC
:1069400003014FF47A720023E9F7DAFBBDE8104047
:1069500002460B46024807F089BB00BFD0720020F8
:10696000D81D002007280FD800EB8003084A12F832
:1069700033100B074FEA800C06D58B0706D58444ED
:1069800002EBCC02506A70470020704700DEF6E749
:10699000C073002007280CD800EB8003064A12F8C9
:1069A00033104B0705D5282303FB002202F11E00FC
:1069B00070470020704700BFC07300202DE9F047EA
:1069C000894616460AB1FF231370154D002400F0C6
:1069D000010805F1FF3A09E01EB13378FF2B08BF2B
:1069E00037700134082C05F1280514D004EB84031A
:1069F000E7B21AF83330C3F38012DB07ECD5424517
:106A0000EFD106222846494609F0B3FD0028E8D117
:106A10003846BDE8F087FF273846BDE8F08700BF5D
:106A2000C17300202DE9F04F074685B000200E46C7
:106A30009046F7F701FA18B10C2005B0BDE8F08FC9
:106A40000446F9F7D9FA0128F6D8BA460DF10F0233
:106A50001AF8010B5146FFF7B1FF072840F2B88042
:106A60009DF80F90B9F1070F00F2AE8009EB890293
:106A7000D200594DD7F801100192531C09EB890B34
:106A8000E9502B44BAF8041099803B7815F83B1074
:106A9000009263F38611A95430461021EFF7A6FE49
:106AA000009BE95C60F38201E95440461021EFF756
:106AB0009DFE009B019AE95C00F0010060F3C301B8
:106AC00011F0040FE95405EBCB0B4FEA890343D1D6
:106AD000002860D118320021A9502A443F4E9180ED
:106AE00003EB090215F8321021F0120105F83210FB
:106AF00097F80080B71E08F0010804E00134082C64
:106B000006F1080616D017F8342012F0010BC2F374
:106B10004001F3D04145F1D1304606225146009361
:106B200009F027FD009B0028E8D107EBC40787F890
:106B3000019001E04FF0000B4B444FEA4B1215F867
:106B4000331042F0010221F021010A43002005F830
:106B5000332005B0BDE8F08FDFF884E0DFF884C0B3
:106B60009EF800108BF817100CF80190DFF878B041
:106B70004FF0FF3C0CEB011C01318EF80010DC449F
:106B800006F10F01013E11F801E90CF801EFB142E5
:106B9000F9D100289ED0D61DA81903EB0901D8F819
:106BA00000B0D8F804E0D8F808C0D8F80C8045F850
:106BB00006B005EBC101C0F804E0C0F808C0C0F899
:106BC0000C800020486285E7072005B0BDE8F08F03
:106BD000122005B0BDE8F08FC073002002750020C0
:106BE0005C8000203873002040730020072807D8FD
:106BF000044B00EB800013F83000C0F3C000704776
:106C000000207047C0730020072812D800EB8000D6
:106C1000094A12F8303013F0080F4FEAC001C3F3ED
:106C2000C00007D0C3F340009B0703D50A44506A55
:106C300070470020704700BFC0730020024B1B78D4
:106C400003700248704700BF5C8000204073002042
:106C500050B1072913D80E4B13F83120D20710D5A5
:106C600003EBC1035878704707290CD8094B01EB97
:106C7000810213F83230DB0707D50846704700DE83
:106C8000E9E700DEECE700DEF0E700DEF5E700BF55
:106C900000750020C07300200C4B1B7883420BD979
:106CA0000B4B185C07280CD80A4B00EB800213F83A
:106CB0003230DB0707D5704700DE054B185C07282C
:106CC000F2D900DEF0E700DE704700BF5C800020F4
:106CD00038730020C073002007280DD8084900EB46
:106CE0008002830011F83220D20707D5034411F83F
:106CF0003300C0F3401070470020704700DEF5E716
:106D0000C07300200C4B1B787BB107290DD860B9EC
:106D10000A4801EB81028B0010F83220D20709D516
:106D20000B4410F83300430701D401207047C0F32F
:106D30000010704700DEF3E75D800020C073002084
:106D40001378FF2B19D12DE9F047194D0446AE46B3
:106D5000002303EB830C9E0015F83CC01CF00100DF
:106D600003D0CCF3801CA44509D00133082B0EF1CD
:106D7000280EEED10120BDE8F0870120704701F117
:106D8000FF3877464FF0000C17F801AF18F8019F55
:106D9000CA450CF1010CE8D1BCF1060FF4D11E4438
:106DA000137015F836305A07E5D5C3F30010E2E743
:106DB000C073002010B40E4B1C787CB1072A0DD88C
:106DC0000C4C02EB820C14F83CC01CF0080F05D0F0
:106DD00020B14B7903F0C003402B02D0002010BC3F
:106DE0007047282303FB0240073010BC08F04ABD5F
:106DF0005D800020C0730020024B1878003818BF57
:106E0000012070475D80002000F04CBA08B50023D7
:106E100004F064FD002008BD684620F007018D469F
:106E200001B503F027FDEEF7C5FDBDE8014085463D
:106E3000704700BF08B50A4BD3F840213AB901208A
:106E4000EFF7C2FDBDE808400220EFF7BDBD00200E
:106E5000C3F84001D3F84031F1F786F9EFE700BFFE
:106E600000B000400020EFF7AFBD00BF90B90E4B5F
:106E70000E4A197810788842CBB20DD10C480D49D2
:106E800090F800C0013313700B78634507D0037886
:106E90000B70704700DEEAE700DE1378EEE700DEF5
:106EA00003780B70704700BF5E8000205F80002079
:106EB00063800020628000200B4A0C4B117893F80D
:106EC00000C08C450DD012781A70094A094B18B9C8
:106ED00011781878884202D012781A70704700DE54
:106EE000FAE700DEEFE700BF61800020608000204D
:106EF0005E8000205F80002003F046BE08B50B488E
:106F00000B4B027819788A420CD00A4B0170002290
:106F10000399996001201146EFF7F8FC00B908BD0C
:106F200000DE08BD00DE1978EFE700BF5E800020BC
:106F30005F800020FC0100202DE9F041304A314DF6
:106F400012782B789A428AB00E4605D12E4B2F4AE2
:106F50001B7812789A424BD03768DFF8B48007F17B
:106F60002D0424F07F44D8F800102046F1F7F0FA01
:106F700010F4000002D10AB0BDE8F081254A264B8A
:106F800011781A7891421CD03046244BC168C8F859
:106F900000400022CDE90732214BCDE90322CDE9A3
:106FA0000531CDE901222D2300932C780134E4B280
:106FB0003B46114610462C70F1F7EEF80AB0BDE8DA
:106FC000F081114A1149127809789142DCD01A787F
:106FD0000132D2B21A700022124B009211461046B2
:106FE000F1F7CAF910F0FD0FCED000DE00DECBE7DE
:106FF0000768DFF81C8007F12D0424F07F44C4E704
:1070000062800020638000205E8000205F8000207E
:107010007C75002060800020618000206D6E010082
:10702000FD6E0100B96E01007A4A9368002B00F0F2
:1070300096802DE9F04F136889B08146002B46D029
:107040004FF0FF338DF80A300DF10A00F2F706FB1E
:10705000044600283BD0037F9907F5D1857A15F0C7
:107060000205F1D1C3684B4555D00668A8462F46A6
:107070000DF10A00F2F7F2FA8346F0B1027F9207AF
:10708000F6D1827A9307F3D4C268B8F1000F21D009
:107090004A4558D0DBF800A031465046F1F758FA7F
:1070A00000F4000000280DF10A001CBF5F465646A0
:1070B000F2F7D4FA83460028E0D1002F08BF274614
:1070C00039463846FFF738FF30F0020339D109B0AE
:1070D000BDE8F08F4A458046DCD1237FE16843F06C
:1070E000020323772046A3699847FF238DF80A30CF
:1070F0000DF10A00F2F7B2FA04460028E7D0037F48
:107100009F07F5D1837A9E07F2D4C3684B4502D01E
:1071100000DED4F80C903F4A4846D2E9001303AA97
:1071200098470646002843D010F1100F59D0394A2D
:10713000002093681168984716F10B0F10D08C3619
:10714000C5D000DEC3E7227FE16842F00202227769
:107150002046A2699047D8457FF472AFC5E77047D3
:107160002C4A0023D2F80890D2E900480226136086
:10717000FF278DF80B700DF10B00F2F76FFA90B14D
:10718000037F9A07F7D40DB9DB07F4D4C368A34291
:10719000F1D1037F826943F00203037721469047D0
:1071A0008DF80B70E7E70125AE420AD02E46E0E7E6
:1071B000237FA269E16843F00203237720469047CA
:1071C00085E70022CDE904220692039B00964946FA
:1071D000404604AA0794F2F7F9F900287FF477AF44
:1071E000AFE7A37A43F00203A3720DF10A00F2F7AE
:1071F00035FA014600283FF46AAF037F9D07F4D1BA
:10720000837A9C07F1D4FFF797FE30F002033FF436
:107210005EAF96E78075002010B5174808F01AFD9C
:1072200030B3164B00249C6000F0C6FA00281EDB29
:10723000214601202246EEF777FE22460B2001214F
:10724000EEF772FE214622461820EEF76DFE0C4B3B
:107250001022C3F804230120EEF736FE0B20EEF7D0
:1072600033FE1820EEF730FE03F01EFB204610BD63
:107270006FF0120010BD00BF2C07020080750020C7
:107280000010004008B500F0A7FA002809DB012033
:10729000EEF728FE0B20EEF725FE1820EEF722FE73
:1072A000002008BD034603488AB2194683681B685C
:1072B000184700BF2C07020030B4074DAB685C686C
:1072C00034B18AB2A44601460023284630BC604748
:1072D0006FF0850030BC70472C070200034603485E
:1072E0008AB2194683681B68184700BF2C07020042
:1072F00030B4074DAB685C6834B18AB2A44601462D
:107300000023284630BC60476FF0850030BC7047D2
:107310002C0702000020704730B5044683B078B3D4
:107320001D4B1A68824225D0FF250DF107008DF80C
:107330000750F2F793F938B91AE0A1420AD00DF1DB
:107340000700F2F78BF998B1037F9B07F7D4C16868
:10735000002CF2D1037F826943F002030377904748
:107360000DF107008DF80750F2F778F90028EBD1FE
:1073700003B030BD9B686BB1014600209847D3E74E
:10738000054A9368002BCFD011680029CCD000208B
:107390009847C9E700DEC7E78075002000207047E6
:1073A00010B50446F2F74CF98CB90D4B9A68AAB1A6
:1073B0001C6800229A601A6004B124680020F2F769
:1073C00067F92046F2F70AFA28B1002010BD00281C
:1073D000F3D100DEF1E700DE002010BD00DEE7E7BC
:1073E00080750020054A136892681B1A18BF012394
:1073F000B2FA82F00B704009704700BF8075002020
:107400006FF08B00704700BF10B548B10C4600F01C
:107410003FFA00280BDB2046BDE81040FFF7C0BF55
:10742000044803F037FABDE8104003F08DBB00DEDE
:10743000F1E700BF917501002D20704710B514468B
:10744000F1F784F82146F1F783F8034610F40000C1
:1074500004D10333182B88BF184610BD002010BD7F
:10746000262810B504461DD0272813D0252809D07A
:107470000A281FD9272822D900DE2046BDE810405F
:1074800003F0DCBA022003F0D3FA2046BDE8104036
:1074900003F0D4BA502003F0CBFA2046BDE81040E8
:1074A00003F0CCBA1A2003F0C3FA2046BDE810401E
:1074B00003F0C4BA0230400003F0BAFAE5E7033043
:1074C000400003F0B5FAE0E703F01CBB03F026BB75
:1074D00003F07CBA03F07EBA03F07EBA08B503F07D
:1074E00053FBBDE8084003F019BE00BF08B503F028
:1074F0004BFB03F013FEBDE8084003F0B7BD00BF2F
:1075000008B503F041FB03F009FE03F0EDFD04F0C4
:1075100055F8BDE8084003F0A9BD00BF08B5014615
:10752000114803F0B7F903F05FFB60B103F002FF0D
:1075300003F0F2F900F0ACF900280EDBBDE80840DA
:107540000020FFF72DBF03F0FFFA03F0F3FE03F076
:10755000E3F900F09DF90028F0DA00DE0020BDE834
:107560000840FFF71DBF00BFF96E010010B50446CB
:1075700003F00AFB03F0D2FD03F0B6FD04F01EF8A1
:1075800003F074FD2046BDE81040FFF7C7BF00BF01
:1075900010B5044603F0F8FA03F0C0FD03F0A4FDB3
:1075A00004F00CF803F062FD2046BDE81040FFF740
:1075B000B5BF00BF10B5044603F0E6FA0D482146FA
:1075C00003F068F903F010FB40B100F061F9002806
:1075D0000ADBBDE810400020FFF7E2BE03F0B4FA7A
:1075E00000F056F90028F4DA00DE0020BDE8104073
:1075F000FFF7D6BEF96E01002DE9F04F89B01F46A6
:107600009DF848B0FF238046894692468DF81F308A
:107610000DF11F00F2F722F8002866D0037F9D07C6
:10762000F6D1837A9C07F3D405683E689DF81F3035
:107630000593044629463046F0F78AFFBBF1000F58
:107640004CD0BC4208BF002426460DF11F00F2F7C3
:1076500005F8D0B1027F9107F7D1827A9207F4D46E
:1076600002680490294610460392F0F771FF039ACE
:10767000049B00F4000000280DF11F001CBF1546FC
:107680001E46F1F7EBFF0028E4D1059B8DF81F3073
:10769000314B9A687ABB76BB24B1BBF1000F48D15D
:1076A000BC4244D1FA681A60C3E901893846D04720
:1076B00004460DF11F00F1F7D1FF014650B1037FE1
:1076C0009A07F6D1837A9B07F3D4FFF735FC30F0A5
:1076D00002033FD1204609B0BDE8F08F0002B0D5CB
:1076E000FF23354605935C46AEE71B4B9A6804467C
:1076F000002AD7D026464946CDF800B0534640462A
:107700003A46F1F763FF014678B1BBF1000F09D1AA
:10771000BB7A980706D4C6B13046FFF70DFC30F0AF
:10772000020310D16FF07604D4E700DEEDE700DE4F
:10773000B8E7CDF800B053463A4649464046F1F71F
:1077400045FF0028EED100DEECE7002C14BF2646F2
:107750000E46E1E700DEBDE78075002001F1100074
:1077600006F078BA70B505468AB00C4601220021B1
:1077700004A808F091FB0F4B0193002603236946F0
:1077800028460396029307F0EAFE002810DB4FF428
:107790000043314640F2E730E4FB03014FF47A72D4
:1077A0000023E8F7ADFC02460B4604A806F08CFA6D
:1077B0000AB070BD5D77010010B5012004F0BEF97C
:1077C0000449002301244B608C60CB60BDE810406D
:1077D00007F0C5BE9075002010B5012004F0AEF989
:1077E0000449044607F036FF2046BDE8104007F084
:1077F0000DBF00BF907500200C4B1A780AB1002015
:10780000704710B50120187004F098F94FF4FA7120
:107810000446FFF7A7FF38B9204607F0F7FE022815
:107820000CBF00206FF0040010BD00BF648000207A
:1078300008B50A4BBFF35B8F53E8002F511C43E898
:1078400000100028F8D1BFF35B8F002A01DD002073
:1078500008BD04F07BF9002008BD00BF8C75002036
:1078600008B5002004F06AF9BFF35B8F074B53E8BB
:10787000001F013143E80012002AF8D1BFF35B8FEB
:107880000221BDE80840FFF76DBF00BF8C750020E6
:1078900008B50E4BBFF35B8F1A68BFF35B8F002AEE
:1078A00011DDBFF35B8F53E8002F511E43E800103A
:1078B0000028F8D1BFF35B8F012A01DD002008BD4D
:1078C00004F05AF9FAE76FF0770008BD8C750020D4
:1078D0000520704732207047014B33F81000704785
:1078E0006C0C020010B50446FFF70AFE03F0F2FB31
:1078F0002046BDE81040FFF711BE00BF70B5457AC5
:10790000867A82B0C5F38205044606F0010603F0CC
:1079100069F9FFF7E3FD962003F010FC2846334693
:107920002A46002103F02AFB0120F1F7EDFD002893
:107930003BD0203003F0DAF803F040F998BB1C4844
:10794000214602F0A7FFFFF757FA08BB03F054FDEA
:1079500000210446284603F0E3F8022D044404F114
:10796000A30413D0042D0CBF4FF4BC7328230021B3
:1079700028461C4403F0D0F8201A03F0E7FC03F07B
:107980002DFD02B0BDE8704003F060BB1823EEE7A8
:107990000DF10700FFF752F9002201469DF807009C
:1079A00003F0B2FDD2E700DEC9E700DEC1E700BFA9
:1079B0002180010010B50446FFF7A2FD03F08AFB09
:1079C0002046FFF7ABFD054B0021012208469C60D5
:1079D000EEF79CFF00B910BD00DE10BD0C020020C8
:1079E000814208B50ED00B7ADB0702D46FF08B0012
:1079F00008BD0C4B1360FFF71BFF00280FDB6FF077
:107A00000A0008BD0B7B01EB83010B691B7803F0B7
:107A10000F03012B14BF6FF08B00002008BD00DEA8
:107A2000EDE700BFB17D010010B548B10C46FFF78E
:107A30002FFF00280BDB2046BDE81040FFF7B0BC4D
:107A4000044802F027FFBDE8104003F07DB800DED7
:107A5000F1E700BFE578010010B500F0A1FE044693
:107A600068B9084B0522181D4FF48471EEF758FED3
:107A7000054B1C8205480322214608F00DFA2046DA
:107A800010BD00BFD4750020C0750020A87500206F
:107A900010B500F087FE044668B9084B0522181D92
:107AA0004FF48471EEF73CFE054B1C82054803221F
:107AB000214608F0F1F9204610BD00BFD475002022
:107AC000C0750020A875002010B504460648EEF7E2
:107AD0004BFE30B103460020C3F8040158706360C8
:107AE00010BD6FF00B0010BDD475002003460020C0
:107AF0001870587098607047037842789A4212D094
:107B000070B5DCB200EB84030026054607495868CF
:107B10005E60EEF73FFE631CDBB2022B08BF33460C
:107B20002B70304670BD6FF00B007047D47500208D
:107B300038B5447800EB84030546586820B100222C
:107B400009495A60EEF726FE631CDBB2022B08BF20
:107B5000002305EB8305686820B1002302496B60B0
:107B6000EEF718FE002038BDD475002038B5214D41
:107B70002B7C6A7C9A4202D055F823404CB91E48AF
:107B8000EEF7F2FD0446B0B10023C4F804312046FC
:107B900038BD1A4806F0BEF82B7C6A7C9A42F3D0B6
:107BA0000133DBB2042B08BF00232B740023C4F87D
:107BB0000431204638BD11484FF42032002306F02E
:107BC00083F8A8B90D4806F0A5F82A7C6B7C93428F
:107BD00009D0531CDBB255F82240042B08BF002308
:107BE0002B74002CD0D100DE0023C3F80431FFDE5B
:107BF00000DEE7E7C0750020D4750020A8750020DE
:107C000010B5027843789A4214D0D4B24470027806
:107C1000944204D05A1C4370D3B2022B0ED01A46A1
:107C200000EB82040B70606800B110BDFFF79EFF8F
:107C3000606010BD0133DBB2022BF0D1002213468D
:107C4000EEE700BF70B170B5074E04460025204630
:107C5000D4F80441C0F804513146EEF79BFD002CE6
:107C6000F5D170BD704700BFD47500202DE9F047F5
:107C700002784378934205462DD0D7B200EB8709AE
:107C8000174CD9F80420174E88460BE0D2F804A10F
:107C900044F821206374304605F0DCFF5246BAF107
:107CA000000F08D0617C207C4B1CDBB2042B08BF8A
:107CB00000239842EAD10137FFB2022F08BF002308
:107CC000C9F8042008BF1F464FF001022F7018BFEB
:107CD0003B4688F8002005EB83056868BDE8F0871F
:107CE000C0750020A875002030B5037AC3F30213D5
:107CF0000446002B93FAA3F0B0FA80F008BF4FF0CF
:107D0000FF3083B000F1010044D0217A5A1E1340A5
:107D100063F3061124302172FFF7A2FB00230DF15B
:107D2000070104F10C008DF80730FFF79FFF0546AF
:107D3000A8B3284602F0E0FE2A78842302F00F025E
:107D4000D340DB0716D40DF1070104F11800FFF74B
:107D50008DFF30B39DF80730ABB92146124802F0D1
:107D600099FD962003F0EAF9002003F0F3F8284685
:107D700003B030BD0D48214602F08CFD03F04EF9F2
:107D8000284603B030BDD5F80230C0F80230EB8889
:107D9000C380E2E700DE237AC3F30213B5E700DE17
:107DA000C7E700DED6E700BFFD780100D97D0100FE
:107DB00070B5C36804461E68F0F7C8FB0546304638
:107DC000FFF73AFB00232D1AC4E900532381204614
:107DD000BDE87040EBF72CBD38B5044602F002FF59
:107DE000FFF78EFB237A03F07102012A05D1C3F35A
:107DF000420262F306132372DBB213F0700F05D058
:107E0000636863B193F82C309B0708D503F062F9DF
:107E1000A36ABBB12046BDE83840FFF77FBB2046D0
:107E2000FFF762FF0546012003F04CFAA16A034602
:107E300021B1D1E903122846E8F7EEFFBDE838404A
:107E400003F0CCBA0220F1F7B5FC0028E2D100DE45
:107E5000E0E700BF10B582B00446FFF7E9FC002858
:107E600009DB084A0849094800940023F1F7E6FCB9
:107E700018B902B010BD00DEF3E77730F9D000DEAC
:107E8000F7E700BF31380000297A0100E1790100ED
:107E90002DE9F0410D46417A9DF818801746CA0732
:107EA0001E4609D5B8F1000F17D02B78B7EBD31FBA
:107EB0001AD00020BDE8F0812946044611F8020BD3
:107EC000079AC0F38010FEF73BFF0028EDD1637ADC
:107ED000DB07EED5B8F1000FE7D1079B1878FEF766
:107EE000FBFE0028E1D1E4E7062205F10801304657
:107EF00008F03FFBB0FA80F04009BDE8F08100BF18
:107F0000F8B50646032017461D46F1F7FDFAB0B155
:107F10000446F1F715FB162323713046F5F770FF81
:107F2000E08045B97F232068237667762146F1F704
:107F300035FB0020F8BD03F093F8C3B2F3E76FF010
:107F40006800F8BD2DE9F84F1F460B9B9DF828905F
:107F50009DF8305006460C4692466BB9437A03F0C2
:107F60000303012B2CD9002D3AD02378BAEBD31F71
:107F70004AD00020BDE8F88F88460D9A18F8020B09
:107F8000C0F380104146FEF7DBFE0028F2D094F8E3
:107F900000B0BAEBDB1FECD104F108013846062231
:107FA00008F0E7FA0028E4D10D9B1B78FF2B1ED0C8
:107FB000F27AFF2A1BD0981AB0FA80F04009D9E76C
:107FC00011F8020B0D9AC0F38010FEF7B9FE0028DD
:107FD000CBD1737A03F00303012BCAD9002DC4D18E
:107FE0000D9B1878FEF778FE0028BED1C1E7CBF3D1
:107FF000801BCB45BDD10B980622414608F0B9FA4B
:10800000B0FA80F04009B5E7062204F108013846CD
:1080100008F0AFFAB0FA80F04009BDE8F88F00BF71
:108020002DE9F04F89B0044602F0D2FDC0B250B93C
:10803000FFF766FA7648214602F02CFC09B0BDE84D
:10804000F04F02F081BD02F0E5FD054603F056F861
:10805000074603F05DF803F0C9FA824603F0A8FA78
:10806000814603F00DF8EDB28046FFF749FA002D86
:10807000E0D01AF0FF0A7FD1FF208DF81F00012009
:10808000F1F742FA0546002800F0A080237B04EBBC
:10809000830305F1200B19690B46FFB213F8026B3D
:1080A00006F00F00012808BF01F1080995F820101B
:1080B00001F00F0118BF4FF000090329C6F3801229
:1080C0005FFA88F84FEAD6165DD00529B2D195F847
:1080D00021102229AED161680029ABD091F82C1073
:1080E0008907A7D40DF11F000390CDE901970096F1
:1080F00059462046FFF726FF00289BD00420F1F7C1
:1081000003FA002896D04348214602F0C3FB02F050
:108110001BFD02F053FD002856D1B8F1000F4DD1E0
:10812000626892F82C3043F0010382F82C30F1F7AA
:1081300007FA17224FF6FF730271C3808460054669
:1081400003F0F0F8286103F051F9002104460846D5
:1081500002F0E6FC241A6C61BAF1000F11D09DF810
:108160001F306B76F1F7ECF92946E8602868F1F7E3
:1081700015FA09B0BDE8F08F5FFA89F0FEF78CFDC3
:108180007BE7FF23EDE795F821100C297FF452AF30
:10819000B9F1000F7FF44EAF0DF11F01019100976F
:1081A00059462046CDE90423FFF772FE80B995F8C1
:1081B0002010DDE9042301F00F0186E702F050FFF3
:1081C000636883F8A600ABE700DEA6E700DE5DE7A4
:1081D0000F48214602F05EFB02F020FF237E04EBF5
:1081E0008303D86902F088FC02F0E8FC68B9A37A3E
:1081F0009807BED59DF81F20434659462046FFF7F5
:108200007FFE00287FF416AFB3E700DEEFE700BF84
:10821000D97D0100B5790100837813F03F0315D0B3
:10822000C278D3074CBF00F10A03031D900748BF73
:108230000633100748BF023312F0100203D1134671
:1082400010460B60704700200B6070476FF0150000
:10825000F7E700BF10B50446FFF752F90320F1F726
:10826000A9FA20B12046BDE81040FFF757B900DE5B
:108270002046BDE81040FFF751B900BF30B50446B5
:1082800083B002F0AFFCFFF729F96568962002F091
:1082900055FF6A7AAB7A5209104603F001030021B8
:1082A00002F06CFE0120F1F72FF9002845D02030B4
:1082B00002F01CFC02F082FC00283CD12048214640
:1082C00002F0E8FAFEF798FD18BB03F095F80446B3
:1082D000687A0121400902F023FC6B7A04445809B2
:1082E000022804F1A30412D004280CBF4FF4BC737D
:1082F000282301211C4402F00FFC201A03F026F869
:1083000003F06CF803B0BDE8304002F09FBE1823C4
:10831000EFE70DF10700FEF791FC6A7AC2F3421213
:10832000920042F00102014602F01D029DF8070092
:1083300003F0EAF8C9E700DEC0E700DEB7E700BFF8
:108340000985010070B50446856802F041FC88B1DA
:1083500020682146F1F722F96A6892F82C3043F040
:10836000010382F82C30FFF7CBF82846BDE87040B7
:10837000FFF7D4B80126206826712146F1F7F6F8F8
:10838000E16808680E71F1F709F9FFF7B9F82846B6
:10839000BDE87040FFF7C2B810B504460320F1F7FE
:1083A00009FAD8B10E48214602F074FA02F01CFC1A
:1083B00040B1FFF76DFA00280ADBBDE8104000204D
:1083C000FEF7EEBF02F0C0FBFFF762FA0028F4DA16
:1083D00000DE0020BDE81040FEF7E2BF00DEE1E76E
:1083E000E583010002F0D0BB30B50B4683B00446F4
:1083F00001A91846FFF710FFE8B9019DDDB121681A
:1084000091F8442002EB420301EB4303062093F86A
:108410003D3000FB021203F03F03C98E2089383241
:10842000FDF704FC2389013323812B7860F30503D6
:108430002B7003B030BD00DE019DE0E7036A43B15D
:10844000D3F8041129B18B789A0602D0CB78DB06D9
:1084500000D47047FFF7C8BF70B5044682B0FFF77D
:108460003DF8206A666801A9FFF7D6FE002841D1D1
:10847000019B002B3ED0187800F03F00FEF7F0FF84
:10848000236AD3F80451002D37D02562AB789A06C1
:1084900002D0EB78DB0613D41948214602F0FAF932
:1084A00002F0AEFD284602F027FB02F087FBF8B988
:1084B00002F094FF204602B0BDE87040FFF7BEBF57
:1084C0002146104802F0E6F94FF4967002F036FEAD
:1084D000727AB37A520903F001031046194602F08A
:1084E00063FD284602F008FB02F068FB0028DFD09D
:1084F00000DEDDE700DE019BBDE700DEC5E700BF73
:1085000055820100598401002DE9F04F8BB00446DB
:1085100002F05EFBC0B250B9FEF7F2FF9D48214663
:1085200002F0B8F90BB0BDE8F04F02F00DBB02F05D
:1085300071FB054602F080FD074602F0DFFD0646AE
:1085400002F0E6FD03F052F8824603F031F881466E
:1085500002F096FDEDB28046FEF7D2FF002DDDD091
:108560001AF0FF03059340F0B180FF208DF827003B
:108570000120D4F80490F0F7C7FF0546002800F06A
:10858000C5800DF1260104F1140099F80C30FFF7B5
:108590006DFB05F1200B002800F0B680C17811F0CA
:1085A000020118BF00F10A010346049195F820105A
:1085B00013F804AB01F00F010329CAF38012F6B2DD
:1085C0004FEADA1A00F089800529A7D195F8211021
:1085D0002229A3D1D9F8041000299FD0049902962A
:1085E0000DF12700CDE900A1039059464846FFF759
:1085F000A9FC002892D00420F0F786FF014600284D
:108600008CD0654802F046F902F008FD02F010FB3C
:10861000017821F03F0141F00801017095F8201028
:108620000478C90961F386140470847895F82010E1
:108630006FF38714847004780246C1F3801161F3EC
:10864000C7140121047002F8031FAC6A4460C478A7
:10865000AE8D068144F00204C470D5F82240C0F803
:108660000A40EC8CC48100F1100184788A1A62F30C
:108670000504821C891A8470417002F03DFA02F0F0
:108680009DFA002844D1F0F75BFF172303714FF6E2
:10869000FF73C380C0F80890044602F043FE2061D7
:1086A00002F0A4FE054699F809003946400902F097
:1086B00037FA059B2D1A65616BB19DF827306376FB
:1086C000F0F73EFFE0600BB0BDE8F08F5FFA89F095
:1086D000FEF7E2FA4AE7FF23F1E795F821100C29AB
:1086E0007FF41CAF0DF127010191009659464846D1
:1086F000CDE90623FFF7CCFB60B995F82010DDE942
:10870000062301F00F015FE700DE47E700DE38E7F0
:1087100000DEB8E799F8183009EB8303DD69AB7820
:10872000990602D0EB78DA061DD41A48214602F0E9
:10873000B1F802F073FC284602F0DEF902F03EFACE
:1087400030BB2046FFF77AFE99F80A309B07BAD56E
:108750009DF827205FFA88F359464846FFF7D0FB7B
:108760000028B0D0DAE621460C48256202F092F8E3
:108770004FF4967002F0E2FC99F8092099F80A305B
:10878000520903F001031946104602F00DFCD2E72E
:1087900000DED6E7558201004583010059840100BF
:1087A000002070470020704710B582B00446FFF7E4
:1087B0003FF8002809DB084A0849094800940023CB
:1087C000F1F73CF818B902B010BD00DEF3E77730DE
:1087D000F9D000DEF7E700BF993900000974010005
:1087E0000174010000B9704700DE704708B54B689E
:1087F00023B14B6893F82C30DB070AD481420B8EEF
:1088000009D0ABB14B8E9BB9134802F043F802F08C
:108810009BF9002008BDDBB991F82830DA07F8D4BD
:1088200091F83430DB06F4D40C4802F033F8EEE76C
:108830000B6C13B16FF08B0008BD094B1360FEF792
:10884000F7FF002802DB6FF00A0008BD00DEFAE740
:108850004B8E002BE0D1D7E7ED890100993E000057
:10886000C58A010008B5064B03989860002211469E
:108870000120EEF74BF800B908BD00DE08BD00BFCF
:108880002C0200200021EBF7C3B900BF10B504464D
:1088900082B0FEF735FE94F8283094F834206FF358
:1088A000000322F0180284F828309B0684F8342054
:1088B00001D4636853B3962002F040FC00231846AD
:1088C0001A46194602F05AFB0120F0F71DFE20B3AC
:1088D000203002F00BF9FEF78FFA40B902F0B6FB38
:1088E0000F48214602B0BDE8104001F0D3BF0DF1A2
:1088F0000700FEF7A3F994F834209200014602F035
:108900001C029DF8070002F0FFFDE7E702F086FB7E
:108910000120F0F7F9FD0028DAD100DED8E700BF2A
:10892000393F000010B50446FEF7EAFD02F0D2FB25
:108930000420F0F73FFF20B12046BDE81040FEF7CD
:10894000EDBD00DE2046BDE81040FEF7E7BD00BFEC
:1089500008B5FFF79BFF02F0F1F8BDE8084002F010
:108960003DBD00BF70B582B00546FEF7B7FD02F011
:1089700055FB0120F0F7C8FD98B3203002F0B6F89F
:1089800002F01CF958BBFEF737FAC8B902F034FD03
:1089900000210446084602F0C3F8002106460846B6
:1089A00002F0BAF83444CB34201A02F0CFFC02F0C3
:1089B0004DFB0D48294602B0BDE8704001F06ABF8A
:1089C0000DF10700FEF73AF995F8342092000146C0
:1089D00002F01C029DF8070002F096FDD6E700DECB
:1089E000D1E700DEC9E700BF393F000030B50446DB
:1089F00085B0FEF785FD0DF10F012046FEF7F2FC74
:108A000008B105B030BD054602F064FB94F828209B
:108A10000095C2F34103013303F00303032B08BFA6
:108A2000002363F3420284F828202B4604222946BF
:108A30002846EFF7A1FC9DF80F307BB1238E002B69
:108A400032D194F83430DA060FD494F92830002B60
:108A50001FDB2046FEF762FD05B030BD0420F0F7B5
:108A6000A9FE0028EAD100DEE8E76FF3041384F8DA
:108A70003430F0F765FD014600B30A230B718C60BA
:108A8000E36ACB600868F0F789FD94F92830002B81
:108A9000DFDA0B4B0021012208469C60EDF736FF20
:108AA0000028D6D000DED4E7638E002BC9D194F81D
:108AB000283043F0800384F82830C2E700DEDCE78A
:108AC0001C02002070B5C36804461E68EFF73EFD27
:108AD00005463046FEF7B0FC00232D1AC4E90053CA
:108AE000238120460121BDE87040EBF791B800BF1B
:108AF0002DE9F8439DF82090164680460D464A46DB
:108B0000194630461F46FEF755F90446A0B91DB177
:108B100098F834305B061CD498F82850C5F38013BD
:108B2000B3420CD0C5F3C105012D05D926B17B791F
:108B300003F0C003402B12D02046BDE8F88308F1B3
:108B400036000622394607F014FD0028EAD1012438
:108B5000F2E74846FEF758F80028EDD1DCE7099B1C
:108B6000002BF4D0099A01231370F0E710B548B137
:108B70000C46FEF78DFE00280BDB2046BDE81040BA
:108B8000FEF70EBC044801F085FEBDE8104001F080
:108B9000DBBF00DEF1E700BFED8901002DE9F04FFA
:108BA00083B0074603209DF830A09DF834508846D6
:108BB00016469946F0F7A8FC002800F08480044689
:108BC000F0F7BEFC4FF6FF73E38097F83430580798
:108BD0005FD003F00703012B6FD0042B70D000DEB1
:108BE00094F8202002F00F03042B5CD0072B52D105
:108BF0000023FB62A76002F095FB206102F0F6FB08
:108C0000834697F83400514600F0070001F088FFD2
:108C1000A37EABEB00006AF382036061A37600974A
:108C200097F83410294B524601F0070104F1200057
:108C300000F016FDA37E60F3C713A3761B062AD5AA
:108C400097F8343043F0100387F834306FF00F0793
:108C5000B9F1000F23D17F20B8F1000F14BF3246C5
:108C6000FF22FF3EA37E20764FEA450518BF01266E
:108C700045EA461505F0220523F022031D4320682E
:108C80006276A5762146F0F789FC384603B0BDE848
:108C9000F08F052323710027B9F1000FDBD002F01C
:108CA000DFF9C0B2D8E797F834301907F3D50523B8
:108CB00063F3030284F82020EDE7062323718FE796
:108CC000082323718CE76FF06807DEE7E19301006A
:108CD000002070470020704710B582B00446FEF7B0
:108CE000A7FD002809DB084A084909480094002329
:108CF000F0F7A4FD18B902B010BD00DEF3E777303D
:108D0000F9D000DEF7E700BF858801006D8B010018
:108D1000ED87010070B50B4C0546FEF7F1FBE560F1
:108D20002E68EFF713FC05463046FEF785FB00235F
:108D30002D1AC4E90053238120460121BDE870406B
:108D4000EAF766BF007B002090F828C01CF0080FEF
:108D500002D132B901207047002AFBD11846FDF735
:108D6000BBBF10B5044608461946FDF7CBFF20B936
:108D700094F82800C0F3C00010BD012010BD00BF52
:108D800070B582B0FF2B8DF80730064607D090F8FB
:108D90003500C01AB0FA80F0400902B070BD0C4630
:108DA000154629460DF107022046FDF7C9FF0028A8
:108DB000F3D096F83430C3F34013A34202D000201E
:108DC00002B070BD0622294606F1080007F0D1FB6B
:108DD000B0FA80F04009E0E72DE9F04F85B0054694
:108DE0009DF838600F9F14469C4611B1DB78D80778
:108DF00041D59CF80130072B39D99CF80320910705
:108E0000C2F3400818D50D2B31D9E3461BF80A9B55
:108E1000C9F3801A4FEAD9191CB195F828301A07FE
:108E200047D55B464A4621462846CDE90E6705B040
:108E3000BDE8F04FFFF75CBE9CF80020C2F3801A3B
:108E4000D2091CB9012005B0BDE8F08F95F8283093
:108E50001B07F7D491460CF104010CF10A0BFF2E0D
:108E60008DF80F600BD095F835309E421DD0002054
:108E700005B0BDE8F08F084605B0BDE8F08F0DF1F4
:108E80000F0250460191FDF75BFF0028EFD095F8E7
:108E900034300199C3F340135345E8D1062205F15C
:108EA000080007F066FB0028E1D1B8F1000FC9D037
:108EB000B7E70CF10401D2E72DE9F0479DF82850FF
:108EC00047680C46AD019DF82010994605F0400515
:108ED000237845F0250545EAC11503F010031D432D
:108EE00090460B9B2570222262701A68C4F80220FB
:108EF0009B88E380099B1968A1609B88A3817B689C
:108F0000C4F80E30B97A3B896382012221756275FB
:108F1000B7F816A0064602F069FA494605464046EB
:108F2000B8F1000F27D018F0040F52D101F0F8FD6E
:108F300008F003032B33DB00C8F34002D34003F6F1
:108F40005A232B44A3EB00093369EBB140F2E2430F
:108F500003FB0AFA02F0ECF9012105464046D6F877
:108F6000108001F0DBFD2B184344002B01DB9945F9
:108F700038D95344F9E701F0D3FD05F5DB69A9EBD6
:108F800000093369002BE1D10C9AC2F80090A37557
:108F9000E375FB8A23833B8B6383B38AA383D7F870
:108FA0002230C4F81E3097F8263084F8223097F823
:108FB000282094F8233062F3040384F82330FEF76A
:108FC00087FC94F8233060F3471384F82330BDE81E
:108FD000F08701F0A5FD05F5D45909F10C09A9EBBD
:108FE0000009CEE70C9A1360054AA3EB0903A2FB24
:108FF0000323627D9B0A0132E3826275C9E700BFE9
:109000005917B7D130B5044683B0FEF779FAACB141
:109010000DF107012046F7F7F5F89DF807300546F2
:1090200063B1164B1B8813B31DB195F92830002B83
:109030000FDB2046FEF772FA03B030BD0F4B1B88E2
:10904000002BF6D10520F0F7B5FB0028F1D100DEAA
:10905000EFE70B4B0021012208469D60EDF756FC1F
:109060000028F4D12046FEF759FA03B030BD0520A0
:10907000F0F7A0FB0028D7D100DED5E7468000201E
:109080004C020020F0B50C4683B0074615461E463C
:10909000FEF724FA01F0C2FF204601F027FD01F09F
:1090A0008DFD00283ED1FDF7A7FE48BB02F0A4F9D4
:1090B0007B790446012103F0070001F031FD7B7943
:1090C000044403F00700022804F1A30416D0042886
:1090D0000CBF4FF4BC73282301211C4401F01CFD7C
:1090E000201A02F033F902F079F901F0AFFF3146AE
:1090F000284603B0BDE8F04001F0CCBB1823EBE7F5
:109100000DF10700FDF79AFD7A79C2F30202920091
:1091100042F00202014602F01E029DF8070002F032
:10912000F3F9C3E700DEBEE770B504460120A56889
:10913000F0F7EAF9014638B1E86A044A23462031DB
:10914000BDE87040FFF79EBF00DEF5E755980100CF
:1091500010B504460120F0F7D7F940B1234600F1DD
:109160002001044A2046BDE81040FFF78BBF00DE17
:10917000F4E700BF3998010010B504460120F0F76C
:10918000C3F940B1234600F12001044A2046BDE85E
:109190001040FFF777BF00DEF4E700BFA1910100A8
:1091A0002DE9F04F83B0064601F012FD10F0FF07E5
:1091B0004CD1FEF79BF939463046F7F723F8F468AF
:1091C0000546002C00F0DE80F7606B6893F82C20D9
:1091D0006FF3000283F82C2095F828306FF3C71343
:1091E00085F828300127206827712146F0F7BEF95D
:1091F000E468277120682146F0F7D0F995F83430FB
:10920000DA061AD56FF3041385F83430F0F798F9BD
:109210000146002800F0B4800A238D600B71EB6AD0
:10922000CB600868F0F7BAF95B48294601F032FBD9
:1092300003B0BDE8F04F01F087BC5848314601F05B
:1092400029FB03B0BDE8F04F01F07EBC01F0E2FC69
:10925000814602F0CBF95FFA80F802F0A9F95FFAD3
:1092600080FA01F0E9FE0746FEF740F9002130469A
:10927000F6F7C8FFF4680546002C00F0868000234E
:10928000F360B8F1000F00F084805046FDF704FD54
:1092900082465FFA89F2002A97D001F0C9FC01905A
:1092A0000120F0F731F98146002870D099F820109C
:1092B00001F00F02082A88D199F821200E2A84D1C2
:1092C00099F822203F2A80D899F8232002F003023F
:1092D000032A7FF47AAF09F1240BC1F380115346BE
:1092E0005A462846FFF74CFD00283FF46EAF019B1D
:1092F00099F820101A78C2F38012B2EBD11F7FF4D4
:1093000064AF19460231062209F12A0007F031F94B
:1093100000287FF45AAF6A68707992F8481060F3B9
:10932000020182F848107179FF00C1F3020107F0D1
:10933000080747EA011792F8481021F078010F4317
:1093400082F84870707992F8491060F3020182F84F
:109350004910B8F1000F3FF44DAF99F8202094F870
:109360002010C2F3801262F3C71184F82010D9F8DC
:109370002420A262B9F82820A28584F819A039E730
:1093800000DE49E700DEF4601FE700DE77E700DE7D
:109390008CE74FF0FF0A7CE7158D01000590010076
:1093A00010B504460520F0F705FA20B12046BDE8C7
:1093B0001040FEF7FFB800DE2046BDE81040FEF783
:1093C000F9B800BF884208B507D0F6F7D7FD0028E6
:1093D0000CBF6FF08B00002008BD00DEF5E700BF7A
:1093E0002DE9F04F074685B0FEF78AF8D7F80C80D4
:1093F000B86898F8029001244FEA591904FA09F460
:10940000E4B23C73F6F7BAFD8246002800F0D28041
:10941000002398F9002098F802500193002A4FEA9F
:10942000052598F8012005F4F85545EA020598F855
:109430000020B4BF4FF496711E2101FB05F5B4BFA7
:109440004FF49E712E2112F0400F14BF32264FF4BC
:10945000FA765D4A009105FB06F6A2FB06264FEA66
:10946000840B5A4A4FF0000C012120465FFA8BFB17
:10947000A2F800C001F052FA5A46FF21082001F07C
:1094800005FB98F8000000F03F00FDF7E9FF07F149
:10949000200001F02BFB019BB60C002B00F0858017
:1094A0004B48194601F0F6F9962001F047FE0123DA
:1094B00022460021204601F061FDFDF79DFC0028B9
:1094C00057D19AF8283013F0180F47D17F6901213E
:1094D0002046FDF7FBFF2F44BF1B381AA0F11001F7
:1094E000A0F10F08002001F0C5FE8045074614D00A
:1094F0003848394A394940F2671305F0A6FF434618
:1095000037483A46294605F0A0FF002383F3118827
:10951000BFF36F8F0323184602DF009B0121204613
:109520001E44FDF7D3FF37440346012120461F4464
:1095300001F0F6FAB9F1010F074418D0B9F1020FA2
:109540000CBF4FF4BC702820384401F00DFF01F02F
:1095500045FF05B0BDE8F04F01F078BD0120FDF7F3
:1095600037F84178821C007801F094FDAEE71820AE
:10957000EAE79AF82800C0F3C000FDF729F8824610
:109580000DF10F00FDF75AFB9AF8011080460AF121
:1095900002029AF8000001F07DFD9DF80F004BF0EB
:1095A0000202414601F0B0FF90E70E48394601F053
:1095B00071F979E7BB68009301461846F6F722FE79
:1095C000009B824625E700BF83DE1B4346800020C8
:1095D00039980100000B0200C00D0200100E0200BD
:1095E000300E02005598010010B568B10C46FEF728
:1095F0004FF900280FDB0520F0F7DCF868B12046B2
:10960000BDE81040FDF7CCBE054801F043F9BDE8C8
:10961000104001F099BA00DEEDE700DEEFE700BF91
:109620000590010010B582B00446FEF701F900284C
:1096300009DB084A0849094800940023F0F7FEF8BE
:1096400018B902B010BD00DEF3E77730F9D000DEC4
:10965000F7E700BF11450000E9950100C59301003F
:109660002DE9F04F0446007800F00F00072883B082
:10967000884616461F4640F08F806578002D7DD0C5
:10968000A3789B067AD0E378D8074CBF0A34043419
:10969000990748BF06345A0748BF0134180748BF26
:1096A0000234D9066AD5A37862784FEA032C0CF409
:1096B000F85C5CEA020C61D05F2B4FEA53195DD86D
:1096C000227802F03F03242B58D812F0800F14BFE9
:1096D0004FF496731E2318F0040F03FB0CFA51D1BC
:1096E00008F003010D440935ED00C8F34001CD40F9
:1096F000534405F596718B4240D352064CBF32223B
:109700004FF4FA72264B02FB0AF2A3FB0232920CD0
:1097100031464046019201F003FA4FF0010B034637
:109720000BFA09F0C0B259469946FDF7CFFE019AEF
:1097300005F2EF6313444B4403449A451ED8584640
:10974000EFF7E2FE814648B30C9BC9F80830C9F830
:109750000C4001F04BFE31460446404601F0E0F972
:10976000641B241A49463846C9F8144001F092F89F
:1097700001F0EAF9012003B0BDE8F08F002003B04A
:10978000BDE8F08F7100ED0001F002012B350131D1
:109790008D4005F5BC75ABE700DE6EE700DED3E774
:1097A00083DE1B43F0B50C46C978C90783B040D5AA
:1097B000054617461E46FDF71FFB98B995F8283059
:1097C00013F0180F0BD00120FCF702FF224633469E
:1097D00012F8041BC1F38011FCF706FF387001205A
:1097E00003B0F0BD95F828002546C0F3C000FCF793
:1097F000EFFE15F8041B3346C1F380112A46FCF72F
:10980000F3FE38700028EAD123785B06E7D50DF126
:109810000700FDF713FA9DF80730002BDFD028462C
:1098200001F018FF089B187001F0C2FE099B187028
:10983000D5E7002003B0F0BD10B504460021F6F7CF
:10984000E1FC6279214602F00702BDE81040EAF728
:109850009BBF00BF034680681A7B90F83430DB065C
:1098600002D50021EAF790BFC16AEAF78DBF00BFB9
:10987000F8B50546FDF744FEEFF78CFF04460028D7
:109880003FD0214B214A1B781178A27920485B00F8
:1098900001F0010103F002030B4322F00302134322
:1098A0001C4A01881278A18001202070A3712272C5
:1098B00019B195F92730002B04DB2846BDE8F840A4
:1098C000FDF72CBE95F82C30C3F30213022B16D0F3
:1098D000042B0CBF4FF4BC77282701F073FD06461C
:1098E00001F076FD361AE660EA6BC4E9042700232E
:1098F000EB636B642846BDE8F840FDF70FBE182700
:10990000EBE700DEBDE700BF698000206A80002031
:10991000488000206780002008B501F085F90278B2
:109920000346012161F301021A70002008BD00BF47
:10993000014B00201870704765800020704700BF01
:1099400030B40849084A094D094C0A4800230B80E5
:1099500013700949094A2B80237003700B70137030
:1099600030BC7047488000206B8000204A80002077
:109970006A800020698000206880002067800020C5
:10998000814207D091F82C305B070CD50C4B18881E
:1099900048B970470A4A0B4B11881A7821B9032A33
:1099A00008D900DE03E0074B1B78032BF9D86FF0D2
:1099B0008B00704701321A706FF00F00704700BFC4
:1099C0004880002068800020814207D091F82C3028
:1099D0005B070CD50C4B188848B970470A4A0B4BEB
:1099E00011881A7821B9032A08D900DE03E0074B51
:1099F0001B78032BF9D86FF08B00704701321A7077
:109A00006FF00F00704700BF4A8000206880002080
:109A100038B50D4678B30446FDF73AFF002847DB1A
:109A2000E2682389518B938301330B4492F9271009
:109A30005383002913DBEFF7ADFE002836D083797E
:109A400023F00303002243F002030121017082800E
:109A5000837102722846BDE83840FDF7A1BC208919
:109A6000136B916B00FB03330B44516B8B4228BF8C
:109A70000B469363DFE791F92730002B0ADB0D4893
:109A8000294600F007FF01F05FF895F862301B07E8
:109A900008D438BD084B1B88002BF0D1074B01229E
:109AA0001A70ECE7BDE8384001F024BD00DEC6E7DF
:109AB00000DEB5E7719801004A800020698000202F
:109AC00070B506460120EFF71FFD48B3002180F86E
:109AD000211096F8495005F0070500F120042846AA
:109AE00000F01CFF96F86230AA001B0742F001024A
:109AF0000DD51F21082000F0C9FF2246294606F196
:109B0000630001F07FFCBDE8704000F0EFBF08206B
:109B10001B2100F0BBFF2046BDE8704000F0E6BF0F
:109B200000DED3E738B50446FDF7D8FC2C4AA089FF
:109B300013880133138001F001FB94F8482094F856
:109B40004900C2F3C00300F0070002F00702002141
:109B500001F014FA2046FFF7B3FF01F02FF80028B8
:109B60003BD101F049FC258A034694F849000D35A4
:109B7000012100F007001D4400F0D2FF94F84930A5
:109B800003F00703022B054425D0042B0CBF4FF430
:109B9000BC73282394F84800C0F3C00100F007000C
:109BA0001D4400F0B9FF281A01F0D0FB0D4B1B88B3
:109BB0001BB994F92730002B05DA21460A48BDE885
:109BC000384000F067BE01F041FA21460648BDE882
:109BD000384000F05FBE1823DCE700DEC1E700BFBD
:109BE0004A80002048800020119D010070B590F847
:109BF0004830054603F007040E462046C3F3C00173
:109C000000F08CFE95F86230A200DB0642F0010203
:109C10000CD508201F2100F039FF314605F18400E2
:109C200001F0F2FBBDE8704000F066BF08201B2188
:109C300000F02CFF3046BDE8704000F05DBF00BF73
:109C4000F0B5054683B001AAC06C0F46296DECF74C
:109C5000F1FD95F862305A0706463BD448B3019CA3
:109C600095F8613095F8602004341C4412B962788C
:109C700085F8602033B12378012262F30103237059
:109C800095F8613095F86020D31A63702846F7F78D
:109C90006DFA637883422BD960700121237803F039
:109CA0000F03002243EA01132370A2703C6003B04B
:109CB000F0BD43F0040385F8623000F0B5FF0446C0
:109CC000124B1B78EBB1237843F0100323703C60F8
:109CD00003B0F0BD43F0040385F8623000F0A4FF48
:109CE0000446002EECD0237843F010032370EEE7F7
:109CF00032682B6D9A42D0D1044B19780029CCD10F
:109D0000CCE7227863F304122270CFE7658000204D
:109D10002DE9F04F85B0044600F05AFFC0B250B9AB
:109D2000FDF7E4FBC748214600F0B4FD05B0BDE8EF
:109D3000F04F00F009BF00F06DFFC6B201F0A0F9CE
:109D4000DFF80483C7B2FDF7D1FBB8F8003001207B
:109D50000133A8F80030EFF7D7FB0546002800F0E4
:109D60003A81002E5AD1B94B93F80080B8F1000F18
:109D700040F0E38094F8622003A9C2F3800B2046F0
:109D800001221A70FFF75CFF94F92730002BB146CF
:109D9000C0F20A81AE4B1B78002B00F0BE80A948B0
:109DA000214600F077FD94F92730002B80F21881CE
:109DB00001F034F9039994F862200B7862F3C3033D
:109DC0000B7094F862300A78C3F3400363F38202A5
:109DD0000A702046FFF70AFF00F0F0FE002840F06E
:109DE0002F8101F0EFFA002800F08180B9F1000F17
:109DF00000F08580A08A4FF6FF73984200F03F8103
:109E00004946F7F73DF9B8F1000F7BD1EFF7BEFBFC
:109E1000002F40F0C28005B0BDE8F08F94F86220BA
:109E200095F8201002F00103C1F38000984200F081
:109E3000C08083F0010363F3000294F9273084F8B3
:109E40006220002B05DA94F82C3043F0080384F8E4
:109E50002C30DFF800B29BF8003013B1013B8BF8D7
:109E6000003094F8623013F0040A40F0C680D4E960
:109E7000130103AAECF7DEFC8146002800F0D58030
:109E8000039B04331A46009394F861301A445178C6
:109E900071B194F86220D0060AD5D4F8942001322A
:109EA000C4F89420D4F8982042F10002C4F8982015
:109EB00094F860201944C9B2914280F0BE8084F8C1
:109EC00061104FF0000994F92720002AC0F2EF80BA
:109ED00095F82010CA065CBF009A12F803A094F807
:109EE00062205CBF8AF0100ACAF3001A64E001F035
:109EF0005DFA01F061FAB9F1000F7FF47BAFB8F1C0
:109F0000000F85D0EFF71CFB03232B71A38A286871
:109F1000EB802946EFF72AFB78E7E08901F00EF99C
:109F200094F8490000F0070001F014F84A4821466F
:109F300000F0B0FC01F052FA3CE708F1FF3818F0ED
:109F4000FF0894F8622083F8008008BF4FF0010AF0
:109F5000B04618BF4FF0000AB14603A92046C2F32D
:109F6000800BFFF76DFEBAF1000F7FF418AF94F984
:109F70002730002B18DB002E3FF40CAF95F8203073
:109F8000D9063FF507AF039B1A78D2063FF502AF1B
:109F90005B78002B3FF403AFFCE601F061F884F836
:109FA000A60005B0BDE8F08F636C002B7FF4F7AE20
:109FB000E1E74FF0000AD146C1F3C001C2F340030C
:109FC00099425FD04FF000082049244B00200870D0
:109FD00001211970C1E700DE002E3FF4C4AE1DE779
:109FE00000F0B2FD00F0EAFD002868D194F862307C
:109FF0006BF3820384F86230F3E66FF3820384F834
:10A00000623000F011FE94F92730002B0DDB95F83B
:10A01000201011F010090AD190F800A094F86220E5
:10A020008AF0100ACAF3001AC6E795F8201094F8CF
:10A0300062204FF0000AD146BEE773D000DE40E751
:10A0400000DECEE671980100488000206B80002081
:10A050006880002065800020259B01006A80002028
:10A0600001F0A4F901F0A8F9B9F1000F3FF4D0AE66
:10A07000A08A4FF6FF73984250D14FF0000800DEDF
:10A08000A08ABDE60320EFF73FFAA8B194F862304A
:10A0900083F0020384F8623095F8213094F862204E
:10A0A000002B8FD010070CD44FF001088CE794F8E8
:10A0B000622095F820107FE794F8622082E700DEA6
:10A0C00094E701F0E5F900287AD001F009FA0028B8
:10A0D00061D1D4F87330D4F87720134305D195F8C3
:10A0E000203003F00303032B3ED0364B36480222C8
:10A0F00021461A7000F0CEFB00F026FD00F05EFD58
:10A1000080BB01F05FF90028AAD0B9F1000F3FF43D
:10A110007FAEA08A4FF6FF7398424ED04946F6F7BD
:10A12000AFFF73E60022A4F86020206D019304F1D4
:10A130004C01ECF787FB039A019B1268C9F80020D9
:10A14000039AC2F800909BF80020DDF80C9022B929
:10A15000B8F80020052A7FF6B6AE1C4A12788BF8B4
:10A160000020B0E600DECCE700F062FD4378272B4C
:10A170000146BAD80333DAB205F1200006F0C9F976
:10A18000D4F87330013BC4F87330D4F8773043F11E
:10A19000FF33C4F87730D4F873300133C4F8733028
:10A1A000D4F8773004F1730243F100035360054B98
:10A1B00001221A7094F8622076E700DEA08AADE7EB
:10A1C00000DE82E767800020719801006680002031
:10A1D000024B1A7818701046704700BF6680002046
:10A1E00010B582B00446FDF723FB002809DB084ABE
:10A1F0000849094800940023EFF720FB18B902B082
:10A2000010BD00DEF3E77730F9D000DEF7E700BFDE
:10A21000A94E0000119A0100C999010010B582B041
:10A220000446FDF705FB002809DB084A08490948F0
:10A2300000940023EFF702FB18B902B010BD00DE56
:10A24000F3E77730F9D000DEF7E700BF09510000EF
:10A25000119A01008199010008B500F095FC00F009
:10A260005DFF0C4B0C4A19781378CB1ADB0701D42D
:10A27000117008BD094B186800F060FF084A094BCF
:10A2800012781B781046194600F08EFEBDE8084093
:10A2900001F0A4B86D8000206C800020387B002085
:10A2A000708000206F800020F8B50C4617461D46D0
:10A2B000064600F039FAFDF7D3FA002844DB00F037
:10A2C00015FB0698002100F0E5FA032C2FD8012198
:10A2D000013C01FA04F4E0B21C4B1D4C19702070D3
:10A2E00000F01CFB7D2F25DC07F17F03DBB2932BF5
:10A2F00028D8384600F070FB00F062FB00277000A1
:10A30000023000F095FB134800F0ACFB124940F21C
:10A310005B6000F073FC23786A0142EA830202F07A
:10A32000FC02FF21082000F0B1FB3846F8BD0021F7
:10A330000420D1E77F2F02D100F04CFBDCE700F0D6
:10A3400045FBD9E71127DAE700DEB8E76F80002088
:10A3500070800020201102005555550010B500F006
:10A3600037FCC0B228B900F00FFCBDE8104000F087
:10A37000D5BE00F04FFC044600F006FC00F0CEFE17
:10A38000962000F0DBFE074A074B12781B78104638
:10A390001946E4B200F01EFE1CB1044A13880133D2
:10A3A000138010BD708000206F8000204C80002042
:10A3B000F0B5144683B0072C9DF820709DF930202D
:10A3C00028D80D46591E032924D84B4E3178F1B9AF
:10A3D00019464A4B00933B1E18BF0123FFF764FF49
:10A3E000B0B9A7B9464A13780133137000F020FCC6
:10A3F0000378457064F30303013C07460370062CA1
:10A4000073D8DFE804F0625C56504A440A000C201E
:10A4100003B0F0BD112003B0F0BD2A46AA210330DD
:10A4200006F09FF8374C384600F066FB2278530759
:10A4300051D5354F3A785200EB0002F002022B332F
:10A440000132934003F5BC73304A03F26930A2FB3A
:10A450000020400A40F2712202FB00F0C01A2C4B8F
:10A46000186000F06BFE3B7822781946104600F029
:10A470009BFD00F07DF90022C11C012000F06AFE66
:10A4800000F0ACFF01230020337003B0F0BD2A467A
:10A49000F021033006F065F8C4E72A4600210330B6
:10A4A00006F05FF8BEE72A46FF21033006F059F8B0
:10A4B000B8E718492A46033006F02BF8B2E72A46D7
:10A4C0005521033006F04DF8ACE72A460F21033042
:10A4D00006F047F8A6E702F003032B440933DB003C
:10A4E000C2F34002084FD340AEE70B492A4603307F
:10A4F00006F00FF896E700BF6E80002059A2010019
:10A500006D800020708000206F8000205917B7D127
:10A51000387B0020200F02002010020070B54A1E78
:10A52000022A82B02DD8194E1D4633782BBB184B0A
:10A5300000932B1E18BF01237F22FFF7B5FE0446B0
:10A54000C0B9D5B900F074FB00F0D0FA962000F045
:10A55000F5FD104A104B12781B781046194600F092
:10A5600039FD00F005F92246C11C204600F0F2FD3D
:10A5700001233370204602B070BD0C24204602B087
:10A5800070BD1124204602B070BD00BF6E80002057
:10A590005DA30100708000206F800020F8B51A4F85
:10A5A0003B784BB3194B1A4C1A4D1A880280002184
:10A5B0002278198029789142D3B21FD022780233B1
:10A5C000DBB293422B700CD02026EFF3118086F380
:10A5D0001288BFF36F8F05F0B0F823782A789A427B
:10A5E000F3D100F0A7FEFDF753F9002809DB00F0D6
:10A5F000ABF800203870F8BD0C20F8BD00F0A4FACC
:10A60000EFE700DEF3E700BF6E8000204C80002003
:10A610006C8000206D8000204FF080530246D3F8FC
:10A62000A410013107D04FF08051D1F8A00010F0F4
:10A63000010009D17047D3F8A8304FF6FF719BB2E3
:10A640008B42F0D100207047D1F8A4301360D1F8CC
:10A65000A8301371C3F3072363F03F035371D1F89C
:10A66000903001331CD0D1F89430013318D0D1F898
:10A670009830013314D0D1F89C30013310D0D1F888
:10A680009030C2F80630D1F89430C2F80A30D1F8D0
:10A690009830C2F80E30D1F89C30C2F8123008E081
:10A6A0000023C2F80630C2F80A30C2F80E30C2F8F1
:10A6B00012300120704700BF00234FF0805203602A
:10A6C00043608360C360D2F88030013318D0D2F881
:10A6D0008430013314D0D2F88830013310D0D2F84E
:10A6E0008C3001330CD0D2F880300B60D2F884303B
:10A6F0004B60D2F888308B60D2F88C30CB607047DA
:10A7000000230B604B608B60CB607047054B4FF4B0
:10A7100080320021C3F80815C3F84423C3F804238A
:10A72000704700BF00B00040054B1878421C1A70FB
:10A7300018B9044B01221A6070470120704700BF0E
:10A740007180002000B00040074B187848B10138F4
:10A75000C0B2187018B9054B01225A607047012029
:10A76000704700DE1878F2E77180002000B00040EA
:10A77000014BD3F80405704700B00040024B00F5D0
:10A78000A87043F82010704700B000402F4B30B441
:10A790000024C3F800450224A142C3F80045054641
:10A7A00036D004293BD003F580334FF000712848A0
:10A7B000C3F804152549274BC1F80405D3F818350B
:10A7C000DBB21F2B03D9FF2B3DD0191F00E01B214B
:10A7D0001E4B2148C3F8181500242049C3F808551A
:10A7E000C3F80C05C3F81025C3F81415C3F80042CC
:10A7F000C3F80041D3F80021C3F80441D3F8042181
:10A80000C3F808410122D3F808111A6030BC704720
:10A81000134B14484FF00071C3F80415CAE71049F0
:10A8200011480324C3F81C45104BC1F88005C1F83A
:10A8300084354FF480404FF00073C1F804050C4894
:10A84000C1F80435B6E7FB21C2E700BF00F00040C5
:10A850000100000100100040507C0020407B0020DF
:10A8600000F0014001000101501100400CF00040D7
:10A8700001000201044BD3F8103123B1034A044B09
:10A8800010681B681847704700100040547E002075
:10A89000587E0020024A034B11601860704700BFC9
:10A8A000547E0020587E00204FF080434FF0FF324E
:10A8B0000021C3F8002EC3F8042EC3F8081EC3F805
:10A8C0000C2EC3F8101EC3F8142EC3F8182EC3F8AC
:10A8D0001C2EC3F8202EC3F8242EC3F8282EC3F84C
:10A8E0002C2EC3F8302EC3F8342E7047064B074881
:10A8F0000749084A10B40024C0F81845C3F80018E6
:10A90000C3F8042810BC704700F00140001000405C
:10A910000012020000240400704700BF4FF0805373
:10A920000228D3E94C230CD004280ED0082A13D0D7
:10A930000323214A40F20121C2F81035C2F8501613
:10A940007047082A2AD00423F3E7082A12D001F01E
:10A950000101C1F10603ECE7052B03D8174AD35CCC
:10A96000002BE5D0144AD2F8403723F00043C2F858
:10A970004037DDE7052B03D8104AD35C002BE6D027
:10A980000D4AD2F8403723F0004323F47F4343F0CD
:10A99000004343F44443C2F84037D8E7052B03D8BB
:10A9A000064AD35C002BCED0034AD2F8403723F0BE
:10A9B0000043C2F84037C6E70010004024110200EF
:10A9C000014BC3F80C057047001000406FF02700E2
:10A9D000704700BF0820704707281BDC831EDBB2CE
:10A9E000052B16D9002817DA031D17DA10F1080F06
:10A9F00017DA10F10C0F17DA10F1100F07DA10F157
:10AA0000150FCCBF6FF013006FF0270070476FF089
:10AA10000F00704708207047002070476FF0030058
:10AA200070476FF0070070476FF00B00704700BF72
:10AA3000014BC3F80805704700100040084B00F0B8
:10AA40007F00C3F85405D3F8182522F00072C3F82C
:10AA50001825D3F8182542F00072C3F8182570475E
:10AA600000100040084A00210123C2F82C15C2F84A
:10AA70003035C378C2F824358178038843EA01432E
:10AA80001B02C2F81C35704700100040C2F382035D
:10AA9000022B02F0030221D0042B0CBF4FF0C74C55
:10AAA0004FF0000C013A022A98BF4CF4801C00F0D1
:10AAB0000F000C4B0C4A40EA0C0040F48070C3F8C5
:10AAC0001405D3F818050240C3F81825D3F8182543
:10AAD000114341F44031C3F8181570474FF0807CA2
:10AAE000E0E700BF001000400000F8FE014BC3F893
:10AAF0000405704700100040014BC3F8040570477F
:10AB000000100040022804D004280CBF2A2029206D
:10AB100070472820704700BF0120704729207047E8
:10AB2000022809D0042805D111F0010F0CBF19200B
:10AB30001E2070470A20704705207047014B0122F4
:10AB40005A607047001000400B4B0C480C4910B481
:10AB50004FF41064C3F8084501224FF480245A6072
:10AB6000DA60C0F84843074CC3F808450020C1F834
:10AB700000020A6110BC704700F0014000B00040C4
:10AB800000100040C041780E0B4B0022C3F800219A
:10AB9000D3F80011C3F80421D3F80411C3F80C2131
:10ABA000D3F80C11C3F81021D3F81011C3F85021B9
:10ABB000D3F85031704700BF00100040034BD3F86A
:10ABC0000001003818BF0120704700BF001000408E
:10ABD000034BD3F80C01003818BF0120704700BFA9
:10ABE0000010004001207047034BD3F85005B0FA25
:10ABF00080F04009704700BF00100040044B40F255
:10AC00000312C3F83425C3F83805C3F83C15704760
:10AC100000100040034BD3F80004003818BF012097
:10AC2000704700BF0010004000487047547D00206E
:10AC300000487047507C00202DE9F04FBA4CDFF8F7
:10AC4000EC8294F800C0BA4DDFF8E8B29DF8249089
:10AC50009DF82CA0C8F868B54FEACC0606F18047ED
:10AC600007F5F8370CF10C0E012905EB8C055FFA9E
:10AC70008EFEC8F86C7557D0002843D04FEACE0E30
:10AC80000EF1804E0EF5F83EAB4BCEF810552D214F
:10AC9000CEF814350CF111020CF10903D2B2DBB27B
:10ACA000D200DB00A54802F1804203F1804302F5A7
:10ACB000F83203F5F83330440026C2F81065C2F8C4
:10ACC0001465C3F81055C3F814054FEA8C0303F15B
:10ACD000804303F510430CF1010CD3F840258A4260
:10ACE0008ABFD3F840250122521AC3F840258F4B62
:10ACF0004FF410620CF0010CC3F8042584F800C076
:10AD0000BDE8F08F022A00F00281042A51D03621DA
:10AD10004FEACE0E0EF1804E0EF5F83E864BCEF881
:10AD20001055CEF81435B5E7012800F0D680B9F1FA
:10AD3000020F4FEA8C0800F0CD804AF23C5149F6F0
:10AD4000C473B9F1040F18BF19460CF111070CF1C7
:10AD50000903022AFFB2DBB24FEACE0E00F0918067
:10AD6000042A2CD0DFF8D8B101F51A510EF1804E2B
:10AD70000EF5F83E2C31ABFB01B1DFF8C8B1CEF8CF
:10AD800010558909CEF814B5002840F08A80520782
:10AD900040F18780B9F1020F00F0C2804AF2B8108A
:10ADA0004AF23072B9F1040F08BF104642F2B842BD
:10ADB00025E013F0010F0CBF45214A21A8E7604AA6
:10ADC00001F5EB410EF1804E0EF5F83E1431A2FB79
:10ADD00001215C4ACEF810558909CEF814250028C7
:10ADE0005FD1B9F1020F00F094804AF2B8124AF232
:10ADF0003070B9F1040F18BF104646F21802024431
:10AE00000CF5A8755048DFF844E150F825504C483F
:10AE1000DFF82891A0FB02029009B5EB921F88BFD2
:10AE20002D1A0CF102024248D2B24FEAC7074FEA8C
:10AE3000C30300EB8200C64402F5A872DFF8088164
:10AE400007F1804703F1804303F5F83307F5F8373E
:10AE500098BF012548F82250B1443A4A334EC7F80A
:10AE60001005C7F81425C3F81005C3F81495384B1E
:10AE7000C6F8A8354FF40023C6F8ACE5C6F804358B
:10AE800023E72F4A01F5AB510EF1804E0EF5F83E47
:10AE90001C31A2FB01212B4ACEF810558909CEF8AE
:10AEA0001425BAF1010F09D0FF0007F1804707F51B
:10AEB000F8370022C7F81025C7F81425DB001F4A11
:10AEC00003F1804303F5F8333244C3F81055C3F857
:10AED0001425FAE649F6404137E7B9F1020F1DD0D3
:10AEE000B9F1040F0CBF2B212A214FEACE0E0EF12F
:10AEF000804E0EF5F83E134BCEF810550CF11107AD
:10AF0000CEF814350CF10903FFB2DBB2C9E73221E8
:10AF1000FEE649F6346046F2180270E72921E4E7BC
:10AF200049F6346042E700BF7280002000F0014023
:10AF3000409100400C1100400410004004F001401A
:10AF4000D34D62100010004000900040409000403F
:10AF50005011004000B5084A85B000230321C2F813
:10AF600000120090CDE901331A4619460120FFF77F
:10AF700063FE05B05DF804FB0010004070B5094E9B
:10AF800084B014461D4602460B4600200321C6F835
:10AF90000012CDE9015000940121FFF74DFE04B0ED
:10AFA00070BD00BF0010004070B5094E84B01D4652
:10AFB0000B460321C6F8001200211446029101211C
:10AFC0000246CDE900450846FFF736FE04B070BDE5
:10AFD0000010004070B5094E84B014461D4602466C
:10AFE0000B4603200021C6F80002CDE90151009470
:10AFF0000846FFF721FE04B070BD00BF00100040FE
:10B000000449054B03204FF41062C1F80002C3F855
:10B01000082570470010004000F001400449054B2E
:10B0200003204FF41062C1F80002C3F808257047EE
:10B030000010004000F00140034BD3F85001B0FA7B
:10B0400080F04009704700BF00100040034AD2F86A
:10B05000003243F48873C2F8003270470010004099
:10B06000014BD3F84805704700100040034B002205
:10B07000C3F81C21D3F81C31704700BF00100040FA
:10B08000034BD3F81C01003818BF0120704700BFE4
:10B090000010004010B44FF0000C4FEA8C0303F195
:10B0A000804303F580531468C3F800460CF1010C8B
:10B0B0009488C3F82046BCF1080F02F10602ECD1D7
:10B0C000034B40EA0120C3F8400610BC704700BFA4
:10B0D00000100040034AD2F8403623F0FF03C2F8C4
:10B0E0004036704700100040034B0022C3F8142183
:10B0F000D3F81431704700BF00100040034BD3F861
:10B100001401003818BF0120704700BF0010004034
:10B11000014BD3F810047047001000400449054B60
:10B12000054A4FF48020C1F84803C3F8082570474A
:10B1300000B0004000F00140C041780E034B044ACB
:10B140001B7803F5A87342F8230070477280002033
:10B1500000900040F0B4A2F57423274DA3F51073BE
:10B16000AB42044606D902F1E87202F5D432013945
:10B1700002F5A572214B2248224D234E0127DF60A4
:10B180000027C3F80475A0FB02020427C3F810755A
:10B19000900C0227C3F808751C4AC3F84005C5F88F
:10B1A00048154FF48021C5F844134021C2F840658A
:10B1B000C2F84435C2F80415C4B14FF48013C2F884
:10B1C0000435134B012100240422D960C3F804453F
:10B1D000C3F810250D4AC3F8084519600D49C2F897
:10B1E00050150C33C2F85435F0BC70474FF40013BF
:10B1F000C2F80435E5E700BFBFBDF07F0080004026
:10B2000083DE1B4300B0004048B1004000F0014025
:10B21000009000400C110040134A30B40123134C3D
:10B2200053604FF48025D360C2F84035104BC4F80A
:10B230004815C4F84453402104F5A474C3F84045AC
:10B24000C3F84425C3F8041530B14FF48012C3F895
:10B250000425012030BC70474FF40012C3F80425C8
:10B26000012030BC704700BF0080004000B00040AB
:10B2700000F0014070B4114BD8B14FF48012C3F804
:10B2800004250F4B0A460026012502E0D3F8404171
:10B290006CB9C1EB4201C3F84061481CD3F84021AE
:10B2A000C3F84005DD64D3F84C259142EED370BC61
:10B2B00070474FF40012C3F80425E2E700F00140A4
:10B2C0000080004070B4154B0122DA64D3F84C259D
:10B2D000E8B103F5B8334FF48011C3F804150F4BF0
:10B2E00011460026012502E0D3F840416CB9C2EBBB
:10B2F0004102C3F84061501CD3F84011C3F8400527
:10B30000DD64D3F84C158A42EED370BC7047044B11
:10B310004FF40011C3F80415E1E700BF00800040BE
:10B3200000F00140014BD3F84805704700B00040E1
:10B33000002070470349044A01234B600B615360AE
:10B340001361704700800040009000400449054BA5
:10B35000C1F844054FF08862C3F80425704700BF68
:10B360000080004000F001400449054BC1F844054D
:10B370004FF08862C3F80425704700BF008000408A
:10B3800000F00140054B06480649074AC3F8480546
:10B39000C3F84C15C3F80425704700BF00F0014006
:10B3A000001100404080004080000004014BD3F8B1
:10B3B0004405704700800040014B1860704700BF93
:10B3C0004C7C0020014B1868704700BF4C7C00206B
:10B3D000014BD3F84005704700800040024B4FF00E
:10B3E0000062C3F80425704700F00140014BD3F818
:10B3F0004805704700800040014BD3F8480570476E
:10B4000000800040FFF7C2B930B41C4B1C4C1D4AF1
:10B410000025C3F8005505460220C3F80005C3F80F
:10B420000445D2F81835DBB21F2B03D9FF2B22D0ED
:10B430001A1F00E01B22114B1348C3F818250024E3
:10B44000C3F808550122114DC3F80C15C3F81005B7
:10B45000C3F81455C3F80022C3F80041D3F8001113
:10B46000C3F80441D3F80411C3F80841D3F8081114
:10B470001A6030BC7047FB22DDE700BF00F00040DF
:10B480000000010100100040507C0020407B0020A3
:10B4900038B5114C0223C4F80433D4F8043163B92D
:10B4A0002025EFF3118085F31288BFF36F8F04F02E
:10B4B00044F9D4F80431002BF3D0074B074A02209B
:10B4C0004FF40041C3F80803C2F88011D3F8080113
:10B4D000B0FA80F0400938BD00F0004000E100E023
:10B4E000034BD3F80004003818BF0120704700BF99
:10B4F00000F00040034B012100229960C3F80025B1
:10B50000704700BF00F00040F0B494074FEA920388
:10B5100003D4D20737D4012B3BD9214AD2F80425D2
:10B5200050250132042B08BF05351E4B1E4E00244A
:10B530000327C3F80075C3F80405C3F80815C3F85A
:10B540001025C3F81465C3F80041D3F80021C3F8EF
:10B550000441134AD3F80411C3F80841D3F8083161
:10B56000C2F86055D2F80032104943F04003C2F8E7
:10B570000032C2F828414FF40003D2F82821C1F864
:10B580000435F0BC7047064AD2F804254025013A3C
:10B59000C8E7034BD3F804254025013AC5E700BFAF
:10B5A0000010004000F000403C7B002000F0014013
:10B5B000014BD3F80004704700F0004010B4084A73
:10B5C000084C09490023C2F828314FF40000D2F892
:10B5D0002821C4F80035C1F8080510BC704700BF29
:10B5E0000010004000F0004000F0014038B5164B5C
:10B5F000D3F828312BB3154C0123C4F80433D4F805
:10B60000003163B92025EFF3118085F31288BFF371
:10B610006F8F04F092F8D4F80031002BF3D00B4B6D
:10B620000B4A01204FF40041C3F80803C2F880110F
:10B63000D3F804212AB1D3F80801B0FA80F0400908
:10B6400038BD002038BD00BF0010004000F00040B1
:10B6500000E100E038B5214C2149002303220338E2
:10B66000C4F80025C4F81005C4F80031D4F800214E
:10B67000C4F80431D4F80421C4F8083101224FF48D
:10B680000043D4F80801C1F88031C4F804232260D3
:10B69000D4F8003163B92025EFF3118085F31288C7
:10B6A000BFF36F8F04F049F8D4F80031002BF3D0CA
:10B6B0000A4B0B4A01204FF40041C3F80803C2F8BB
:10B6C0008011D3F8040120B1D3F80801B0FA80F05A
:10B6D0004009024B0022C3F8002538BD00F00040AD
:10B6E00000E100E00139012905D80B200AB1EAF791
:10B6F000EBBBEAF7F7BB00DE704700BF29B10139A9
:10B70000012905D80B20EAF701BC1820EAF7FEBB97
:10B7100000DE0020704700BF88420FD0012807D00C
:10B7200002280DD1A1F10100B0FA80F04009704764
:10B73000A1F10200B0FA80F0400970470120704783
:10B7400000207047012904D0022902D039B100DE5F
:10B750007047064B4FF40062C3F800217047034B5B
:10B760004FF08072C3F80021704700BF00E100E095
:10B7700008B504F045FC08BD032803D8054B185C48
:10B7800028B1704700DE034B185C0028F9D100DEB9
:10B79000704700BF2C110200013810B41C46042869
:10B7A00006D8DFE800F008111A23030004292FD07F
:10B7B00000DE10BC70470429FAD1194B9C6010BC04
:10B7C00002210020EBF7A2B80329F1D1154B01218A
:10B7D0009C6010BC0846EBF799B80429E8D1124BDD
:10B7E0009C6010BC02210120EBF790B8032908D01F
:10B7F0000429DDD10D4B02219C6010BC0846EBF7FB
:10B8000085B80B4B9C6010BC01210220EBF77EB881
:10B81000084B9C6010BC02210320EBF777B800BFF7
:10B82000BC020020AC0200209C0200207C02002010
:10B830008C0200206C02002001460020FEF79EBF13
:10B84000124B30B40121044600205960C3F804456E
:10B85000C3F80001C3F80401196005E0D3F804211E
:10B8600032B9D3F804251AB1D3F80021002AF5D053
:10B870005960D3F80421002AE7D1D3F80455002DEC
:10B88000E3D0C3F8042530BC704700BF00E000409F
:10B8900070B5114C0126D4F8045566600E20EAF705
:10B8A00021FBD4F8040140B10021C4F80411D5E90A
:10B8B0000E323046BDE870401847D4F8003143B12D
:10B8C000C4F80001D5E90E3205F12001BDE8704051
:10B8D000184700DE70BD00BF00E0004070B58CB0BE
:10B8E0000E4615460146102268461C46EAF770FFD0
:10B8F00010220DEB02003146EAF76AFF6846FFF7B7
:10B900009FFF25B1102208A92846EAF761FF2CB154
:10B9100008AD0FCD20606160A260E3600CB070BD27
:10B92000084B70B5C31A0D4607499B10044659438E
:10B930000648402204F000F82B4601462046BDE8A8
:10B9400070401847A07E0020B76DDBB6CC06020021
:10B9500073B50C4C0C4A4023041B00930D460B4658
:10B960000A49A41061430646094804F011F8011E73
:10B9700005DA30462B4602B0BDE87040184702B0E9
:10B9800070BD00BFA07E0020FBF90100B76DDBB6E3
:10B99000CC06020010B5EFF31184202383F3128844
:10B9A000BFF36F8F074A136823F00201DB071160B2
:10B9B00002D4012004F0B0F884F31188BFF36F8F34
:10B9C00010BD00BFF07E0020002270B503210446A8
:10B9D0001046EAF7A9FA0F4801F03AFB0E4B9842DD
:10B9E00015D101F045FB26690C49304603F0A4FD52
:10B9F00000280BDB012535642469084904F11C008B
:10BA000003F09AFD002801DBE564002070BD6FF0B3
:10BA10000400FBE721BB01000000AD0B3011020068
:10BA20007FB500220123CDE9022304ABCDE9043325
:10BA3000094ACDF800D06B46CDF804D003F0D6FF0C
:10BA4000002805DB4FF480420023684602F03CF9F1
:10BA500007B05DF804FB00BF19FA010030B4104BC9
:10BA60000C2202FB003301460020D3E90E529863FA
:10BA7000EFF31180202484F31288BFF36F8F1C6CC6
:10BA800004F0C00444F002041C6480F31188BFF386
:10BA90006F8F1DB12B46034830BC184730BC704730
:10BAA000A07E0020CC06020010B4EFF31182202308
:10BAB00083F31288BFF36F8F1748016841F00204C7
:10BAC0000460C80707D482F31188BFF36F8F012089
:10BAD00010BC01F0DFBA4FF08041D1F80C04D1F86E
:10BAE0000C14C907EFD5EFF3118083F31288BFF36D
:10BAF0006F8F0A490B6C03F0C00343F002030B6421
:10BB000080F31188BFF36F8F82F31188BFF36F8FBB
:10BB1000002010BCFFF7A2BFF07E0020A07E002016
:10BB200010B1012804D07047034B1B6C5B0701D197
:10BB3000FFF794BF704700BFA07E0020024AC3B247
:10BB40001C2003FB00207047A07E0020094BBFF3A0
:10BB50005B8F53E8002F42F0010143E800100028FA
:10BB6000F7D1BFF35B8F930702D4012001F092BAA3
:10BB7000704700BFF07E002010B5EFF31184202342
:10BB800083F31288BFF36F8F074A136823F0010114
:10BB90009B07116002D4012003F0BEFF84F31188DB
:10BBA000BFF36F8F10BD00BFF07E00202DE9F04184
:10BBB0003849BFF35B8F0746012251E8003F41E857
:10BBC00000200028F9D1BFF35B8F33B932493348E5
:10BBD0004B60CB608A6003F0C2FC7B1E012B2BD82C
:10BBE000012F07D14FF08043D3F81C3403F0030337
:10BBF000012B21D004F004FA0546F8B9284B1B7834
:10BC0000E3B14FF080430222C3F808230646DFF871
:10BC100094804FF08044D4F81824D4F81834D20318
:10BC200015D503F00303012B01D0012F0FD155B31C
:10BC300086F31188BFF36F8FBDE8F081EFF31186B3
:10BC4000202383F31288BFF36F8F0125DFE7ADB1A7
:10BC5000304603F072FDD4F81835002BDBD1D4F850
:10BC60000421002AD7D0C4F80431D4F804310123C8
:10BC7000C4F81835C8F88031A360CCE70021212032
:10BC800004F05EFAE7E74FF080430222C3F8042392
:10BC9000D2E700BF9C7E00208C7E0020BC7E00206E
:10BCA0007580002000E100E0EFF31182202383F390
:10BCB0001288BFF36F8F0A4BD3F8001161B10021D6
:10BCC000D3F80805C3F80011D3F80031C0B282F3ED
:10BCD0001188BFF36F8F70476FF00A00F7E700BF5E
:10BCE00000D00040F0B5034610469C7893F803C09E
:10BCF000EFF31182202585F31288BFF36F8F1F7831
:10BD000093F801E0E41B04EA0C04A04288BFA0B24F
:10BD10003E180CEA06063D461E7082F31188BFF3FA
:10BD20006F8F0A188A4216D177450CD1EFF3118232
:10BD3000202181F31288BFF36F8F1978597082F335
:10BD40001188BFF36F8F1B79241AA34222BF064BC1
:10BD500001221A60F0BD5E190135767901F8016B98
:10BD600005EA0C05DEE700BF00D00040DB432DE90B
:10BD7000F04713F001050E46144604D02248FFF7A1
:10BD8000B1FFBDE8F0879AB3EFF31188202383F366
:10BD90001288BFF36F8F0D20EAF7B8F807460D2021
:10BDA000EAF7A0F888F31188BFF36F8FDFF85CA083
:10BDB000DFF85C80CAF80051DAF800314FF400591E
:10BDC0000123CAF800302546C8F88091DAF800311E
:10BDD00083B1FFF769FF031EC8F88091F6DB013DD0
:10BDE000ADB27355002DF1D117B10D20EAF76CF803
:10BDF0002046C6E7EFF31180202383F31288BFF3B8
:10BE00006F8F03F09AFCE1E7247F002000D0004010
:10BE100000E100E02DE9F041124F0D46144607F114
:10BE2000450814B92046BDE8F0814FF0FF334FF0CC
:10BE3000FF32384601F048FF224629464046FFF7C8
:10BE400051FF0646384601F005FF3EB94FF0FF327C
:10BE50004FF0FF33044801F037FFE6E7A41BA4B21C
:10BE60003544DEE7F47E00200C7F002038B51A4C04
:10BE700001221146204604F00FF80122002104F1AE
:10BE8000180004F009F840F20743A4F848304FF0D6
:10BE9000706323630C2384F8343000250F4B84F83F
:10BEA0004550A4F84650D3F8042542F00102C3F8E7
:10BEB0000425C3F80051D3F800210122C3F804235C
:10BEC00003211A600D202A46EAF72EF80D20E9F723
:10BED000FBFF284638BD00BFF47E002000D00040A4
:10BEE00010B5FFF7E1FE002820DB174B93F8322056
:10BEF00093F8314093F83310141B31EA0404C0B2B4
:10BF00000DD193F8472093F8464093F84810141B3E
:10BF100031EA04040BD10D4B01225A600EE09C184B
:10BF20000132114084F8350083F8321010BD9C189E
:10BF30000132114084F84A0083F847100448BDE8F4
:10BF4000104001F087BE00BFF47E002000D000400A
:10BF50000C7F0020F0B516464268107B01F01F04EC
:10BF600044EA4014106987B0002872D0B6F5001F6B
:10BF700002F1100506D12146284603F04DFE0020AF
:10BF800007B0F0BD01A80027B6F5800F0197476004
:10BF900039D1B3F1007F14BF052304238DF8043099
:10BFA0000023CDE904030393936823FA01F111F010
:10BFB00001010DF103073ED1B6F1A07F3BD104F0A2
:10BFC0001F03620903F5E07328D0012A47D1254AEF
:10BFD00052F82330DB072ED43A462146284601F09A
:10BFE00043FB214B98421CD0029703AA21462846C6
:10BFF00001F0FAF91D4B98422ED101222146284624
:10C0000001F08AFBBBE7B3F1C06F05D0B3F1007F4D
:10C0100014BF01230223C1E70323BFE74FF0A0426F
:10C02000D6E73946284601F06FFB104B9842DBD02B
:10C030006FF00B00A4E73A462146284601F014FBB6
:10C040000A4B9842D1D19DF80310284601F054FBC9
:10C05000CBE76FF0850093E76FF0150090E751F89C
:10C060002330FFDE000300500400AD0B0000AD0BD9
:10C07000420970B5034602D0012A17D070BD0D4E9B
:10C08000326951680029F9D003F01F0301250C68BB
:10C090009D400029F2D08A682A4002D04B68304681
:10C0A00098472CB1236821461C46F2E7024EE7E789
:10C0B0002346F8E70C070200EC06020038B5456895
:10C0C0002B69B3B11035284601F00CFB044680B94A
:10C0D0000146284601F0E2FA084B98420BD1084984
:10C0E0002246284601F0BAFA224605210620E9F741
:10C0F0001BFF002038BD6FF00400FBE70000AD0B14
:10C1000071C001002DE9F043466840F20635D006C3
:10C11000337B87B002EA050554BFC2F34010032009
:10C1200001F01F07B5F5837F144647EA43178DF8E2
:10C13000030045D00FD8062D18D007D8B5B1022D71
:10C1400040D06FF0150007B0BDE8F083B5F5807FF3
:10C15000F7D101250AE040F20222954234D0B5F52C
:10C16000407F33D0B5F5007FEBD1022501232203B8
:10C1700003FA01F12CD57368C3F80815326982BB44
:10C1800007F01F037F0929D0012F77D13E4A02EB28
:10C19000830284F48033D2F80017C3F30043C4F35E
:10C1A000404444EA430421F4E16144EA800421F07C
:10C1B000070144EA05230B43C2F800370020C2E719
:10C1C0000725D3E70425D1E70525CFE70325CDE7EC
:10C1D000630344BF7368C3F80C15CFE74FF0A04268
:10C1E000D5E710360DF102023946304601F03CFA2F
:10C1F00014F4403F80460CD13946304603F00AFD26
:10C20000224B9845DAD19DF80210304601F074FABD
:10C21000D4E701AB4FF0000903AA39463046CDE917
:10C220000439CDE90199CDF80C9001F0DDF8174BF8
:10C23000984286D114F4003315D09DF803308DF860
:10C240000E3084F48034C4F300444B4603AA3946CC
:10C2500030468DF80C508DF80D4001F081F90B4BF4
:10C260009842CDD06DE7CDE9043303AA0DF1030365
:10C2700039463046039301F0B7F8F0E703F5E07371
:10C2800052F82330FFDE00BF000300500000AD0B6A
:10C29000036803F01F025B09026004D0012B03480E
:10C2A00018BF002070474FF0A040704700030050B7
:10C2B0002DE9F04FDFF8B4B185B01546824600EBAA
:10C2C000810840F2FF19D04503D1002005B0BDE838
:10C2D000F08FDAF800305804C3F3C321C3F3080425
:10C2E00000F1BD80624A4C45515C4FEA136312D0A5
:10C2F000222B1ED94E2B40F0B580C5F8144503A85B
:10C300000394FFF7C5FF039B012606FA03F3C0F869
:10C310000835374654E0222B09D94E2B40F0A28035
:10C320004FF0FF33C5F814350AF1040ACBE74FF09C
:10C33000FF34222B00F29680DFE803F012171D2055
:10C340002329209494949439639494949494949489
:10C350009494667174779494947A8285888B8E0015
:10C36000C5F80C45631CCAD1DEE7C5F81445621C4C
:10C37000DAD00026CDE7C5F80845F3E7C5F8104543
:10C38000F5E7631CC5F80845CED0002604E0671C1D
:10C39000C5F80C45C8D0012603A80394FFF778FF21
:10C3A000039B012707FA03F3C0F80C3508E0C5F832
:10C3B00008450029DBD1661CB6D000263746062189
:10C3C000DAF80030019303F40040002803A81CBFF2
:10C3D000002701260394FFF75BFF039C019B00EB02
:10C3E0008400C3F3412CD0F800470B0243EA8C03CE
:10C3F0003B4304EA0B04234343EA4603C0F80037F7
:10C4000092E7C5F80C45D4E7C5F86045601CDAF83A
:10C41000003089D0C3F30043002BBCD06FE7C5F8D0
:10C420006445F3E7C5F86845F0E7C5F86C45EDE706
:10C43000C5F82445621C3FF477AF00270126BFE70B
:10C44000C5F828458EE7C5F83045F3E7C5F834450B
:10C45000F0E7C5F83845EDE7C5F83C4582E76FF0F1
:10C46000150033E76FF0850030E700BFF0F8FCFF00
:10C47000CF160200054BD3F81C312BB9044B1878AA
:10C48000003818BF0120704701207047002000408D
:10C4900074800020074BD3F8082142B10020C3F874
:10C4A0000801D3F80821D3F818350B7070474FF006
:10C4B000FF30704700200040024BD3F88004C3F8DF
:10C4C00080047047002000400020094B30B505462D
:10C4D000141A002C02DDD3F8084104B930BDC3F8AA
:10C4E0000851D3F80841D3F818450C540130EFE750
:10C4F000002000400D4B00221A700D4B01229A6063
:10C500008022C3F80423EFF31183202282F31288E0
:10C51000BFF36F8F074A12781AB1074A0421C2F895
:10C52000001183F31188BFF36F8F70477380002071
:10C53000002000407480002000E100E0014B012257
:10C540001A70704773800020024B0422C3F8042342
:10C55000704700BF00200040024B0422C3F80823AC
:10C56000704700BF0020004008B5074BD3F8040314
:10C5700010F0800004D0054B1B7813B9FFF77AFF49
:10C5800008BD0020FCE700BF0020004073800020B1
:10C59000034BD3F80801003818BF0120704700BFD3
:10C5A00000200040024B4FF40072C3F80423704790
:10C5B00000200040024B4FF40072C3F8082370477C
:10C5C0000020004008B50B4AD2F804331B0605D4FE
:10C5D000D2F8040310F0040006D108BDFFF7C4FF31
:10C5E0000028F5D00120F8E7D2F80801003818BF7C
:10C5F0000120F2E700200040024B1960024B1A6054
:10C60000704700BF687F0020647F00200E4A0F4BF8
:10C61000117851B1D3F81C1139B18021C3F8081336
:10C620000121D960002313707047D3F8242122B16F
:10C630000022C3F82421D3F82431054B1B6813B121
:10C64000044A11681847704773800020002000409A
:10C65000687F0020647F0020F8B50E4603F0D0FC10
:10C660001B4D90BB64240127BFF35B8F55E8003F4F
:10C67000002B03D145E80072002AF7D1BFF35B8F8E
:10C6800007D021200021013C03F05AFD14F0FF04E3
:10C69000EAD1104B0022C3F81C21D3F81C110E491B
:10C6A0000A7001229A6042F21074C3F81C65FFF709
:10C6B000E1FE20B9012003F02DFA013CF7D1054B32
:10C6C0000122DA6000232B60F8BD01232B60E0E734
:10C6D000607F00200020004074800020F7B5634A8E
:10C6E000436805690024C2F800451F68064601AA90
:10C6F0002146384603F0E8F90028C0F29480019BF7
:10C700003A6819791868FFF7D3FD0028C0F28B80CA
:10C710006B793669012B02D0032B1FD11024AB7922
:10C72000032B1BD1E87908B1012817D1297911B160
:10C73000022913D10E212B68B3F5164F75D02BD8D3
:10C74000B3F5165F73D014D8B3F5966F71D008D8CF
:10C75000B3F5967F70D0B3F5167F70D06FF085007B
:10C7600061E0B3F5166F6DD0B3F5965FF6D1404B2F
:10C7700039E0B3F5E14F68D007D8B3F5615F66D013
:10C78000B3F5964FEAD13B4B2DE047F61222934288
:10C79000E4D14FF4000326E0B3F5613F5AD011D83D
:10C7A000B3F5963F58D008D84DF6C022934255D0E5
:10C7B000B3F5614FD2D1304B15E0B3F5E13FCDD1A8
:10C7C0002E4B10E0B3F5612F4BD007D82C4A934283
:10C7D00049D0B3F5E12FC1D12A4B04E02A4A934254
:10C7E000BCD14FF08053214A04432143C2F8243581
:10C7F000C2F86C1595E8030086E8030000240423C2
:10C80000C2F80035C2F80841D2F80831012313609C
:10C810001E4A0321137002202246E9F785FB0220FD
:10C82000E9F752FB204603B0F0BD194BDBE7194B8B
:10C83000D9E74FF49E23D6E74FF4A033D3E74FF464
:10C840001C33D0E74FF41D23CDE7134BCBE74FF458
:10C850006C13C8E7114BC6E7114BC4E74FF46503EF
:10C86000C1E7104BBFE74FF08063BCE700200040FA
:10C8700000B0130000A04E0000F0EB0000E0D70174
:10C8800090D0030000705F0740420F0074800020CA
:10C8900000509D000050270000F0750000B0AF036D
:10C8A00000903A0100D0BE0EF8B500240A4D0B4F9F
:10C8B0002646131B002B02DDFFF7DCFD08B92046DE
:10C8C000F8BDC5F81C61D5F81C310B5D3E70013414
:10C8D000C5F81C35EDE700BF002000407480002043
:10C8E00070B5012383400E4ABFF35B8FDC4352E8EF
:10C8F000001F01EA040542E80056002EF7D1BFF3FD
:10C900005B8F4FF4803282400648C0F80823BFF3A3
:10C910005F8FBFF36F8F0B4214BF0120002070BDEB
:10C92000707F00200010014070B40E49D1E900343E
:10C93000D01AC31844F1000422F07F46C1E9003444
:10C94000A6F50013B3F5400F09D2074B1B681A0A6E
:10C950001B069C19054B42F10005C3E9004570BC5C
:10C9600002F020B8201E0020747F0020281E002026
:10C9700011B3BFF35B8F0123104A834052E800CF0D
:10C980004CEA030C42E800C10029F7D1BFF35B8FEA
:10C990000B4A4FF480338340C2F80433094BBFF392
:10C9A0005B8F1B68BFF35B8FC340DB0742BF064B47
:10C9B0004FF40032C3F80021704700BF707F0020A1
:10C9C000001001406C7F002000E100E00D4B186872
:10C9D000010A0006BFF35F8F0B4BD3F8043518181C
:10C9E00041F10001B3F5801F0AD2084BD3E90023BF
:10C9F000904271EB030303D210F1807041F100010A
:10CA0000704700BF747F002000100140281E0020E6
:10CA10002DE9F04F85B016461F469DF840A004460C
:10CA2000FFF75EFF0190FFF7D1FFB04271EB070304
:10CA300054D23E4B301A67EB0101984271F100016C
:10CA40004FD23B4B03EB0413D3E902239F4208BFB1
:10CA500096425ED037494FF4803804F1500508FA09
:10CA600004F8AD00C1F848832046ADB203F041F8A8
:10CA700026F07F4B05F1804504F5A87305F5883550
:10CA8000DC464FF003090293029A2CF07F4341F8F1
:10CA90002230C1F84483D1F80435274A6FF00200F0
:10CAA000C01A604420F07F40904232D9286868B1B3
:10CAB000D1F804350393A3EB0B0020F07F40B0F5D1
:10CAC000000F26D9204603F014F8039BBAF1000F9B
:10CAD00007D109EB030C09F10109D5E7BAF1000F01
:10CAE00009D06FF0150520460199FFF741FF284650
:10CAF00005B0BDE8F08F0123104ABFF35B8FA34060
:10CB000052E8000F184342E800010029F8D1BFF3B2
:10CB10005B8F07490E98230101EB0412C8500F9B4D
:10CB20005360C2E902670025DDE700BF0100800015
:10CB3000101E002000100140FDFF7F006C7F0020D0
:10CB40007FB51C4C1C4BC4F80833C4F848331B4B4E
:10CB500000254FF0FF304FF0FF31C4F80855C3E90E
:10CB600002014FF48033C4F80433154B02264FF40E
:10CB700000320321C4F804631120C3F880212A463F
:10CB8000E9F7D2F91120E9F79FF90E4A0123A360D2
:10CB9000236013600C4B0D4A0093CDE9015500232F
:10CBA0002846FFF735FF3046FFF700F8284604B067
:10CBB00070BD00BF0010014003000F00101E0020D8
:10CBC00000E100E0707F002029C90100FFFF7F0025
:10CBD0002DE9F7432F4CD4F8043399070BD5D4F83B
:10CBE000043143B12C4A0023C4F80431D4F8043191
:10CBF000136801331360D4F80433DA0329D5BFF383
:10CC00005B8F264B53E8002F22F0010143E8001010
:10CC10000028F7D1BFF35B8FD30702D4D4F840319B
:10CC2000BBB10025C4F84051D4F84031FFF7CEFE27
:10CC3000EFF31182202383F31288BFF36F8F184B19
:10CC4000D3E90267B042B94106D282F31188BFF33B
:10CC50006F8F03B0BDE8F0834FF0FF384FF0FF391E
:10CC6000C3E90289D3E900101D604FF48033C4F892
:10CC70004833C4F84051D4F8403182F31188BFF3EF
:10CC80006F8F0029E5D0009032463B462846884702
:10CC9000DFE700BF00100140747F00206C7F0020A0
:10CCA000101E002030B5431C124C85B005D08442C4
:10CCB000A8BF0446012CB8BF0124FFF787FE0E4B26
:10CCC0000C4DD3E90013401AB0F5000F10D2221812
:10CCD000AA4228BF2A4652184FF000000749009187
:10CCE000CDE9010043F10003FFF792FE05B030BD2E
:10CCF0002A46F0E7FFFF7F00201E002029C901001F
:10CD000008B5FFF763FE024B1B68C01A08BD00BFE1
:10CD1000201E00204FF08053D3F83021082A06D17E
:10CD2000D3F83431052B02D8024AD05C704700207A
:10CD3000704700BFEB160200024AD2F80034002B05
:10CD4000FBD0704700E0014010B54FF08053D3F89E
:10CD50003021082A4ED14FF080420021C2F80C1138
:10CD6000C2F81011C2F8381502F54042D3F8041485
:10CD7000C2F82015D3F80814C2F82415D3F80C14FF
:10CD8000C2F82815D3F81014C2F82C15D3F81414CF
:10CD9000C2F83015D3F81814C2F83415D3F81C149F
:10CDA000C2F84015D3F82014C2F84415D3F824145F
:10CDB000C2F84815D3F82814C2F84C15D3F82C142F
:10CDC000C2F85015D3F83014C2F85415D3F83414FF
:10CDD000C2F86015D3F83814C2F86415D3F83C14BF
:10CDE000C2F86815D3F84014C2F86C15D3F844346F
:10CDF000C2F87035FFF78EFF18B13A4B3A4AC3F8C4
:10CE00008C26FFF787FF18B1384BFB22C3F8182593
:10CE1000FFF780FF70B14FF080414FF08053D1F8A1
:10CE2000E42ED3F8583222F00F0203F00F0313431D
:10CE3000C1F8E43EFFF76EFF20B12D4B4FF40072B6
:10CE4000C3F840264FF08053D3F83031082B1AD165
:10CE50004FF08043D3F80024D20744BF6FF00102A3
:10CE6000C3F800244FF08053D3F83431052B02D897
:10CE7000204AD35C3BB14FF01023D3F808224FF087
:10CE80008043C3F858254FF01023D3F80022002A1E
:10CE900003DBD3F80432002B22DA174901234FF0C9
:10CEA0001020C1F804351224FFF746FFC0F80042F5
:10CEB000FFF742FFC0F80442FFF73EFF0023C1F82E
:10CEC0000435FFF739FFBFF34F8F0C490C4BCA688D
:10CED00002F4E0621343CB60BFF34F8F00BFFDE766
:10CEE00010BD00BF005000404881030000F000402A
:10CEF00000900240E516020000E0014000ED00E075
:10CF00000400FA0530B50468CCB1BFF35B8FB4FA06
:10CF100084F3C3F11F03DBB201229A4024EA020228
:10CF200050E8005FA54204D140E8002CBCF1000F9E
:10CF3000F6D1BFF35B8FE6D102480B7030BD0248DB
:10CF4000FCE700BF0000AD0B0200AD0B10B503689D
:10CF5000CB40DB0714D401238B400268BFF35B8F07
:10CF600043EA020150E8004F944204D140E8001C1B
:10CF7000BCF1000FF6D1BFF35B8FEED1014810BDBD
:10CF80000148FCE70000AD0B0400AD0BF7B505460A
:10CF9000F8B101281BD104224FF4807301464FF0F1
:10CFA000804003440244C0F80813002601211160A8
:10CFB0001E608D421B688DF8071008BF0DF1070633
:10CFC00042F210744FF0804745B1012D29D003B0D3
:10CFD000F0BD0C224FF482730221E0E7D7F8183439
:10CFE00003F4803366B9002BF1D0012002F092FDEA
:10CFF000013CF3D1EBE702F08DFD013CE4D1E6E723
:10D00000D7F8182402F003023260002BDFD09DF81D
:10D0100007000128EFD0012DD9D10C4B00225A7105
:10D02000D5E7D7F80C3403F480333EB9002BF4D0A5
:10D03000012002F06FFD013CF3D1C8E7D7F80C24C2
:10D0400002F001023270002BE1D1E6E7787F002088
:10D05000044B1A7922B9012218609A80024870475D
:10D0600002487047787F00200000AD0B0C00AD0B2C
:10D0700008B5074B1B682BB10020E8F747FF08B93C
:10D08000E8F722FF4FF080430022C3F8182508BDBF
:10D09000787F002010B510B1012843D010BD4FF0AB
:10D0A0008043D3F81814D3F81824C80321D502F00C
:10D0B0000303012B04D013B10020FFF767FF002307
:10D0C0004FF080420220C2F8183508224FF48273D4
:10D0D00003F180430021196002F180421C680124A1
:10D0E0001460154A12680AB34FF08043C3F8040372
:10D0F000D4E7D3F81424D107E1D5D3F81C24920740
:10D10000DAD40D4A12681AB10222C3F80423C5E723
:10D11000D3F80421002AFBD00022C3F80421D3F85D
:10D120000431BBE700224FF48073D1E71A68002A6C
:10D13000FCD019601B68B1E7787F0020F8B54FF08C
:10D1400080431C4ED3F804430125002704B9F8BDE1
:10D15000B4FA84F0C0F11F00830003F580739BB222
:10D1600003F1804305FA00F2196892B224EA02043E
:10D170000029EBD01F601B684FF08043012AC3F8E1
:10D18000082305D0022A08D03368C0B29847DDE7EB
:10D190007379002BDAD17271F6E7D3F81814D3F84B
:10D1A00018148907F0D1C3F81855C3F804239D60FB
:10D1B000CCE700BF787F0020036803F01F025B0903
:10D1C000026004D0012B034818BF002070474FF0C5
:10D1D000A040704700030050034A430900F01F00BD
:10D1E000D35C1844C0B27047F116020070B5054612
:10D1F000FFF7F2FF0C4C08300E4634F81030DA0519
:10D2000008D5C3F3432304EBC302284654F8333054
:10D2100052689847A3682BB1E26831462846BDE8BA
:10D220007040184770BD00BF807F002008B5FFF731
:10D23000D3FF034B083033F81000400B08BD00BF8C
:10D24000807F002008B5FFF7C7FF034B083033F895
:10D250001000C0F3400008BD807F002008B5FFF734
:10D26000BBFF034B083033F81000C0F3401008BD7B
:10D27000807F0020034611F0010010B5CCB20DD123
:10D28000A207C4F3400012D5094AD2F8200558601D
:10D29000C2F82005003818BF012008E04FF0A04177
:10D2A000D1F820251A60C1F82025002AE8D010BD49
:10D2B0000003005010B5FFF78FFF124A083032F814
:10D2C0001030D9051CD5C3F3432123F4F85322F8B9
:10D2D000103002F10E04002034F8023F13F4807F76
:10D2E00003D0C3F3432399420AD001303028F3D14D
:10D2F000002342F831300448BDE81040FFF726BE55
:10D3000010BD00BF807F0020F87F002001F1805118
:10D31000F0B501F5C2510446114A002089000125EB
:10D3200006468A420BD10F4BD3F87C2132B1002242
:10D33000C3F87C21D3F87C3140F00040F0BD02F10D
:10D340004043A3F5C2439B0805FA03F31C4204D0F3
:10D35000176817B11660176818430432E1E700BF79
:10D360000061004000600040F7B506460846FFF740
:10D3700033FF194F00F108050C4637F81530DB076D
:10D3800027D5304602F022FC2046FFF767FF40B168
:10D390002046FFF74BFF316800F5A270002341F8EB
:10D3A00020302046FFF786FF002301A827F815301C
:10D3B0000194FFF701FF019B00EB8300074BD0F8BE
:10D3C0000027134043F00203C0F80037044803B0BD
:10D3D000F0BD0448FBE700BF807F0020F0F8FCFFB1
:10D3E0000000AD0B0400AD0B2DE9FF411646804651
:10D3F0000846FFF7F1FE0C463168054609B32046A2
:10D40000FFF720FF18B12046FFF728FF10BB0023CD
:10D41000CDE900338DF80E308DF80F300DF10F028D
:10D420000B4620460DF10E0102F078FB484A05F14B
:10D43000080132F8113023F0020343F0010322F80F
:10D44000113073685BB320461F785968FFF7FAFE06
:10D4500010B1C9B13F4825E03D4A05F1080C32F84A
:10D460001C3023F02003DB04DB0C22F81C3059B104
:10D47000032FEFD87168D8F8000049680978A7B978
:10D4800001F5A27140F82170314A05F1080132F826
:10D49000113023F01C0343EA870322F81130B368EC
:10D4A0006BBB2D4804B0BDE8F08100EB810043EA7E
:10D4B0004133D0F810E52EF0030EC0F810E5D8F88F
:10D4C000000000EB810E43F02003DEF8100522F887
:10D4D0001C3020F44F3020F44070CEF810052002AC
:10D4E000DEF8108500F47C5040EA074040EA08006E
:10D4F000CEF8100502EB4100A0F87C40C4E7D3E968
:10D5000000672046FFF7D6FE002ECAD0104CD4E9A3
:10D510000023964203D19F4201D1002209E00F4827
:10D520000DF10F01FFF7EEFC0B4B9842BAD19DF8BD
:10D530000F2044F8326004EBC20308355F6034F812
:10D54000153043EA422343F4807324F81530A8E7EA
:10D55000807F00200400AD0B0000AD0BF87F0020A1
:10D560002DE9F0430C4685B08046204611461E4604
:10D57000FFF732FE054629B32046FFF763FE18B9D0
:10D580002046FFF76BFE18BB314F05F1080937F84D
:10D59000193013F01C0F02D04B78012B18D0012347
:10D5A0008DF80F300023CDE900134A1C8B1C204658
:10D5B0000DF10F0102F0B2FA37F8193043F003030E
:10D5C00027F81930002E41D02046FFF73BFE18B94E
:10D5D000204805B0BDE8F08396F800C0D8F80030C8
:10D5E0001B4F0CF5A272002143F8221005F108022E
:10D5F00037F8121021F02001C904C90C27F81210C5
:10D6000075781DB3D8F80000B67800EB8C002D04B7
:10D61000D0F8103523F4991323F4F853C0F81035DB
:10D62000230203F47C5305F440353605D0F810E5A9
:10D630002B4306F4801641EA4C31334341F020017C
:10D6400043EA0E0327F81210C0F810350248C0E76D
:10D65000807F00200400AD0B0000AD0B014BC3E93F
:10D6600002127047807F002010B508461446FFF76D
:10D67000F5FD50B10846FFF7AFFD054B083033F814
:10D68000103004485B0B237010BD0348FCE700BF5B
:10D69000807F00200000AD0B0400AD0B70B50E4C78
:10D6A00094F88C500646A5B96022294604F1100072
:10D6B00002F057FF3068C0F87C51D0F87C3140F35D
:10D6C0000730E8F701FC0123044884F88C30A36795
:10D6D00070BD0348FCE700BF807F00200000AD0B59
:10D6E0000C00AD0B034B93F88C00003818BF0120E1
:10D6F000704700BF807F00200079024B03EB800061
:10D70000FFF724BCD40200200079024B03EB800019
:10D71000FFF7F8BBD4020020F7B5054608461646C9
:10D72000FFF79CFD0C462968F0B12046FFF78AFD03
:10D730000746C8B92046FFF779FD04B2A40004F5F6
:10D7400080728F508A5829682144D1F8102542F000
:10D750000102C1F810252EB12968012202FA00F356
:10D76000C1F8043303B0F0BDD1F80433002BA4BFDB
:10D770004FF00043C1F804332046FFF72DFD0F4B57
:10D78000083033F81030C3F38203042B12D0052B7A
:10D7900012D001A80194FFF70FFD019AD0F81035BF
:10D7A000D34003F00103991C204603B0BDE8F040CC
:10D7B00002F0FDB90321F7E70221F5E7807F0020A1
:10D7C0002DE9F04F654BD3F80403C0B287B00821B0
:10D7D00040F00040FFF79AFD051E2BDA00230321DD
:10D7E00004A8CDE90433FFF745FDDFF874A10DF17E
:10D7F00010084FF000094FF0010B1AF8013B59498E
:10D80000DA0803F007038A5C22FA03F3DA071CD470
:10D8100008F10408B9F1000F14D000214FF00040C6
:10D82000FFF774FD032104A8FFF724FD0028DCD1D5
:10D8300025F00045494E4C4F0124002D78D107B00A
:10D84000BDE8F08F4FF00109D7E7484B4B440093F8
:10D85000D8F800100029DBD0009B91FAA1F11C78C8
:10D86000B1FA81F141EA44142046FFF7B5FC3E4B82
:10D870000394083033F81070C80801F0070118F855
:10D8800000200BFA01F122EA0102BB0808F800208F
:10D8900003A80193FFF790FC039A019B02F5E07245
:10D8A000C7F3820650F822205B073746C2F30142D5
:10D8B00023D520463946D6B2FFF798FC03A8039437
:10D8C000FFF77AFC039B03F5E07350F82330C3F3B2
:10D8D00001439E4207D10021204602F068F93146FB
:10D8E000204602F064F903A80394FFF765FC039B4C
:10D8F0000BFA03F3C0F82035AAE7022A0CD1032162
:10D90000204602F054F906F00503012BEBD139460D
:10D910002046FFF76BFCE6E702212046019202F069
:10D9200046F9032EF3D0019A032ADCD1022EEDE74B
:10D9300095FAA5F3B3FA83F304FA03F225EA020594
:10D9400003F5A27207EB430356F82210B3F87C00EC
:10D95000C1F30141FFF74AFC6FE700BF00600040E0
:10D9600001170200C0110200807F00200117020091
:10D9700038B5EFF31185202383F31288BFF36F8F3F
:10D98000064B9C6802F079F985F31188BFF36F8F1D
:10D990002046BDE83840E8F73FBA00BF10800020BD
:10D9A00038B50A4B53F82040013053F82050A542B7
:10D9B00000D838BD606830B1037FDB0701D402F0C6
:10D9C00031F90834F3E723689847FAE7C4110200F5
:10D9D00070B52A4B2A4C2B4D012286B003201A70B9
:10D9E000FFF7DEFF01F034F90420FFF7D9FF2646E8
:10D9F000AE4204F1300410D300F0E4FC204C224E7F
:10DA0000AC4226D300F0F2FCE7F7CCFD1F4A137BB3
:10DA100023F00103137306B070BD54F80C3C05935A
:10DA200054F8103C049354F8143C039354F8183CF5
:10DA3000029354F81C3C019354F8203C009354E9A1
:10DA40000A2354E90C0100F017FB54F8303C5E65E2
:10DA5000CDE7D4E90A23B3F1FF3F08BFB2F1FF3F9E
:10DA600005D052EA0301206803D100F07BFD303479
:10DA7000C6E73146183000F005FFF8E77580002052
:10DA80000C0902000C09020001010200B01E002076
:10DA900070B5002386B00122CDE90423134E144D46
:10DAA00001930F22CDE902321249142303FB0055E2
:10DAB00006EBC01604464FF4C07000FB04110E4B79
:10DAC00000954FF4A072304600F0D6FA737B0B4AF3
:10DAD000EE6023F0040373734FF4046304FB033319
:10DAE00013442C746B6006B070BD00BF301E002064
:10DAF00010800020C0900020C9FC01008088002018
:10DB0000BFB50020FFF74CFF284B83F30888284C53
:10DB1000284F636943F4007363610025E02384F8B0
:10DB20002230E57725766576A57684F82050636AFD
:10DB300043F4E023636284F82350E8F73BF9E8F705
:10DB400085FA4FF0FF33A362E362E8F745FBE8F79D
:10DB5000A1FA1948194C00F007FB0120FFF720FF3C
:10DB60000220FFF71DFF00F075FC154B15495C61A5
:10DB7000154B05930123CDE903534FF480623B46D7
:10DB8000CDE901550095204600F076FA627B064605
:10DB900022F004022046627302F075FA2846FFF76D
:10DBA00077FF3A4631462046E8F732FAC090002027
:10DBB00000ED00E0D1D90100301F0020B01E002090
:10DBC00010800020409200200317020038B5064C58
:10DBD000064DAC4201D3002038BDD4E901122046E5
:10DBE00002F04EF81434F4E7F8020020F8020020A6
:10DBF00037B51146EFF31185202282F31288BFF367
:10DC00006F8F04689CB12368426823F00303944239
:10DC1000036008BF43600121204602F0DEF804469D
:10DC200085F31188BFF36F8F204603B030BD51EAF2
:10DC30000302F5D000F10802CDE900131046294691
:10DC400000F078FB0028EFD1014B9B681C69EBE7E3
:10DC50001080002070B5EFF31186202383F3128823
:10DC6000BFF36F8F0468A0421AD0CCB1D4E9003260
:10DC700013605A60637B002523F00203C4E900555A
:10DC80006373A56004F1180002F0B4FAE56720465A
:10DC900002F0F9F931460B48BDE8704000F06CBB6A
:10DCA000D0E902329A4218BF01338360022110305A
:10DCB00002F004FC0028EDD186F31188BFF36F8FCA
:10DCC00070BD00BF7680002013B5EFF311812024D2
:10DCD00084F31288BFF36F8F846844B1013C846081
:10DCE00081F31188BFF36F8F002002B010BD52EA9C
:10DCF000030406D181F31188BFF36F8F6FF00F001B
:10DD0000F3E7CDE900230246014800F013FBECE7FE
:10DD1000768000202DE9F8430546EFF31188202393
:10DD200083F31288BFF36F8F002637466FF00A091E
:10DD30002C68A54216D0ACB1D4E9003213605A6009
:10DD4000637BA76023F002036373C4E9007704F1E7
:10DD5000180002F04FFAC4F87C90204602F093F9C4
:10DD60000126E5E70023AB60022105F1100002F077
:10DD7000A5FB30B92EB988F31188BFF36F8FBDE8CA
:10DD8000F88341460248BDE8F84300F0F5BA00BF09
:10DD9000768000202DE9FF414F4E04462027EFF307
:10DDA000118887F31288BFF36F8FD4F88450F5B9C8
:10DDB000022104F19C0002F07FF8002868D004F1F1
:10DDC000940500220121284602F0DBF90028F8D151
:10DDD000002302934FF0FF324FF0FF33CDE90023D1
:10DDE000414604F18C023D4800F086FCD7E7D4F8A8
:10DDF00088202B68C4F88430954208BFC4F8883066
:10DE0000D4F89C3043F00203C4F89C30EB6823F054
:10DE1000040343F00103EB606B6888F31188BFF3E0
:10DE20006F8F28469847EFF3118887F31288BFF366
:10DE30006F8FEB68D80623F0010236D4EA60EB68F6
:10DE40009A0716D5306823F00203EB6088B10368A7
:10DE5000002170B14268954235D1036869BB726890
:10DE60003360824200D17360002340F8083BFFF723
:10DE7000F1FED4F89C3023F00203C4F89C3088F300
:10DE80001188BFF36F8FDB0589D400F0EBFA86E7CA
:10DE9000D4F89C30D9069BD5C4F89C0088F311882F
:10DEA000BFF36F8F04B0BDE8F08123F01103EB6086
:10DEB00005F11000FFF7CEFEC1E70B6073688342E7
:10DEC00008BF7160D0E723B11A68014618461346AF
:10DED000BFE71A46F9E700BF3080002076800020B7
:10DEE000F8B5C3689A0704460F46C3F340062ED41C
:10DEF0005B071CD40B680BB983680B60E368DD0714
:10DF000044BFA3683B603D684CBF02260126002D3C
:10DF10003CD0204B9A68D5F880309A420AD0D5F888
:10DF20009C30D807C3F3800214D46FF0120600238C
:10DF30003B6025E002F064F8D5F89C300028F0D171
:10DF4000D907C3F3C002F0D552B15B0708D46FF014
:10DF50000F06ECE7002AFAD1C3F3C003002BF6D179
:10DF600000232360D5F8883063B9C5E921442846E9
:10DF700001F0BCFFE36843F00403E3603B68A36087
:10DF80003046F8BD1C60C5F88840F0E76FF0150614
:10DF9000CDE700BF10800020F0B589B00446002016
:10DFA000C4E921000E9D04F18C00C4E9230004F1B2
:10DFB0009400C4E9250055B32879002840F20110E7
:10DFC00008BF0120C4F89C0000204FF0FF364FF03E
:10DFD000FF37CDE90330CDE90100CDE906670D4BF0
:10DFE0000094204600F094F855B1296811B12046FC
:10DFF00002F00CF86B791BB1237B43F00103237310
:10E00000204600F0AFFAC4F8804009B0F0BD01200E
:10E01000D8E700BF95DD010037B501900846EFF362
:10E020001184202181F31288BFF36F8FC16811F032
:10E030001E0F16D153EA020508D101A9FFF750FFC0
:10E0400084F31188BFF36F8F03B030BD41F0080136
:10E05000C160019981620449103000F013FC012075
:10E06000EEE70020ECE700BF61FF01000146014838
:10E07000FFF7D2BFD01F00202DE9F043073285B053
:10E0800022F007020E461F461099017300F1580353
:10E090007F32C0E916330446002322F03F020421F8
:10E0A000836041733F2A0F98A073C4E90633E3737A
:10E0B00006F14009A2F1400805D883F31188BFF3A7
:10E0C0006F8F084602DFB51829462046E7F752FC55
:10E0D00007300E9B20F00700E066C4E91998029310
:10E0E0000D9B01932D1A0C9B00932A463B4631460B
:10E0F0002046E7F75BFF00236365044B9B6803B191
:10E100001B6F2367284605B0BDE8F0831080002010
:10E11000F0B587B000250595109D04950F9D0395DA
:10E120000E9D0295DDE912760D9D01950C9D0095E1
:10E130000446FFF7A1FFB6F1FF3F08BFB7F1FF3F6D
:10E1400005D056EA070305D1204600F00BFA204619
:10E1500007B0F0BD3A46334604F11800014900F01B
:10E1600091FBF4E70101020040F2011383810023D7
:10E17000C0E919330367014B986070471080002095
:10E18000094A93686FF00A01D967084998674B6894
:10E1900043F080534B60002383F31188BFF36F8FEC
:10E1A0009368D86F704700BF1080002000ED00E03A
:10E1B00070B590F90D20437B002A36DBD90634D1A7
:10E1C0001B4C63F07F032246437352F8183FE1690A
:10E1D000934207D1C0E900210860E06111E0994253
:10E1E000F8D01B68002BF5D090F90E5093F90E6013
:10E1F000B542F4D0AE42F2DD5968C0E900310860A2
:10E200005860A569954200D005B9E568A3685A7BB6
:10E21000D20604D1DA897F2A01D9AA6932B1AB4288
:10E2200002D0284600F0A8FA656170BD6361FCE782
:10E230001080002038B590F90D20437B002A01465C
:10E2400004DA03F07F03437301F0E3FE0D4D2A4629
:10E25000AB6852F8184F944200D004B9EC688B4276
:10E2600007D05A7BD20604D1DA897F2A01D9A26964
:10E270002AB1A34202D0204600F07EFA23466B6109
:10E2800038BD00BF10800020B3F1FF3F08BFB2F1DE
:10E29000FF3F03D00249183000F0F4BA704700BFC6
:10E2A0000101020070B590F90D20437B002A014660
:10E2B00004DA03F07F03437301F0ABFE4B7B1C4C8D
:10E2C00063F07F0322464B7352F8183FE069934294
:10E2D00007D1C1E900200160E16111E09842F8D066
:10E2E0001B68002BF5D091F90E5093F90E60B542E2
:10E2F000F4D0AE42F2DD5868C1E9003001605960E7
:10E30000A569A368954200D005B9E5688B4207D09E
:10E310005A7BD20604D1DA897F2A01D9AA692AB1A7
:10E32000AB4202D0284600F027FA2B46636170BD4D
:10E3300010800020F8B50E4B0C4611460D4A986827
:10E340001060DDE90667EFF31182202282F3128864
:10E35000BFF36F8F9D68284601F06DFE2846324658
:10E360003B46FFF791FF2046BDE8F840FFF708BFA6
:10E37000108000203880002049B9EFF3058030B9C3
:10E38000054B5A699B689A4201D0FFF7F9BE81F3A9
:10E390001188BFF36F8F704710800020034648B983
:10E3A000EFF3058232B9064A51699268914201D071
:10E3B000FFF7E6BE83F31188BFF36F8F704700BF8E
:10E3C00010800020EFF31181202383F31288BFF324
:10E3D0006F8F054B9A68D37B013BD37381F3118810
:10E3E000BFF36F8F704700BF1080002070B5EFF350
:10E3F0001186202383F31288BFF36F8F144DAB680F
:10E40000DA7B0132DA732A4652F8184F944200D070
:10E4100004B9EC685A7BD20604D1DA897F2A01D983
:10E42000A2692AB1A34202D0204600F0A5F92346F2
:10E430006B6186F31188BFF36F8FEFF31180202398
:10E4400083F31288BFF36F8FBDE87040FFF7A6BF5C
:10E4500010800020024B03F11802C3E90622704726
:10E460001080002070B5EFF31186202383F312880B
:10E47000BFF36F8F1B4CA168E0690B68814214BF2A
:10E480001A46002249680B605960A368E1692AB9FD
:10E49000154AC3E900210B60E3610CE093F90E001B
:10E4A00092F90E50A84218D0854216DD5168C3E992
:10E4B00000210B605360A5690B4B9D4200D005B94C
:10E4C000E568A3689D4202D0284600F055F96561D1
:10E4D0003046BDE87040FFF753BE8A42D8D012687C
:10E4E000D5E700BF1080002028800020F8B550EA52
:10E4F000010306460C4603D1FFF7B4FF0020F8BD28
:10E50000EFF31187202383F31288BFF36F8F124D2F
:10E51000124BA8681860FFF78DFEA86810492346C3
:10E520003246183000F0AEF9AA68537B43F004037A
:10E53000537304463846FFF723FEAB68D3E90A233A
:10E54000B3F1004F08BF002AD8D101F07BFE201A9A
:10E5500020EAE070D3E700BF108000203880002060
:10E560000101020038B50446EFF31185202383F33F
:10E570001288BFF36F8F437B5B070FD5183001F014
:10E5800039FE637B23F0040320466373FFF710FE1C
:10E5900029460548BDE83840FFF7EEBE85F31188EF
:10E5A000BFF36F8F38BD00BF76800020014B9868A5
:10E5B000704700BF108000202DE9F8430446077B18
:10E5C000EFF31185202383F31288BFF36F8F437B12
:10E5D000190705D585F31188BFF36F8FBDE8F88360
:10E5E000D90943F008025DD14273A36813B12046F4
:10E5F00001F017FD04F1180001F0FCFDA66D04F117
:10E600005808B04511D04FF0000976B1304601F0FE
:10E6100008FD06F1180001F0EDFDC6F87C903046CB
:10E62000FFF7C6FDA66DB045EFD1DFF8C080D8F882
:10E6300008309C423ED1EFF30589B9F1000918BFBB
:10E640004FF00109D8F81860294A964200D00EB957
:10E65000D8F80C60B34202D0304600F08DF8204666
:10E66000C8F8146001F052F8B9F1000F02D0214847
:10E67000FFF77AFDD8F808309C4231D1EFF30583DB
:10E6800073BB227BD20718D42846FFF779FDFB071E
:10E69000A4D5002383F31188BFF36F8F042318469A
:10E6A00002DF9BE703F07F0343F00803437301F0AD
:10E6B000B0FC9AE74FF00009C4E785F31188BFF377
:10E6C0006F8F83F31188BFF36F8F0423184602DF27
:10E6D000EFF31180202383F31288BFF36F8FD4E709
:10E6E00085F31188BFF36F8FD1E700BF1080002042
:10E6F00028800020301F0020D3B5DDE90667089C84
:10E70000CDE90067FFF716FE1CB1034B9B681B6940
:10E71000236002B0D0BD00BF10800020044BC01A9F
:10E72000044BC0105843044B01221A54704700BFD9
:10E73000B01F0020ABAAAAAA76800020C3897F2B35
:10E7400012D80A4B1B6863B1094B90F90E201B6865
:10E750009A4209DB437BDB0606D1064BC31A18BF7E
:10E76000012303F0010070470023FAE7D8020020DC
:10E770003C800020301E002070B50E4B0E4C1E7CDD
:10E7800006EB460304EBC3040546204601F032FDC8
:10E790000A4B002228469A55FFF7D0FF48B1084B94
:10E7A00008491A68013A2046D317BDE8704000F0C6
:10E7B00069B870BD10800020B01F00207680002056
:10E7C000D80200201DE7010038B5EFF311852023A2
:10E7D00083F31288BFF36F8F104B114A9C68106847
:10E7E000A04206D1FFF7C8FF85F31188BFF36F8FF2
:10E7F00038BD00211B7C11600A4AD35C002BF3D08A
:10E800002046FFF79BFF0028EED0637BDB0602D19A
:10E810002046FFF747FD2046E4E700BF10800020B8
:10E820003880002076800020024B1868984208BF8C
:10E8300000207047DC020020034B1B680BB9FEF779
:10E840005FBA0020704700BF4080002030B570B133
:10E850000B4B5B6898420AD0036843B1D3E90421AB
:10E86000D0E90445121941EB0501C3E90421D0E9BF
:10E87000003213605A600023C0E9003330BD00BF8E
:10E88000DC020020B3F1FF3F08BFB2F1FF3F2DE9EA
:10E89000F84F0446994615461F467AD08160EFF33B
:10E8A0001188202383F31288BFF36F8FB9F1000F13
:10E8B000DFF8E4A020DBFFF7BFFFDAE9002701352E
:10E8C00049F100092D1849EBE073C4E90453AD1870
:10E8D000064643EB07074FF00109FFF7A5FFDFF8F6
:10E8E000BCE0DEF804A00346EBB9C4E900EACAF8CC
:10E8F0000040CEF8044028E0DAE900126FF001038E
:10E900005B1A4FF0FF3161EB02025B1B62EB090205
:10E91000012B72F10001BCBF01230022C0E90432C7
:10E920004FF00009D9E7D3E9041CD4E904208A4256
:10E9300070EB0C0B24DA891A5A686CEB0000C3E9FF
:10E940000410C4E9003214605C60FFF76DFF84427C
:10E950000ED1134B1B685BB9B9F1000F02D1FFF761
:10E960006BFF0646304601F02EFC0021FEF79AF9B7
:10E9700088F31188BFF36F8F28463946BDE8F88FBA
:10E98000521A60EB0C009A45C4E90420ADD01B6814
:10E99000AAE700252F46EFE7C81F0020DC02002071
:10E9A000408000202DE9F047EFF31185202383F309
:10E9B0001288BFF36F8FDFF8A490DFF8A480C9F846
:10E9C0000000FFF731FF00260027D9F80030D8E912
:10E9D00000ECD91750B1D0E90442A34271EB020A0E
:10E9E0001CDAE41A62EB0102C0E9044213EB0E03E5
:10E9F0004FF000044CEB01012046C8E90031C9F892
:10EA0000004001F0E0FB2146FEF74CF985F3118848
:10EA1000BFF36F8FBDE8F047FFF7D6BE14EB0E02D1
:10EA20004CEBE473C0E90467C8E90023FFF70EFF6D
:10EA300085F31188BFF36F8F83689847EFF31185D3
:10EA4000202383F31288BFF36F8FD9F800301B1B8C
:10EA5000C9F80030FFF7E8FEB7E700BF40800020AC
:10EA6000C81F002010B5EFF31184202383F3128810
:10EA7000BFF36F8FFFF7E0FE054A0346D2E90001BE
:10EA8000181841EBE37184F31188BFF36F8F10BD49
:10EA9000C81F0020F0B51423154E03FB010000240D
:10EAA000202701B9F0BD10F8073C40F80C4C03F0EA
:10EAB0003F03102BA0F1140C0CD826FA03F3DB074C
:10EAC00008D550F8143C2BB150F8105C2B605D60F9
:10EAD00040E9054482F31188BFF36F8FEFF3118291
:10EAE00087F31288BFF36F8F01396046D9E700BF03
:10EAF000160101002DE9F74F1D46274B9F680123A2
:10EB000087F8603087F8613052EA050316460CBF7B
:10EB10000123002307F16002804601F009FC8146D1
:10EB2000EFF3118B4FF0200A8AF31288BFF36F8F37
:10EB300097F860404CB901465A464046FFF7AAFF95
:10EB40008BF31188BFF36F8F0BE0002387F86030E1
:10EB500056EA050309D18BF31188BFF36F8F6FF06D
:10EB60000A04204603B0BDE8F08FCDE900650B4AEA
:10EB70000B485946FFF7DEFB0446EFF311858AF395
:10EB80001288BFF36F8F2A4649464046FFF782FF3F
:10EB900085F31188D6E700BF10800020E402002032
:10EBA0007780002038B50346EFF31185202282F3E9
:10EBB0001288BFF36F8FC1600121816000688342BA
:10EBC00006D185F31188BFF36F8F0024204638BD2E
:10EBD000D0E9003213605A600023C0E9003301F02D
:10EBE0002AFC294604460248FFF7C6FBEEE700BFB1
:10EBF00077800020F8B507460C46164601F000FA6B
:10EC000008B10020F8BD0D4B9B681D6F002DF8D09A
:10EC1000221DF6D2EFF31184202383F31288BFF371
:10EC20006F8F47F004012846B04784F31188BFF383
:10EC30006F8F0028E5D040F8045BE3E710800020E8
:10EC40000146024A0020FFF7D5BF00BFADF3010027
:10EC5000014800F0EDBB00BF0817020007B5074BE5
:10EC60000093074907484FF0FF334FF40072FFF756
:10EC700093F9002003B05DF804FB00BFDC11020033
:10EC800080960020D01F00202DE9F04F8DB0436802
:10EC90000293837815469A07804640F10D8100243F
:10ECA0000E78002E00F00A81252E0BD04B1C03930A
:10ECB0000134029B4146304698470028C0F2F68056
:10ECC0000399EDE74E788B1C252E0393F0D0002797
:10ECD000B946BB46BBF11F0F38D8A6F12003102B55
:10ECE0000AD8DFE803F02A090930090909210909CE
:10ECF0000928092D09091F00A6F13003092B33D972
:10ED00002A2E37D11BF0400F55F8043B40F082808B
:10ED1000002BA7BF4BF0200B9946C3F100094BF025
:10ED2000280B01E04BF0010B039B13F8016B0393DD
:10ED3000002ECFD130E04BF0020B4BF0040BF3E789
:10ED40004BF0080BF0E74BF0100BEDE7BBF17F0F3A
:10ED500019D8A6F13003092BD2D81BF0400F03D0ED
:10ED60000A2101FB0737DFE70A2101FB09394BF0D4
:10ED7000200BD9E72E2E06D11BF0400F40F09E80CD
:10ED80004BF0400BD0E76C2E31D02BD8682E36D00C
:10ED90006A2E3CD04C2E3AD0002F46F02003B8BF4C
:10EDA0002BF04002A3F16501BCBF1FFA82FB0027D4
:10EDB000022901D9612B2FD1073525F00705DFF88E
:10EDC000ACA2083507271BF0080F66D00AEB070B2B
:10EDD00056465E4563D1A4EB0A0A06EB0A02A9EB8C
:10EDE00007096FE1742E9FD07A2E9DD0D4E71BF0D7
:10EDF000800F18BF4BF4007B4BF0800B94E71BF4A3
:10EE0000807F18BF4BF4007B4BF4807B8CE74BF486
:10EE1000207B89E71F4687E7A6F16301122900F2EC
:10EE2000F080DFE811F013004F00EE00EE00EE007E
:10EE3000EE004F00EE00EE00EE00EE00EE00FE00F1
:10EE4000E900EE00EE001B00EE00AF0055F8043BB9
:10EE50008DF8183001270DF1180AB4E755F804AB06
:10EE6000834BBAF1000F08BF9A461BF0400F14BF46
:10EE700039464FF0FF31504601F08BFB0746A2E7C1
:10EE8000029B41462020984700280FDB013EB742F5
:10EE9000F6D34C44A41BB14698E74E46F7E716F864
:10EEA000010B029B41469847002892DA98F80230FD
:10EEB00043F0040388F802304FF0FF3420460DB0D1
:10EEC000BDE8F08F1BF0800F34D01BF4007F2CD0F6
:10EED000073525F00705AA4669685AF8080B2BF094
:10EEE00010050029ADB237DA404261EB410145F42B
:10EEF00080650DF1180B0A235A4601F056FBA0EB72
:10EF00000B0301936B0662D5019B25F001019F4223
:10EF100089B240F3A180002E00F0998015F0100214
:10EF200040F09C80BB460D4623E0AA465AF8040BED
:10EF3000C117D4E7AA461BF4807F5AF8041B01D1FD
:10EF40000846F5E71BF4007F15BF48B208B241F34D
:10EF5000C01141F3C031C2E750EA0103C9D11BF02F
:10EF6000400FC6D0002FC4D12BF0110295B2BB4682
:10EF7000019740F2064115EA01021CBF0BF1010B9B
:10EF800000222CE02BF010021FFA82FB0A231BF058
:10EF9000800C49D01BF400711DBF073525F0070513
:10EFA000AA46AA461ABF5AF8080B69685AF8040B11
:10EFB00050EA010545D12BF016051BF0400FADB20C
:10EFC00042D0002F40D12BF0170295B2019715F0D7
:10EFD000100248D0019B002E42D103F1010B2907FA
:10EFE0005AD4EB0706D5D9456FDD0199A9EB0B0380
:10EFF0005F18CB465B4649E04BF0100B1023782698
:10F00000C5E7782B04D1C6F1780343F01003BEE7BF
:10F01000029B4146252098470028FFF647AF02345F
:10F0200047E608230026B2E7AA461BF480715AF887
:10F03000040BBDD01BF400711ABFC0B2614680B290
:10F04000B6E72BF0060295B20DF1180B54E725F048
:10F050001105ADB2BB468CE70D46B8E73B460D4601
:10F0600003F1020BBBE7DDF804B082E740170200B2
:10F0700039170200CDE904324146029B202098470F
:10F080000028FFF613AF049B059A01339945F1DC84
:10F09000A4EB0B01CC189B460AB3029B41463020DF
:10F0A00098470028FFF602AF8EB901342744019B30
:10F0B000391B994224DC1D465DBB019AA9EB0B0963
:10F0C000224455461446914435E0019F92E70234AC
:10F0D00041463046029B98470028E7DAE6E640F2D0
:10F0E00006410D42E2D015F0020F14BF2B20202064
:10F0F00015F4806F04F10104414618BF2D20E9E7A3
:10F10000029B414630209847002804F10104CEDAE2
:10F11000CCE606AB013D4146585D029B984700286E
:10F12000CADAC3E6029B414620209847002804F132
:10F130000104FFF6BBAEA9EB0403002BF2DCBFE534
:10F140007047022806D0052804D001280CBF0320F0
:10F15000002070470420704700EBC1004088400841
:10F160007047F8B50346FFF7F7FFB0FA80F0C0F13B
:10F170001F0003EB800CCA00DCF81060171D0C4662
:10F1800006328DB256B9012101FA00F0D968014367
:10F19000D960CCF81040DD539D52F8BDF100043128
:10F1A000585AD85303EBC0009E52C5805D52F4E715
:10F1B00010B500EBC104E388994202F104010AD1C1
:10F1C000012303FA02F2C36823EA0203C3600023A7
:10F1D00040F8213010BDA28840F8213000EBC20178
:10F1E00000EBC300CB808280F4E708B50346FFF74D
:10F1F000B3FFB0FA80F2C2F11F021846BDE8084022
:10F20000FFF7D6BF2DE9F843B1FA81F5C5F11F0923
:10F2100000EB89080346D8F810200E46C2B1032738
:10F22000D8F8104018462146FFF796FFB04206D3A3
:10F230004A461846FFF7BCFF2046BDE8F88303EBBB
:10F24000C404013FE088C8F8100001D08242E7D131
:10F25000C5F120024FF0FF349440DA681440EBD03F
:10F2600094FAA4F2B2FA82F2111D53F82140214619
:10F27000DFE738B50346FFF76FFF0D46044611463A
:10F280001846FFF769FF03EBC5050444600068807A
:10F290001846FFF761FF014423F8314038BD38B507
:10F2A0000346FFF759FF0C46A51A511A03EBC40495
:10F2B00005444800608003EBC2006C00448023F8E2
:10F2C000321018461146FFF747FF014423F831502A
:10F2D00038BD38B50546FFF73FFF0C46014405EB46
:10F2E000C1035B88DA070AD42846FFF77EFF214670
:10F2F0002846FFF731FF22182846FFF7BAFF35F8F6
:10F300003410611A05EBC1035B88DB070CD4284677
:10F31000FFF76BFF35F834102246611A2846FFF7D5
:10F32000A8FF35F83430E41A21462846BDE83840B5
:10F33000FFF717BF61B100680439091A21F007030C
:10F340000344C9085A8822F001025A80FFF7C1BF5E
:10F35000704770B5056809B9002070BD01F007035A
:10F360000B33CC0804EBD304AB689C4228BF1C468B
:10F3700021462846FFF746FF06460028ECD0014606
:10F380002846FFF7E9FEA04207D932192846FFF7C1
:10F3900086FF11462846FFF7E4FE05EBC60210463D
:10F3A000538843F0010353800430D6E71146FFF73A
:10F3B000D0BF043A2DE9F041CC1D114424F00704DC
:10F3C00021F007010E1BF708B7FA87F2C2F12405F6
:10F3D000AD004FF000080735C2F12002ED080460CF
:10F3E0004146A760C4F80C80920004F1100001F0BF
:10F3F000B8F86B0043F00103638004EBC5027B1B8C
:10F400005900A4F800805180A21924F83550A2F8C0
:10F410000280A35304EBC70329465A8842F0010235
:10F420005A802046BDE8F041FFF79BBE00207047A0
:10F430000FB407B504A951F8040B0191E6F7F8F8E9
:10F4400003B05DF804EB04B070470FB407B504A92E
:10F4500051F8040B0191E6F7EBF803B05DF804EB0B
:10F4600004B07047036800220BB9184670478B42FE
:10F4700010D10B6842B942680360914200D14360E9
:10F4800000230B600120704713604368994208BF56
:10F490004260F5E71A461B68E6E7038B13F00703A3
:10F4A00005D10368002B0CBF002003207047022BFE
:10F4B00005D1408BB0FA80F0400980007047012BE5
:10F4C00005D10368002B0CBF0020052070470020E9
:10F4D000704710B50C4600B111B96FF0150010BDA2
:10F4E000081D00F0D2F80028F9D1A368032BF6D943
:10F4F000F3E72DE9F0410D4607461946281D9046D1
:10F500001E4600F0D6F8044638B133464246294636
:10F510003846A446BDE8F0416047BDE8F08110B42C
:10F52000EFF31182202484F31288BFF36F8F4161BF
:10F5300010BC0121E6F7AEB838B50C46054658B107
:10F5400051B10B6843B14B6833B11C22002101F06B
:10F5500008F82C61002038BD6FF01500FBE770B58E
:10F5600005460E46FFF7B5FF041E14DBEFF31182CC
:10F57000202383F31288BFF36F8F6B8B2C8B4FF696
:10F58000FF718B4204F0070407D182F31188BFF3A7
:10F590006F8F6FF00A04204670BD022C0CD101332E
:10F5A0006B8382F31188BFF36F8F002322463146AD
:10F5B0002846FFF79EFFEEE7062C14D8DFE804F09C
:10F5C00004131313041A0400002333606B683BB95F
:10F5D000C5E90066ACB902212846E6F75BF8DAE730
:10F5E0001E606E60F6E782F31188BFF36F8F6FF0D5
:10F5F0000404D0E782F31188BFF36F8F6FF08504A6
:10F60000C9E782F31188BFF36F8FC4E710B5EFF33A
:10F610001182202383F31288BFF36F8F048B04F0D1
:10F620000704022C0AD0012C0CBF6FF004006FF00D
:10F63000850082F31188BFF36F8F08E0438B013B95
:10F640009BB2438323B92146E6F724F8204610BD38
:10F650002046EEE738B5A8B1A1B1EFF3118520221D
:10F6600082F31288BFF36F8F048BFFF7FBFE30B17C
:10F6700004F0070085F31188BFF36F8F38BD6FF07A
:10F680007700F7E76FF01500F8E7034640B14268EE
:10F6900002F00302022A06D0032A04D0012A05D070
:10F6A0006FF0150070471A68002AF9D000209860A2
:10F6B000704710B54268816002F00302022A0346D7
:10F6C0004FF0000407D0032A02D05C60002001E064
:10F6D00018685C6010BD18685C600028F6D0FFF701
:10F6E00061FAF3E7704700F03CBF00F012BF01463B
:10F6F0000068E6F70BB908B5E6F738F9BDE8084049
:10F70000E6F758B900210120E6F700B96FF085004F
:10F71000704761B662B680F31188BFF36F8F704790
:10F7200072B6002383F31188BFF36F8FBFF34F8F3F
:10F7300030BF62B6BFF36F8F704772B6002383F39A
:10F740001188BFF36F8FBFF34F8F20BF80F31188F5
:10F75000BFF36F8F62B67047202809D9B0F1004F10
:10F7600008D80138B0FA80F0C0F11F00400070479F
:10F77000082070473E2070477047416A8968E6F765
:10F7800037BE027A013202727047426810B52AB160
:10F790000B461C465B68002BFBD16260416010BDCC
:10F7A00010B5044620B90B7A01330B72084610BD20
:10F7B000034618465B68002BFBD1FFF7E6FF2046A7
:10F7C000F5E710B508B14B6843604C680023084664
:10F7D0004B60E6F78BFE204610BD83880268194413
:10F7E0008180D018704730B484880568A31883805E
:10F7F000281930BC00F08DBE10B5838802685C1CEF
:10F800008480D154D01810BD8288521A0346828059
:10F810000068084418607047034600689A88521AC6
:10F8200001449A801960704710B503681C78012163
:10F83000FFF7EAFF204610BD8388C2888168D21A8C
:10F8400003685B1AD01A704730B585B014460A8831
:10F850008B78ADF8002005460D2200210DF1030044
:10F860008DF8023000F07DFE6A4669462846F7F7BB
:10F87000CDFA28B9BDF800209DF802302280A3708F
:10F8800005B030BD13B50C4601AA0331FFF7DCFF0C
:10F8900048B9032201A9204600F06BFEB0FA80F0BF
:10F8A000400902B010BD0020FBE770B5CE1C054634
:10F8B0000C4630460321F7F7A7FA60B9637903F0E5
:10F8C0003F0343F040036371224631462846BDE8BA
:10F8D0007040FFF7B9BF70BD0220E6F77BBE033171
:10F8E00038B5C9B205460E20E6F7F2FE03210446FC
:10F8F0000C30FFF772FF01230370A0F8015020467F
:10F9000038BD70B505460E460F200421E6F7E0FE2F
:10F91000042104460C30FFF760FF0122067042709C
:10F920004580204670BD0369C9B20C2201FB023339
:10F93000186C00F00700704770B5C9B20369EFF3A7
:10F940001185202484F31288BFF36F8F0C2606FBE9
:10F950000134246C14F0C00408D0A24206D085F310
:10F960001188BFF36F8F4FF0FF3070BD06FB01337E
:10F9700001221A6485F31188BFF36F8F436803EB8C
:10F98000C1035B6898470020EFE78022FFF7D4BFF0
:10F99000F8B5069F0469C9B2EFF31186202585F3F7
:10F9A0001288BFF36F8F0C2505FB0144256C05F011
:10F9B000070CBCF1010F0CD1276486F31188BFF34B
:10F9C0006F8FC4E90E23436853F831309847002005
:10F9D000F8BD05F0C005AF4286F31188BFF36F8F05
:10F9E0000CBF6FF077004FF0FF30F1E713B58024C4
:10F9F0000094FFF7CDFF02B010BD10B40069CBB288
:10FA00001C2403FB0400002110BC10470020FDF75C
:10FA100041BB002000F080B81046FEF71BB94368D8
:10FA20005B68D3F810350B600020704743685B6853
:10FA300002EA010021EA0201C3F80805C3F80C1527
:10FA40000020704743685B680020C3F808157047C2
:10FA500043685B680020C3F80C15704743685A6818
:10FA6000D2F8043521EA03000B40C2F80805C2F8B9
:10FA70000C350020704710B503695868F8B188420A
:10FA800019D19C6808685860A14200D19860002094
:10FA900008602AB15A680A609A68596002B9996088
:10FAA000002010E0814206D10868206098688142F9
:10FAB000EDD19C60EBE7044600680028F2D1002AF3
:10FAC000E8D16FF0150010BD30B543681360057ABA
:10FAD000446804EBC504A34202D36FF0010030BDBB
:10FAE0005C798C4201D00833F0E70020F7E7012071
:10FAF000704700F150039B009BB203F1804303F574
:10FB0000883300221A601B68704708B5FCF75EFF57
:10FB100008BD004700F082B8FDF738BAF7B501908C
:10FB200001A8DDE9084716461D46FDF745FB019B88
:10FB3000B6F1000C18BF4FF0010C00EB83000B1E58
:10FB400018BF0123002D43EA4C0314BF4FF00C0CE7
:10FB50004FF0000C002C43EA0C0314BF4FF4E06C90
:10FB60004FF0000C002F43EA0C03D0F8002714BF1D
:10FB70004FF4403C4FF0000C43EA0C0322EA03032D
:10FB800001B109780EB13678760019430DB12D78A0
:10FB9000AD0031430CB12478240229430FB13F78E2
:10FBA0003F040C433C43C0F8004703B0F0BD1FB511
:10FBB0000DF10F03019300238DF80F1000931A46E7
:10FBC0001946FFF7ABFF05B05DF804FB38B50546F5
:10FBD00008460C46FDF742FBB0B10846FDF732FB84
:10FBE00090B90846FDF722FB2A6801238340C2F83A
:10FBF00008332A6803B202EB8303D3F8102522F0FE
:10FC00000302C3F8102538BD20460021BDE8384066
:10FC1000FFF7CDBFFDF7A8BBFFF7D8BF08B1E6F7E8
:10FC2000A5BC704710B5436904463BB90020E268A3
:10FC3000537843F001035370404210BD98470028A9
:10FC4000F4D00028B8BF4042E368FF28A8BFFF20D7
:10FC50001870ECE740B1C368587810F001001EBF7F
:10FC60001878B0FA80F040097047EFF31183202331
:10FC700083F31288BFF36F8FFEE708B5FFF7F5FF38
:10FC800010B400F10C04C0E9034410BCFFF791BBB1
:10FC900038B50446EFF31185202383F31288BFF3B0
:10FCA0006F8FFFF747FB04F10C0000F035FA30B11D
:10FCB000294604F11400BDE83840FEF75DBB85F32A
:10FCC0001188BFF36F8F38BD08B52024EFF311837F
:10FCD00084F31288BFF36F8FFFF722FDF6E7D0E9B8
:10FCE000003213605A60427B002322F00202C0E916
:10FCF00000334273836070472DE9F8439146044610
:10FD00009DF820200D4600F10807EFF31186202111
:10FD100081F31288BFF36F8F02B14568D4F8088071
:10FD2000474518D0B8F1000F15D04046FFF7D7FF70
:10FD300008F1180000F05EFA0023C8F87C30C8F81B
:10FD40001090404600F09FF938463146FEF714FB0C
:10FD50000020BDE8F883A3B10820FEF771FF00285A
:10FD600038D00122C0F804900260016801F003015C
:10FD70005DB922680A430260626820606AB9606007
:10FD80000BE0C9F800304846EFE72A68032A16D886
:10FD90000160616869B9C4E90000042104F1100040
:10FDA00000F08CFB0028CFD186F31188BFF36F8F52
:10FDB000CFE70A6802F0030202430A60DFE722F09D
:10FDC00003020A4302602A6802F0030240EA0203C7
:10FDD0002B60E2E76FF00B00E6E710B5044630B1A8
:10FDE0000268930703D0446809B100F08BFB2046FA
:10FDF00010BD0023C0E9003300F10803C0E902335D
:10FE000000F11003C0E904337047F8B500F10806AB
:10FE1000EFF31187202383F31288BFF36F8F856878
:10FE2000AE4200F1100417D0B5B12846FFF757FFD6
:10FE300005F1180000F0DEF900232846EB672B617E
:10FE400000F021F90821204600F038FB3946304601
:10FE5000BDE8F840FEF790BA0821204600F02EFBDE
:10FE60000028F3D187F31188BFF36F8FF8BD07B572
:10FE70000123009300230A461946FFF73DFF03B014
:10FE80005DF804FB07B500230A4600931946FFF707
:10FE900033FF03B05DF804FB5AB18A4209D300F185
:10FEA0001003C0E90212C0E90000C0E904330020D9
:10FEB00070476FF015007047026801238B4022EAFB
:10FEC0000303036022FA01F000F00100704710B54F
:10FED000032104460C30FFF7EFFF30B104F11000AE
:10FEE00000F088F9B0FA80F0400910BD20B100227E
:10FEF00011468C3000F045B9704770B5C368C3F344
:10FF000040069B07044616D4856802210C30FFF793
:10FF1000D3FF80B1D5F884206AB194421DD1226804
:10FF20009EB9D5F88830C5F884209C4201D1C5F827
:10FF3000882000232360E36813F01F001EBF43F0F6
:10FF40000203E36040F0020070BD3260D5F8882003
:10FF5000944208BFC5F88860EBE716461268DBE7F5
:10FF600073B50446EFF31185202383F31288BFF3A2
:10FF70006F8F0023A0F11006032104380193FFF7CF
:10FF80009BFF28B1A369019301A93046FDF7A8FFA3
:10FF900085F31188BFF36F8F02B070BD13B5019068
:10FFA0000846EFF31184202383F31288BFF36F8F89
:10FFB00001A9FDF795FF84F31188BFF36F8F02B09D
:10FFC00010BD38B5302204460D46002100F0C9FAB4
:10FFD0004FF480736560E36038BD38B50446EFF3D5
:10FFE0001185202383F31288BFF36F8FFFF76FFF14
:10FFF0002046FFF782FF85F31188BFF36F8F38BD6E
:020000022000DC
:10000000EFF30580003818BF012070476FF05700EC
:100010007047D0E9003213605A600023C0E9003312
:10002000704708B5FFF7F5FF437B23F002034373E6
:100030000023836008BD38B504460D46FEF7FAF884
:10004000637B43F002036373E5B1A5602B689D42B7
:1000500009D16B68C4E900531C606C6012E06A68E7
:100060009A42F6D01B68002BF3D094F90E2093F936
:100070000E108A42F3D09142F1DD5A68C4E9003291
:1000800014605C6038BD10B5EFF31184202383F356
:100090001288BFF36F8FFEF78BF884F31188BFF3DC
:1000A0006F8F10BD08B5EFF31181202282F3128803
:1000B000BFF36F8F83680BB1FFF7B3FF81F3118834
:1000C000BFF36F8F08BD10B50146EFF311842023F5
:1000D00083F31288BFF36F8F437B13F0280F0AD18D
:1000E00083680BB1FFF79DFF4B7B23F004034B7339
:1000F0000846FEF75DF884F31188BFF36F8F10BDDB
:1001000001211838FFF7DFBF10B5FFF7CBFFBDE8BF
:100110001040183000F06EB838B504680546AC429F
:100120004FF0000000D138BD002CFCD02046FFF776
:10013000EBFF2046FFF7A7FF2C680120A542F1E75F
:1001400070B505460E46FEF7D1F9B6F1FF3F08BF80
:10015000B5F1FF3F0446284612D04FF47A7147F6B6
:10016000FF730022C4FB0132D80B40EA4240B0F1D9
:10017000004F4FEAD23272F1000228BF6FF0004008
:1001800070BD38B5EFF31185202383F31288BFF3D8
:100190006F8F0468A04212D09CB1E16722612046B3
:1001A000FFF73FFF04F1180000F024F82046FDF7A8
:1001B000FFFF012085F31188BFF36F8F38BD00204A
:1001C000F8E72046F6E708B50246FEF72DFB70B1CA
:1001D000D0E904319B1A61EBE272B3F1004F72F186
:1001E000000104DA002AACBF1846002008BD6FF0F9
:1001F0000040FBE738B50246EFF31185202383F377
:100200001288BFF36F8F0368CBB1FEF70DFB044676
:100210001046FEF71BFB00224FF000438442C0E96A
:10022000042306D1FEF708FBFFF7CDFF0021FCF702
:1002300039FD002085F31188BFF36F8F38BD6FF053
:100240001500F7E708B5FEF70DFC08BDFEF70ABC80
:10025000B3F1FF3F08BFB2F1FF3F70B506461D4640
:10026000144614D01A4316D0002B08DBFEF7FAFB15
:10027000041941EB0501C6E90041304670BD6FF03D
:1002800001031C1B4FF0FF3363EB0501F3E74FF055
:10029000FF342146EFE70024FBE7B3F1FF3F08BF3F
:1002A000B2F1FF3FF8B5074616461C4610D054EA97
:1002B000020311D0FEF7D6FBB0420A46A141034625
:1002C0000AD2F31A64EB0204C7E900343846F8BDD9
:1002D0004FF0FF331C46F7E70023FBE770B5D0E98A
:1002E0000034984209D044B1A568EDB115F9526CBB
:1002F00012F9525CB54208D007DDC1E90004216063
:10030000416010E0A342F8D01B68002BF5D09A683A
:1003100062B112F9522CAA42F4D0F3DD5A68C1E955
:1003200000321160596070BDAB7BFFDE937BFCE750
:100330002DE9F84F00250F461446984601462E46F3
:100340004FF0200AA946BD4202DB3046BDE8F88FD7
:10035000EFF3118B8AF31288BFF36F8F4B7B03F09F
:100360003F03082B09D853B1013B072B07D8DFE81F
:1003700003F0281C06220606062E102B2DD0B8F1FD
:10038000000F3BD12378002B38D04B7B03F03F0389
:10039000082B3AD8002B3AD0013B072B37D8DFE89F
:1003A00003F03F393639363636420B699B68002BED
:1003B000E5D0022317E00B691B68002BDFD0042374
:1003C00011E00B699B68002BD9D001230BE00B696E
:1003D0001B6A002BD3D0102305E00B69DA895B89F7
:1003E0009A42CCD02023CA68C1F80890C2F3863064
:1003F000034363F39432CA6084F800908BF311884E
:10040000BFF36F8F013514319DE7102B0FD08C6037
:100410000136F3E7086922461030FFF75FFFF6E781
:1004200008692246F9E7086922462430F5E7086999
:1004300022462C30F1E72DE9F041846805460E464E
:10044000D4B16378012B22D114F8533C9A0711D50B
:10045000A4F160073846FFF757FE082E0CBF6FF077
:1004600003030023E36114F8533CDB0602D1384652
:10047000FFF709FE00232370EB68C3F386321643AF
:10048000002066F39433A860EB60BDE8F081022B96
:10049000F0D12378002BEDD054F8048CB8F1000F84
:1004A000E8D004F11400FFF7A5FEA4F1140700231F
:1004B000E36239464046FFF771FDDBE738B5EFF3FD
:1004C0001185202383F31288BFF36F8F0468A04245
:1004D00011D0D4E9003213605A600023C4E900331C
:1004E0002046FFF7A8FF85F31188BFF36F8F201E0A
:1004F00018BF012038BD0024F5E70023C0E9000043
:100500008360704720B1011F50F8040CFFF7C0BB97
:1005100070470A44914200F1FF3300D1704710B593
:1005200011F8014B03F8014F9142F9D110BD8842F7
:1005300010B501EB020402D98442234607D8431EBA
:10054000A14208D011F8012B03F8012FF8E702446B
:1005500001468A4200D110BD13F8014D02F8014D49
:10056000F7E702440346934200D1704703F8011BAA
:10057000F9E710B501390244904201D1002005E0AD
:10058000037811F8014FA34201D0181B10BD0130B0
:10059000F2E710B5024601448A42134603D01C78A4
:1005A0000132002CF8D1181A10BDF0B5C3F137078D
:1005B0000446FFB203F01F031046082BE6B233D007
:1005C000102B3ED06508A40844EA817445EAC17541
:1005D0002D194FEA910242EB5102290941EA0271B9
:1005E0006D1842EB1212290A41EA02616D1842EBC2
:1005F0001222290C41EA02416D1842EB1242AD1859
:1006000042F10002EC0844EA4274D10804EB84028F
:10061000A6EB4205EDB2092D0CD90134A5F10A056E
:1006200041F10001EDB212E0E40844EA417406F041
:100630000705C908303554EA010200F8015BBCD156
:10064000F0BD240944EA017406F00F050909092DDB
:1006500084BFED19EDB2EDE7014800687047000076
:040660007C200020DA
:08066400D0FAFD7F0100000047
:10066C00296500000000000000000000CC0602001C
:10067C00CDDB010000000000000000000C070200B0
:10068C0000000000EC060200000000002C07020035
:10069C00000000004C07020041CB010000000000EC
:1006AC0041630000000000005DEC01000000000050
:1006BC00000000006C070200055300000000000061
:1006CC00941602003C11020044090200EE020020C4
:1006DC00A07E0020C9B9010000000000000000004D
:1006EC00B31602004C11020014090200F2020020A1
:1006FC00487F0020BDC00100000000000000000089
:10070C00C11602006411020014090200F402002058
:10071C00547F0020BDC0010000000000000000005C
:10072C00A3160200000000000C090200F0020020D9
:10073C00F47E00206DBE01000000000000000000EF
:10074C00D71602007C11020060090200F60200209C
:10075C00CC020020DDC601000000000000000000FB
:10076C00580A02000000000038090200EC020020C8
:10077C003C520020000000000000000000000000BF
:10078C003DD1010013FB01000000000005F7010042
:10079C004C0702000DC601000000000005F7010027
:1007AC000000000005F701000000000005F7010043
:1007BC00C1D7010013FB01000000000005F7010088
:1007CC000000000005F701000000000005F7010023
:1007DC000000000005F7010000000000356E01006C
:1007EC000000000005F70100F47E0020E1BE0100CE
:1007FC000000000091B801000000000005F70100A6
:10080C000000000005F7010000000000D1CB010042
:10081C000000000005F701000000000005F70100D2
:10082C000000000005F701000000000005F70100C2
:10083C000000000005F701000000000005F70100B2
:10084C0000000000656E01000000000005F70100CB
:10085C000000000005F701000000000005F7010092
:10086C000000000005F701000000000005F7010082
:10087C000000000005F701000000000005F7010072
:10088C000000000005F701000000000005F7010062
:10089C000000000005F701000000000005F7010052
:1008AC000000000005F701000000000005F7010042
:1008BC000000000005F701000000000005F7010032
:1008CC000000000005F701000000000005F7010022
:1008DC000000000005F701000000000005F7010012
:1008EC000000000005F701000000000005F7010002
:1008FC000000000005F701000000000005F70100F2
:08090C0015BE01006DBD0100E4
:1009140005C101001FFA01002DFA010045FA01008A
:1009240051FA01005DFA010055BF010077FA010098
:0409340000000000BF
:0C0938002D9900000D990000819800002E
:1009440021BA01008BF90100EDF90100000000005B
:0C09540027F90100000000000000000076
:1009600095C4010059C60100B9C40100A9C801001D
:10097000C9C40100F5C401003DC5010069C50100FD
:1009800049C5010059C5010069C5010091C50100B3
:10099000A5C50100B5C50100C5C50100EFFA0100FC
:0409A000F9C5010094
:1009B000000103FF04FF020000010602010700001E
:1009C0000001020104040404000000000000000013
:1009D0000338FDD870470000000000200000000030
:1009E00000000B0602000000EC09020000000000FD
:1009F000011602002600020600000020091602006F
:100A000022000B11CD6300000000000079F7010007
:100A1000040A0200200A020020000000000000007A
:100A2000C0980020040A0200340A020045000000B9
:100A300000000000489A0020040A0200480A020050
:100A40004700000000000000489E00204254204360
:100A5000544C52205258000062745F6863695F63AF
:100A60006F6E74726F6C6C6572000000131510FF6E
:100A70001A1B12005A6570687972204F5320763421
:100A80002E332E30000000000201010100000100A1
:100A90000000000000010000000201030303030343
:100AA00003000000574553545F544F504449522FA0
:100AB0007A65706879722F7375627379732F626CBF
:100AC0007565746F6F74682F636F6E74726F6C6C82
:100AD00065722F6C6C5F73772F756C6C5F616476D9
:100AE0005F6175782E630000657272203D3D203095
:100AF000207C7C20657272203D3D202D31323000FB
:100B0000415353455254494F4E204641494C205B76
:100B100025735D20402025733A25640A00000000FB
:100B200009706172616D313A2025752070617261C2
:100B30006D323A2025750A00574553545F544F5083
:100B40004449522F7A65706879722F737562737990
:100B5000732F626C7565746F6F74682F636F6E743A
:100B6000726F6C6C65722F6C6C5F73772F756C6C29
:100B70005F7363616E2E6300574553545F544F504B
:100B80004449522F7A65706879722F737562737950
:100B9000732F626C7565746F6F74682F636F6E74FA
:100BA000726F6C6C65722F6C6C5F73772F756C6CE9
:100BB0005F636F6E6E2E6300A1250100B1250100F9
:100BC000C1250100D1250100E1250100F125010029
:100BD00099260100A926010001260100B92601007D
:100BE000C9260100D926010011260100E9260100CD
:100BF000F926010021260100092701003126010004
:100C000019270100292701000000000039270100F1
:100C100049270100592701004126010069270100E9
:100C200000000000000000000000000000000000C4
:100C30008926010008020B020A03050200000000D9
:100C40000000000002020000060200000403000091
:100C50000201090300000000010300000000000081
:100C6000070300000000030100000000F401FA0087
:100C7000960064004B0032001E0014005745535488
:100C80005F544F504449522F7A65706879722F73C0
:100C900075627379732F626C7565746F6F74682FEA
:100CA000636F6E74726F6C6C65722F6C6C5F7377B0
:100CB0002F6E6F726469632F6C6C6C2F6C6C6C5F41
:100CC0006164762E63000000300000000925733A4D
:100CD0002041637475616C204556454E545F4F56F4
:100CE0004552484541445F53544152545F55532047
:100CF0003D2025750A000000707265706172655FA5
:100D000063620000574553545F544F504449522F7B
:100D10007A65706879722F7375627379732F626C5C
:100D20007565746F6F74682F636F6E74726F6C6C1F
:100D300065722F6C6C5F73772F6E6F726469632FAF
:100D40006C6C6C2F6C6C6C5F6164765F6175782E77
:100D500063000000707265706172655F636200001D
:100D6000574553545F544F504449522F7A65706829
:100D700079722F7375627379732F626C7565746FF6
:100D80006F74682F636F6E74726F6C6C65722F6C0A
:100D90006C5F73772F6E6F726469632F6C6C6C2F4E
:100DA0006C6C6C5F7363616E2E630000636F6D6DBE
:100DB0006F6E5F707265706172655F6362000000E4
:100DC000574553545F544F504449522F7A657068C9
:100DD00079722F7375627379732F626C7565746F96
:100DE0006F74682F636F6E74726F6C6C65722F6CAA
:100DF0006C5F73772F6E6F726469632F6C6C6C2FEE
:100E00006C6C6C5F7363616E5F6175782E6300005C
:100E100073746172745F7573203D3D20286175782D
:100E20005F73746172745F7573202B2031552900D4
:100E3000096175785F6F6666736574202575207526
:100E4000732C2073746172745F7573202575202173
:100E50003D2025750A000000707265706172655F43
:100E600063620000574553545F544F504449522F1A
:100E70007A65706879722F7375627379732F626CFB
:100E80007565746F6F74682F636F6E74726F6C6CBE
:100E900065722F6C6C5F73772F6E6F726469632F4E
:100EA0006C6C6C2F6C6C6C5F7065726970686572CD
:100EB000616C2E6300000000707265706172655F86
:100EC00063620000574553545F544F504449522FBA
:100ED0007A65706879722F7375627379732F626C9B
:100EE0007565746F6F74682F636F6E74726F6C6C5E
:100EF00065722F6C6C5F73772F6E6F726469632FEE
:100F00006C6C6C2F6C6C6C5F63656E7472616C2EB4
:100F100063000000707265706172655F636200005B
:100F200000000000000000000000000000000000C1
:100F300000000000000000000000000000000000B1
:100F400000000000000000000000000000000000A1
:100F50000000000000000000000000000000000091
:100F60000000000000000000000000000000000081
:100F70000000000000000000000000000000000071
:100F80000000000000000000000000000000000061
:100F90000000000000000000000000000000000051
:100FA0000000000000000000000000000000000041
:100FB0000000000000000000000000000000000031
:100FC0000000000000000000000000000000000021
:100FD0000000000000000000000000000000000011
:100FE0000000000000000000000000000000000001
:100FF00000000000000000000000000000000000F1
:1010000000000000000000000000000000000000E0
:1010100000000000000000000000000000000000D0
:10102000FFC1FBE84C90728BE7B3518963AB23237C
:1010300002841872AA612F3B51A8E53749FBC9CA3F
:101040000C18532CFD45E39AE6F15DB0B61BB4BE17
:101050002A50EAE90E9C4B5E5724CCA1B759B887B9
:10106000FFE07D742648B9C5F3D9A8C4B1D5911164
:1010700001420C39D5B0979D28D4F29BA4FD64653C
:10108000068C2996FEA2714DF3F82E58DB0D5A5F9F
:101090001528F57407CE25AF2B12E6D0DB2CDCC368
:1010A0007FF03E3A13A4DCE2F96C54E2D8EAC88837
:1010B0000021869C6AD8CB4E146AF94DD27EB2329A
:1010C00003C6144B7FD1B8A6797C17ACED06ADAF43
:1010D0000A947ABA03E792D7150973E86D16EEE120
:1010E0003F781F9D09526EF17C362A716C756444FD
:1010F0008010434E35EC65270AB5FC26693F5999A7
:1011000001638AA5BF685CD33CBE0BD67683D657F5
:10111000054A3DDD8173C9EB8A8439F4360BF7004B
:10112000294176710001010101010000010304055C
:1011300051B9010021B9010000000000A9BA010065
:1011400095B901000DFA010013FA0100FFFF00003C
:10115000000300500000000001000000006000409B
:1011600000000000BCF801FF00000050000000007B
:10117000000000000060004000000000801102003C
:10118000002000408C11020002000000AC1102009F
:10119000040000009C110200040100000680000011
:1011A000088000010580000207800003060000009F
:1011B0000500000208060001070600030800000001
:1011C000030000006C0602006C060200A406020088
:1011D000AC060200C4060200CC0602003017020072
:1011E000000100000000000048434920756172744E
:1011F0002054580072302F61313A20203078253049
:101200003878202072312F61323A20203078253012
:101210003878202072322F61333A20203078253000
:1012200038780A0072332F61343A20203078253024
:101230003878207231322F69703A2020307825308A
:101240003878207231342F6C723A20203078253073
:1012500038780A0020787073723A20203078253070
:1012600038780A004661756C74696E6720696E7320
:101270007472756374696F6E2061646472657373F0
:1012800020287231352F7063293A20307825303884
:10129000780A00556E68616E646C6564204952512D
:1012A0006E3A2025640A002A2A2A2A2A204D5055FF
:1012B000204641554C54202A2A2A2A2A0A00202056
:1012C000537461636B696E67206572726F72202858
:1012D000636F6E746578742061726561206D6967F3
:1012E0006874206265206E6F742076616C69642971
:1012F0000A002020556E737461636B696E67206508
:1013000072726F720A00202044617461204163632D
:101310006573732056696F6C6174696F6E0A002083
:10132000204D4D46415220416464726573733A20EA
:10133000307825780A002020496E737472756374C2
:10134000696F6E204163636573732056696F6C61CA
:1013500074696F6E0A002020466C6F6174696E6755
:101360002D706F696E74206C617A7920737461746A
:101370006520707265736572766174696F6E206541
:1013800072726F720A002A2A2A2A2A20555341476C
:1013900045204641554C54202A2A2A2A2A0A002050
:1013A000204469766973696F6E206279207A65726C
:1013B0006F0A002020556E616C69676E6564206D50
:1013C000656D6F7279206163636573730A00202015
:1013D0004E6F20636F70726F636573736F722069F5
:1013E0006E737472756374696F6E730A002020499E
:1013F0006C6C6567616C206C6F6164206F66204562
:1014000058435F52455455524E20696E746F2050B8
:10141000430A002020496C6C6567616C2075736518
:10142000206F662074686520455053520A002020C2
:10143000417474656D707420746F20657865637590
:10144000746520756E646566696E656420696E7387
:101450007472756374696F6E0A002A2A2A2A2A2018
:10146000425553204641554C54202A2A2A2A2A0AFA
:10147000002020537461636B696E67206572726F20
:10148000720A00202050726563697365206461747C
:101490006120627573206572726F720A00202042AB
:1014A00046415220416464726573733A2030782556
:1014B000780A002020496D70726563697365206445
:1014C00061746120627573206572726F720A002008
:1014D00020496E737472756374696F6E20627573E0
:1014E000206572726F720A00526573657276656468
:1014F00020457863657074696F6E2028005370759D
:1015000072696F757320696E74657272757074207C
:10151000284952512000535053454C20696E207485
:101520006872656164206D6F646520646F65732007
:101530006E6F7420696E64696361746520505350E6
:101540000A002A2A2A2A2A20484152442046415584
:101550004C54202A2A2A2A2A0A0020204275732065
:101560006661756C74206F6E20766563746F72208F
:101570007461626C6520726561640A0020204465B4
:10158000627567206576656E740A00202046617575
:101590006C7420657363616C6174696F6E2028736D
:1015A00065652062656C6F77290A00415243485F88
:1015B00045584345505420776974682072656173BB
:1015C0006F6E2025780A0A002A2A2A2A2A204465D2
:1015D000627567206D6F6E69746F722065786365E0
:1015E0007074696F6E202A2A2A2A2A0A002A2A2A57
:1015F0002A2A20257320256429202A2A2A2A2A0A11
:1016000000464C4153485F30005352414D5F30001B
:1016100000000100000000FFFFFFFFFFFF010400CA
:1016200002000000020000000000000005000000B1
:1016300000000000000000000000000005574553B6
:10164000545F544F504449522F7A65706879722F15
:101650007375627379732F626C7565746F6F7468DC
:101660002F686F73742F6863695F636F6D6D6F6E42
:101670002E630062756600415353455254494F4EE4
:10168000204641494C205B25735D20402025733A5C
:1016900025640A00636C6F636B4034303030303047
:1016A00030300072616E646F6D40343030306430C1
:1016B0003030006770696F40353030303033303053
:1016C000006770696F4035303030303030300000A6
:1016D000010203040506077561727440343030302E
:1016E0003230303000000000000001010000000036
:1016F000000020303030303030303030303030305A
:101700003000016D61696E002A2A2A20426F6F74D1
:10171000696E67205A6570687972204F5320627530
:10172000696C642076342E332E30202A2A2A0A004F
:10173000737973776F726B7100286E756C6C29000A
:081740002A666C6F61742A0037
:101748001F00000000000000FFFFFFFFFF1F000058
:101758002DF401006C070200000000002022002088
:101768000000000059980000000000002822002016
:1017780000000000C58900000000000030220020A1
:10178800000000001973010000000000382200204A
:1017980000000000C18600000000000000000000FA
:1017A800000000000001000044520020000000007A
:1017B8000000000000000000000200006C52002041
:1017C800000000000000000000000000000400000D
:1017D8005452002000000000C45400200000000003
:1017E80089D6000000000000CC5400200000000052
:1017F8001973010000000000D4540020000000000C
:1018080041D6000000000000DC5400200000000069
:10181800557E010000000000F45400200000000084
:101828001973010000000000FC54002000000000B3
:1018380055D4000000000000A4550020000000005E
:10184800A90E000000000000AC55002000000000B8
:10185800A9870100000000003056002000000000A9
:101868001973010000000000385600200000000035
:1018780095FA00000000000040560020000000001B
:10188800D98C01000000000038570020000000003B
:101898000000000000000000405700200000000089
:1018A80025960100000000005857002000000000A5
:1018B8000000000000000000945700200000000015
:1018C80079030100000000009C5700200000000080
:1018D8001973010000000000A45700200000000058
:1018E8000D05010000000000AC57002000000000BA
:1018F800450F010000000000905D0020000000007E
:1019080090620020000000009067002000000000A6
:101918009072002000000000E1A10100000000001A
:10192800A8720020000000001DA2010000000000B5
:10193800C0720020000000001973010000000000C0
:1019480074750020000000002970010000000000EC
:10195800A0750020000000001973010000000000BD
:10196800107B002000000000197301000000000037
:10197800187B00200000000019730100000000001F
:10198800207B00200000000021370000000000003C
:10199800287B0020000000001973010000000000EF
:1019A800307B00200000000021370000000000000C
:1019B800847E002000000000D575000000000000B3
:1019C8007C7E002000000000D575000000000000AB
:1019D800747E002000000000457200000000000036
:1019E8006C7E002000000000D5750000000000009B
:1019F800647E002000000000457200000000000026
:101A08005C7E002000000000D575000040420F00F9
:101A180000010301FF00000090020000DC0200202A
:0C1A2800DC020020E4020020E4020020A8
:0C1A3400000000000000000000000000A6
:101A40000000000000000000000300200003002050
:101A50000803002008030020000000000000000030
:101A6000180300201803002020030020200300207A
:101A700000000000000000003003002030030020C0
:081A80003803002038030020A8
:101A88000000000000000000480300204803002078
:101A9800500300205003002007000700000000004A
:101AA80000000000100A0200A099002000000000B9
:101AB8000000000074030020740300207C03002051
:101AC8007C0300200B000B00000000000000000059
:101AD800240A0200409D00200000000000000000D1
:101AE800A0030020A0030020A8030020A8030020D2
:101AF8000A000A000000000081650000380A0200A0
:041B080010A1002008
:041B0C0015E015E0EB
:0400000300005DE1BB
:00000001FF
